5.169878828456423e-26,2.3353947703744086e-10,-1.0856745539758488e-24,-5.825217441146668e-23,-6.14146288645086e-08,2.7602080388543374e-09,5.86544208256543e-08,3.775008665693605e-23,4.916620569209315e-09,4.916620569209271e-09,4.916620569209294e-09,4.916620569209247e-09,0
4.0376753650244663e-23,1.8640417274481372e-09,3.303552571392084e-23,9.613640001336867e-22,-4.901930602631757e-07,2.20311484981961e-08,4.6816191096777974e-07,-1.193851571092279e-21,3.92429837357492e-08,3.9242983735751255e-08,3.924298373574994e-08,3.924298373575067e-08,0
1.0598251598335667e-23,6.276732361593036e-09,4.497794759011508e-24,3.1343463094539826e-22,-1.6506125420925302e-06,7.418482707655434e-08,1.5764276969983043e-06,-7.806261034490785e-22,1.3214173392827405e-07,1.3214173392827442e-07,1.3214173392827474e-07,1.3214173392827474e-07,0
-2.0834611678679385e-23,1.4844085927955048e-08,-3.520687455273485e-23,-2.101379943815187e-22,-3.9035970608268966e-06,1.754426179939606e-07,3.728154596322105e-06,-5.461097291996104e-23,3.1250707216747536e-07,3.1250707216747356e-07,3.1250707216747573e-07,3.1250707216747456e-07,0
-7.599721877830942e-24,2.8925855295208886e-08,-4.844176464697149e-23,1.0075141810619544e-22,-7.606725108063372e-06,3.4187557142844527e-07,7.26485035679258e-06,-2.654660941185225e-22,6.089653746359775e-07,6.089653746359754e-07,6.089653746359779e-07,6.08965374635976e-07,0
-1.1844192395993665e-22,4.986913717706116e-08,-1.2454238116101317e-22,-1.6800422142807152e-21,-1.3114246791018053e-05,5.894053088056155e-07,1.252484423445875e-05,1.8132065147857606e-21,1.0498765721486596e-06,1.0498765721486524e-06,1.0498765721486581e-06,1.049876572148655e-06,0
-1.4491170356163354e-22,7.900842525203212e-08,-1.0799877236126595e-22,-2.1115269893060716e-21,-2.077709773415071e-05,9.338047182642223e-07,1.984330040262583e-05,2.160568410380939e-21,1.6633352684638383e-06,1.6633352684638313e-06,1.663335268463835e-06,1.663335268463833e-06,0
5.361164345109311e-23,1.176656703626167e-07,1.401554058027551e-22,3.909797625196676e-21,-3.0942914810312344e-05,1.3906987661936995e-06,2.9552233171537672e-05,-4.138157283805962e-21,2.4771720076340346e-06,2.4771720076340414e-06,2.4771720076340317e-06,2.4771720076340367e-06,0
1.727256516587291e-22,1.6715039964476106e-07,3.4860492281907573e-22,8.697069283399544e-21,-4.395606666021439e-05,1.9755667150063987e-06,4.198053771919811e-05,-8.775593793729247e-21,3.5189557819949623e-06,3.51895578199498e-06,3.518955781994963e-06,3.518955781994975e-06,0
2.322826557625471e-22,2.2875966038054922e-07,2.824304844563332e-22,1.0482308988968085e-20,-6.015764033893149e-05,2.7037400484500816e-06,5.745397457927994e-05,-1.0088396937665774e-20,4.8159928501168205e-06,4.815992850116837e-06,4.8159928501168205e-06,4.815992850116829e-06,0
1.1454900520210896e-21,3.037781943133942e-07,9.57409881725108e-22,2.4084169958160805e-20,-7.988548571254406e-05,3.590405978810666e-06,7.629521487097736e-05,-2.5304129329902113e-20,6.395330406597747e-06,6.395330406597806e-06,6.39533040659776e-06,6.395330406597782e-06,0
7.815305824977575e-22,3.93478484028495e-07,7.191819680606256e-22,1.2171706250551667e-20,-0.00010347422783798447,4.6506078160136605e-06,9.882385177202144e-05,-1.3744071932598606e-20,8.283757558494615e-06,8.28375755849466e-06,8.283757558494619e-06,8.283757558494637e-06,0
8.477050315019997e-22,4.991208316151407e-07,6.133029322165635e-22,1.523790561783659e-20,-0.00013125528745455323,5.899246098079803e-06,0.00012535642048114683,-1.585876648751138e-20,1.050780698137137e-05,1.0507806981371413e-05,1.050780698137137e-05,1.0507806981371384e-05,0
1.0462283785147263e-21,6.219534404461669e-07,8.250612731559592e-22,2.1775676960956027e-20,-0.00016355690228186888,7.3510797743911695e-06,0.00015620641898173094,-2.2450436451000805e-20,1.3093756640971916e-05,1.3093756640971972e-05,1.3093756640971918e-05,1.3093756640971938e-05,0
-1.4491170356163354e-22,7.632124999578859e-07,-3.2637399172861857e-22,-1.2366484730078928e-20,-0.00020070414909494527,9.020727439773359e-06,0.00019168432957734476,1.3225189529892378e-20,1.606763157806077e-05,1.6067631578060755e-05,1.606763157806076e-05,1.606763157806075e-05,0
-2.3755593216757264e-22,9.241222732857991e-07,-5.910718110632968e-22,-3.857893834200878e-21,-0.00024301896653983193,1.0922668617080203e-05,0.00023209764116303657,6.984060174567449e-21,1.9455205753385256e-05,1.945520575338523e-05,1.945520575338526e-05,1.945520575338524e-05,0
8.477050315019997e-22,1.105895187646438e-06,-4.057833970326527e-22,3.1813270056142625e-21,-0.0002908201786625809,1.3071245086394255e-05,0.0002777508722050929,-2.5893048560292394e-21,2.328200395045132e-05,2.328200395045132e-05,2.328200395045135e-05,2.328200395045132e-05,0
-1.3492866754388418e-21,1.3097319273363932e-06,-2.1263188983495202e-21,-3.9691236636807035e-20,-0.0003444235191193505,1.548066225874148e-05,0.0003289455943973008,4.454282503976211e-20,2.7573303733397796e-05,2.757330373339769e-05,2.7573303733397793e-05,2.7573303733397725e-05,0
-6.346026261930259e-22,1.5368215292193516e-06,-1.9542656373474645e-21,-2.2274304739726792e-20,-0.0004041416560355163,1.8164990592227563e-05,0.0003859804569618087,2.864220934116671e-20,3.2354137457249544e-05,3.2354137457249456e-05,3.235413745724955e-05,3.2354137457249476e-05,0
6.72084247699335e-25,1.7883414805892853e-06,-1.4778097641321423e-21,-1.0250150143540825e-20,-0.0004702842174863405,2.1138167048720658e-05,0.0004491512115671639,1.3972139117481354e-20,3.7649294328195515e-05,3.764929432819546e-05,3.76492943281955e-05,3.764929432819544e-05,0
1.8596054145957753e-22,2.0654578192756257e-06,-1.1601724087255341e-21,-2.3240074380212506e-20,-0.0005431578175660155,2.441399658895579e-05,0.0005187507378306388,2.2812743586571355e-20,4.348332251106583e-05,4.34833225110658e-05,4.348332251106583e-05,4.3483322511065776e-05,0
1.1124028275189685e-21,2.3693252358779366e-06,2.1625618707005327e-22,2.7565872419217855e-21,-0.0006230660830177288,2.8006153704202732e-05,0.0005950690693775414,-4.5000574831772524e-21,4.988053128164077e-05,4.98805312816408e-05,4.988053128164077e-05,4.988053128164076e-05,0
2.9917571792394474e-21,2.7010871780289623e-06,1.5132757566061232e-21,4.03692109713777e-20,-0.0007103096804005213,3.1928183982787694e-05,0.000678393420433199,-4.233132409833088e-20,5.686499322166231e-05,5.686499322166242e-05,5.686499322166237e-05,5.686499322166238e-05,0
3.6799714488835664e-21,3.0618759565185492e-06,2.3867795628545386e-21,4.6951220721993585e-20,-0.0008051863437513883,3.619350570898687e-05,0.0007690082129067721,-5.3209926268243374e-20,6.446054645302201e-05,6.446054645302217e-05,6.446054645302208e-05,6.446054645302212e-05,0
3.2564549752564163e-21,3.45281285322789e-06,4.5008373384369785e-24,3.186368593460438e-20,-0.0009079909027319677,4.081541149320365e-05,0.0008671951039555758,-4.086479094485267e-20,7.269079691006085e-05,7.26907969100609e-05,7.269079691006087e-05,7.269079691006082e-05,0
1.2976912847308467e-21,3.875008230699882e-06,-1.6895636823099262e-21,-5.900779777741633e-21,-0.0010190153112167785,4.5807069930893545e-05,0.0009732330139876651,4.608636890790847e-21,8.157912064631337e-05,8.157912064631332e-05,8.157912064631332e-05,8.157912064631322e-05,0
3.2035154160530225e-21,4.329561643270708e-06,2.4273081848394844e-22,-1.2504397658868218e-19,-0.0011385486763062335,5.118152728888836e-05,0.0010873981550855376,1.3298399245500265e-19,9.114866617412017e-05,9.114866617412022e-05,9.114866617412017e-05,9.114866617412013e-05,0
1.733837772335916e-20,4.8175619496271646e-06,1.3318803505038715e-20,-6.200748476322106e-19,-0.0012668772877318481,5.6951709217060985e-05,0.0012099640598187233,6.0418448695993875e-19,0.00010142235683425569,0.00010142235683425653,0.00010142235683425594,0.00010142235683425621,0
1.4585520644782683e-20,5.340087426686017e-06,1.1942384025494568e-20,-6.949618211026428e-19,-0.0014042846476295702,6.313042248367002e-05,0.0013412016104211622,6.607335510301305e-19,0.00011242289319338945,0.0001124228931933902,0.00011242289319338971,0.00011242289319338997,0
1.2838515191070689e-20,5.898205884685353e-06,1.1307117455502135e-20,-7.247086172117144e-19,-0.001551051500655629,6.973035673265113e-05,0.0014813790683078224,6.967577383547204e-19,0.0001241727554670597,0.00012417275546706039,0.00012417275546705995,0.00012417275546706022,0
1.0826811941341726e-20,6.492974783370001e-06,8.71308669048538e-21,-7.689904737275113e-19,-0.0017074558644173646,7.676408626104693e-05,0.0016307621039031732,7.587893848455609e-19,0.00013669420596568394,0.00013669420596568448,0.00013669420596568415,0.00013669420596568434,0
1.3314971223901233e-20,7.125441349173182e-06,1.0830675906217698e-20,-6.975235876409151e-19,-0.0018737730601969213,8.42440718150143e-05,0.0017896138267593147,6.910612676161312e-19,0.0001500092915615403,0.000150009291561541,0.00015000929156154058,0.0001500092915615408,0
1.834422934822364e-20,7.796642693263673e-06,1.644227811880402e-20,-5.399114621983141e-19,-0.0020502757439371834,9.218266240247122e-05,0.0019581948159334544,5.245876204162709e-19,0.00016413984617397154,0.00016413984617397255,0.00016413984617397187,0.00016413984617397225,0
1.3314971223901233e-20,8.507605930383002e-06,1.337179672707986e-20,-5.681310842312249e-19,-0.0022372339374739933,0.0001005920971211105,0.0021367631506084266,5.781528807979763e-19,0.0001791074932712207,0.0001791074932712215,0.00017910749327122093,0.00017910749327122125,0
3.468213212069991e-21,9.259348298339427e-06,7.65433434254133e-21,-7.311967252297093e-19,-0.0024349150599836324,0.00010948450699983622,0.0023255744409255907,7.632367722537871e-19,0.00019493364838609302,0.0001949336483860934,0.00019493364838609305,0.0001949336483860933,0
3.1505758568496287e-21,1.0052877278057125e-05,7.019062384228297e-21,-7.99640502357811e-19,-0.0026435839596230196,0.00011887191685206357,0.002524881859007533,8.273065698878769e-19,0.00021163952164330772,0.00021163952164330807,0.0002116395216433078,0.00021163952164330801,0
2.197663791188541e-21,1.0889190714090215e-05,5.854394716622554e-21,-8.619387948809949e-19,-0.0028635029453431505,0.00012876624713947004,0.0027349361701509457,8.792523312557576e-19,0.00022924612029663594,0.0002292461202966362,0.000229246120296636,0.00022924612029663618,0
2.0917846727817533e-21,1.1769276935481232e-05,4.319149433857757e-21,-9.12338881022981e-19,-0.003094931818848553,0.0001391793158444357,0.00295598576416266,9.312529401532612e-19,0.00024777425127328894,0.00024777425127328915,0.00024777425127328904,0.00024777425127328915,0
3.977187782731526e-22,1.2694114876865154e-05,5.854398585318007e-21,-9.640934755848128e-19,-0.003338127906681307,0.00015012284034968484,0.0031882766868173403,9.600778457698144e-19,0.00026724452372347673,0.000267244523723477,0.00026724452372347684,0.000267244523723477,0
3.574092330476779e-21,1.366467419972085e-05,1.0618959299633115e-20,-9.121889691798716e-19,-0.0035933460924085113,0.0001616084393236492,0.0034320526714156667,8.953562402146672e-19,0.0002876773515730702,0.00028767735157307075,0.00028767735157307037,0.0002876773515730707,0
1.1832663566206207e-20,1.4681915413666848e-05,1.7712863868601904e-20,-6.3756940756692715e-19,-0.003860838848890907,0.0001736476346100404,0.0036875551704207265,6.252001555509496e-19,0.0003090929560771962,0.0003090929560771972,0.0003090929560771966,0.0003090929560771971,0
2.115002598600351e-20,1.574678999769327e-05,2.61832059414476e-20,-3.8926187872151906e-19,-0.004140856270609152,0.00018625185312005208,0.003955023387149181,3.5526908993162516e-19,0.00033151136837248913,0.0003315113683724906,0.00033151136837248957,0.00033151136837249027,0
1.8079531552206672e-20,1.6860240521243047e-05,2.300685593875148e-20,-5.171852954002566e-19,-0.004433646106029979,0.0001994324287258915,0.0042346943074992646,4.819053484604142e-19,0.00035495243202616876,0.00035495243202617,0.00035495243202616914,0.00035495243202616973,0
2.1891179814851024e-20,1.8023200765030086e-05,2.5442096687884015e-20,-4.987666846138028e-19,-0.0047394537899878835,0.0002132006041540369,0.004526802731691386,4.372874568013975e-19,0.00037943580557958,0.00037943580557958146,0.0003794358055795805,0.00037943580557958114,0
2.676161926156325e-20,1.9236595841503195e-05,3.200662859175465e-20,-4.554241771098903e-19,-0.0050585224760636765,0.0002275675328768847,0.00483158130600256,3.541136624168204e-19,0.00040498096508427686,0.0004049809650842787,0.0004049809650842775,0.0004049809650842783,0
2.983211369536009e-20,2.050134231486115e-05,3.423012392496077e-20,-4.0530079145904574e-19,-0.005391093068940467,0.00024254428100141701,0.005149260554475131,3.059705591582777e-19,0.00043160720662865475,0.0004316072066286567,0.0004316072066286554,0.00043160720662865627,0
2.729101485359719e-20,2.1818348320508687e-05,3.063027318820289e-20,-4.184137734972048e-19,-0.0057374042567136345,0.00025814182915334514,0.005480068910576496,3.44156679593422e-19,0.0004593336488528135,0.00045933364885281526,0.0004593336488528142,0.000459333648852815,0
2.337348747254605e-20,2.3188513683876457e-05,2.9359761160524725e-20,-3.5364771121022636e-19,-0.006097692543140238,0.0002743710743555917,0.005824232748794951,3.2064314886502526e-19,0.0004881792354500298,0.0004881792354500314,0.0004881792354500304,0.00048817923545003115,0
2.29499709989189e-20,2.4612730038490398e-05,2.8512761502173545e-20,-4.6842710335073435e-19,-0.0064721922798035205,0.00029124283189953145,0.006181976416147525,4.2224462964444634e-19,0.0005181627376524286,0.0005181627376524302,0.0005181627376524291,0.0005181627376524299,0
1.8926564499460973e-20,2.609188094321202e-05,2.4489388949185984e-20,-6.619311933258114e-19,-0.006861135698177776,0.000308767837207854,0.0065535222635847825,5.917401609317755e-19,0.0005493027566991996,0.000549302756699201,0.0005493027566992001,0.0005493027566992008,0
1.8503048025833822e-20,2.7626841998536503e-05,2.5124692711166128e-20,-6.996133528354167e-19,-0.007264752941569856,0.00032695674768751226,0.006939090677269043,5.999837005209977e-19,0.0005816177262849782,0.0005816177262849796,0.0005816177262849788,0.0005816177262849794,0
1.0456235026917969e-20,2.921848096188768e-05,1.9195491530558203e-20,-8.14232488817526e-19,-0.007683272096927415,0.00034582014457183545,0.007338900109715642,7.314105129452292e-19,0.0006151259149871084,0.0006151259149871095,0.0006151259149871089,0.0006151259149871094,0
9.820960316477244e-21,3.0867657861774714e-05,1.9089629656332683e-20,-9.842663768640093e-19,-0.008116919226484602,0.00036536853475003215,0.0077531671107683685,8.452906724569274e-19,0.0006498454286689408,0.0006498454286689418,0.000649845428668941,0.0006498454286689415,0
9.820960316477244e-21,-0.0004441323421382252,1.9084964700182355e-20,1.5763878569714935e-16,-0.018116919226484604,0.010365368534750032,0.017753167110768367,-1.895422470264278e-16,-0.00935015457133106,-0.009350154571331058,-0.00935015457133106,-0.009350154571331058,0
9.820960316477244e-21,-0.0009191323421382251,1.9080299744032028e-20,1.5343417437422398e-16,-0.028116919226484606,0.02036536853475003,0.007753167110768367,-1.9429505943000434e-16,-0.01935015457133106,-0.01935015457133106,-0.01935015457133106,-0.01935015457133106,0
9.820960316477244e-21,-0.001394132342138225,1.90756347878817e-20,1.5829794425726525e-16,-0.03811691922648461,0.030365368534750033,-0.0022468328892316335,-1.9669132427052603e-16,-0.029350154571331062,-0.029350154571331062,-0.029350154571331062,-0.029350154571331062,0
-4.438914830779798e-20,-0.001841624564903525,4.61762942966576e-20,1.5542160804119566e-16,-0.04811691922648461,0.040365368534750035,-0.012246832889231634,-1.9724229802629228e-16,-0.038771043471653166,-0.038771043471653166,-0.03877104347165317,-0.03877104347165317,0
2.2324354139117613e-18,-0.0021635251436315887,2.106174710911645e-18,1.498404707708757e-16,-0.05811691922648461,0.05036536853475004,-0.022246832889231634,-1.9288604722001281e-16,-0.045547897760665104,-0.04554789776066498,-0.04554789776066507,-0.04554789776066502,0
1.90717476216611e-18,-0.0024157759292321693,2.1598216859489584e-18,1.4886758523013085e-16,-0.0681169192264846,0.06036536853475004,-0.032246832889231636,-1.919176394453912e-16,-0.05085844061541417,-0.05085844061541405,-0.05085844061541414,-0.050858440615414086,0
1.6903343276690091e-18,-0.002624107491562733,2.2000819427193254e-18,1.4798186246889388e-16,-0.0781169192264846,0.07036536853475003,-0.04224683288923164,-1.9192813739704055e-16,-0.05524436824342603,-0.05524436824342592,-0.05524436824342601,-0.05524436824342595,0
1.7852020177614908e-18,-0.0028023320394328175,2.159123102179821e-18,1.4760081963452826e-16,-0.0881169192264846,0.08036536853475003,-0.05224683288923164,-1.9106156128378002e-16,-0.05899646398805939,-0.05899646398805928,-0.05899646398805937,-0.058996463988059314,0
2.124015196663211e-18,-0.002958672175639969,2.1588440034532068e-18,1.458275080932539e-16,-0.09811691922648459,0.09036536853475002,-0.06224683288923164,-1.9038669068298448e-16,-0.062287835276631,-0.062287835276630885,-0.06228783527663098,-0.062287835276630926,0
2.1646727781314173e-18,-0.003098399574383641,2.1856522746470227e-18,1.4524123699049877e-16,-0.10811691922648459,0.10036536853475002,-0.07155388184094344,-1.897326672151797e-16,-0.0652294647238662,-0.06522946472386608,-0.06522946472386619,-0.06522946472386613,0
1.9342798164782476e-18,-0.003225087557436198,2.21248309093093e-18,1.446274519648855e-16,-0.11753224702975289,0.11036536853475001,-0.08006808358412988,-1.8943238370132705e-16,-0.06789658015655162,-0.06789658015655149,-0.06789658015655162,-0.06789658015655155,0
2.0155949794146604e-18,-0.003340455052401509,2.1512735657116316e-18,1.4379284894750025e-16,-0.1263564762629636,0.12036536853475001,-0.08794404857934333,-1.8943808101157688e-16,-0.07032536952424237,-0.07032536952424225,-0.07032536952424237,-0.0703253695242423,0
2.191777832443555e-18,-0.0034458884580382486,2.110403473200361e-18,1.430040540722065e-16,-0.13469887881320858,0.13036536853475,-0.09529689446493594,-1.8973094114869488e-16,-0.07254502016922637,-0.07254502016922625,-0.07254502016922637,-0.0725450201692263,0
2.24598794106783e-18,-0.0035426330118657314,2.035652531273494e-18,1.4221882960754686e-16,-0.1426418568292105,0.14036536853475,-0.10221186622297132,-1.9022835579234248e-16,-0.07458174761822602,-0.07458174761822589,-0.074581747618226,-0.07458174761822595,0
2.395065739784587e-18,-0.003631768339341002,2.0761099158710677e-18,1.408934399467364e-16,-0.1502491745554723,0.15036536853475002,-0.10875398708660264,-1.8916174293413496e-16,-0.07645828082823171,-0.07645828082823158,-0.0764582808282317,-0.07645828082823164,0
2.6525637557498943e-18,-0.0037142175919055677,2.103017498803117e-18,1.4003179732467815e-16,-0.15757124982329043,0.16036536853475003,-0.1149740785402297,-1.8787932764696674e-16,-0.0781940545664331,-0.07819405456643296,-0.07819405456643308,-0.07819405456643302,0
2.4086182669406558e-18,-0.003790766714229969,2.15702455599998e-18,1.3927649150555978e-16,-0.16464868085554546,0.17036536853475004,-0.12091267539665673,-1.8708397659266264e-16,-0.0798056150364205,-0.07980561503642036,-0.07980561503642049,-0.07980561503642042,0
2.5170384841892062e-18,-0.0038620850369930283,2.1229714594948335e-18,1.3930259662453675e-16,-0.17151467176483723,0.18036536853475005,-0.1266026641717584,-1.8726779986826256e-16,-0.08130705341037964,-0.0813070534103795,-0.08130705341037962,-0.08130705341037957,0
2.4221707940967246e-18,-0.003928744086797646,2.143132466835259e-18,1.39323556570495e-16,-0.17819674662443935,0.19036536853475006,-0.13207111622563797,-1.8763656465520705e-16,-0.08271040182731895,-0.08271040182731881,-0.08271040182731895,-0.08271040182731888,0
2.476380902721e-18,-0.003991233747867685,2.1565336333593506e-18,1.3863010319636347e-16,-0.18471798981334733,0.20036536853475007,-0.13734059549698954,-1.8718869869474673e-16,-0.08402597363931978,-0.08402597363931963,-0.08402597363931977,-0.0840259736393197,0
2.2663167318019333e-18,-0.004049975772155543,2.203822010778458e-18,1.387963626420472e-16,-0.19109796237717752,0.21036536853475007,-0.14243011310444315,-1.8682207582985277e-16,-0.08526264783485366,-0.0852626478348535,-0.08526264783485364,-0.08526264783485357,0
2.225659150333727e-18,-0.004105334933519817,2.1901440222287307e-18,1.3828606308793531e-16,-0.19735339152319153,0.22036536853475008,-0.1473558383465542,-1.8667593213222126e-16,-0.0864281038635752,-0.08642810386357505,-0.08642810386357519,-0.08642810386357512,0
2.4086182669406558e-18,-0.004157628192630236,2.2035801624141596e-18,1.3770465899842793e-16,-0.20349869789339312,0.2303653685347501,-0.15213163775322464,-1.8629835710323932e-16,-0.0875290145816893,-0.08752901458168914,-0.08752901458168928,-0.08752901458168921,0
2.3882894762065526e-18,-0.00420713222231027,2.267835430095312e-18,1.37631414680133e-16,-0.20954640465354557,0.2403653685347501,-0.1567694902641966,-1.8589677206883324e-16,-0.08857120468021631,-0.08857120468021616,-0.08857120468021631,-0.08857120468021623,0
2.3001980496921054e-18,-0.004254089596939712,2.267723282291654e-18,1.3728931662510396e-16,-0.21550745902868954,0.2503653685347501,-0.16127981152889137,-1.8579233359352065e-16,-0.08955978098820458,-0.08955978098820443,-0.08955978098820458,-0.0895597809882045,0
2.2697048635909505e-18,-0.004298713898436099,2.3184426143956415e-18,1.3676714715401088e-16,-0.2213914879930376,0.2603653685347501,-0.16567171043583045,-1.851080383202897e-16,-0.09049923996707589,-0.09049923996707573,-0.09049923996707589,-0.0904992399670758,0
2.276481127168985e-18,-0.004341193944398909,2.331898724384783e-18,1.36417337562138e-16,-0.22720700376114977,0.27036536853475013,-0.169953194354728,-1.8480479177654633e-16,-0.09139355672418768,-0.09139355672418753,-0.09139355672418767,-0.09139355672418759,0
2.1138508012961593e-18,-0.004381697304041679,2.345359046407038e-18,1.3647055304914072e-16,-0.23296157053316618,0.2802980759969306,-0.174131335044892,-1.8457813807274257e-16,-0.09224625903245653,-0.09224625903245638,-0.09224625903245652,-0.09224625903245644,0
2.1036864059291077e-18,-0.004420402871365764,2.358829755768604e-18,1.364203888956984e-16,-0.238662838318629,0.2900811835262386,-0.1782131747887372,-1.8435367302036799e-16,-0.09306111308138462,-0.09306111308138447,-0.09306111308138461,-0.09306111308138452,0
2.0528644290938497e-18,-0.004457502439948977,2.345199182754441e-18,1.365212894459691e-16,-0.24431864897640626,0.29972964354694526,-0.1822058241516666,-1.845049408203344e-16,-0.0938421566305049,-0.09384215663050474,-0.09384215663050488,-0.0938421566305048,0
2.0969101423510733e-18,-0.004493158317957931,2.358678513226857e-18,1.3637366331926086e-16,-0.24993577318165983,0.309256324935811,-0.1861153813352788,-1.8428246911999098e-16,-0.09459280669385131,-0.09459280669385116,-0.0945928066938513,-0.09459280669385121,0
2.178225305287486e-18,-0.004527509068834587,2.3382776920548433e-18,1.3621811296077195e-16,-0.25552009905117967,0.31867237578747365,-0.1899471063174216,-1.844275763052231e-16,-0.09531598039651776,-0.0953159803965176,-0.09531598039651774,-0.09531598039651766,0
2.1307914602412453e-18,-0.004560673918106558,2.3585342422750165e-18,1.3612398825034352e-16,-0.26107678046982524,0.3279875094527452,-0.19370555856404756,-1.8437353302411912e-16,-0.09601418774961189,-0.09601418774961173,-0.09601418774961187,-0.09601418774961179,0
2.0494762973048325e-18,-0.004592756181705759,2.3347489591385936e-18,1.3619035956421848e-16,-0.26661035511748166,0.3372102327086098,-0.19739470717225574,-1.8453920400372622e-16,-0.09668960382538454,-0.09668960382538438,-0.09668960382538452,-0.09668960382538444,0
2.039311901937781e-18,-0.004623845965412775,2.344849636730849e-18,1.359120148228038e-16,-0.2721248393978827,0.34634802968825784,-0.2010180198715028,-1.8416511395045948e-16,-0.09734412558763751,-0.09734412558763736,-0.0973441255876375,-0.09734412558763741,0
1.971549266157437e-18,-0.004654022313782875,2.341399965955444e-18,1.358405128064859e-16,-0.2776238055371519,0.3554075115717504,-0.20457853561572611,-1.8412001682312923e-16,-0.09797941713227121,-0.09797941713227105,-0.0979794171322712,-0.09797941713227111,0
1.876681576064955e-18,-0.004683354937985565,2.3599768600813172e-18,1.357237876886424e-16,-0.2831104447605125,0.3643945394785606,-0.20807892429917574,-1.839001696796238e-16,-0.09859694606285416,-0.098596946062854,-0.09859694606285414,-0.09859694606285405,0
1.8495765217528176e-18,-0.004711905617824413,2.3683936090190226e-18,1.3560793990461274e-16,-0.28858761948476563,0.3733143261697719,-0.21152153626613393,-1.8387176210232045e-16,-0.0991980130068299,-0.09919801300682975,-0.09919801300682989,-0.09919801300682979,0
1.8800697078539724e-18,-0.004739729348970524,2.3683421468991473e-18,1.3555669399088527e-16,-0.29405790676078436,0.38217152083551703,-0.21490844365586032,-1.8378402484962267e-16,-0.09978377576780066,-0.09978377576780051,-0.09978377576780065,-0.09978377576780055,0
1.9037866303770928e-18,-0.004766875289007845,2.398784296740747e-18,1.353992862780722e-16,-0.2995236346839327,0.39097028026271663,-0.2182414751599115,-1.8328261021482893e-16,-0.10035526924227056,-0.10035526924227041,-0.10035526924227055,-0.10035526924227045,0
1.9037866303770928e-18,-0.00479338754317824,2.391957559487682e-18,1.3526164666502643e-16,-0.30498691310664633,0.39971432894772885,-0.2215222454222101,-1.8325312992661427e-16,-0.1009134219616473,-0.10091342196164715,-0.10091342196164729,-0.1009134219616472,0
2.0291475065707293e-18,-0.004819305821336149,2.3868260189327167e-18,1.3507314180045902e-16,-0.3104496596991373,0.4084070101684409,-0.22475218005043116,-1.8332661607094613e-16,-0.10145906992286643,-0.10145906992286628,-0.10145906992286642,-0.10145906992286632,0
2.0359237701487637e-18,-0.004844665990624778,2.374916098146878e-18,1.3496417459829333e-16,-0.3159136221852959,0.41705132961175434,-0.22793253700758603,-1.832845744724019e-16,-0.10199296822367969,-0.10199296822367954,-0.10199296822367968,-0.10199296822367958,0
2.039311901937781e-18,-0.004869500543109593,2.368089273313119e-18,1.34952650848118e-16,-0.32138039741307417,0.42564999283089494,-0.23106442499894836,-1.8321612237119694e-16,-0.10251580090757052,-0.10251580090757037,-0.10251580090757051,-0.10251580090757041,0
2.124015196663211e-18,-0.004893838993587834,2.3595693101488407e-18,1.3492484621923548e-16,-0.3268514477888262,0.43420543755776264,-0.23414881935006407,-1.8312326240049783e-16,-0.10302818933869139,-0.10302818933869123,-0.10302818933869137,-0.10302818933869128,0
2.0664169562499185e-18,-0.00491770821970699,2.3629067433388482e-18,1.3494542863164164e-16,-0.3323281155038526,0.4427198617008494,-0.23718657577812438,-1.8299246833563293e-16,-0.10353069936225257,-0.10353069936225241,-0.10353069936225257,-0.10353069936225245,0
2.017289045309169e-18,-0.004941132754134056,2.3696346020617502e-18,1.3504366963311805e-16,-0.33781163490177657,0.4511952477058473,-0.2401784423851983,-1.8296772339046356e-16,-0.10402384745545395,-0.1040238474554538,-0.10402384745545395,-0.10402384745545384,0
1.932585750583739e-18,-0.004964135036650399,2.364506002125687e-18,1.3496350714624515e-16,-0.34330314327234107,0.4596333838344459,-0.24312507014323245,-1.8311391284107106e-16,-0.10450810603474536,-0.10450810603474521,-0.10450810603474536,-0.10450810603474525,0
1.9224213552166874e-18,-0.00498673563257795,2.3712385881140774e-18,1.3490808743772812e-16,-0.3488036903069412,0.46803588281963265,-0.2460270220938191,-1.8321824923055221e-16,-0.10498390805427277,-0.10498390805427261,-0.10498390805427277,-0.10498390805427266,0
1.9613848707903852e-18,-0.0050089534227785466,2.3728899420542386e-18,1.34717718576538e-16,-0.3543142464108322,0.47640419827769176,-0.2488847814479872,-1.83037005618102e-16,-0.10545165100586429,-0.10545165100586414,-0.10545165100586429,-0.10545165100586418,0
1.924115421111196e-18,-0.005030805769539871,2.3728470811919097e-18,1.3462126782729205e-16,-0.3598357100343553,0.48473963919391266,-0.251698758740685,-1.8281205097606022e-16,-0.10591170041136587,-0.10591170041136572,-0.10591170041136587,-0.10591170041136576,0
1.9817136615244884e-18,-0.005052308661916371,2.367723509461564e-18,1.3441957118888239e-16,-0.3653689141590383,0.4930433827476105,-0.2544692981696998,-1.8256345601259162e-16,-0.10636439288245007,-0.10636439288244992,-0.10636439288245007,-0.10636439288244996,0
2.085051681089513e-18,-0.005073476843492106,2.320247715140705e-18,1.3433759720023204e-16,-0.3709146320527857,0.501316485700035,-0.25719668322837685,-1.8262608455215584e-16,-0.10681003881036029,-0.10681003881036014,-0.10681003881036029,-0.10681003881036018,0
1.9647730025794024e-18,-0.005094323925044074,2.3202042478982693e-18,1.343158702408679e-16,-0.37647358239061196,0.5095598945341683,-0.25988114172468385,-1.8250997763409002e-16,-0.10724892473777013,-0.10724892473776998,-0.10724892473777013,-0.10724892473777002,0
1.8919281691155326e-18,-0.005114862484185958,2.32694015786979e-18,1.3436907923670464e-16,-0.38204643382269265,0.5177744545068442,-0.2625228502652791,-1.8246623976252735e-16,-0.10768131545654665,-0.1076813154565465,-0.10768131545654665,-0.10768131545654654,0
1.82247146744068e-18,-0.0051351041537454145,2.320125598506926e-18,1.3428475946307303e-16,-0.3876338090593705,0.5259609177499486,-0.2651219382717056,-1.8263180288996456e-16,-0.10810745586832468,-0.10810745586832453,-0.10810745586832468,-0.10810745586832457,0
1.856352785330852e-18,-0.005155059700358326,2.326865493670641e-18,1.3420477829613883e-16,-0.39323628853260095,0.5341199505376504,-0.26767849158617696,-1.8248289517072472e-16,-0.10852757263912283,-0.10852757263912267,-0.10852757263912283,-0.10852757263912272,0
1.8715993783814294e-18,-0.00517473909454045,2.3048061051438257e-18,1.3426969349555702e-16,-0.39885441368487473,0.5422521398201059,-0.27019255571635864,-1.8248521160838676e-16,-0.10894187567453598,-0.10894187567453582,-0.10894187567453598,-0.10894187567453587,0
1.8970103667990584e-18,-0.005194151573311161,2.2946053773935742e-18,1.3429525602254968e-16,-0.4044886899295139,0.5503579991101244,-0.27266413876173795,-1.823981572398668e-16,-0.10935055943812988,-0.10935055943812973,-0.10935055943812987,-0.10935055943812977,0
1.825859599229697e-18,-0.005213305696289158,2.2996512395072437e-18,1.3445470701606964e-16,-0.4101395893202715,0.5584379737976001,-0.2750932140584561,-1.822665832542763e-16,-0.1097538041324035,-0.10975380413240335,-0.10975380413240349,-0.10975380413240339,0
1.741156304504267e-18,-0.005232209396049874,2.318251448845169e-18,1.3457482910064234e-16,-0.4158075529630513,0.5664924459565044,-0.27747972257458065,-1.8228562958111754e-16,-0.1101517767589449,-0.11015177675894475,-0.11015177675894489,-0.11015177675894477,0
1.6920283935635177e-18,-0.005250870023425037,2.3080545624091173e-18,1.3461257849107459e-16,-0.42149299319828093,0.574521738700824,-0.2798235750836706,-1.8228568514674456e-16,-0.11054463207210621,-0.11054463207210606,-0.1105446320721062,-0.11054463207210609,0
1.7225215796646725e-18,-0.005269294388332447,2.2792242676539142e-18,1.3454708562128212e-16,-0.42719629557878225,0.5825261201386083,-0.2821246541409535,-1.8232210702373034e-16,-0.110932513438578,-0.11093251343857785,-0.11093251343857799,-0.11093251343857788,0
1.7682613588164047e-18,-0.0052874887966457024,2.29782765223256e-18,1.345150953123846e-16,-0.43291782066484363,0.590505806967119,-0.2843828158834028,-1.8210453964797813e-16,-0.11131555361359391,-0.11131555361359376,-0.1113155536135939,-0.11131555361359378,0
1.7530147657658273e-18,-0.005305459083546927,2.284243348912557e-18,1.344975331948615e-16,-0.4386579056555078,0.5984609677467755,-0.2865978916723952,-1.8224360947391985e-16,-0.1116938754430934,-0.11169387544309324,-0.11169387544309338,-0.11169387544309327,0
1.8377180604912574e-18,-0.0053232106437488295,2.270659703009339e-18,1.3435325173201145e-16,-0.4444168658727573,0.6063917258870357,-0.28876968959540583,-1.8220345008028186e-16,-0.11206759249997554,-0.11206759249997539,-0.11206759249997553,-0.11206759249997542,0
1.8800697078539724e-18,-0.005340748458923703,2.251992748610056e-18,1.3420489185986195e-16,-0.4501949961133028,0.6142981623734283,-0.29089799584125287,-1.8234101502355781e-16,-0.11243680966155184,-0.11243680966155169,-0.11243680966155183,-0.11243680966155171,0
1.881763773748481e-18,-0.00535807712263522,2.236713576463757e-18,1.3411067753232434e-16,-0.45599257188092335,0.6221803182615179,-0.2929825759617219,-1.8240747862835193e-16,-0.11280162363442588,-0.11280162363442572,-0.11280162363442586,-0.11280162363442575,0
1.847882455858309e-18,-0.005375200863032937,2.2282110241568625e-18,1.3414655555581734e-16,-0.46180985051081913,0.6300381969606497,-0.2950231760309579,-1.8242082225222553e-16,-0.11316212343227254,-0.11316212343227239,-0.11316212343227253,-0.11316212343227242,0
1.805530808495594e-18,-0.0053921235635384385,2.2451204119405785e-18,1.3417802977178693e-16,-0.46764707219613355,0.637871766327746,-0.29701952371273976,-1.8225765584398022e-16,-0.11351839081133573,-0.11351839081133558,-0.11351839081133572,-0.1135183908113356,0
1.7767316882889478e-18,-0.005408848781725086,2.245090214043864e-18,1.3411786500010091e-16,-0.4735044609256569,0.6456809605891667,-0.29897132924463704,-1.8201825604107457e-16,-0.11387050066789672,-0.11387050066789657,-0.11387050066789671,-0.1138705006678966,0
1.7818138859724736e-18,-0.005425379766570144,2.2315083157631824e-18,1.3405792874356263e-16,-0.47938222534072933,0.6534656821067002,-0.3008782863470982,-1.8200051079650342e-16,-0.11421852140147691,-0.11421852140147676,-0.1142185214014769,-0.11421852140147679,0
1.7513206998713187e-18,-0.005441719474237699,2.2196207401836075e-18,1.341421826244166e-16,-0.48528055951848764,0.6612258030020127,-0.30274007306465234,-1.8166393041428017e-16,-0.11456251524710964,-0.11456251524710949,-0.11456251524710963,-0.11456251524710952,0
1.7699554247109133e-18,-0.0054578705825331355,2.2026517954682376e-18,1.3402831529075134e-16,-0.4911996436878454,0.6689611666523916,-0.30455635254567337,-1.816190368032004e-16,-0.11490253857964514,-0.11490253857964498,-0.11490253857964514,-0.11490253857964502,0
1.780119820077965e-18,-0.005473835504154567,2.2077057359521346e-18,1.3394074168596171e-16,-0.49713964488390644,0.6766715890692818,-0.3063267737665025,-1.8145406449398863e-16,-0.11523864219272789,-0.11523864219272774,-0.11523864219272789,-0.11523864219272778,0
1.771649490605422e-18,-0.005489616398852903,2.1771844579675486e-18,1.3387674424067113e-16,-0.5031007175459302,0.6843568601699253,-0.3080509722051222,-1.8161464961361414e-16,-0.11557087155479813,-0.11557087155479798,-0.11557087155479813,-0.11557087155479802,0
1.8936222350100412e-18,-0.005505215184600571,2.1602161634416386e-18,1.3365881314032363e-16,-0.5090830040634374,0.6920167449514029,-0.3097285704690926,-1.815942081835984e-16,-0.11589926704422272,-0.11589926704422257,-0.11589926704422272,-0.11589926704422261,0
1.8834578396429896e-18,-0.005520633547858325,2.153410703308112e-18,1.3362797274678045e-16,-0.5150866352745817,0.6996509845754432,-0.3113591788819887,-1.8151335568397238e-16,-0.1162238641654386,-0.11622386416543845,-0.1162238641654386,-0.11622386416543849,0
1.8800697078539724e-18,-0.005535872953020423,2.136441341585902e-18,1.336056109631702e-16,-0.5211117309204976,0.7072592973715476,-0.3129423960321773,-1.816078167462289e-16,-0.11654469374779855,-0.1165446937477984,-0.11654469374779855,-0.11654469374779844,0
1.9020925644825842e-18,-0.005550934651110343,2.1203193985457425e-18,1.3363163419997513e-16,-0.5271584000589801,0.714841379765274,-0.31447780928742114,-1.8142880514842944e-16,-0.11686178212863897,-0.11686178212863882,-0.11686178212863897,-0.11686178212863886,0
1.9698552002629282e-18,-0.00556581968779196,2.0974211962522824e-18,1.3357563567890175e-16,-0.533226741440511,0.7223969071378504,-0.3159649952784667,-1.8153624394450598e-16,-0.11717515132193616,-0.11717515132193601,-0.11717515132193616,-0.11717515132193605,0
1.974937397946454e-18,-0.005580528910754836,2.082992661109614e-18,1.3358841241772953e-16,-0.5393168438493657,0.7299255346227457,-0.3174035203545072,-1.8153818856140837e-16,-0.11748481917378617,-0.11748481917378602,-0.11748481917378617,-0.11748481917378606,0
1.9122569598496358e-18,-0.005595062976526488,2.0702584630307627e-18,1.336601702148897e-16,-0.5454287864122777,0.7374268978442822,-0.31879294101313177,-1.81533858939375e-16,-0.11779079950582096,-0.1177907995058208,-0.11779079950582096,-0.11779079950582085,0
1.8699053124869208e-18,-0.005609422356759624,2.0922538608345846e-18,1.3367703864361308e-16,-0.5515626388768962,0.7449006136029434,-0.32013280430717433,-1.8139436543910062e-16,-0.11809310224757119,-0.11809310224757104,-0.11809310224757119,-0.11809310224757108,0
1.8156952038626456e-18,-0.00562360734403773,2.0990035998295502e-18,1.3365396673575352e-16,-0.5577184618620783,0.7523462805115994,-0.32142264823064814,-1.8125680811797179e-16,-0.1183917335586892,-0.11839173355868907,-0.11839173355868922,-0.11839173355868911,0
1.9020925644825842e-18,-0.005637618057238413,2.0981311276975346e-18,1.3356497184864814e-16,-0.5638963070818573,0.7597634795865023,-0.322662002085772,-1.8118286925770407e-16,-0.1186866959418615,-0.11868669594186136,-0.11868669594186151,-0.1186866959418614,0
1.9681611343684196e-18,-0.005651454446490505,2.076081952975807e-18,1.334303790284747e-16,-0.5700962175447764,0.7671517747966076,-0.32385038683295825,-1.8125306860670305e-16,-0.1189779883471687,-0.11897798834716856,-0.11897798834716872,-0.1189779883471686,0
2.022371242992695e-18,-0.005665116297757412,2.0582673723587797e-18,1.3339953289350035e-16,-0.5763182277301125,0.7745107135744165,-0.32498731542543097,-1.8099766936757912e-16,-0.11926560626857727,-0.11926560626857713,-0.11926560626857728,-0.11926560626857717,0
2.093522010562056e-18,-0.005678603237076658,2.042993503709967e-18,1.3331812407237016e-16,-0.5825623637423931,0.7818398272913282,-0.32607229313006214,-1.8102522847031509e-16,-0.11954954183319297,-0.11954954183319283,-0.11954954183319298,-0.11954954183319287,0
2.0071246499421174e-18,-0.005691914734482867,2.044659701691662e-18,1.3332207682094716e-16,-0.5888286434454822,0.789138631700226,-0.3271048178358708,-1.8093621004097992e-16,-0.11982978388385002,-0.11982978388384988,-0.11982978388385003,-0.11982978388384992,0
2.005430584047609e-18,-0.005705050107638976,2.0149871842065135e-18,1.3330775174951548e-16,-0.5951170765773942,0.796406627347765,-0.3280843803514979,-1.809146987041616e-16,-0.12010631805555759,-0.12010631805555745,-0.1201063180555576,-0.12010631805555749,0
2.0359237701487637e-18,-0.005718008525198732,2.011573065210601e-18,1.3312010603239502e-16,-0.6014276648469163,0.8036432999587161,-0.3290104646929268,-1.8072924691204594e-16,-0.12037912684628929,-0.12037912684628915,-0.1203791268462893,-0.1203791268462892,0
2.085051681089513e-18,-0.005730789009921282,1.9802068260695515e-18,1.3299912166561682e-16,-0.6077604020130055,0.8108481207944465,-0.329882548362568,-1.8059496692332218e-16,-0.1206481896825535,-0.12064818968255336,-0.12064818968255352,-0.1206481896825534,0
2.1341795920302625e-18,-0.005743390441557251,1.9632398924882486e-18,1.330239943250771e-16,-0.6141152739478678,0.8180205469875291,-0.33070010262078847,-1.8039602270142662e-16,-0.12091348298015285,-0.12091348298015271,-0.12091348298015286,-0.12091348298015275,0
2.191777832443555e-18,-0.005755811559524036,1.961519317697265e-18,1.3290019146782855e-16,-0.6204922586845422,0.8251600218542885,-0.3314625927508734,-1.80364787883201e-16,-0.12117498020050621,-0.12117498020050607,-0.12117498020050622,-0.12117498020050611,0
2.395065739784587e-18,-0.005768050965386693,1.916599745434335e-18,1.325773407655795e-16,-0.6268913264497495,0.8322659751869641,-0.3321694783183416,-1.8032460137767132e-16,-0.12143265190287793,-0.12143265190287778,-0.12143265190287794,-0.12143265190287783,0
2.3662666195779408e-18,-0.005780107125159535,1.8903128487742263e-18,1.324003078790883e-16,-0.6333124396827076,0.8393378235270551,-0.3328202134254745,-1.8018633628764296e-16,-0.12168646579283252,-0.12168646579283236,-0.12168646579283253,-0.12168646579283242,0
2.3967598056790956e-18,-0.00579197837144246,1.9021432195019746e-18,1.3236653725646333e-16,-0.639755553040562,0.8463749704213016,-0.33341424696186667,-1.800087601452275e-16,-0.12193638676720987,-0.12193638676720972,-0.12193638676720989,-0.12193638676720978,0
2.4441936507253364e-18,-0.005803662905404916,1.864845764801436e-18,1.3221400307562411e-16,-0.6462206133910293,0.8533768066616483,-0.33395102285174605,-1.800377419805087e-16,-0.12218237695589317,-0.12218237695589301,-0.12218237695589318,-0.12218237695589307,0
2.4755338697737455e-18,-0.0058151587986295305,1.8512651394561382e-18,1.3194501171822128e-16,-0.652707559792812,0.8603427105104499,-0.33442998029876486,-1.8000676564664635e-16,-0.12242439576062189,-0.12242439576062174,-0.1224243957606219,-0.1224243957606218,0
2.465369474406694e-18,-0.005826463994826578,1.849543087165539e-18,1.3192081600051718e-16,-0.6592163234642973,0.8672720479121009,-0.33485055402893066,-1.800687690606775e-16,-0.12266239989108606,-0.1226623998910859,-0.12266239989108607,-0.12266239989108596,0
2.4153945305186902e-18,-0.005837576311429581,1.8359631640433275e-18,1.3187407212655583e-16,-0.6657468277410269,0.8741641726921785,-0.33521217453227864,-1.8008361840322796e-16,-0.12289634339851768,-0.12289634339851753,-0.1228963433985177,-0.12289634339851759,0
2.414547497571436e-18,-0.005848493441081774,1.8223842677120077e-18,1.3179036412460478e-16,-0.6722989880223833,0.8810184267451419,-0.3355142683038856,-1.8001474840292033e-16,-0.1231261777069849,-0.12312617770698475,-0.12312617770698492,-0.12312617770698481,0
2.3654195866306865e-18,-0.005859212953022316,1.818123220205005e-18,1.316188555154971e-16,-0.6788727117079153,0.8878341402115362,-0.33575625808474785,-1.80099366236226e-16,-0.12335185164257527,-0.12335185164257512,-0.12335185164257528,-0.12335185164257517,0
2.417935629360453e-18,-0.005869732294380679,1.7621941630301335e-18,1.3139716444371283e-16,-0.6854678981236977,0.8946106316456194,-0.3359375631030487,-1.803887062645357e-16,-0.12357331146064604,-0.12357331146064589,-0.12357331146064605,-0.12357331146064596,0
2.3967598056790956e-18,-0.005880048791387036,1.749463724195637e-18,1.311123843790459e-16,-0.6920844384391059,0.9013472081742729,-0.3360575993162939,-1.8047732393179875e-16,-0.1237905008713062,-0.12379050087130605,-0.12379050087130622,-0.12379050087130612,0
2.31290354390092e-18,-0.005890159650505881,1.7036997117431679e-18,1.310302950165692e-16,-0.6987222155743451,0.9080431656479739,-0.3361157796547558,-1.8071121525519592e-16,-0.12400336106328187,-0.12400336106328173,-0.12400336106328189,-0.12400336106328179,0
2.3535611253691263e-18,-0.005900061959499756,1.6994416439213316e-18,1.3099051584878516e-16,-0.7053811040990856,0.91469778878462,-0.3361115142666614,-1.8051805665365214e-16,-0.12421183072631084,-0.1242118307263107,-0.12421183072631085,-0.12421183072631076,0
2.3001980496921054e-18,-0.005909752688429405,1.7019599350402091e-18,1.3090947913516283e-16,-0.7120609701225136,0.9213103513068959,-0.3360442107655093,-1.805428961185891e-16,-0.12441584607219817,-0.12441584607219804,-0.1244158460721982,-0.12441584607219809,0
2.1909307994963006e-18,-0.005919228690596301,1.7171847314090833e-18,1.3078021486927065e-16,-0.7187616711751117,0.9278801160738754,-0.33591327447989067,-1.804322491485506e-16,-0.12461534085465914,-0.124615340854659,-0.12461534085465917,-0.12461534085465906,0
2.1756842064457232e-18,-0.005928486703433164,1.7256347772161599e-18,1.3075347609332413e-16,-0.7254830560824633,0.9344063352075035,-0.3357181087061671,-1.802456139874744e-16,-0.12481024638806679,-0.12481024638806665,-0.12481024638806681,-0.1248102463880667,0
2.1172389330851765e-18,-0.005937523349347557,1.715450720961313e-18,1.306587704604053e-16,-0.7322249648313658,0.9408882502145537,-0.3354581149643148,-1.8027450519698532e-16,-0.1250004915652119,-0.12500049156521176,-0.12500049156521192,-0.1250004915652118,0
1.9791725626827255e-18,-0.005946335136523495,1.6705393180979562e-18,1.3084555432484532e-16,-0.7389872284285344,0.9473250921046588,-0.3351326932572513,-1.805700440438735e-16,-0.12518600287417903,-0.1251860028741789,-0.12518600287417905,-0.12518600287417894,0
1.9867958592080142e-18,-0.005954918459685517,1.646805407697137e-18,1.3112070322746543e-16,-0.7457696687521677,0.9537160815049531,-0.33474124233391234,-1.8025310594614427e-16,-0.12536670441443212,-0.12536670441443198,-0.12536670441443215,-0.12536670441443204,0
1.9952661886805572e-18,-0.005963269600829426,1.6264600249503894e-18,1.3110710313294682e-16,-0.7525720983966431,0.9600604287718558,-0.3342831599563396,-1.8022685703854494e-16,-0.12554251791219864,-0.1255425179121985,-0.12554251791219867,-0.12554251791219856,0
2.017289045309169e-18,-0.005971384729923643,1.6476196567890484e-18,1.3054716959815792e-16,-0.7593943205106044,0.9663573341005012,-0.3337578431710236,-1.8006255328572476e-16,-0.12571336273523478,-0.12571336273523465,-0.1257133627352348,-0.1257133627352347,0
1.9317387176364847e-18,-0.005979259905584696,1.6120283864987769e-18,1.3041037775005152e-16,-0.7662361286287092,0.9726059876322852,-0.3331646885847029,-1.8014517301146148e-16,-0.12587915590704643,-0.1258791559070463,-0.12587915590704646,-0.12587915590704635,0
1.782660918919728e-18,-0.0059868910757302695,1.556109470553162e-18,1.3058416951729065e-16,-0.773097306497291,0.9788055695609961,-0.3325030926448318,-1.8024311901825136e-16,-0.12603981212063745,-0.1260398121206373,-0.12603981212063747,-0.12603981212063736,0
1.7445444362932843e-18,-0.00599427407821275,1.5645666386357152e-18,1.3072710552235119e-16,-0.7799776278942011,0.9849552502379482,-0.33177245192487387,-1.800903018385776e-16,-0.12619524375184757,-0.12619524375184743,-0.1261952437518476,-0.12619524375184749,0
1.701345755983315e-18,-0.006001404641436194,1.5683658473139605e-18,1.3090491222998582e-16,-0.7868768564430957,0.991054190276563,-0.3309721634145942,-1.7995729433018312e-16,-0.12634536087234116,-0.12634536087234102,-0.12634536087234116,-0.12634536087234105,0
1.670005536934906e-18,-0.0060082783849591224,1.550989977280877e-18,1.3084336490222588e-16,-0.7937947454224259,0.9971015406567684,-0.3301016248154693,-1.7988195581596616e-16,-0.12649007126229753,-0.1264900712622974,-0.12649007126229753,-0.12649007126229742,0
1.726756744400944e-18,-0.006014890820085483,1.5293795943226187e-18,1.305232899673939e-16,-0.8007310375694129,1.003096442829624,-0.32916023484133794,-1.799476023739256e-16,-0.12662928042285249,-0.12662928042285235,-0.12662928042285249,-0.12662928042285237,0
1.6708525698821602e-18,-0.006021237350445787,1.5344508330920413e-18,1.306053268577117e-16,-0.8076854648792673,1.009038028822524,-0.32814739352438355,-1.7994865132780887e-16,-0.12676289158833257,-0.12676289158833243,-0.12676289158833257,-0.12676289158833245,0
1.6386653178864968e-18,-0.006027313272570142,1.4793835395504158e-18,1.3093087046167466e-16,-0.8146577483999389,1.0149254213453305,-0.32706250252651853,-1.7969908404465689e-16,-0.126890805738319,-0.12689080573831887,-0.126890805738319,-0.1268908057383189,0
1.512457408745606e-18,-0.00603311377645473,1.4158465634218014e-18,1.3111021958851717e-16,-0.8216475980226882,1.0207577338977822,-0.325904965456221,-1.800518364187167e-16,-0.1270129216095735,-0.12701292160957336,-0.1270129216095735,-0.1270129216095734,0
1.3879435654992239e-18,-0.0060386339461229845,1.4060973355068647e-18,1.3117857356792622e-16,-0.8286547122687549,1.0265340708784922,-0.3246741881908642,-1.8007624829485437e-16,-0.12712913570785253,-0.12712913570785242,-0.12712913570785256,-0.12712913570785242,0
1.3413567534002374e-18,-0.006043868760182398,1.4001608392495942e-18,1.3137726930393344e-16,-0.8356787780724386,1.032253527695839,-0.3233695792045272,-1.7989620414497515e-16,-0.12723934231962966,-0.12723934231962955,-0.1272393423196297,-0.12723934231962955,0
1.32907477566505e-18,-0.006048813092377778,1.3857546470328899e-18,1.3144556390281432e-16,-0.8427194705608941,1.0379151908810575,-0.32199054990129045,-1.797865008744959e-16,-0.12734343352374294,-0.12734343352374283,-0.12734343352374297,-0.12734343352374283,0
1.2731706011462662e-18,-0.006053461712141404,1.3611845131992457e-18,1.3149852360005432e-16,-0.8497764528309539,1.0435181382038017,-0.3205365149539747,-1.798429583347229e-16,-0.12744129920297717,-0.12744129920297706,-0.1274412992029772,-0.12744129920297706,0
1.3464389510837632e-18,-0.006057809285140227,1.3925191970455263e-18,1.3123390312747638e-16,-0.8568493757233123,1.0490614387904393,-0.3190068926482539,-1.7933008583727506e-16,-0.127532827055584,-0.12753282705558389,-0.12753282705558402,-0.12753282705558389,0
1.3718499395013922e-18,-0.0060618503738201785,1.4056427666487646e-18,1.3075148114217808e-16,-0.8639378775944031,1.054544153245351,-0.3174011052320748,-1.793708062546304e-16,-0.12761790260674086,-0.12761790260674075,-0.12761790260674089,-0.12761790260674075,0
1.2820644470924364e-18,-0.006065579437947135,1.3742974318839585e-18,1.3133215616783936e-16,-0.8710415840863173,1.0599653337754558,-0.31571857927026525,-1.7902654508350017e-16,-0.12769640921993994,-0.12769640921993983,-0.12769640921993997,-0.12769640921993983,0
1.337545105137593e-18,-0.006068990835143976,1.3562936081237437e-18,1.3143647066648818e-16,-0.8781601078951238,1.0653240243181954,-0.31395874600419843,-1.7889818305028892e-16,-0.1277682281082945,-0.12776822810829438,-0.12776822810829452,-0.12776822810829438,0
1.3892141149201053e-18,-0.006072078821422886,1.320290577544504e-18,1.3156347978048032e-16,-0.8852930485379586,1.0706192606732035,-0.3121210417163716,-1.7865197562287034e-16,-0.12783323834574523,-0.12783323834574511,-0.12783323834574525,-0.12783323834574511,0
1.4319892787564475e-18,-0.00607483755171159,1.3037696026059887e-18,1.3165749815082327e-16,-0.8924399921192647,1.0758500706378338,-0.3102049080996959,-1.7850138991832744e-16,-0.127891316878139,-0.1278913168781389,-0.12789131687813904,-0.1278913168781389,0
1.3464389510837632e-18,-0.0060772610803721885,1.3005897585867263e-18,1.3175104347219598e-16,-0.8996005110965822,1.081015474146767,-0.30820979263131154,-1.7835793544234513e-16,-0.1279423385341516,-0.1279423385341515,-0.12794233853415163,-0.1279423385341515,0
1.28227620532925e-18,-0.006079343361710668,1.2955047572384992e-18,1.3167817756013103e-16,-0.906774164046285,1.0861144834158358,-0.3061351489506777,-1.7848042790486357e-16,-0.1279861760360143,-0.1279861760360142,-0.12798617603601434,-0.1279861760360142,0
1.256865216911621e-18,-0.006081078250475097,1.2757031374898484e-18,1.3194177513651914e-16,-0.9139604954296907,1.0911461030902534,-0.30398043724168955,-1.782414201430652e-16,-0.1280227000100023,-0.12802270001000218,-0.12802270001000232,-0.12802270001000218,0
1.2096431301021937e-18,-0.006082459502340052,1.2610900831022869e-18,1.321037890660886e-16,-0.9211590353599699,1.0961093303973715,-0.3017451246185284,-1.7818242240924232e-16,-0.12805177899663292,-0.1280517789966328,-0.12805177899663295,-0.1280517789966328,0
1.2267955472840933e-18,-0.006083480774374534,1.1688681355952746e-18,1.3215961307636087e-16,-0.9283692993703028,1.101003155304106,-0.29942868551492996,-1.785722572747637e-16,-0.12807327946051675,-0.12807327946051664,-0.12807327946051678,-0.12807327946051664,0
1.124039862870306e-18,-0.0060841356254904,1.1655321399970277e-18,1.3246284032197288e-16,-0.935590788183734,1.105826560679145,-0.2970306020765379,-1.7832762019901663e-16,-0.12808706579979814,-0.12808706579979803,-0.12808706579979817,-0.12808706579979803,0
1.0298868568270701e-18,-0.00608441751686778,1.1556585953484495e-18,1.326070047782313e-16,-0.9428229874851997,1.1105785224600246,-0.29455036455595174,-1.781832308630743e-16,-0.12809300035511142,-0.12809300035511131,-0.12809300035511145,-0.12809300035511131,0
1.1411790451624047e-18,-0.006084319812353967,1.1029242775615636e-18,1.3249571802305466e-16,-0.9500653676961992,1.1152580098251732,-0.2919874717101007,-1.7829434276451082e-16,-0.1280909434179785,-0.1280909434179784,-0.12809094341797853,-0.1280909434179784,0
1.2012125052990532e-18,-0.006083835778831492,1.0995896377006629e-18,1.3242038405760672e-16,-0.9573173837526168,1.1198639853709718,-0.2893414311994816,-1.7825028557581478e-16,-0.12808075323855797,-0.12808075323855786,-0.128080753238558,-0.12808075323855786,0
1.2484345921084805e-18,-0.006082958586551189,1.0879969279294563e-18,1.323666450885794e-16,-0.9645784748861812,1.1243954052938907,-0.28661175998883615,-1.7831182921597723e-16,-0.12806228603265685,-0.12806228603265674,-0.12806228603265687,-0.12806228603265674,0
1.1844836045907808e-18,-0.006081681309425338,1.0895867093025057e-18,1.3227501189617422e-16,-0.9718480644100917,1.1288512195777243,-0.28379798474875934,-1.7839512517837221e-16,-0.1280353959879021,-0.12803539598790198,-0.12803539598790212,-0.12803539598790198,0
1.1501787702269816e-18,-0.00607999692527586,1.0631189248262178e-18,1.3269680026819205e-16,-0.9791255595093319,1.1332303721859411,-0.28089964225773606,-1.7799370402233289e-16,-0.1279999352689657,-0.12799993526896558,-0.12799993526896572,-0.12799993526896558,0
1.1029566834175544e-18,-0.006077898316032068,1.035169251342625e-18,1.3263998516773411e-16,-0.9864103510361976,1.137531801259133,-0.27791627980406225,-1.7818478381951129e-16,-0.12795575402172796,-0.12795575402172785,-0.12795575402172799,-0.12795575402172785,0
1.1241325070989119e-18,-0.006075378267872195,1.0402542285301112e-18,1.3231301607741575e-16,-0.9937018133116002,1.1417544393175523,-0.27484745558707885,-1.7805869784887207e-16,-0.12790270037625695,-0.12790270037625684,-0.12790270037625698,-0.12790270037625684,0
1.068228332580128e-18,-0.006072429471302435,1.0152700714241902e-18,1.3232869195714415e-16,-1.000999303932684,1.1458972134686687,-0.27169273911711134,-1.7812443972313355e-16,-0.12784062044847253,-0.12784062044847244,-0.12784062044847255,-0.12784062044847244,0
1.1279441553615562e-18,-0.006069044521167042,9.890156659589459e-19,1.3255031002371459e-16,-1.0083021635873226,1.1499590456196946,-0.26845171161349896,-1.7779094031418753e-16,-0.127769358340359,-0.1277693583403589,-0.12776935834035902,-0.1277693583403589,0
1.059758003107585e-18,-0.006065215916582526,9.754674572550413e-19,1.3273996734389219e-16,-1.015609715876064,1.1539388526949832,-0.2651239664000461,-1.7776409922001864e-16,-0.1276887561385797,-0.1276887561385796,-0.12768875613857972,-0.1276887561385796,0
1.0250296522701587e-18,-0.006060936060788705,9.424377079235533e-19,1.3288207764310755e-16,-1.0229212671420866,1.1578355468581805,-0.2617091092972207,-1.7761946244883087e-16,-0.12759865391134137,-0.1275986539113413,-0.1275986539113414,-0.1275986539113413,0
1.0673812996328738e-18,-0.006056197260908977,9.225372910734702e-19,1.3287044933465015e-16,-1.0302361063097591,1.1616480357390115,-0.2582067590103792,-1.776520088265135e-16,-0.12749888970334708,-0.127498889703347,-0.1274988897033471,-0.127498889703347,0
9.729371260140193e-19,-0.0060509917276118045,8.99249441312873e-19,1.3320302290875114e-16,-1.0375535047323554,1.16537522266452,-0.2546165475132914,-1.775249776044709e-16,-0.12738929952866976,-0.12738929952866967,-0.12738929952866979,-0.12738929952866967,0
9.386322916502201e-19,-0.006045311574665137,8.463154085411624e-19,1.3330251811003887e-16,-1.0448727160495404,1.1690160068946078,-0.2509381204261943,-1.7781893156086508e-16,-0.1272697173613715,-0.1272697173613714,-0.12726971736137152,-0.1272697173613714,0
8.869632818677078e-19,-0.0060391488183749896,8.298040506317631e-19,1.3360534593025379e-16,-1.0521929760551603,1.1725692838616302,-0.24717113738759663,-1.7764844306481373e-16,-0.1271399751236842,-0.1271399751236841,-0.12713997512368422,-0.1271399751236841,0
8.352942720851955e-19,-0.006032495376899234,8.264218202010329e-19,1.337728570607935e-16,-1.059513502575967,1.1760339454138555,-0.24331527241901516,-1.7751061304584541e-16,-0.126999902671563,-0.12699990267156291,-0.12699990267156303,-0.12699990267156291,0
8.573171287138073e-19,-0.0060253430694270855,8.408273545858198e-19,1.3381010446913806e-16,-1.0668334953617966,1.179408880062484,-0.23937021428181418,-1.7745041356235403e-16,-0.1268493277774125,-0.12684932777741242,-0.12684932777741253,-0.12684932777741242,0
8.276709755599068e-19,-0.006017683615214721,8.120348009604664e-19,1.3356614774602375e-16,-1.0741521359878152,1.182692973231985,-0.2353356668252967,-1.7781484406815095e-16,-0.12668807610978378,-0.1266880761097837,-0.1266880761097838,-0.1266880761097837,0
8.607052605028245e-19,-0.0060095086324668,7.883246446332921e-19,1.3338709173330095e-16,-1.0814685877693573,1.1858851075133974,-0.23121134932516685,-1.7813591137689544e-16,-0.12651597120982752,-0.12651597120982744,-0.12651597120982755,-0.12651597120982744,0
7.8870745998620895e-19,-0.006000809637053643,7.730855388538279e-19,1.3363025582629301e-16,-1.0887819956899318,1.1889841629202855,-0.22699699681148053,-1.780956511511474e-16,-0.1263328344642874,-0.1263328344642873,-0.12633283446428742,-0.1263328344642873,0
7.251799889421364e-19,-0.0059915780410532415,7.451407326230691e-19,1.3406281211467662e-16,-1.0960914863429172,1.1919890171469552,-0.22269236038516474,-1.7789485596950606e-16,-0.12613848507480524,-0.12613848507480518,-0.1261384850748053,-0.12613848507480518,0
6.193008705353489e-19,-0.005981805151107161,7.299012266767147e-19,1.3427086720448884e-16,-1.1033961678874804,1.1948985458285473,-0.21829720752219367,-1.7786374537362832e-16,-0.12593274002330881,-0.12593274002330876,-0.12593274002330887,-0.12593274002330876,0
6.243830682188747e-19,-0.0059714821665789565,7.078847630814077e-19,1.3440482495669947e-16,-1.110695130019221,1.1977116228025726,-0.21381132236447853,-1.7789010335187598e-16,-0.12571541403324135,-0.1257154140332413,-0.1257154140332414,-0.1257154140332413,0
6.116775740100602e-19,-0.005960600177503437,7.180559529781867e-19,1.3422654520483224e-16,-1.1179874439560322,1.2004271203714263,-0.20923450599652077,-1.7806565010300302e-16,-0.1254863195263883,-0.12548631952638825,-0.12548631952638836,-0.12548631952638825,0
5.854195526451769e-19,-0.005949150162314864,7.011222977506136e-19,1.3482974979529724e-16,-1.1252721624396487,1.2030439095653962,-0.2045665767068742,-1.7770356897770545e-16,-0.12524526657504992,-0.12524526657504986,-0.12524526657504997,-0.12524526657504986,0
5.12574719181307e-19,-0.005937122985341917,6.833416468028364e-19,1.351736896081955e-16,-1.1325483197533166,1.2055608604056534,-0.19980737023346354,-1.7735684702742914e-16,-0.12499206284930367,-0.12499206284930361,-0.12499206284930373,-0.12499206284930361,0
4.61752742346049e-19,-0.005924509394056757,7.189234959955279e-19,1.3555442313293342e-16,-1.1398149317560133,1.2079768421666541,-0.19495673999176746,-1.7708336881583736e-16,-0.12472651355908979,-0.12472651355908973,-0.12472651355908985,-0.12472651355908973,0
4.583646105570318e-19,-0.00591130001606552,6.935186070444109e-19,1.3549157479160387e-16,-1.147070995933595,1.2102907236373872,-0.1900145572849189,-1.7730675431088144e-16,-0.1244484213908532,-0.12444842139085315,-0.12444842139085327,-0.12444842139085315,0
4.837755989746608e-19,-0.005897485355827067,6.698080166726507e-19,1.3542441972755057e-16,-1.1543154914672396,1.212501373380849,-0.18498071149473602,-1.7741269769485541e-16,-0.1241575864384647,-0.12415758643846464,-0.12415758643846476,-0.12415758643846464,0
4.397298857174372e-19,-0.005883055791086657,6.867556562890619e-19,1.353900175106329e-16,-1.161547379319486,1.2146076599910893,-0.17985511025273004,-1.774541430040681e-16,-0.12385380612814029,-0.12385380612814023,-0.12385380612814036,-0.12385380612814023,0
4.312595562448942e-19,-0.005868001569010894,6.664334853463116e-19,1.3514391610451965e-16,-1.1687656023381832,1.2166084523471723,-0.17463767959011578,-1.7778563178966864e-16,-0.1235368751370716,-0.12353687513707154,-0.12353687513707166,-0.12353687513707154,0
4.075426337217738e-19,-0.005852312802009922,6.613580535934807e-19,1.3518846218943521e-16,-1.1759690853785605,1.2185026198633115,-0.1693283640658776,-1.777806838311203e-16,-0.12320658530547218,-0.12320658530547213,-0.12320658530547225,-0.12320658530547213,0
4.854696648691694e-19,-0.0058359794632327705,6.410359193912802e-19,1.3528755389484196e-16,-1.1831567354436459,1.2202890327344706,-0.16392712687195135,-1.776289740931606e-16,-0.12286272554174267,-0.12286272554174262,-0.12286272554174274,-0.12286272554174262,0
5.752551572781253e-19,-0.0058189913817211425,6.25797573538941e-19,1.352345113094372e-16,-1.1903274418431677,1.2219665621766247,-0.1584339499145834,-1.7754781438110053e-16,-0.12250508172044523,-0.12250508172044518,-0.1225050817204453,-0.12250508172044518,0
5.261272463373758e-19,-0.005801338237206924,6.359721239684166e-19,1.358023617713921e-16,-1.1974800763710638,1.2235340806608999,-0.15284883387096254,-1.7709467020508506e-16,-0.12213343657277748,-0.12213343657277742,-0.12213343657277755,-0.12213343657277742,0
4.803874671856436e-19,-0.0057830095545381615,6.444520966603011e-19,1.3586901976638104e-16,-1.2046134935016335,1.22499046214074,-0.14717179822023282,-1.77081067820918e-16,-0.12174756956922458,-0.12174756956922453,-0.12174756956922465,-0.12174756956922453,0
4.922459284472038e-19,-0.005763994697717935,6.088858473745273e-19,1.355242879076824e-16,-1.211726530604356,1.2263345822712342,-0.14140288124800438,-1.774111061768218e-16,-0.12134725679406191,-0.12134725679406187,-0.12134725679406198,-0.12134725679406187,0
5.735610913836167e-19,-0.005744282863540309,6.343065388622725e-19,1.3581298334089988e-16,-1.2188180081772995,1.2275653186197095,-0.13554214002353654,-1.7679241430584056e-16,-0.12093227081137506,-0.12093227081137502,-0.12093227081137513,-0.12093227081137502,0
5.735610913836167e-19,-0.005723863074806872,6.173775919134983e-19,1.361643450005118e-16,-1.2258867300990242,1.2286815508666455,-0.1295896503487477,-1.76640315435484e-16,-0.12050238052225007,-0.12050238052225003,-0.12050238052225012,-0.12050238052225003,0
5.735610913836167e-19,-0.005702724173107303,6.021431233144504e-19,1.361296077631514e-16,-1.2329314838987926,1.2296821609959647,-0.12354550667829847,-1.7671429589766317e-16,-0.12005735101278546,-0.12005735101278542,-0.12005735101278552,-0.12005735101278542,0
5.871136185396855e-19,-0.005680854811146501,5.682743488393924e-19,1.3607260789242417e-16,-1.2399510410448595,1.2305660334736919,-0.11740982200995871,-1.7680408453325355e-16,-0.11959694339255804,-0.119596943392558,-0.1195969433925581,-0.119596943392558,0
5.600085642275479e-19,-0.005658243444600649,5.2593597691791025e-19,1.3609463080931746e-16,-1.2469441572505306,1.2313320554139706,-0.11118272774456628,-1.7717606950089968e-16,-0.11912091462317169,-0.11912091462317165,-0.11912091462317174,-0.11912091462317165,0
4.685290059240834e-19,-0.005634878323483727,4.649626893835304e-19,1.3662902731686357e-16,-1.2539095727976213,1.231979116731376,-0.10486437351488102,-1.7700518527773364e-16,-0.11862901733649964,-0.1186290173364996,-0.11862901733649969,-0.1186290173364996,0
5.091865873922898e-19,-0.005610747483005575,4.683621271712489e-19,1.3668849636474786e-16,-1.2608460128768808,1.2325061102784616,-0.09845492698270701,-1.7681635855422175e-16,-0.11812099964222274,-0.1181209996422227,-0.1181209996422228,-0.1181209996422227,0
5.12574719181307e-19,-0.005585838733901583,3.9044777922480573e-19,1.366718579777693e-16,-1.2677521879448628,1.2329119319674058,-0.09195457360366911,-1.7740152728969188e-16,-0.11759660492424395,-0.11759660492424391,-0.11759660492424401,-0.11759660492424391,0
3.93990106565705e-19,-0.0055601396522136515,3.786024906628249e-19,1.3692659614189998e-16,-1.2746267940966698,1.2331954808746528,-0.08536351635910908,-1.7743076674162494e-16,-0.11705557162555066,-0.11705557162555062,-0.11705557162555072,-0.11705557162555062,0
4.95634060236221e-19,-0.005533637568500841,3.3456721896438754e-19,1.3696600540054217e-16,-1.281468513453904,1.2333556593273625,-0.07868197545458455,-1.7763954707652566e-16,-0.11649763302107044,-0.1164976330210704,-0.1164976330210705,-0.1164976330210704,0
4.583646105570318e-19,-0.005506319556457331,2.7190032060479605e-19,1.3749824988622132e-16,-1.2882760145671035,1.2333913729704922,-0.0719101879845147,-1.7764825597790245e-16,-0.11592251697804916,-0.11592251697804912,-0.11592251697804921,-0.11592251697804912,0
4.583646105570318e-19,-0.005478172420914183,1.8551586163567894e-19,1.3774701528421666e-16,-1.295047952831857,1.233301530813301,-0.06504840756257,-1.7793605602163617e-16,-0.11532994570345657,-0.11532994570345653,-0.11532994570345663,-0.11532994570345653,0
4.10930765510791e-19,-0.005449182685200051,1.652003587704965e-19,1.3837236146225997e-16,-1.3017829709177071,1.233085045254021,-0.05809690391743966,-1.776588186906497e-16,-0.11471963547789589,-0.11471963547789585,-0.11471963547789595,-0.11471963547789585,0
3.567206568865158e-19,-0.005419336577834857,1.2116691019701997e-19,1.3850203046988923e-16,-1.308479699208898,1.232740832081456,-0.05105596245368363,-1.779363038600797e-16,-0.11409129637547075,-0.1140912963754707,-0.1140912963754708,-0.1140912963754707,0
2.7879362573912015e-19,-0.005388620018528691,1.4489478995135336e-19,1.387026716427382e-16,-1.315136756255919,1.232267810452203,-0.04392588377740976,-1.7782128256305303e-16,-0.11344463196902516,-0.11344463196902511,-0.11344463196902521,-0.11344463196902511,0
3.736613158316018e-19,-0.005357018603456666,1.2118667770131938e-19,1.3900739174239272e-16,-1.3217527492367467,1.2316649028421935,-0.036706983186572756,-1.7757796993372944e-16,-0.11277933902014044,-0.1127793390201404,-0.11277933902014049,-0.1127793390201404,0
2.7201736216108574e-19,-0.005324517589778616,-6.17602945340727e-20,1.3906989738087478e-16,-1.3283262744265905,1.2309310349712235,-0.029399590125758768,-1.7860830511971878e-16,-0.1120951071532341,-0.11209510715323408,-0.11209510715323416,-0.11209510715323408,0
3.838257111986534e-19,-0.005291101879370415,-1.0929228045414704e-20,1.3900496655957215e-16,-1.334855917674889,1.2300651356991168,-0.022004047605353433,-1.7844075893767726e-16,-0.11139161851306147,-0.11139161851306142,-0.11139161851306151,-0.11139161851306142,0
4.78693401291135e-19,-0.005256756001731476,-5.496175847172682e-20,1.3877499820464246e-16,-1.3413402548882127,1.2290661368921414,-0.01452071158505452,-1.7870147474653303e-16,-0.11066854740487325,-0.11066854740487321,-0.1106685474048733,-0.11066854740487321,0
3.533325250974986e-19,-0.005221464096030551,-1.3287189561674443e-19,1.3880614884258134e-16,-1.3477778525176711,1.2279329732582882,-0.0069499503217428605,-1.7931069428385715e-16,-0.10992555991643274,-0.1099255599164327,-0.10992555991643278,-0.1099255599164327,0
2.6524109858305134e-19,-0.00518520989224911,-8.542524078113611e-20,1.3884897937115533e-16,-1.3541672680493446,1.2266645821499806,0.0007078563182381214,-1.792488927991998e-16,-0.10916231352103399,-0.10916231352103395,-0.10916231352103403,-0.10916231352103395,0
5.12574719181307e-19,-0.0051479766913787054,-9.896789216210228e-20,1.386902938759336e-16,-1.3605070504961903,1.2252599033327858,0.00845231758227849,-1.7892705265215122e-16,-0.10837845666060443,-0.10837845666060437,-0.10837845666060447,-0.10837845666060439,0
3.668850522535674e-19,-0.005109747344625419,-2.0059225043594177e-19,1.3935480037513534e-16,-1.3667957408897975,1.2237178787186593,0.016283032590012292,-1.7912539373003953e-16,-0.10757362830790367,-0.10757362830790361,-0.10757362830790371,-0.10757362830790362,0
3.736613158316018e-19,-0.00507050423157069,-2.6495235671568495e-19,1.396084441280626e-16,-1.3730318727703208,1.2220374520622297,0.024199591126965396,-1.794573062228819e-16,-0.10674745750675146,-0.10674745750675141,-0.1067474575067515,-0.10674745750675142,0
5.464560370714791e-19,-0.005030229237234205,-2.2766785782911686e-19,1.39626146943335e-16,-1.3792139726728305,1.2202175686186298,0.03220157447307486,-1.7907653475546781e-16,-0.10589956288914126,-0.10589956288914121,-0.1058995628891413,-0.10589956288914122,0
5.29515378126393e-19,-0.004988903727979944,-2.1748087988804823e-19,1.3973757129017784e-16,-1.3853405606082756,1.2182571747613369,0.04028855626581283,-1.7873371973198194e-16,-0.10502955216799892,-0.10502955216799886,-0.10502955216799896,-0.10502955216799888,0
4.820815330801522e-19,-0.004946508526201801,-3.089379892802124e-19,1.402441708213354e-16,-1.391410150537193,1.2161552175584631,0.04846010339760404,-1.7898205572489023e-16,-0.10413702160424854,-0.10413702160424848,-0.10413702160424858,-0.10413702160424851,0
4.922459284472038e-19,-0.004903023883720143,-2.8858823540299615e-19,1.4024184004858136e-16,-1.397421250834229,1.2139106443059229,0.056715776947180295,-1.7906058588440691e-16,-0.10322155544673996,-0.1032215554467399,-0.10322155544674,-0.10322155544673993,0
5.769492231726339e-19,-0.004858429453814921,-2.919544157654611e-19,1.403162868056535e-16,-1.4033723647415053,1.211522402015871,0.06505513314450859,-1.7937130757866376e-16,-0.1022827253434721,-0.10228272534347205,-0.10228272534347214,-0.10228272534347208,0
6.209949364298575e-19,-0.004812704261814883,-3.867957247439389e-19,1.402164650256098e-16,-1.4092619908087907,1.208989436858778,0.07347772436888708,-1.7978808123030728e-16,-0.10132008972241868,-0.10132008972241863,-0.10132008972241872,-0.10132008972241865,0
5.430679052824619e-19,-0.004765826674155711,-5.189037537710413e-19,1.409183618838652e-16,-1.4150886233184101,1.206310693557484,0.08198310017980036,-1.797850906202952e-16,-0.10033319314012032,-0.10033319314012028,-0.10033319314012036,-0.1003331931401203,0
4.888577966581866e-19,-0.004717774365812561,-5.866402938849494e-19,1.4102973909405606e-16,-1.42085075269276,1.2034851147315355,0.09057080838009893,-1.799539706225662e-16,-0.09932156559605398,-0.09932156559605394,-0.09932156559605403,-0.09932156559605397,0
3.3300373436339537e-19,-0.0046685242860045805,-6.204975354896213e-19,1.413624688373358e-16,-1.4265468658822846,1.2005116401900815,0.0992403961110774,-1.7998534445541512e-16,-0.09828472181062281,-0.09828472181062277,-0.09828472181062285,-0.0982847218106228,0
4.685290059240834e-19,-0.004618052622060368,-5.696587514017904e-19,1.4091714139565353e-16,-1.4321754467316927,1.1973892061715767,0.10799141097899043,-1.7995152763288028e-16,-0.09722216046442886,-0.09722216046442882,-0.0972221604644289,-0.09722216046442884,0
1.2971582702236329e-19,-0.004566334761323734,-7.017716598555818e-19,1.4140578646312062e-16,-1.4377349763222036,1.1941167445284888,0.1168234022125892,-1.8056413528839395e-16,-0.0961333633962892,-0.09613336339628917,-0.09613336339628924,-0.09613336339628918,0
4.162440050791605e-20,-0.004513345250968973,-7.153173134334914e-19,1.4192180900723592e-16,-1.4432239332875354,1.1906931818551765,0.1257359218512333,-1.80522502914643e-16,-0.09501779475724159,-0.09501779475724156,-0.09501779475724163,-0.09501779475724158,0
-1.258570811635917e-20,-0.004459057755583633,-7.356438444831441e-19,1.4175050550508766e-16,-1.448640794101364,1.1871174385570706,0.13472852596316784,-1.8127125623249669e-16,-0.09387490011755022,-0.09387490011755019,-0.09387490011755026,-0.0938749001175502,0
-1.9554482472328804e-19,-0.004403445012364406,-7.966309166112074e-19,1.418630018697779e-16,-1.4539840333339116,1.183388427859218,0.14380077589356813,-1.817888880191264e-16,-0.09270410552346124,-0.09270410552346121,-0.09270410552346128,-0.09270410552346123,0
-2.971887783938041e-19,-0.0043464787837587116,-8.339115057415845e-19,1.4202308605246893e-16,-1.4592521238753502,1.1795050547522465,0.15295223954197823,-1.8205863753647473e-16,-0.09150481650018345,-0.09150481650018343,-0.0915048165001835,-0.09150481650018344,0
-5.004766857348362e-19,-0.0042881298073697335,-9.49125327229183e-19,1.4235951940268968e-16,-1.4644435371236417,1.1754662148737158,0.16218249266880044,-1.8257360535101899e-16,-0.0902764169972576,-0.09027641699725758,-0.09027641699725764,-0.09027641699725758,0
-7.511984381221091e-19,-0.00422836774292694,-1.0609635857866957e-18,1.432151430640742e-16,-1.4695567431344554,1.171270793322789,0.17149112023054092,-1.8287033717527972e-16,-0.08901826827214614,-0.08901826827214614,-0.08901826827214619,-0.08901826827214614,0
-9.409338183070723e-19,-0.00416716111610685,-1.2100873628259226e-18,1.436511194002453e-16,-1.4745902107307667,1.1669176634061074,0.180877717743534,-1.833955587640499e-16,-0.08772970770751265,-0.08772970770751266,-0.0877297077075127,-0.08772970770751266,0
-1.0086964540874164e-18,-0.004104477258969823,-1.332119088591584e-18,1.436598069434002e-16,-1.4795424075697612,1.1624056853126936,0.1903418926759422,-1.8408625222895164e-16,-0.08641004755725944,-0.08641004755725946,-0.08641004755725949,-0.08641004755725945,0
-1.0561302991336572e-18,-0.0040402822467579475,-1.413499004809185e-18,1.4398137856899887e-16,-1.484411800164623,1.1577337047156426,0.1998832658678551,-1.8439683906337389e-16,-0.0850585736159568,-0.08505857361595683,-0.08505857361595685,-0.08505857361595681,0
-1.239089415740586e-18,-0.003974540830776494,-1.5626462350272677e-18,1.4463010843995812e-16,-1.489196853858826,1.152900551298311,0.20950147297938979,-1.8540114944832911e-16,-0.08367454380582093,-0.08367454380582097,-0.08367454380582098,-0.08367454380582096,0
-1.3475096329891365e-18,-0.003907216367056752,-1.6643736097281992e-18,1.4502811611835364e-16,-1.4938960327505226,1.1479050372026736,0.21919616596672384,-1.8597468498443335e-16,-0.082257186674879,-0.08225718667487904,-0.08225718667487905,-0.08225718667487902,0
-1.3204045786769989e-18,-0.003838270740470612,-1.7322291504045205e-18,1.4557562302190797e-16,-1.4985077995646352,1.1427459553974249,0.2289670145860851,-1.8598809502423966e-16,-0.0808056997993813,-0.08080569979938135,-0.08080569979938136,-0.08080569979938135,0
-1.6456652304226502e-18,-0.0037676642839378836,-1.827190069585492e-18,1.4629418762050022e-16,-1.503030615470276,1.1374220779634021,0.23881370792574855,-1.8640788262842776e-16,-0.0793192480829028,-0.07931924808290286,-0.07931924808290287,-0.07931924808290286,0
-1.8150718198735103e-18,-0.003695355692334227,-1.9357292825691055e-18,1.4685075629336841e-16,-1.5074629398411246,1.1319321542938152,0.24873595596618414,-1.8709646996460235e-16,-0.07779696194387845,-0.07779696194387851,-0.07779696194387851,-0.0777969619438785,0
-1.964149618590267e-18,-0.0036213019306719756,-2.1933617114303617e-18,1.4765630895668855e-16,-1.511803229956426,1.1262749092067672,0.2587334911685334,-1.8764678440271297e-16,-0.07623793538256789,-0.07623793538256797,-0.07623793538256796,-0.07623793538256796,0
-1.9167157735440263e-18,-0.00354545813608656,-2.159629362100397e-18,1.4774348520189716e-16,-1.516049940640289,1.1204490409675172,0.2687334911685334,-1.875863301077316e-16,-0.07464122391761177,-0.07464122391761185,-0.07464122391761184,-0.07464122391761184,0
-2.2419764252896777e-18,-0.003467777513117477,-2.4918151690994264e-18,1.486704818343955e-16,-1.5202015238370161,1.1144532192179024,0.2787334911685334,-1.890395459746204e-16,-0.07300584238142054,-0.07300584238142065,-0.0730058423814206,-0.07300584238142062,0
-1.9709258821683016e-18,-0.0033882112217252978,-2.302258174664012e-18,1.485088053411289e-16,-1.5242564281202393,1.1082860828103962,0.2887334911685334,-1.8857371335461882e-16,-0.07133076256263782,-0.07133076256263791,-0.07133076256263789,-0.0713307625626379,0
-2.1335562080411272e-18,-0.0033067082574329662,-2.4786016639947036e-18,1.4926185645392547e-16,-1.528213098133688,1.101946237544269,0.2987334911685334,-1.8922236037177655e-16,-0.06961491068279925,-0.06961491068279936,-0.06961491068279933,-0.06961491068279935,0
-2.2690814796018153e-18,-0.003223215322921401,-2.6346338631582495e-18,1.493712006559954e-16,-1.5320699739615113,1.0954322538014154,0.30873349116853344,-1.8957217450743118e-16,-0.06785716469308209,-0.0678571646930822,-0.06785716469308217,-0.06785716469308219,0
-2.3775016968503657e-18,-0.0031376766903450687,-2.85166839178232e-18,1.499625486311217e-16,-1.5358254904261555,1.08874266407952,0.31873349116853344,-1.9064819534861943e-16,-0.0660563513756856,-0.06605635137568573,-0.0660563513756857,-0.06605635137568572,0
-2.282634006757884e-18,-0.003050034053561543,-2.797666653675714e-18,1.4999308123306516e-16,-1.5394780763119311,1.0818759604203811,0.32873349116853345,-1.9054818609543115e-16,-0.06421124323287454,-0.06421124323287467,-0.06421124323287464,-0.06421124323287465,0
-2.533355759145157e-18,-0.0029602263693904412,-3.197671202853701e-18,1.503682528547533e-16,-1.5430261535125327,1.074830591731462,0.33873349116853346,-1.9217400386739578e-16,-0.062320555145061865,-0.06232055514506201,-0.06232055514506196,-0.06232055514506199,0
-3.021246736763634e-18,-0.0028681896869293295,-3.3198771089178858e-18,1.512432691055609e-16,-1.5464681361009827,1.067604960999025,0.34873349116853347,-1.9292134703967715e-16,-0.060382940777459516,-0.060382940777459676,-0.060382940777459614,-0.060382940777459634,0
-3.1838770626364596e-18,-0.0027738569638571992,-3.618317708783151e-18,1.5189402490397147e-16,-1.5498024293206756,1.0601974223916173,0.3587334911685335,-1.941655920776275e-16,-0.05839698871278308,-0.05839698871278325,-0.05839698871278318,-0.058396988712783204,0
-3.238087171260735e-18,-0.0026771578685483386,-3.81513723057768e-18,1.5196382345166987e-16,-1.5530274284964865,1.0526062782531949,0.3687334911685335,-1.9461976678379191e-16,-0.05636121828522811,-0.05636121828522829,-0.056361218285228214,-0.05636121828522825,0
-3.373612442821423e-18,-0.0025780185666995402,-3.849339570169337e-18,1.5207687037341956e-16,-1.5561415178652442,1.044829775985831,0.3787334911685335,-1.9413362070202546e-16,-0.0542740750884113,-0.05427407508841148,-0.0542740750884114,-0.054274075088411436,0
-3.6040054044745926e-18,-0.002476361491040553,-4.113956801288023e-18,1.5281346999751134e-16,-1.5591430693253043,1.0368661048228105,0.3887334911685335,-1.9501827380387787e-16,-0.05213392612716945,-0.05213392612716965,-0.05213392612716956,-0.0521339261271696,0
-3.766635730347418e-18,-0.0023721050925493412,-4.127885069067705e-18,1.5310210960599245e-16,-1.562030441105452,1.0287133924939567,0.3987334911685335,-1.9549308811262221e-16,-0.04993905457998605,-0.04993905457998624,-0.04993905457998615,-0.049939054579986195,0
-4.132553963561276e-18,-0.002265163571428562,-4.107959088088113e-18,1.5468275948353378e-16,-1.5648019763540146,1.0203697017863451,0.4087334911685335,-1.955034585650915e-16,-0.04768765413533806,-0.047687654135338264,-0.047687654135338174,-0.04768765413533821,0
-4.119001436405207e-18,-0.0021554465859159625,-4.074531181561291e-18,1.5517358325411569e-16,-1.5674560016498313,1.0118330270052163,0.41873349116853353,-1.9479855519987472e-16,-0.0453778228613886,-0.0453778228613888,-0.04537782286138871,-0.04537782286138874,0
-3.4142700242896293e-18,-0.002042858936795919,-4.020784821625463e-18,1.5485079082730244e-16,-1.5699908254376644,1.0031012903418706,0.42873349116853354,-1.9491605144715088e-16,-0.04300755656412452,-0.04300755656412471,-0.04300755656412463,-0.04300755656412467,0
-3.96992363768845e-18,-0.0019273002252508337,-4.4142026577963325e-18,1.571156419593014e-16,-1.5724047363918072,0.9941723381578426,0.43873349116853355,-1.9623070809680698e-16,-0.040574741584227976,-0.04057474158422819,-0.040574741584228094,-0.04057474158422815,0
-4.322289343746239e-18,-0.0018086644814354004,-4.5908564856688745e-18,1.5819979846800032e-16,-1.5746960017130316,0.9850439371976418,0.44873349116853356,-1.9689741864880675e-16,-0.03807714697758727,-0.038077146977587496,-0.03807714697758739,-0.03807714697758745,0
-5.0676783373300236e-18,-0.0016868397608721108,-4.977630071308331e-18,1.6051225014000818e-16,-1.5768628653657575,0.975713770746107,0.45873349116853357,-1.987852667185738e-16,-0.03551241601836011,-0.03551241601836037,-0.03551241601836024,-0.0355124160183603,0
-5.44714909769995e-18,-0.0015617077054473768,-5.086684417563463e-18,1.616599617459883e-16,-1.5789035462643808,0.9661794347508712,0.4687334911685336,-2.006604244128651e-16,-0.03287805695678676,-0.03287805695678703,-0.03287805695678689,-0.032878056956786944,0
-5.7724097494456015e-18,-0.0014331430654330323,-5.493960543008377e-18,1.6291149572165385e-16,-1.5808162364202751,0.9564384339360219,0.4787334911685336,-2.01989502171745e-16,-0.030171432956484754,-0.03017143295648505,-0.030171432956484893,-0.030171432956484962,0
-6.1925380912837344e-18,-0.001301013178561009,-6.077481918566509e-18,1.6447928739704802e-16,-1.5825990990640477,0.9464881779397153,0.4887334911685336,-2.038533382674507e-16,-0.02738975112760004,-0.027389751127600365,-0.02738975112760018,-0.027389751127600268,0
-6.409378525780835e-18,-0.001165177401736081,-6.525556482938927e-18,1.6597638824984244e-16,-1.5842502667613998,0.9364881779397153,0.4987334911685336,-2.051889166376737e-16,-0.024530050562864697,-0.024530050562865044,-0.02453005056286484,-0.02453005056286494,0
-6.206090618439803e-18,-0.001025539943138888,-6.390926200706766e-18,1.6498268288526902e-16,-1.5857696673532744,0.9264881779397153,0.5087334911685336,-2.039630518249604e-16,-0.02159031459239748,-0.021590314592397818,-0.02159031459239762,-0.02159031459239772,0
-7.358055426705652e-18,-0.000882018798001861,-7.354046334020035e-18,1.6840918118707077e-16,-1.5871578126043036,0.9164881779397153,0.5187334911685336,-2.0735420038971167e-16,-0.018568816800038992,-0.018568816800039387,-0.018568816800039144,-0.018568816800039266,0
-7.276740263769239e-18,-0.0007345302195252514,-7.436446726091684e-18,1.6822652429393573e-16,-1.5884152393154267,0.9064881779397153,0.5287334911685336,-2.0754306813036253e-16,-0.015463794095268261,-0.015463794095268659,-0.015463794095268414,-0.015463794095268539,0
-7.72397365991951e-18,-0.0005829886332956444,-8.115175812657276e-18,1.7016350177206864e-16,-1.5895425090014839,0.8964881779397152,0.5387334911685336,-2.0997155643691096e-16,-0.01227344491148705,-0.012273444911487482,-0.012273444911487196,-0.012273444911487344,0
-9.241856701399216e-18,-0.00042730654945299744,-7.994405552567579e-18,1.7239030096278728e-16,-1.5905402076586643,0.8864881779397152,0.5487334911685336,-2.10686423308715e-16,-0.008995927356905013,-0.008995927356905464,-0.008995927356905156,-0.008995927356905272,0
-9.160541538462803e-18,-0.00026739447258041903,-8.063646072847203e-18,1.7232664671986014e-16,-1.5914089456249638,0.8764881779397152,0.5587334911685337,-2.1073953692821671e-16,-0.005629357317482309,-0.005629357317482762,-0.005629357317482448,-0.005629357317482568,0
-9.75685273332983e-18,-0.00010316080929135613,-8.525936465448116e-18,1.7442106605734273e-16,-1.592149357536981,0.8664881779397152,0.5687334911685337,-2.1271198493236496e-16,-0.0021718065113967597,-0.002171806511397241,-0.002171806511396907,-0.0021718065113970363,0
-1.0597109417006096e-17,6.548822651202148e-05,-8.310741514756967e-18,1.763552526566961e-16,-1.5927621023865897,0.8564881779397152,0.5787334911685337,-2.1265363856236813e-16,0.0013786995055164466,0.0013786995055159608,0.0013786995055163048,0.0013786995055161985,0
-1.0380268982508995e-17,0.00023864871073265762,-8.271918933886749e-18,1.762028540703545e-16,-1.5932478636812792,0.8464881779397152,0.5887334911685337,-2.1240037147139178e-16,0.005024183383845629,0.005024183383845148,0.005024183383845485,0.005024183383845377,0
-1.0570004362693959e-17,0.0004164191085480952,-8.910733014768435e-18,1.7820882047297532e-16,-1.5936073497121788,0.8364881779397152,0.5987334911685337,-2.1378346240901183e-16,0.00876671807469696,0.00876671807469645,0.008766718074696818,0.008766718074696686,0
-1.0746187215722853e-17,0.0005989003762738128,-9.102397222749369e-18,1.7937924489409484e-16,-1.5938412939341138,0.8264881779397152,0.6087334911685337,-2.139167674812868e-16,0.012608428974185758,0.012608428974185237,0.012608428974185609,0.012608428974185473,0
-1.1762626752428013e-17,0.0007861960656368138,-9.57874838775437e-18,1.8206439611184513e-16,-1.5939504554623196,0.8164881779397152,0.6187334911685337,-2.156698771138028e-16,0.016551496118670017,0.01655149611866946,0.016551496118669837,0.016551496118669698,0
-1.1952362132612977e-17,0.0009784124304682287,-9.662324520046003e-18,1.828395198227672e-16,-1.5939356196908103,0.8064881779397152,0.6287334911685337,-2.1708375716640328e-16,0.020598156430910335,0.02059815643090977,0.020598156430910154,0.020598156430910012,0
-1.225051773004649e-17,0.0011756585358181479,-1.0044152837296319e-17,1.8438657284365727e-16,-1.5937975990377584,0.7964881779397152,0.6387334911685337,-2.1789341088851206e-16,0.024750706017224434,0.024750706017223848,0.024750706017224247,0.024750706017224094,0
-1.2765513761977105e-17,0.0013780463694875256,-1.0426102953410958e-17,1.852313938260133e-16,-1.5935372338236582,0.7864881779397151,0.6487334911685337,-2.2068571087444872e-16,0.029011502515527133,0.029011502515526522,0.029011502515526942,0.029011502515526782,0
-1.3741295717214059e-17,0.001585690955960341,-1.1404535598474131e-17,1.867809715308355e-16,-1.5931553932884719,0.7764881779397151,0.6587334911685337,-2.235570377518074e-16,0.033382967493902224,0.03338296749390155,0.033382967493902016,0.03338296749390183,0
-1.5503124247503004e-17,0.001798710472708724,-1.2627190206693501e-17,1.9135428494553274e-16,-1.5926529767544466,0.7664881779397151,0.6687334911685338,-2.2683415288720337e-16,0.03786758889913138,0.03786758889913063,0.037867588899131145,0.03786758889913093,0
-1.5828384899248655e-17,0.0020172263688273137,-1.2698340521561426e-17,1.9253729511048452e-16,-1.592030914941783,0.7564881779397151,0.6787334911685338,-2.2868017603032824e-16,0.04246792355425959,0.04246792355425883,0.04246792355425935,0.04246792355425914,0
-1.6289170822554994e-17,0.0022413634859373,-1.3000043847554764e-17,1.9263848427316485e-16,-1.5912901714448804,0.7464881779397151,0.6887334911685338,-2.2962801250459857e-16,0.047186599703943524,0.04718659970394275,0.047186599703943274,0.047186599703943066,0
-1.6262065768242857e-17,0.002471250181280386,-1.3545889597447793e-17,1.9528282572011762e-16,-1.59043174437746,0.7364881779397151,0.6987334911685338,-2.319383719289063e-16,0.05202631960590323,0.052026319605902434,0.052026319605903,0.052026319605902774,0
-1.6749956745861334e-17,0.0027070184528979104,-1.403761465420538e-17,1.9730741084422456e-16,-1.5894566681955087,0.7264881779397151,0.7087334911685338,-2.3463157966784434e-16,0.056989862166272186,0.05698986216627136,0.05698986216627194,0.05698986216627171,0
-1.6316275876867132e-17,0.0029488040667664875,-1.4041664552779452e-17,1.9705740408923853e-16,-1.5883660157075954,0.7164881779397151,0.7187334911685338,-2.3432961727627774e-16,0.06208008561613696,0.06208008561613614,0.062080085616136725,0.06208008561613648,0
-1.6289170822554994e-17,0.0031967466857276616,-1.4154130270200605e-17,1.9714650996678937e-16,-1.587160900282846,0.7064881779397151,0.7287334911685338,-2.34203827798098e-16,0.06729993022584589,0.06729993022584507,0.06729993022584567,0.06729993022584542,0
-1.677706180017347e-17,0.003450990000015135,-1.4537742443347453e-17,1.9934033268354056e-16,-1.5858424782675888,0.6964881779397151,0.7387334911685338,-2.3421163107544896e-16,0.07265242105295061,0.07265242105294976,0.07265242105295038,0.07265242105295013,0
-1.7183637614855536e-17,0.0037116818591419716,-1.505711211870944e-17,2.00793945644648e-16,-1.5844119516224375,0.6864881779397151,0.7487334911685338,-2.370512459452443e-16,0.07814067071877877,0.0781406707187779,0.07814067071877852,0.07814067071877825,0
-1.791547408128325e-17,0.003978974404864504,-1.6037487132189243e-17,2.0321598210498218e-16,-1.5828705707924036,0.676488177939715,0.7587334911685338,-2.3882195760620764e-16,0.08376788220767421,0.08376788220767328,0.08376788220767395,0.08376788220767366,0
-1.848468022183814e-17,0.004253024204885035,-1.6313447407399867e-17,2.0512020054071951e-16,-1.5812196378235028,0.666488177939715,0.7687334911685338,-2.4120518785041237e-16,0.08953735168179068,0.08953735168178972,0.08953735168179042,0.08953735168179013,0
-2.0165193589190673e-17,0.004533992386898821,-1.7158897698073167e-17,2.0791041998193186e-16,-1.57946050974015,0.656488177939715,0.7787334911685339,-2.4550675477233865e-16,0.09545247130313357,0.09545247130313256,0.09545247130313328,0.09545247130313297,0
-2.1168080598739764e-17,0.0048220447725192414,-1.7923647850932884e-17,2.1062396831109794e-16,-1.5775946021986198,0.646488177939715,0.7887334911685339,-2.479807468243588e-16,0.10151673205303718,0.10151673205303613,0.10151673205303686,0.10151673205303655,0
-2.1601761467733966e-17,0.005117352010541844,-1.925804659964348e-17,2.1291019962643926e-16,-1.5756233934327506,0.636488177939715,0.7987334911685339,-2.5171093614020563e-16,0.10773372653772359,0.10773372653772247,0.10773372653772323,0.10773372653772287,0
-2.1140975544427627e-17,0.005420089708918451,-1.9129060995630413e-17,2.1398074716923781e-16,-1.5735484285090768,0.626488177939715,0.8087334911685339,-2.501963904065077e-16,0.11410715176670479,0.11410715176670368,0.11410715176670444,0.11410715176670408,0
-2.2143862553976718e-17,0.005730438564717753,-1.954219788788317e-17,2.165428903902226e-16,-1.5713713239095246,0.616488177939715,0.8187334911685339,-2.517962112657357e-16,0.12064081188879536,0.12064081188879422,0.120640811888795,0.12064081188879464,0
-2.3526220323895737e-17,0.006048584491236067,-2.0091343953794852e-17,2.2194954192081398e-16,-1.5690937724608502,0.606488177939715,0.8287334911685339,-2.5527851874186467e-16,0.1273386208681283,0.12733862086812714,0.12733862086812792,0.12733862086812756,0
-2.4339371953259865e-17,0.00637471874130204,-2.104769356094189e-17,2.2481821536939846e-16,-1.5667175486309404,0.596488177939715,0.8387334911685339,-2.583504807587061e-16,0.13420460508004356,0.13420460508004234,0.13420460508004317,0.13420460508004278,0
-2.4556212387756966e-17,0.0067090380256779915,-2.1923192420343866e-17,2.267147705579738e-16,-1.5642445142131123,0.586488177939715,0.8487334911685339,-2.6227134597929964e-16,0.14124290580374782,0.14124290580374657,0.14124290580374743,0.14124290580374702,0
-2.6290935863733773e-17,0.0070517446253079395,-2.3612121363743595e-17,2.3353398952854935e-16,-1.5616766244204552,0.576488177939715,0.8587334911685339,-2.6815814141854885e-16,0.148457781585431,0.14845778158542963,0.14845778158543058,0.14845778158543013,0
-2.997722325018449e-17,0.007403046495989248,-2.2970836115203184e-17,2.3963007869545367e-16,-1.5590159344131382,0.566488177939715,0.8687334911685339,-2.6981734986127107e-16,0.15585361044187956,0.15585361044187818,0.15585361044187918,0.15585361044187881,0
-3.130537091147923e-17,0.00776315736385169,-2.3984518248633005e-17,2.438539758715553e-16,-1.5562646062824115,0.556488177939715,0.8787334911685339,-2.7325701869639357e-16,0.1634348918705626,0.16343489187056115,0.16343489187056218,0.1634348918705618,0
-3.219983770377977e-17,0.008132296809815292,-2.551395733738666e-17,2.471367598554928e-16,-1.5534249165156675,0.5464881779397149,0.888733491168534,-2.779703078979541e-16,0.1712062486276911,0.17120624862768957,0.17120624862769063,0.1712062486276902,0
-3.176615683478557e-17,0.008510690340958794,-2.52821960588684e-17,2.4650805140119115e-16,-1.550499263967472,0.5364881779397149,0.898733491168534,-2.773794190742968e-16,0.17917242823071217,0.17917242823071067,0.17917242823071172,0.1791724282307113,0
-3.3771930853883753e-17,0.008898569446469213,-2.700213590903165e-17,2.514659136395346e-16,-1.5474901783617296,0.5264881779397149,0.908733491168534,-2.832440614192456e-16,0.1873383041361947,0.1873383041361931,0.18733830413619423,0.1873383041361938,0
-3.4910343134993533e-17,0.009296171635552245,-2.7693190060472156e-17,2.5543710903483656e-16,-1.5444003293502249,0.5164881779397149,0.918733491168534,-2.844138292633797e-16,0.19570887653794278,0.1957088765379411,0.19570887653794228,0.19570887653794183,0
-3.583191498160621e-17,0.00970374045436334,-2.8086889188157903e-17,2.578982059631395e-16,-1.541232536152442,0.5064881779397149,0.928733491168534,-2.860885260324051e-16,0.20428927272343952,0.20428927272343783,0.204289272723439,0.20428927272343855,0
-3.675348682821889e-17,0.010121525478668812,-2.9673952375733386e-17,2.6338208720417284e-16,-1.537989777800882,0.4964881779397149,0.938733491168534,-2.9254280843788295e-16,0.21308474691934426,0.21308474691934248,0.21308474691934373,0.21308474691934323,0
-3.621138574197614e-17,0.010549782278563844,-2.9310221546017496e-17,2.634497260689923e-16,-1.5346752040148584,0.4864881779397149,0.948733491168534,-2.9317166435377277e-16,0.22210067954871338,0.2221006795487116,0.22210067954871285,0.22210067954871235,0
-3.8759260847317074e-17,0.010988772351157541,-3.165715265571692e-17,2.711558052979027e-16,-1.5312921467239209,0.4764881779397149,0.958733491168534,-3.0006367688443415e-16,0.2313425758138439,0.231342575813842,0.23134257581384332,0.23134257581384277,0
-4.016872367154823e-17,0.011438763016682537,-3.243353548204072e-17,2.7336237548078665e-16,-1.5278441322594913,0.46648817793971487,0.968733491168534,-3.0289639881404807e-16,0.240816063509107,0.24081606350910503,0.2408160635091064,0.2408160635091058,0
-3.89218911731899e-17,0.011900027273003383,-3.302127001904732e-17,2.7403065091465283e-16,-1.5243348942298272,0.45648817793971486,0.978733491168534,-3.030650920431992e-16,0.2505268899579669,0.25052688995796496,0.25052688995796635,0.25052688995796574,0
-4.049398432329388e-17,0.012372843602976167,-3.4232295314521484e-17,2.776516627468958e-16,-1.5207683870889142,0.44648817793971485,0.988733491168534,-3.08924984482236e-16,0.260480917957394,0.260480917957392,0.2604809179573934,0.26048091795739275,0
-4.049398432329388e-17,0.012847843602976167,-3.425152995707505e-17,2.7890666247367402e-16,-1.5171488004041667,0.43648817793971484,0.998733491168534,-3.1145069063750013e-16,0.270480917957394,0.270480917957392,0.27048091795739343,0.27048091795739276,0
-4.049398432329388e-17,0.013322843602976166,-3.4270764599628616e-17,2.8813914162443134e-16,-1.5134805738205817,0.42648817793971483,1.008733491168534,-3.182064805888691e-16,0.280480917957394,0.280480917957392,0.28048091795739344,0.2804809179573928,0
-4.049398432329388e-17,0.013797843602976166,-3.428999924218218e-17,2.9208449774662147e-16,-1.5097684127101538,0.4164881779397148,1.018733491168534,-3.206672154363282e-16,0.290480917957394,0.290480917957392,0.29048091795739345,0.2904809179573928,0
-4.049398432329388e-17,0.014272843602976166,-3.430923388473575e-17,2.988212259443382e-16,-1.5060173044845055,0.4064881779397148,1.028733491168534,-3.269181983899307e-16,0.300480917957394,0.300480917957392,0.30048091795739346,0.3004809179573928,0
-4.049398432329388e-17,0.014747843602976166,-3.432846852728931e-17,3.0591702767706554e-16,-1.5022325355356845,0.3964881779397148,1.038733491168534,-3.338212219606013e-16,0.310480917957394,0.310480917957392,0.31048091795739347,0.3104809179573928,0
-4.049398432329388e-17,0.015222843602976165,-3.434770316984288e-17,3.0722650166597336e-16,-1.4984197087544997,0.3864881779397148,1.048733491168534,-3.317474727043613e-16,0.32048091795739403,0.32048091795739203,0.3204809179573935,0.3204809179573928,0
-4.049398432329388e-17,0.015697843602976165,-3.4366937812396444e-17,3.139194811577459e-16,-1.4945847615573904,0.3764881779397148,1.058733491168534,-3.334614833564366e-16,0.33048091795739404,0.33048091795739204,0.3304809179573935,0.3304809179573928,0
-4.049398432329388e-17,0.016172843602976165,-3.438617245495001e-17,3.2184380020358378e-16,-1.4907339843312846,0.3664881779397148,1.068733491168534,-3.387856493328268e-16,0.34048091795739405,0.34048091795739205,0.3404809179573935,0.3404809179573928,0
-4.049398432329388e-17,0.016647843602976165,-3.4405407097503576e-17,3.205687992840238e-16,-1.4868740391809243,0.35648817793971477,1.078733491168534,-3.3742686959420055e-16,0.35048091795739406,0.35048091795739206,0.3504809179573935,0.35048091795739283,0
-4.049398432329388e-17,0.017122843602976164,-3.442464174005714e-17,3.153088431853794e-16,-1.4830119788343465,0.34648817793971476,1.088733491168534,-3.397042468037519e-16,0.36048091795739406,0.36048091795739207,0.3604809179573935,0.36048091795739284,0
-4.049398432329388e-17,0.017597843602976164,-3.444387638261071e-17,3.1896184862612243e-16,-1.4791552655295315,0.33648817793971475,1.098733491168534,-3.445257463858084e-16,0.3704809179573941,0.3704809179573921,0.3704809179573935,0.37048091795739285,0
-4.049398432329388e-17,0.018072843602976164,-3.4463111025164273e-17,3.1912890776153034e-16,-1.4753117896682206,0.32648817793971474,1.108733491168534,-3.466643247724741e-16,0.3804809179573941,0.3804809179573921,0.3804809179573935,0.38048091795739286,0
-4.049398432329388e-17,0.018547843602976163,-3.448234566771784e-17,3.260917682188773e-16,-1.4714898879818328,0.31648817793971473,1.118733491168534,-3.515643934059921e-16,0.3904809179573941,0.3904809179573921,0.39048091795739354,0.39048091795739287,0
-4.049398432329388e-17,0.019022843602976163,-3.4501580310271405e-17,3.2808699009163637e-16,-1.4676983609089922,0.3064881779397147,1.128733491168534,-3.594708896923554e-16,0.4004809179573941,0.4004809179573921,0.40048091795739355,0.4004809179573929,0
-4.049398432329388e-17,0.019497843602976163,-3.452081495282497e-17,3.327717786747028e-16,-1.4639464888349818,0.2964881779397147,1.138733491168534,-3.6849700708935665e-16,0.4104809179573941,0.4104809179573921,0.41048091795739355,0.4104809179573929,0
-4.049398432329388e-17,0.019972843602976163,-3.4540049595378537e-17,3.392689384109082e-16,-1.4602440467908042,0.2864881779397147,1.148733491168534,-3.665946176748956e-16,0.4204809179573941,0.4204809179573921,0.42048091795739356,0.4204809179573929,0
-4.049398432329388e-17,0.020447843602976162,-3.45592842379321e-17,3.3704100865415687e-16,-1.4566013171543946,0.2764881779397147,1.158733491168534,-3.6812687953662207e-16,0.4304809179573941,0.43048091795739213,0.43048091795739357,0.4304809179573929,0
-4.049398432329388e-17,0.020922843602976162,-3.457851888048567e-17,3.472238011396635e-16,-1.4530290998400552,0.2664881779397147,1.168733491168534,-3.7905845107944785e-16,0.44048091795739414,0.44048091795739214,0.4404809179573936,0.4404809179573929,0
-4.049398432329388e-17,0.021397843602976162,-3.4597753523039234e-17,3.487795903812376e-16,-1.449538719406192,0.2564881779397147,1.178733491168534,-3.8243611407958936e-16,0.45048091795739414,0.45048091795739215,0.4504809179573936,0.4504809179573929,0
-4.049398432329388e-17,0.02187284360297616,-3.46169881655928e-17,3.516142120100397e-16,-1.4461420284579214,0.24648817793971467,1.188733491168534,-3.848301975297554e-16,0.46048091795739415,0.46048091795739216,0.4604809179573936,0.46048091795739293,0
-4.049398432329388e-17,0.02234784360297616,-3.4636222808146366e-17,3.5650267391036003e-16,-1.4428514066731468,0.23648817793971466,1.1987334911685341,-3.865487683358444e-16,0.47048091795739416,0.47048091795739216,0.4704809179573936,0.47048091795739294,0
-4.049398432329388e-17,0.02282284360297616,-3.465545745069993e-17,3.6368686128629793e-16,-1.4396797547414089,0.22648817793971465,1.2087334911685341,-3.928416954408444e-16,0.48048091795739417,0.4804809179573922,0.4804809179573936,0.48048091795739295,0
-4.049398432329388e-17,0.02329784360297616,-3.46746920932535e-17,3.6547795475417117e-16,-1.4366404824784083,0.21648817793971464,1.2187334911685341,-3.918687592116507e-16,0.4904809179573942,0.4904809179573922,0.4904809179573936,0.49048091795739296,0
-4.049398432329388e-17,0.02377284360297616,-3.469392673580706e-17,3.7036626482950066e-16,-1.4337474903699505,0.20648817793971463,1.2287334911685341,-3.9200931398033467e-16,0.5004809179573941,0.5004809179573921,0.5004809179573936,0.5004809179573929,0
-4.049398432329388e-17,0.02424784360297616,-3.471316137836063e-17,3.73051781906278e-16,-1.4310151438122038,0.19648817793971463,1.2387334911685342,-3.898821735805918e-16,0.5104809179573941,0.5104809179573921,0.5104809179573936,0.5104809179573929,0
-4.049398432329388e-17,0.02472284360297616,-3.4732396020914195e-17,3.768281534692647e-16,-1.4284582393557308,0.18648817793971462,1.2487334911685342,-3.8875131782392637e-16,0.5204809179573942,0.5204809179573922,0.5204809179573936,0.5204809179573929,0
-4.049398432329388e-17,0.02519784360297616,-3.475163066346776e-17,3.60716477786664e-16,-1.4260919623337889,0.1764881779397146,1.2587334911685342,-3.739251304177285e-16,0.5304809179573942,0.5304809179573922,0.5304809179573936,0.5304809179573929,0
-4.049398432329388e-17,0.02567284360297616,-3.4770865306021326e-17,3.36441277918561e-16,-1.4239318353654127,0.1664881779397146,1.2687334911685342,-3.5873418298595395e-16,0.5404809179573942,0.5404809179573922,0.5404809179573936,0.540480917957393,0
-4.049398432329388e-17,0.02614784360297616,-3.479009994857489e-17,3.4224792600467404e-16,-1.4219936573744694,0.1564881779397146,1.2787334911685342,-3.698776777524755e-16,0.5504809179573942,0.5504809179573922,0.5504809179573936,0.550480917957393,0
-4.049398432329388e-17,0.02662284360297616,-3.480933459112846e-17,3.3667414672786255e-16,-1.420293432958978,0.14648817793971458,1.2887334911685342,-3.589536533634845e-16,0.5604809179573942,0.5604809179573922,0.5604809179573936,0.560480917957393,0
-4.049398432329388e-17,0.02709784360297616,-3.4828569233682024e-17,3.480933811741096e-16,-1.4188472921804987,0.13648817793971457,1.2987334911685342,-3.7185826330480404e-16,0.5704809179573942,0.5704809179573922,0.5704809179573936,0.570480917957393,0
-4.049398432329388e-17,0.027572843602976158,-3.484780387623559e-17,3.3692526726863735e-16,-1.4176714011181546,0.12648817793971456,1.3087334911685342,-3.668831181935866e-16,0.5804809179573942,0.5804809179573922,0.5804809179573936,0.580480917957393,0
-4.049398432329388e-17,0.028047843602976158,-3.4867038518789155e-17,3.6295110915247117e-16,-1.4167818638395484,0.11648817793971457,1.3185393667590437,-3.9101364134682405e-16,0.5904809179573942,0.5904809179573922,0.5904809179573937,0.590480917957393,0
-4.049398432329388e-17,0.028522843602976158,-3.488627316134272e-17,3.7368968476025883e-16,-1.4161946167716284,0.10649642011881359,1.3279438775120247,-4.0078895451333745e-16,0.6004809179573942,0.6004809179573922,0.6004809179573937,0.600480917957393,0
-4.049398432329388e-17,0.028997843602976157,-3.4905507803896287e-17,3.857671211016547e-16,-1.4159250507188068,0.09723988494698556,1.336930846631031,-4.1582098965261183e-16,0.6104809179573942,0.6104809179573922,0.6104809179573937,0.610480917957393,0
-4.049398432329388e-17,0.029472843602976157,-3.492474244644985e-17,3.941155419291822e-16,-1.4159634272541008,0.08869386246553376,1.3455152456477768,-4.1683618922230343e-16,0.6204809179573942,0.6204809179573922,0.6204809179573937,0.620480917957393,0
-4.049398432329388e-17,0.029947843602976157,-3.494397708900342e-17,4.2525640752691e-16,-1.4162970472022802,0.08082773641933706,1.353714991642153,-4.3879796756074857e-16,0.6304809179573942,0.6304809179573923,0.6304809179573937,0.630480917957393,0
-4.049398432329388e-17,0.030422843602976157,-3.4963211731556984e-17,4.421330349119683e-16,-1.4169110294686156,0.07360664751569018,1.361550062812135,-4.589678617106606e-16,0.6404809179573943,0.6404809179573923,0.6404809179573937,0.640480917957393,0
-4.049398432329388e-17,0.030897843602976156,-3.498244637411055e-17,4.558622894659208e-16,-1.4177890236251875,0.06699299932253548,1.3690417051618617,-4.64658399786543e-16,0.6504809179573943,0.6504809179573923,0.6504809179573937,0.650480917957393,0
-4.049398432329388e-17,0.03137284360297616,-3.5001681016664116e-17,4.586391117179083e-16,-1.4189138292395858,0.06094775406540884,1.3762117560333866,-4.638416497902547e-16,0.6604809179573943,0.6604809179573923,0.6604809179573937,0.660480917957393,0
-4.049398432329388e-17,0.03184784360297616,-3.502091565921768e-17,4.62040742463032e-16,-1.4202679105231024,0.055431498324874755,1.3830820930574375,-4.645681895977608e-16,0.6704809179573943,0.6704809179573923,0.6704809179573937,0.6704809179573931,0
-4.049398432329388e-17,0.032322843602976166,-3.504015030177125e-17,4.762381320782212e-16,-1.4218338064938476,0.050405282610323975,1.3896742047427333,-4.744013721380662e-16,0.6804809179573943,0.6804809179573923,0.6804809179573937,0.6804809179573931,0
-4.049398432329388e-17,0.03279784360297617,-3.5059384944324813e-17,4.875596329435816e-16,-1.423594444443934,0.04583125409893767,1.396008871204206,-4.864215339252715e-16,0.6904809179573943,0.6904809179573923,0.6904809179573937,0.6904809179573931,0
-4.049398432329388e-17,0.03327284360297617,-3.507861958687838e-17,4.846873907330114e-16,-1.425533368673907,0.0416731099095681,1.4021059396235487,-4.891667827185587e-16,0.7004809179573943,0.7004809179573923,0.7004809179573938,0.7004809179573931,0
-4.049398432329388e-17,0.033747843602976176,-3.5097854229431945e-17,4.98859747689692e-16,-1.427634898068785,0.03789640102882987,1.407984177899165,-5.054995974181505e-16,0.7104809179573943,0.7104809179573923,0.7104809179573938,0.7104809179573931,0
-4.049398432329388e-17,0.03422284360297618,-3.511708887198551e-17,5.0804332829614e-16,-1.429884225984348,0.034468716247688186,1.4136611905958698,-5.16458485625063e-16,0.7204809179573943,0.7204809179573923,0.7204809179573938,0.7204809179573931,0
-4.049398432329388e-17,0.03469784360297618,-3.5136323514539076e-17,5.054760054333497e-16,-1.4322674747924111,0.0313597726920297,1.4191533829595913,-5.258117583102021e-16,0.7304809179573943,0.7304809179573923,0.7304809179573938,0.7304809179573931,0
-4.049398432329388e-17,0.035172843602976185,-3.515555815709264e-17,4.94859733482525e-16,-1.4347717158191735,0.02854143582581648,1.4244759608525668,-5.084736949125242e-16,0.7404809179573943,0.7404809179573923,0.7404809179573938,0.7404809179573931,0
-4.049398432329388e-17,0.03564784360297619,-3.517479279964621e-17,5.122178117271993e-16,-1.4373849636491978,0.025987687885209266,1.429642956623198,-5.1570493930460055e-16,0.7504809179573944,0.7504809179573924,0.7504809179573938,0.7504809179573931,0
-4.049398432329388e-17,0.03612284360297619,-3.5194027442199774e-17,5.314330064179023e-16,-1.4400961520697175,0.023674559989842425,1.4346672729390846,-5.244252193625247e-16,0.7604809179573944,0.7604809179573924,0.7604809179573938,0.7604809179573931,0
-4.049398432329388e-17,0.036597843602976195,-3.521326208475334e-17,5.452342035517298e-16,-1.442895097406977,0.02158003988858377,1.4395607383776028,-5.30597490243895e-16,0.7704809179573944,0.7704809179573924,0.7704809179573938,0.7704809179573932,0
-4.049398432329388e-17,0.0370728436029762,-3.5232496727306905e-17,5.681465841934691e-16,-1.4457724537037533,0.019683964511475863,1.444334170051487,-5.481315429547122e-16,0.7804809179573944,0.7804809179573924,0.7804809179573938,0.7804809179573932,0
-4.049398432329388e-17,0.0375478436029762,-3.525173136986047e-17,5.78480320224652e-16,-1.4487196631105002,0.01796790421617616,1.4489974397535335,-5.501213756740318e-16,0.7904809179573944,0.7904809179573924,0.7904809179573938,0.7904809179573932,0
-4.049398432329388e-17,0.038022843602976204,-3.527096601241404e-17,5.958205105674489e-16,-1.4517289039953283,0.01641504379195433,1.4535595410625834,-5.623791929823419e-16,0.8004809179573944,0.8004809179573924,0.8004809179573938,0.8004809179573932,0
-4.049398432329388e-17,0.03849784360297621,-3.52902006549676e-17,6.099310209562202e-16,-1.4547930385937315,0.015010063854558345,1.4580286555983828,-5.785106107258561e-16,0.8104809179573944,0.8104809179573924,0.8104809179573939,0.8104809179573932,0
-4.049398432329388e-17,0.03897284360297621,-3.530943529752117e-17,6.230242076729826e-16,-1.4579055614881988,0.013739025164435894,1.4624122171829725,-5.886220745603132e-16,0.8204809179573944,0.8204809179573924,0.8204809179573939,0.8204809179573932,0
-4.049398432329388e-17,0.039447843602976214,-3.5328669940074734e-17,6.214149518842895e-16,-1.4610605498022728,0.01258925756602249,1.46671697309546,-5.857372612415653e-16,0.8304809179573944,0.8304809179573924,0.8304809179573939,0.8304809179573932,0
-4.049398432329388e-17,0.03992284360297622,-3.53479045826283e-17,6.364622584645744e-16,-1.4642526156880313,0.01154925462197194,1.4709490419252689,-6.015095878337365e-16,0.8404809179573944,0.8404809179573924,0.8404809179573939,0.8404809179573932,0
-4.049398432329388e-17,0.04039784360297622,-3.5367139225181866e-17,6.443632917716947e-16,-1.467476861458819,0.010608574556800924,1.4751139677612275,-6.04374556569906e-16,0.8504809179573944,0.8504809179573924,0.8504809179573939,0.8504809179573932,0
-4.049398432329388e-17,0.040872843602976223,-3.538637386773543e-17,6.545761654042779e-16,-1.4707288375526708,0.00975774779149663,1.4792167706203836,-6.17454447102354e-16,0.8604809179573945,0.8604809179573925,0.8604809179573939,0.8604809179573932,0
-4.049398432329388e-17,0.04134784360297623,-3.5405608510289e-17,6.721216790383705e-16,-1.474004503392017,0.0089881911138974,1.483261993137329,-6.2498657028382185e-16,0.8704809179573945,0.8704809179573925,0.8704809179573939,0.8704809179573932,0
-4.049398432329388e-17,0.04182284360297623,-3.5424843152842563e-17,6.929235324571478e-16,-1.4773001911206098,0.008292128365280003,1.4872537436145392,-6.371132683331916e-16,0.8804809179573945,0.8804809179573925,0.8804809179573939,0.8804809179573932,0
-4.049398432329388e-17,0.04229784360297623,-3.544407779539613e-17,7.133646410593904e-16,-1.4806125721404713,0.007662517413098629,1.491195735586582,-6.560369217670851e-16,0.8904809179573945,0.8904809179573925,0.8904809179573939,0.8904809179573933,0
-4.049398432329388e-17,0.042772843602976236,-3.5463312437949695e-17,7.201180249859322e-16,-1.483938626333188,0.00709298310909211,1.495091324083305,-6.572517931255978e-16,0.9004809179573945,0.9004809179573925,0.9004809179573939,0.9004809179573933,0
-4.049398432329388e-17,0.04324784360297624,-3.548254708050326e-17,7.232740018761439e-16,-1.487275613825791,0.006577755890250492,1.4989435387947498,-6.604841123361539e-16,0.9104809179573945,0.9104809179573925,0.9104809179573939,0.9104809179573933,0
-4.049398432329388e-17,0.04372284360297624,-3.5501781723056826e-17,7.262353462141093e-16,-1.4906210491481002,0.0061116156592322946,1.5027551143480773,-6.502914194364615e-16,0.9204809179573945,0.9204809179573925,0.920480917957394,0.9204809179573933,0
-4.049398432329388e-17,0.044197843602976246,-3.552101636561039e-17,7.454847716808796e-16,-1.493972677622438,0.005689840574791017,1.5065285179068564,-6.782783202881876e-16,0.9304809179573945,0.9304809179573925,0.930480917957394,0.9304809179573933,0
-4.049398432329388e-17,0.04467284360297625,-3.554025100816396e-17,7.593311641012711e-16,-1.4973284538261673,0.005308160386958649,1.510265974298418,-6.84910202464356e-16,0.9404809179573945,0.9404809179573925,0.940480917957394,0.9404809179573933,0
-4.049398432329388e-17,0.04514784360297625,-3.5559485650717524e-17,7.764068991309979e-16,-1.500686521970633,0.0049627139629195285,1.5139694888669226,-6.981272465924195e-16,0.9504809179573945,0.9504809179573925,0.950480917957394,0.9504809179573933,0
-4.049398432329388e-17,0.045622843602976255,-3.557872029327109e-17,7.820107943936866e-16,-1.5040451980457663,0.004650010665164642,1.517640868239811,-6.931489125123562e-16,0.9604809179573945,0.9604809179573925,0.960480917957394,0.9604809179573933,0
-4.049398432329388e-17,0.04609784360297626,-3.5597954935824655e-17,7.917446625808995e-16,-1.5074029535868536,0.004366895261927671,1.5212817391841353,-7.006731540904617e-16,0.9704809179573946,0.9704809179573926,0.970480917957394,0.9704809179573933,0
-4.049398432329388e-17,0.04657284360297626,-3.561718957837822e-17,8.143169510386393e-16,-1.5107584009281574,0.004110516069752267,1.5248935657176146,-7.171908332605397e-16,0.9804809179573946,0.9804809179573926,0.980480917957394,0.9804809179573933,0
-4.049398432329388e-17,0.047047843602976265,-3.563642422093179e-17,8.15396611875331e-16,-1.5141102798166683,0.00387829604844623,1.5284776646274314,-7.280887123715098e-16,0.9904809179573946,0.9904809179573926,0.990480917957394,0.9904809179573933,0
-4.049398432329388e-17,0.04752284360297627,-3.565565886348535e-17,8.207196554415752e-16,-1.517457445268104,0.0036679065889985035,1.5320352195383147,-7.251754736271325e-16,1.0004809179573946,1.0004809179573926,1.000480917957394,1.0004809179573932,0
-4.049398432329388e-17,0.04799784360297627,-3.567489350603892e-17,8.205652532780829e-16,-1.5207988565558515,0.003477243754839405,1.5355672936602214,-7.191368438007577e-16,1.0104809179573946,1.0104809179573926,1.010480917957394,1.0104809179573933,0
-4.049398432329388e-17,0.048472843602976275,-3.5694128148592484e-17,8.324694001340754e-16,-1.524133567232009,0.0033044067558379285,1.5390748413353805,-7.324585668807901e-16,1.0204809179573946,1.0204809179573926,1.020480917957394,1.0204809179573933,0
-4.049398432329388e-17,0.04894784360297628,-3.571336279114605e-17,8.470260890604391e-16,-1.5274607160876998,0.0031476784524668584,1.5425587184944423,-7.509573606414543e-16,1.0304809179573946,1.0304809179573926,1.030480917957394,1.0304809179573933,0
-4.049398432329388e-17,0.04942284360297628,-3.5732597433699616e-17,8.385300464272034e-16,-1.5307795189674278,0.00300550770453682,1.5460196921221003,-7.442670818091144e-16,1.0404809179573946,1.0404809179573926,1.040480917957394,1.0404809179573933,0
-4.049398432329388e-17,0.049897843602976284,-3.575183207625318e-17,8.507729154585085e-16,-1.5340892613594075,0.002876493394760004,1.549458448823857,-7.509200898516297e-16,1.0504809179573946,1.0504809179573926,1.050480917957394,1.0504809179573933,0
-4.049398432329388e-17,0.05037284360297629,-3.577106671880675e-17,8.595887659557673e-16,-1.5373892916904746,0.0027593699721351313,1.552875602577549,-7.52728878134837e-16,1.0604809179573946,1.0604809179573926,1.060480917957394,1.0604809179573933,0
-4.049398432329388e-17,0.05084784360297629,-3.5790301361360313e-17,8.722778464974185e-16,-1.540679015260366,0.002652994373785136,1.5562717017457905,-7.632804300644213e-16,1.0704809179573946,1.0704809179573926,1.070480917957394,1.0704809179573933,0
-4.049398432329388e-17,0.051322843602976294,-3.580953600391388e-17,8.814802747289192e-16,-1.5439578887559164,0.002556334196468277,1.559647235418658,-7.652960706235826e-16,1.0804809179573946,1.0804809179573927,1.080480917957394,1.0804809179573933,0
-4.049398432329388e-17,0.0517978436029763,-3.5828770646467445e-17,9.115519108407321e-16,-1.5472254152909943,0.0024684570005371175,1.563002639149667,-7.857665310556216e-16,1.0904809179573947,1.0904809179573927,1.090480917957394,1.0904809179573933,0
-4.049398432329388e-17,0.0522728436029763,-3.584800528902101e-17,9.13034067257172e-16,-1.5504811399228546,0.002388520639754976,1.5663383001423092,-7.810657965901105e-16,1.1004809179573947,1.1004809179573927,1.100480917957394,1.1004809179573933,0
-4.049398432329388e-17,0.0527478436029763,-3.5867239931574577e-17,9.114470567954557e-16,-1.5537246456000895,0.0023157645200917168,1.5696545619392075,-7.736839109673262e-16,1.1104809179573947,1.1104809179573927,1.110480917957394,1.1104809179573933,0
-4.049398432329388e-17,0.05322284360297631,-3.588647457412814e-17,9.273866983882884e-16,-1.556955549501398,0.002249501699517391,1.5729517286610903,-7.840896968216359e-16,1.1204809179573947,1.1204809179573927,1.120480917957394,1.1204809179573934,0
-4.049398432329388e-17,0.05369784360297631,-3.590570921668171e-17,9.377252087740534e-16,-1.5601734997281762,0.0021891117489405833,1.5762300688384452,-7.95249705005296e-16,1.1304809179573947,1.1304809179573927,1.130480917957394,1.1304809179573934,0
-4.049398432329388e-17,0.05417284360297631,-3.5924943859235274e-17,9.498412168741026e-16,-1.5633781723173217,0.0021340343018317917,1.5794898188746993,-8.026697073275861e-16,1.1404809179573947,1.1404809179573927,1.140480917957394,1.1404809179573934,0
-4.049398432329388e-17,0.054647843602976316,-3.594417850178884e-17,9.584113526305554e-16,-1.5665692685437846,0.0020837632268302033,1.582731186176164,-8.114831652594125e-16,1.1504809179573947,1.1504809179573927,1.150480917957394,1.1504809179573934,0
-4.049398432329388e-17,0.05512284360297632,-3.5963413144342406e-17,9.665347793450734e-16,-1.569746512485206,0.002037841363781174,1.5859543519806343,-8.112278991579454e-16,1.1604809179573947,1.1604809179573927,1.160480917957394,1.1604809179573934,0
-4.049398432329388e-17,0.05559784360297632,-3.598264778689597e-17,9.70562957368669e-16,-1.572909648823603,0.001995855769227313,1.5891594739135853,-8.125483652708636e-16,1.1704809179573947,1.1704809179573927,1.170480917957394,1.1704809179573934,0
-4.049398432329388e-17,0.056072843602976326,-3.600188242944954e-17,9.829607203036491e-16,-1.5760584408613951,0.001957433422476484,1.5923466882981283,-8.213723911970014e-16,1.1804809179573947,1.1804809179573927,1.180480917957394,1.1804809179573934,0
-4.049398432329388e-17,0.05654784360297633,-3.60211170720031e-17,9.806196664257178e-16,-1.5791926687312052,0.0019222373479731631,1.5955161122424417,-8.199775015190501e-16,1.1904809179573947,1.1904809179573927,1.190480917957394,1.1904809179573934,0
-4.049398432329388e-17,0.05702284360297633,-3.604035171455667e-17,9.896707776895055e-16,-1.5823121277808128,0.0018899631138981348,1.5986678455261243,-8.134433863515039e-16,1.2004809179573948,1.2004809179573928,1.200480917957394,1.2004809179573934,0
-4.049398432329388e-17,0.057497843602976335,-3.6059586357110235e-17,1.0021138493704167e-15,-1.585416627116421,0.0018603356707287619,1.6018019723049017,-8.211463662971122e-16,1.2104809179573948,1.2104809179573928,1.210480917957394,1.2104809179573934,0
-4.049398432329388e-17,0.05797284360297634,-3.60788209996638e-17,1.0123345929184475e-15,-1.5885059882889578,0.0018331064969399047,1.6049185626512275,-8.260347046401446e-16,1.2204809179573948,1.2204809179573928,1.220480917957394,1.2204809179573934,0
-4.049398432329388e-17,0.05844784360297634,-3.6098055642217366e-17,1.0158616023746175e-15,-1.5915800441096362,0.001808051022159402,1.6080176739466863,-8.233691473302303e-16,1.2304809179573948,1.2304809179573928,1.2304809179573941,1.2304809179573934,0
-4.049398432329388e-17,0.058922843602976345,-3.611729028477093e-17,1.0306183453065248e-15,-1.5946386375822645,0.0017849663009299895,1.6110993521405441,-8.339015402237349e-16,1.2404809179573948,1.2404809179573928,1.2404809179573941,1.2404809179573935,0
-4.049398432329388e-17,0.05939784360297635,-3.61365249273245e-17,1.0566552310839183e-15,-1.597681620941052,0.0017636689128000993,1.6141636328874613,-8.4052804682266325e-16,1.2504809179573948,1.2504809179573928,1.2504809179573941,1.2504809179573935,0
-4.049398432329388e-17,0.05987284360297635,-3.6155759569878064e-17,1.0609142132106696e-15,-1.6007088547836605,0.0017439930667945414,1.6172105425760754,-8.449831585535265e-16,1.2604809179573948,1.2604809179573928,1.2604809179573941,1.2604809179573935,0
-4.049398432329388e-17,0.060347843602976355,-3.617499421243163e-17,1.0660391915615117e-15,-1.6037202072903225,0.0017257888904322065,1.6202400992590997,-8.439597127170924e-16,1.2704809179573948,1.2704809179573928,1.2704809179573942,1.2704809179573935,0
-4.049398432329388e-17,0.06082284360297636,-3.6194228854985195e-17,1.069035415008017e-15,-1.6067155535206383,0.0017089208853560273,1.6232523134944918,-8.492849695298276e-16,1.2804809179573948,1.2804809179573928,1.2804809179573942,1.2804809179573935,0
-4.049398432329388e-17,0.06129784360297636,-3.621346349753876e-17,1.0864142702073285e-15,-1.6096947747805654,0.0016932665333839584,1.6262471891063912,-8.646736430675575e-16,1.2904809179573948,1.2904809179573928,1.2904809179573942,1.2904809179573935,0
-4.049398432329388e-17,0.061772843602976364,-3.6232698140092327e-17,1.0838814866307777e-15,-1.6126577580527526,0.0016787150383398709,1.6292247238736224,-8.608426783882984e-16,1.3004809179573948,1.3004809179573928,1.3004809179573942,1.3004809179573935,0
-4.049398432329388e-17,0.06224784360297637,-3.625193278264589e-17,1.095894989236202e-15,-1.6156043954840904,0.0016651661904508455,1.6321849101528492,-8.777488938621698e-16,1.3104809179573949,1.3104809179573929,1.3104809179573942,1.3104809179573935,0
-4.049398432329388e-17,0.06272284360297636,-3.627116742519946e-17,1.088927299854602e-15,-1.6185345839249146,0.0016525293413658293,1.6351277354427582,-8.762064617374109e-16,1.3204809179573949,1.3204809179573929,1.3204809179573942,1.3204809179573935,0
-4.049398432329388e-17,0.06319784360297637,-3.6290402067753024e-17,1.0991491875513153e-15,-1.6214482245148516,0.0016407224790188758,1.6380531828950422,-8.785529247506541e-16,1.3304809179573949,1.3304809179573929,1.3304809179573942,1.3304809179573935,0
-4.049398432329388e-17,0.06367284360297637,-3.630963671030659e-17,1.1056707353648592e-15,-1.6243452223107722,0.0016296713925985685,1.6409612317773832,-8.855067459983312e-16,1.3404809179573949,1.3404809179573929,1.3404809179573942,1.3404809179573935,0
-4.049398432329388e-17,0.06414784360297637,-3.6328871352860156e-17,1.1126361328459725e-15,-1.6272254859527562,0.0016193089188322831,1.6438518578931336,-8.915027154652444e-16,1.3504809179573949,1.350480917957393,1.3504809179573942,1.3504809179573936,0
-4.049398432329388e-17,0.06462284360297638,-3.634810599541372e-17,1.1151793880721748e-15,-1.6300889273643857,0.0016095742616532528,1.6467250339619421,-8.933561322888656e-16,1.360480917957395,1.360480917957393,1.3604809179573942,1.3604809179573936,0
-4.049398432329388e-17,0.06509784360297638,-3.636734063796729e-17,1.1329978579428784e-15,-1.6329354614840368,0.001600412378085839,1.6495807299651606,-9.022908039621842e-16,1.370480917957395,1.370480917957393,1.3704809179573942,1.3704809179573936,0
-4.049398432329388e-17,0.06557284360297638,-3.6386575280520853e-17,1.1423175614323642e-15,-1.6357650060241384,0.001591773423885377,1.6524189134594627,-9.113415818989016e-16,1.380480917957395,1.380480917957393,1.3804809179573942,1.3804809179573936,0
-4.049398432329388e-17,0.06604784360297639,-3.640580992307442e-17,1.1409666148420277e-15,-1.6385774812557046,0.001583612253093168,1.6552395498618209,-9.056423992086313e-16,1.390480917957395,1.390480917957393,1.3904809179573943,1.3904809179573936,0
-4.049398432329388e-17,0.06652284360297639,-3.6425044565627985e-17,1.1612752413971702e-15,-1.641372809815682,0.0015758879662474167,1.658042602708644,-9.265128226464215e-16,1.400480917957395,1.400480917957393,1.4004809179573943,1.4004809179573936,0
-4.049398432329388e-17,0.06699784360297639,-3.644427920818155e-17,1.1725609121102584e-15,-1.644150916534893,0.0015685635024933267,1.660828033891609,-9.305439005519112e-16,1.410480917957395,1.410480917957393,1.4104809179573943,1.4104809179573936,0
-4.049398432329388e-17,0.0674728436029764,-3.6463513850735116e-17,1.1803289683658409e-15,-1.6469117282845882,0.001561605271306624,1.663595803872491,-9.447612515233622e-16,1.420480917957395,1.420480917957393,1.4204809179573943,1.4204809179573936,0
-4.049398432329388e-17,0.0679478436029764,-3.648274849328868e-17,1.1965301969765116e-15,-1.6496551738398006,0.0015549828199607214,1.6663458718790494,-9.601146308913816e-16,1.430480917957395,1.430480917957393,1.4304809179573943,1.4304809179573936,0
-4.049398432329388e-17,0.0684228436029764,-3.650198313584225e-17,1.2076662728915577e-15,-1.652381183757875,0.001548668533249528,1.669078196083835,-9.733395060997812e-16,1.440480917957395,1.440480917957393,1.4404809179573943,1.4404809179573936,0
-4.049398432329388e-17,0.0688978436029764,-3.6521217778395814e-17,1.2091545098170364e-15,-1.6550896902707035,0.0015426373623131458,1.6717927337675997,-9.727642028411872e-16,1.450480917957395,1.450480917957393,1.4504809179573943,1.4504809179573936,0
-4.049398432329388e-17,0.06937284360297641,-3.654045242094938e-17,1.2166913851759448e-15,-1.6577806271893616,0.0015368665797275943,1.6744894414688434,-9.707304802099585e-16,1.460480917957395,1.460480917957393,1.4604809179573943,1.4604809179573937,0
-4.049398432329388e-17,0.06984784360297641,-3.6559687063502945e-17,1.2152865393706617e-15,-1.6604539298199137,0.0015313355582960138,1.677168275120827,-9.661629043618127e-16,1.470480917957395,1.470480917957393,1.4704809179573943,1.4704809179573937,0
-4.049398432329388e-17,0.07032284360297641,-3.657892170605651e-17,1.2251400102886137e-15,-1.6631095348893503,0.0015260255712265997,1.679829190177333,-9.737661001910427e-16,1.480480917957395,1.480480917957393,1.4804809179573943,1.4804809179573937,0
-4.049398432329388e-17,0.07079784360297642,-3.6598156348610077e-17,1.2391507456640593e-15,-1.6657473804806606,0.001520919611614296,1.6824721417282558,-9.86409240503933e-16,1.490480917957395,1.490480917957393,1.4904809179573943,1.4904809179573937,0
-4.049398432329388e-17,0.07127284360297642,-3.661739099116364e-17,1.246837733206635e-15,-1.6683674059761573,0.0015160022293428165,1.685097084606024,-9.80957794749909e-16,1.500480917957395,1.500480917957393,1.5004809179573944,1.5004809179573937,0
-4.049398432329388e-17,0.07174784360297642,-3.663662563371721e-17,1.2581798931499611e-15,-1.6709695520082828,0.0015112593837092376,1.687703973483783,-9.894549146211251e-16,1.510480917957395,1.510480917957393,1.5104809179573944,1.5104809179573937,0
-4.049398432329388e-17,0.07222284360297643,-3.6655860276270774e-17,1.2549129061199624e-15,-1.6735537604171744,0.0015066783102434408,1.6902927629661404,-9.879352804036989e-16,1.520480917957395,1.520480917957393,1.5204809179573944,1.5204809179573937,0
-4.049398432329388e-17,0.07269784360297643,-3.667509491882434e-17,1.266262637344388e-15,-1.676119974214315,0.00150224740033439,1.6928634076731899,-1.002543139078948e-15,1.530480917957395,1.530480917957393,1.5304809179573944,1.5304809179573937,0
-4.049398432329388e-17,0.07317284360297643,-3.6694329561377906e-17,1.2689820788970015e-15,-1.6786681375517467,0.0014979560924236733,1.6954158623185325,-1.0029175791669571e-15,1.540480917957395,1.540480917957393,1.5404809179573944,1.5404809179573937,0
-4.049398432329388e-17,0.07364784360297644,-3.671356420393147e-17,1.274921625683303e-15,-1.6811981956962514,0.0014937947736397832,1.6979500817818212,-1.0153567911033614e-15,1.550480917957395,1.550480917957393,1.5504809179573944,1.5504809179573937,0
-4.049398432329388e-17,0.07412284360297644,-3.673279884648504e-17,1.2903494141404815e-15,-1.6837100950080743,0.0014897546908584644,1.7004660211764255,-1.0256580890430174e-15,1.560480917957395,1.560480917957393,1.5604809179573944,1.5604809179573937,0
-4.049398432329388e-17,0.07459784360297644,-3.6752033489038603e-17,1.2953288272343407e-15,-1.6862037829237528,0.0014858278702728463,1.7029636359126896,-1.0311649567562589e-15,1.570480917957395,1.570480917957393,1.5704809179573944,1.5704809179573938,0
-4.049398432329388e-17,0.07507284360297645,-3.677126813159217e-17,1.2901675997998802e-15,-1.6886792079426323,0.0014820070446534325,1.7054428817571885,-1.0288642920929162e-15,1.580480917957395,1.580480917957393,1.5804809179573944,1.5804809179573938,0
-4.049398432329388e-17,0.07554784360297645,-3.6790502774145735e-17,1.2948610453584348e-15,-1.6911363196167575,0.0014782855875444814,1.7079037148884226,-1.0242881036791172e-15,1.590480917957395,1.590480917957393,1.5904809179573944,1.5904809179573938,0
-4.049398432329388e-17,0.07602284360297645,-3.68097374166993e-17,1.3019582126627531e-15,-1.6935750685438047,0.0014746574537355885,1.7103460919492788,-1.029787770249665e-15,1.600480917957395,1.6004809179573931,1.6004809179573944,1.6004809179573938,0
-4.049398432329388e-17,0.07649784360297646,-3.6828972059252866e-17,1.2955959805007053e-15,-1.6959954063627714,0.0014711171253900348,1.7127699700965908,-1.0199785290458074e-15,1.6104809179573951,1.6104809179573931,1.6104809179573945,1.6104809179573938,0
-4.049398432329388e-17,0.07697284360297646,-3.684820670180643e-17,1.3131162262293498e-15,-1.6983972857521654,0.0014676595632948908,1.71517530704808,-1.036705251237437e-15,1.6204809179573951,1.6204809179573931,1.6204809179573945,1.6204809179573938,0
-4.049398432329388e-17,0.07744784360297646,-3.686744134436e-17,1.3151668540452389e-15,-1.7007806604304612,0.001464280162729032,1.7175620611269415,-1.0366856093603483e-15,1.6304809179573951,1.6304809179573931,1.6304809179573945,1.6304809179573938,0
-4.049398432329388e-17,0.07792284360297647,-3.6886675986913564e-17,1.3206014947944141e-15,-1.7031454851586005,0.0014609747135102631,1.7199301913042997,-1.0383806796966964e-15,1.6404809179573951,1.6404809179573931,1.6404809179573945,1.6404809179573938,0
-4.049398432329388e-17,0.07839784360297647,-3.690591062946713e-17,1.3173278389123504e-15,-1.705491715744377,0.0014577393638155183,1.7222796572397707,-1.042540779614215e-15,1.6504809179573952,1.6504809179573932,1.6504809179573945,1.6504809179573938,0
-4.049398432329388e-17,0.07887284360297647,-3.6925145272020695e-17,1.316177163677036e-15,-1.7078193090484899,0.0014545705874130285,1.724610419320286,-1.0375548188521596e-15,1.6604809179573952,1.6604809179573932,1.6604809179573945,1.6604809179573938,0
-4.049398432329388e-17,0.07934784360297648,-3.694437991457426e-17,1.3291612978247692e-15,-1.7101282229921482,0.0014514651539776539,1.7269224386973796,-1.0507618581289911e-15,1.6704809179573952,1.6704809179573932,1.6704809179573945,1.6704809179573938,0
-4.049398432329388e-17,0.07982284360297648,-3.696361455712783e-17,1.332708874650938e-15,-1.712418416566049,0.0014484201021950558,1.729215677323063,-1.0519461596442687e-15,1.6804809179573952,1.6804809179573932,1.6804809179573945,1.6804809179573938,0
-4.049398432329388e-17,0.08029784360297648,-3.698284919968139e-17,1.3377822945095334e-15,-1.714689849840636,0.0014454327153851647,1.7314900979844599,-1.047847102932389e-15,1.6904809179573952,1.6904809179573932,1.6904809179573945,1.6904809179573939,0
-4.049398432329388e-17,0.08077284360297649,-3.700208384223496e-17,1.3403941906365341e-15,-1.7169424839774934,0.0014425004994077218,1.7337456643372946,-1.0476991008386935e-15,1.7004809179573952,1.7004809179573932,1.7004809179573945,1.7004809179573939,0
-4.049398432329388e-17,0.08124784360297649,-3.7021318484788524e-17,1.3383767494301476e-15,-1.719176281241775,0.0014396211626264237,1.7359823409383577,-1.049830728931324e-15,1.7104809179573952,1.7104809179573932,1.7104809179573945,1.7104809179573939,0
-4.049398432329388e-17,0.08172284360297649,-3.704055312734209e-17,1.3291326779722962e-15,-1.7213912050155924,0.0014367925977404462,1.7382000932770612,-1.0403635781892983e-15,1.7204809179573952,1.7204809179573932,1.7204809179573946,1.7204809179573939,0
-4.049398432329388e-17,0.0821978436029765,-3.7059787769895656e-17,1.3294456825032303e-15,-1.7235872198122406,0.0014340128653034547,1.7403988878061465,-1.0369648935512626e-15,1.7304809179573952,1.7304809179573932,1.7304809179573946,1.730480917957394,0
-4.049398432329388e-17,0.0826728436029765,-3.707902241244922e-17,1.3313620922554251e-15,-1.7257642912912046,0.0014312801787688789,1.742578691971645,-1.039332616390308e-15,1.7404809179573952,1.7404809179573932,1.7404809179573946,1.740480917957394,0
-4.049398432329388e-17,0.0831478436029765,-3.709825705500279e-17,1.344823296457516e-15,-1.7279223862738862,0.0014285928909171378,1.7447394742421785,-1.0489065679245373e-15,1.7504809179573952,1.7504809179573932,1.7504809179573946,1.750480917957394,0
-4.049398432329388e-17,0.0836228436029765,-3.7117491697556353e-17,1.3565185111774805e-15,-1.730061472759937,0.001425949481535043,1.7468812041376114,-1.0587680746607299e-15,1.7604809179573953,1.7604809179573933,1.7604809179573946,1.760480917957394,0
-4.049398432329388e-17,0.08409784360297651,-3.713672634010992e-17,1.367263975568675e-15,-1.732181519944192,0.0014233485462270747,1.749003852257174,-1.068485219953573e-15,1.7704809179573953,1.7704809179573933,1.7704809179573946,1.770480917957394,0
-4.049398432329388e-17,0.08457284360297651,-3.7155960982663485e-17,1.378429123709644e-15,-1.7342824982341183,0.0014207887862526234,1.7511073903070749,-1.0777676408425374e-15,1.7804809179573953,1.7804809179573933,1.7804809179573946,1.780480917957394,0
-4.049398432329388e-17,0.08504784360297651,-3.717519562521705e-17,1.3760295784624096e-15,-1.7363643792677204,0.0014182689992917464,1.7531917911276376,-1.075147983700146e-15,1.7904809179573953,1.7904809179573933,1.7904809179573946,1.790480917957394,0
-4.049398432329388e-17,0.08552284360297652,-3.7194430267770617e-17,1.3743736677602237e-15,-1.738427135931892,0.0014157880710538493,1.755257028720047,-1.0776173139991657e-15,1.8004809179573953,1.8004809179573933,1.8004809179573946,1.800480917957394,0
-4.049398432329388e-17,0.08599784360297652,-3.721366491032418e-17,1.3784209743204772e-15,-1.7404707423811339,0.0014133449676473593,1.7573030782726955,-1.081389428216733e-15,1.8104809179573953,1.8104809179573933,1.8104809179573946,1.810480917957394,0
-4.049398432329388e-17,0.08647284360297652,-3.723289955287775e-17,1.3815519773697028e-15,-1.7424951740566192,0.0014109387286417516,1.7593299161871867,-1.0852547588347696e-15,1.8204809179573953,1.8204809179573933,1.8204809179573946,1.820480917957394,0
-4.049398432329388e-17,0.08694784360297653,-3.7252134195431314e-17,1.382282235956377e-15,-1.7445004077055648,0.0014085684607559555,1.761337520104018,-1.0816014052072208e-15,1.8304809179573953,1.8304809179573933,1.8304809179573946,1.830480917957394,0
-4.049398432329388e-17,0.08742284360297653,-3.727136883798488e-17,1.384585513548587e-15,-1.7464864214008773,0.001406233332113357,1.7633258689279732,-1.085392904116637e-15,1.8404809179573953,1.8404809179573933,1.8404809179573947,1.840480917957394,0
-4.049398432329388e-17,0.08789784360297653,-3.7290603480538446e-17,1.3884910480973718e-15,-1.7484531945610389,0.0014039325670134,1.7652949428532347,-1.090112180654176e-15,1.8504809179573953,1.8504809179573933,1.8504809179573947,1.850480917957394,0
-4.049398432329388e-17,0.08837284360297654,-3.730983812309201e-17,1.396667129547787e-15,-1.7504007079702066,0.0014016654411700752,1.7672447233882458,-1.0874130025493962e-15,1.8604809179573953,1.8604809179573933,1.8604809179573947,1.860480917957394,0
-4.049398432329388e-17,0.08884784360297654,-3.732907276564558e-17,1.395290469660069e-15,-1.7523289437985057,0.0013994312773740827,1.7691751933803408,-1.0855611002283666e-15,1.8704809179573954,1.8704809179573934,1.8704809179573947,1.870480917957394,0
-4.049398432329388e-17,0.08932284360297654,-3.734830740819914e-17,1.3823347198576245e-15,-1.7542378856224878,0.0013972294415388064,1.7710863370401584,-1.0755905650308422e-15,1.8804809179573954,1.8804809179573934,1.8804809179573947,1.880480917957394,0
-4.049398432329388e-17,0.08979784360297655,-3.736754205075271e-17,1.3884726313467678e-15,-1.7561275184457115,0.0013950593390969653,1.7729781399658238,-1.0761868468144868e-15,1.8904809179573954,1.8904809179573934,1.8904809179573947,1.890480917957394,0
-4.049398432329388e-17,0.09027284360297655,-3.7386776693306275e-17,1.3936213343837301e-15,-1.7579978287194702,0.0013929204117132789,1.7748505891669661,-1.0835660401918106e-15,1.9004809179573954,1.9004809179573934,1.9004809179573947,1.900480917957394,0
-4.049398432329388e-17,0.09074784360297655,-3.740601133585984e-17,1.3977027215442788e-15,-1.7598488043635991,0.0013908121342851177,1.7767036730885233,-1.0841512622044965e-15,1.9104809179573954,1.9104809179573934,1.9104809179573947,1.910480917957394,0
-4.049398432329388e-17,0.09122284360297656,-3.7425245978413406e-17,1.3962009124804527e-15,-1.7616804347873638,0.0013887340122058151,1.7785373816343673,-1.0820190711054785e-15,1.9204809179573954,1.9204809179573934,1.9204809179573947,1.920480917957394,0
-4.049398432329388e-17,0.09169784360297656,-3.744448062096697e-17,1.4101330861253017e-15,-1.7634927109104341,0.0013866855788626483,1.7803517061907808,-1.0899978046273172e-15,1.9304809179573954,1.9304809179573934,1.9304809179573947,1.930480917957394,0
-4.049398432329388e-17,0.09217284360297656,-3.746371526352054e-17,1.4178457275176935e-15,-1.7652856251838753,0.0013846663933540372,1.7821466396497305,-1.0998145268025586e-15,1.9404809179573954,1.9404809179573934,1.9404809179573947,1.940480917957394,0
-4.049398432329388e-17,0.09264784360297657,-3.7482949906074104e-17,1.419345686593842e-15,-1.767059171611188,0.0013826760384010985,1.7839221764319961,-1.1080176519184382e-15,1.9504809179573954,1.9504809179573934,1.9504809179573948,1.950480917957394,0
-4.049398432329388e-17,0.09312284360297657,-3.750218454862767e-17,1.4194110566163211e-15,-1.7688133457693698,0.00138071411843817,1.7856783125101408,-1.1118236506137956e-15,1.9604809179573954,1.9604809179573934,1.9604809179573948,1.960480917957394,0
-4.049398432329388e-17,0.09359784360297657,-3.7521419191181235e-17,1.4229520486872666e-15,-1.7705481448299536,0.0013787802578659931,1.787415045431297,-1.1158079744364826e-15,1.9704809179573954,1.9704809179573934,1.9704809179573948,1.970480917957394,0
-4.049398432329388e-17,0.09407284360297657,-3.75406538337348e-17,1.4331890391214035e-15,-1.7722635675800777,0.0013768740994520017,1.789132374339835,-1.1230556945633092e-15,1.9804809179573954,1.9804809179573934,1.9804809179573948,1.9804809179573941,0
-4.049398432329388e-17,0.09454784360297658,-3.7559888476288367e-17,1.4282320222541538e-15,-1.7739596144434904,0.0013749953028659356,1.7908302999998338,-1.1211592539839696e-15,1.9904809179573955,1.9904809179573935,1.9904809179573948,1.9904809179573941,0
-4.049398432329388e-17,0.09502284360297658,-3.757912311884193e-17,1.4359126411368196e-15,-1.7756362875015441,0.0013731435433364887,1.792508824817417,-1.1313793507556936e-15,2.0004809179573955,2.0004809179573932,2.0004809179573946,2.000480917957394,0
-4.049398432329388e-17,0.09549784360297658,-3.75983577613955e-17,1.4469857856559552e-15,-1.7772935905141405,0.001371318510420514,1.7941679528629293,-1.1345422812387249e-15,2.0104809179573953,2.010480917957393,2.0104809179573944,2.010480917957394,0
-4.049398432329388e-17,0.09597284360297659,-3.7617592403949064e-17,1.4530288648934711e-15,-1.7789315289406038,0.001369519906873989,1.7958076898929392,-1.1399170657523821e-15,2.020480917957395,2.020480917957393,2.020480917957394,2.0204809179573937,0
-4.049398432329388e-17,0.09644784360297659,-3.763682704650263e-17,1.4599614114489396e-15,-1.7805501099605114,0.0013677474476144096,1.7974280433721064,-1.1459776585106201e-15,2.030480917957395,2.0304809179573926,2.030480917957394,2.0304809179573935,0
-4.049398432329388e-17,0.0969228436029766,-3.7656061689056196e-17,1.4693064861544895e-15,-1.7821493424944248,0.0013660008587679775,1.7990290224948662,-1.1473227743894968e-15,2.0404809179573946,2.0404809179573924,2.0404809179573937,2.0404809179573933,0
-4.049398432329388e-17,0.0973978436029766,-3.767529633160976e-17,1.4706333648104355e-15,-1.7837292372245332,0.0013642798767942196,1.8006106382069484,-1.140918233537448e-15,2.0504809179573944,2.050480917957392,2.0504809179573935,2.050480917957393,0
-4.049398432329388e-17,0.0978728436029766,-3.769453097416333e-17,1.474401858938367e-15,-1.7852898066152236,0.001362584247679815,1.8021729032267533,-1.1461078717700092e-15,2.060480917957394,2.060480917957392,2.0604809179573933,2.060480917957393,0
-4.049398432329388e-17,0.0983478436029766,-3.771376561671689e-17,1.4783029653714135e-15,-1.7868310649335113,0.0013609137261970591,1.8037158320665236,-1.153113506086313e-15,2.070480917957394,2.0704809179573918,2.070480917957393,2.0704809179573926,0
-4.049398432329388e-17,0.0988228436029766,-3.773300025927046e-17,1.4814300571130074e-15,-1.7883530282693807,0.0013592680752201637,1.8052394410533699,-1.1566554575009833e-15,2.0804809179573938,2.0804809179573915,2.080480917957393,2.0804809179573924,0
-4.049398432329388e-17,0.09929784360297661,-3.7752234901824025e-17,1.4887233069142272e-15,-1.7898557145559952,0.0013576470650963233,1.8067437483501083,-1.1573334138537938e-15,2.0904809179573935,2.0904809179573913,2.0904809179573927,2.090480917957392,0
-4.049398432329388e-17,0.09977284360297661,-3.777146954437759e-17,1.4967005832135467e-15,-1.791339143589768,0.0013560504730631329,1.8082287739759144,-1.1677946559415658e-15,2.1004809179573933,2.100480917957391,2.1004809179573924,2.100480917957392,0
-4.049398432329388e-17,0.10024784360297662,-3.7790704186931156e-17,1.5001773912943572e-15,-1.792803337050313,0.001354478082712119,1.8096945398268103,-1.1700450451442034e-15,2.110480917957393,2.110480917957391,2.1104809179573922,2.110480917957392,0
-4.049398432329388e-17,0.10072284360297662,-3.780993882948472e-17,1.5037007318875548e-15,-1.7942483185202254,0.001352929683493348,1.8111410696959416,-1.1775605765374418e-15,2.120480917957393,2.1204809179573907,2.120480917957392,2.1204809179573916,0
-4.049398432329388e-17,0.10119784360297662,-3.782917347203829e-17,1.504563308200916e-15,-1.795674113504728,0.0013514050702556947,1.812568389293682,-1.1813388939907808e-15,2.1304809179573927,2.1304809179573905,2.130480917957392,2.1304809179573914,0
-4.049398432329388e-17,0.10167284360297663,-3.7848408114591854e-17,1.5097453495186767e-15,-1.7970807494511454,0.001349904042822476,1.8139765262675325,-1.1827649119580711e-15,2.1404809179573925,2.1404809179573903,2.1404809179573916,2.140480917957391,0
-4.049398432329388e-17,0.10214784360297663,-3.786764275714542e-17,1.5189699569237483e-15,-1.7984682557682166,0.001348426405597045,1.815365510221829,-1.188912150765834e-15,2.1504809179573923,2.15048091795739,2.1504809179573914,2.150480917957391,0
-4.049398432329388e-17,0.10262284360297663,-3.7886877399698985e-17,1.5261931419195426e-15,-1.799836663845229,0.001346971967198591,1.8167353727372397,-1.1935427983491714e-15,2.160480917957392,2.16048091795739,2.160480917957391,2.1604809179573907,0
-4.049398432329388e-17,0.10309784360297664,-3.790611204225255e-17,1.5321568166636536e-15,-1.8011860070709769,0.0013455405401220479,1.8180861473900642,-1.196664813477707e-15,2.170480917957392,2.1704809179573896,2.170480917957391,2.1704809179573905,0
-4.049398432329388e-17,0.10357284360297664,-3.7925346684806117e-17,1.5399919234031e-15,-1.8025163208525283,0.0013441319404232713,1.8194178697713144,-1.2017894044401013e-15,2.1804809179573916,2.1804809179573894,2.1804809179573907,2.1804809179573903,0
-4.049398432329388e-17,0.10404784360297664,-3.794458132735968e-17,1.5452543696447355e-15,-1.8038276426338007,0.0013427459874261669,1.8207305775055838,-1.2102141418815126e-15,2.1904809179573914,2.190480917957389,2.1904809179573905,2.19048091795739,0
-4.049398432329388e-17,0.10452284360297665,-3.796381596991325e-17,1.5497458378928268e-15,-1.8051200119139477,0.0013413825034490024,1.822024310269708,-1.2107555611683314e-15,2.200480917957391,2.200480917957389,2.2004809179573903,2.20048091795739,0
-4.049398432329388e-17,0.10499784360297665,-3.7983050612466814e-17,1.5589347373559175e-15,-1.8063934702655162,0.0013400413135501656,1.8232991098111755,-1.2165057036546071e-15,2.210480917957391,2.2104809179573888,2.21048091795739,2.2104809179573897,0
-4.049398432329388e-17,0.10547284360297665,-3.800228525502038e-17,1.5629438053872725e-15,-1.807648061352438,0.0013387222452902036,1.8245550199663572,-1.2192487050015675e-15,2.2204809179573908,2.2204809179573886,2.22048091795739,2.2204809179573894,0
-4.049398432329388e-17,0.10594784360297665,-3.8021519897573946e-17,1.5702261780658146e-15,-1.8088838309477624,0.0013374251285097282,1.825792086678462,-1.2240307591255045e-15,2.2304809179573906,2.2304809179573883,2.2304809179573897,2.2304809179573892,0
-4.049398432329388e-17,0.10642284360297666,-3.804075454012751e-17,1.578833571471935e-15,-1.8101008269511982,0.0013361497951218902,1.8270103580152859,-1.2342806769940334e-15,2.2404809179573903,2.240480917957388,2.2404809179573895,2.240480917957389,0
-4.049398432329388e-17,0.10689784360297666,-3.805998918268108e-17,1.5819347726473397e-15,-1.8112990994064269,0.0013348960789171293,1.8282098841867191,-1.236695349043371e-15,2.25048091795739,2.250480917957388,2.2504809179573892,2.250480917957389,0
-4.277080888551344e-17,0.1073702763645237,-3.973252818056137e-17,1.5894921093061045e-15,-1.8124787005181784,0.0013336638153811746,1.8293907175620066,-1.2434181557607965e-15,2.2604268708320645,2.2604268708320623,2.2604268708320636,2.260426870832063,0
-4.266238866826489e-17,0.10783552736607331,-3.986084755948099e-17,1.5888511750107472e-15,-1.8136396846690972,0.001332452841523522,1.830552912686783,-1.2429124860705506e-15,2.270221628759425,2.2702216287594226,2.270221628759424,2.2702216287594235,0
-4.3963431275247495e-17,0.10829360561279532,-4.183195418215703e-17,1.5932149372953496e-15,-1.8147821084363491,0.0013312629957157112,1.8316965262998426,-1.2504799613838138e-15,2.2798653813219936,2.279865381321991,2.2798653813219927,2.2798653813219922,0
-4.3855011057998945e-17,0.10874452131557462,-4.074047075686945e-17,1.5934612374553012e-15,-1.8159060306080037,0.001330094117540539,1.8328216173496723,-1.2453024052742537e-15,2.2893583434857683,2.2893583434857656,2.2893583434857674,2.289358343485767,0
-4.5427104208102926e-17,0.10918828589525027,-4.2006764555776605e-17,1.5994687750116587e-15,-1.8170115121991661,0.001328946047647936,1.8339282470107274,-1.2486878907234623e-15,2.2987007556894663,2.2987007556894636,2.2987007556894654,2.298700755689465,0
-4.596920529434568e-17,0.10962491198671177,-4.338185193034028e-17,1.6052023960961898e-15,-1.8180986164678772,0.0013278186276208539,1.8350164786994654,-1.2559886692344387e-15,2.307892883930761,2.307892883930758,2.30789288393076,2.3078928839307595,0
-4.537289409947865e-17,0.1100544134428399,-4.3211860390766294e-17,1.6062741614602997e-15,-1.8191674089307461,0.0013267116998475729,1.8360863780901076,-1.2552810882209918e-15,2.3169350198492475,2.316935019849245,2.3169350198492467,2.316935019849246,0
-4.5535524425351477e-17,0.11047680533830152,-4.320392047919541e-17,1.6079197908538985e-15,-1.8202179573783406,0.0013256251074005205,1.8371380131301491,-1.254594613369029e-15,2.3258274808063346,2.325827480806332,2.3258274808063337,2.3258274808063333,0
-4.629446594609133e-17,0.11089210397319811,-4.3900457678132e-17,1.6088922742331108e-15,-1.8212503318903308,0.0013245586939224264,1.8381714540556173,-1.2557066481066055e-15,2.3345706099620522,2.3345706099620496,2.3345706099620513,2.334570609962051,0
-4.835445007381379e-17,0.11130032687655875,-4.4596982497233484e-17,1.6117554793118052e-15,-1.822264604850364,0.0013235123035175629,1.8391867734060552,-1.2586792384340706e-15,2.343164776348592,2.343164776348589,2.343164776348591,2.3431647763485906,0
-4.835445007381379e-17,0.1117014928096828,-4.49416413070637e-17,1.615784739829972e-15,-1.8232608509606816,0.0013224857806489706,1.8401840460392416,-1.261100603802362e-15,2.351610374940677,2.3516103749406745,2.3516103749406763,2.351610374940676,0
-4.9059181485929366e-17,0.11209562176934093,-4.452701832717193e-17,1.6174088056964934e-15,-1.8242391472564994,0.0013214789700396934,1.8411633491456687,-1.2613580496527746e-15,2.3599078267229534,2.3599078267229507,2.3599078267229525,2.359907826722952,0
-4.981812300666922e-17,0.11248273499080778,-4.4681535056520165e-17,1.618510619035289e-15,-1.8251995731200807,0.0013204917165799248,1.84212476226271,-1.2605113365022266e-15,2.3680575787538345,2.368057578753832,2.3680575787538336,2.368057578753833,0
-5.025180387566342e-17,0.11286285495076472,-4.529678311430962e-17,1.6208499416472129e-15,-1.8261422102946023,0.0013195238652379513,1.8430683672885735,-1.2630251145091246e-15,2.376060104226612,2.3760601042266094,2.376060104226611,2.3760601042266107,0
-5.0089173549790595e-17,0.11323600537003213,-4.528842954168263e-17,1.621949762807077e-15,-1.827067142897703,0.0013185752609746562,1.8439942484959373,-1.2632056675049322e-15,2.383915902526979,2.3839159025269763,2.383915902526978,2.3839159025269776,0
-4.8056294476380274e-17,0.1136022112161655,-4.449362086050042e-17,1.6196725436592744e-15,-1.827974457434808,0.0013176457486624303,1.8449024925453545,-1.2594446536428616e-15,2.3916254992876813,2.3916254992876786,2.3916254992876804,2.39162549928768,0
-4.824602985656524e-17,0.11396149870589212,-4.405010096260206e-17,1.616852143003615e-15,-1.828864242812162,0.001316735173007036,1.845793188498364,-1.2579219561372422e-15,2.399189446439821,2.3991894464398182,2.39918944643982,2.3991894464398196,0
-4.867971072555944e-17,0.11431389530740119,-4.439236335130547e-17,1.617644542238301e-15,-1.829736590349607,0.0013158433784733624,1.8466664278303426,-1.2591931995272988e-15,2.406608322261065,2.4066083222610617,2.406608322261064,2.406608322261063,0
-4.9086286540241504e-17,0.1146594297424892,-4.419234343315417e-17,1.6205034935927323e-15,-1.8305915937931037,0.0013149702092129113,1.8475223044430997,-1.2605084595973275e-15,2.4138827314208124,2.4138827314208093,2.4138827314208116,2.4138827314208107,0
-4.846287029106234e-17,0.11499813198853834,-4.3531342710852123e-17,1.6182015139956458e-15,-1.8314293493269445,0.0013141155089957232,1.8483609146771578,-1.256514315370666e-15,2.4210133050218468,2.4210133050218436,2.421013305021846,2.421013305021845,0
-5.0089173549790595e-17,0.11533003328037816,-4.414373879497502e-17,1.6220767233554484e-15,-1.832249955585776,0.0013132791211431692,1.849182357323842,-1.2595296645492826e-15,2.428000700639527,2.428000700639524,2.4280007006395263,2.4280007006395254,0
-4.938444213767502e-17,0.11565516611196361,-4.3834763778057386e-17,1.6194262539128803e-15,-1.8330535136662696,0.001312460888465077,1.8499867336370135,-1.2601875754485115e-15,2.4348456023571154,2.4348456023571123,2.4348456023571146,2.4348456023571137,0
-4.946575730061143e-17,0.1159735642379399,-4.349812198582862e-17,1.6182985770150737e-15,-1.8338401271386051,0.001311660653196873,1.8507741473446173,-1.2584237992144694e-15,2.4415487207987217,2.4415487207987185,2.4415487207987208,2.44154872079872,0
-4.970970278942067e-17,0.11628526267502948,-4.3134069624698745e-17,1.6183396982044897e-15,-1.834609902057616,0.001310878256941124,1.851544704659884,-1.255878277991317e-15,2.448110793158502,2.448110793158499,2.4481107931585013,2.4481107931585004,0
-4.981812300666922e-17,0.11659029770331193,-4.29866024994222e-17,1.6190649967711375e-15,-1.8353629469737591,0.0013101135406092263,1.852298514292359,-1.2552712876438298e-15,2.4545325832276066,2.4545325832276035,2.4545325832276057,2.454532583227605,0
-4.9845228060981357e-17,0.11688870686732354,-4.31098889011098e-17,1.61882972864156e-15,-1.836099372943734,0.001309366344366326,1.8530356874585767,-1.2545519931874507e-15,2.4608148814173245,2.4608148814173214,2.4608148814173236,2.4608148814173227,0
-4.989943816960563e-17,0.11718052897704553,-4.347680054677992e-17,1.6189898823969818e-15,-1.836819293540916,0.0013086365075764973,1.8537563378925486,-1.2579494630409686e-15,2.466958504779893,2.46695850477989,2.466958504779892,2.466958504779891,0
-5.0224698821351283e-17,0.11746580410873073,-4.311156485520485e-17,1.6172351537456785e-15,-1.8375228248654791,0.0013079238687512935,1.854460581855937,-1.2571173786709213e-15,2.472964297025897,2.472964297025894,2.472964297025896,2.472964297025895,0
-5.036022409291197e-17,0.1177445736056143,-4.29087255347293e-17,1.617786785991094e-15,-1.8382100855543189,0.0013072282654984313,1.8551485381480295,-1.256547022103075e-15,2.478833128539235,2.478833128539232,2.478833128539234,2.4788331285392333,0
-4.9303126974738605e-17,0.11801688007846173,-4.178402666861407e-17,1.6161793688292234e-15,-1.8388811967906582,0.0013065495344727097,1.8558203281153947,-1.2523222336619921e-15,2.4845658963886548,2.4845658963886517,2.484565896388654,2.484565896388653,0
-5.0441539255848384e-17,0.11828276740600681,-4.2637392428961266e-17,1.6209938341164019e-15,-1.8395362823134624,0.0013058875113273485,1.8564760756613443,-1.257311599160318e-15,2.4901635243369724,2.4901635243369693,2.4901635243369715,2.4901635243369706,0
-5.255573349219512e-17,0.11854228073524084,-4.3734684853230745e-17,1.6233475211540395e-15,-1.8401754684265696,0.0013052420306679277,1.8571159072551109,-1.2615076581870003e-15,2.4956269628471626,2.4956269628471595,2.4956269628471617,2.495626962847161,0
-5.277257392669222e-17,0.11879546648158093,-4.3747991215839414e-17,1.623926877507488e-15,-1.8407988840075975,0.001304612926006338,1.8577399519408004,-1.261971079844345e-15,2.5009571890859013,2.500957189085898,2.5009571890859004,2.5009571890858995,0
-5.255573349219512e-17,0.11904237232890882,-4.4221806996226796e-17,1.6241593982467579e-15,-1.8414066605166093,0.0013040000297166474,1.858348341346102,-1.2635047801841147e-15,2.506155206924383,2.50615520692438,2.506155206924382,2.5061552069243813,0
-5.2365998112010155e-17,0.11928304722947608,-4.3489066848575484e-17,1.623028624193195e-15,-1.84199893200452,0.001303403172991406,1.858941209690738,-1.2620030549658228e-15,2.511222046936325,2.511222046936322,2.5112220469363242,2.5112220469363233,0
-5.3856776099177723e-17,0.11951754140370366,-4.4151867673551664e-17,1.6279646636577154e-15,-1.8425758351213162,0.0013028221857993936,1.8595186937947261,-1.2649794106160274e-15,2.516158766393748,2.516158766393745,2.516158766393747,2.516158766393746,0
-5.4154931696611237e-17,0.11974590633984009,-4.5194158736647294e-17,1.6315758941346432e-15,-1.8431375091239917,0.0013022568968442563,1.8600809330863566,-1.2675417749710937e-15,2.520966449259778,2.5209664492597748,2.520966449259777,2.520966449259776,0
-5.426335191385979e-17,0.11996819479352024,-4.55043523501068e-17,1.6331367468947009e-15,-1.8436840958843062,0.0013017071335235193,1.8606280696099917,-1.2698001218586873e-15,2.52564620617936,2.5256462061793568,2.525646206179359,2.525646206179358,0
-5.4751242891478264e-17,0.12018446078719826,-4.586845337388654e-17,1.6341765644910722e-15,-1.8442157398962957,0.0013011727218895422,1.8611602480336151,-1.2710050436057724e-15,2.5301991744673185,2.5301991744673153,2.5301991744673176,2.5301991744673167,0
-5.426335191385979e-17,0.12039475960947253,-4.563602200697543e-17,1.6331685665457534e-15,-1.8447325882835761,0.0013006534866102655,1.861677615656175,-1.269253657425517e-15,2.534626518094145,2.534626518094142,2.5346265180941443,2.5346265180941434,0
-5.4073616533674824e-17,0.12059914781430733,-4.5796190594778186e-17,1.6336152313699585e-15,-1.8452347908064504,0.0013001492509307417,1.8621803224147286,-1.2690189516377865e-15,2.538929427669615,2.5389294276696117,2.538929427669614,2.538929427669613,0
-5.399230137073841e-17,0.12079768322013823,-4.596955644805427e-17,1.6323928923095946e-15,-1.8457224998687818,0.001299659836636313,1.8626685208913545,-1.26951639619723e-15,2.5431091204239493,2.543109120423946,2.5431091204239484,2.5431091204239475,0
-5.47783479457904e-17,0.12099042490888258,-4.633232872145745e-17,1.6349048693265184e-15,-1.846195870524686,0.0012991850640155385,1.8631423663198794,-1.2720256493252958e-15,2.5471668401869882,2.547166840186985,2.5471668401869874,2.5471668401869865,0
-5.454795498413723e-17,0.12117743322485404,-4.604441713062498e-17,1.6344768814526624e-15,-1.8466550604850331,0.0012987247518239829,1.863602016592418,-1.270140112423429e-15,2.5511038573653346,2.5511038573653315,2.5511038573653337,2.551103857365333,0
-5.587610264543198e-17,0.12135876977357797,-4.635246426595527e-17,1.6365685413311655e-15,-1.8471002301237511,0.0012982787172490153,1.8640476322657111,-1.2722860392437896e-15,2.5549214689174176,2.554921468917414,2.5549214689174162,2.554921468917416,0
-5.588965517258804e-17,0.12153449742051237,-4.641649335061729e-17,1.6377280715359529e-15,-1.8475315424839371,0.0012978467758749028,1.8644793765672711,-1.2725479829581303e-15,2.5586209983265626,2.558620998326559,2.5586209983265613,2.558620998326561,0
-5.584899759111984e-17,0.12170468028969236,-4.620916437799494e-17,1.6365774172812263e-15,-1.8479491632838179,0.0012974287416483456,1.8648974154013784,-1.2711674656160424e-15,2.5622037955724575,2.562203795572454,2.562203795572456,2.5622037955724557,0
-5.64317562588308e-17,0.12186938376228117,-4.670625387945728e-17,1.6378142842267247e-15,-1.8483532609225137,0.0012970244268447275,1.865301917354878,-1.2730332988673404e-15,2.5656712371006427,2.565671237100639,2.5656712371006414,2.565671237100641,0
-5.672991185626431e-17,0.1220286744750438,-4.6959188422943434e-17,1.6374462710966656e-15,-1.848744006485645,0.0012966336420351476,1.8656930537028187,-1.273172467798728e-15,2.569024725790382,2.5690247257903787,2.569024725790381,2.5690247257903804,0
-5.71229351437903e-17,0.12218262031875497,-4.7455812734706285e-17,1.6387193375627439e-15,-1.8491215737507984,0.001296256196053314,1.8660709984139539,-1.275450297364375e-15,2.5722656909211437,2.57226569092114,2.5722656909211423,2.572265690921142,0
-5.73397755782874e-17,0.1223312904365217,-4.807416893022439e-17,1.6390405393409158e-15,-1.8494861391928092,0.0012958918959633998,1.8664359281560545,-1.2776058528066667e-15,2.5753955881372854,2.575395588137282,2.575395588137284,2.5753955881372836,0
-5.706872503516603e-17,0.122474755222045,-4.8448313402043536e-17,1.6398381709069062e-15,-1.849837881988911,0.0012955405470280994,1.8667880223010915,-1.279426401097706e-15,2.57841589941146,2.5784158994114565,2.5784158994114588,2.5784158994114583,0
-5.748885337700416e-17,0.1226130863178318,-4.882212601452666e-17,1.640439460078421e-15,-1.8501769840237758,0.0012952019526774662,1.867127462930307,-1.2802596251166829e-15,2.5813281330069717,2.581328133006968,2.5813281330069704,2.58132813300697,0
-5.754306348562844e-17,0.12274635661332788,-4.8938207788252495e-17,1.6400300366648418e-15,-1.8505036298943713,0.0012948759144778635,1.867454434839102,-1.279426532572015e-15,2.584133823438468,2.5841338234384645,2.5841338234384668,2.5841338234384663,0
-5.784121908306195e-17,0.12287464024301528,-4.9189535110109003e-17,1.6414676527538869e-15,-1.8508180069147342,0.001294562232101272,1.8677691255418416,-1.280316357117399e-15,2.5868345314318875,2.586834531431884,2.586834531431886,2.5868345314318857,0
-5.81258221533394e-17,0.12299801258445354,-4.957614187710885e-17,1.6421337513278681e-15,-1.8511203051206058,0.0012942607032953642,1.868071725276519,-1.2811615089963212e-15,2.589431843883219,2.5894318438832156,2.589431843883218,2.5894318438832173,0
-5.81258221533394e-17,0.12311655025628644,-4.933908648793104e-17,1.642392091867967e-15,-1.8514107172739795,0.0012939711238534675,1.8683624270093346,-1.2805029806551266e-15,2.591927373816543,2.5919273738165396,2.591927373816542,2.5919273738165414,0
-5.83833201693047e-17,0.12323033111619441,-4.931859503964637e-17,1.6425149507481281e-15,-1.8516894388675038,0.0012936932875852532,1.8686414264391271,-1.2798639000025164e-15,2.5943227603409214,2.594322760340918,2.59432276034092,2.5943227603409196,0
-5.854595049517753e-17,0.12333943425883724,-4.958246285932007e-17,1.643398084460495e-15,-1.8519566681288486,0.0012934269862877477,1.8689089220017694,-1.2807551976440056e-15,2.596619668607086,2.5966196686070826,2.596619668607085,2.5966196686070844,0
-5.846463533224112e-17,0.1234439400137504,-4.977831662825864e-17,1.6439645936771887e-15,-1.8522126060249355,0.001293172009716625,1.8691651148744273,-1.2813926479322017e-15,2.598819789763153,2.5988197897631493,2.5988197897631515,2.598819789763151,0
-5.873568587536249e-17,0.12354392994323202,-4.99467928288955e-17,1.6448887569920085e-15,-1.8524574562661216,0.0012929281455577044,1.8694102089797724,-1.2824020248898783e-15,2.6009248409101344,2.600924840910131,2.600924840910133,2.6009248409101327,0
-5.89931838913278e-17,0.12363948684020311,-5.0189574654010425e-17,1.6451863364161097e-15,-1.852691425310286,0.0012926951793991086,1.8696444109900954,-1.282713947816296e-15,2.6029365650568943,2.6029365650568907,2.602936565056893,2.6029365650568925,0
-5.927778696160525e-17,0.12373069472606049,-5.0472782104292556e-17,1.646151724379795e-15,-1.8529147223668616,0.0012924728947034713,1.8698679303313668,-1.283797726297897e-15,2.6048567310749444,2.604856731074941,2.604856731074943,2.6048567310749426,0
-5.918291927151276e-17,0.12381763884853716,-5.0450830905150155e-17,1.6456675251735273e-15,-1.8531275594008434,0.0012922610727805785,1.8700809791872715,-1.2837424281787596e-15,2.6066871336534008,2.606687133653397,2.6066871336533994,2.606687133653399,0
-5.946752234179021e-17,0.12390040567953786,-5.0564149505076175e-17,1.6458911871641018e-15,-1.853330151136685,0.001292059492760289,1.8702837725031334,-1.2842222515795553e-15,2.6084295932534154,2.608429593253412,2.608429593253414,2.6084295932534136,0
-5.951495618683645e-17,0.1239790829130054,-5.0677248462463744e-17,1.6462415183841453e-15,-1.8535227150622189,0.0012918679315658832,1.8704765279898616,-1.2848650522109843e-15,2.610085956063258,2.6100859560632546,2.6100859560632568,2.6100859560632563,0
-5.972502035775552e-17,0.12405375946278743,-5.084432315992503e-17,1.6464856724123172e-15,-1.8537054714325134,0.0012916861638875912,1.8706594661278344,-1.2851171841655725e-15,2.611658093953406,2.6116580939534026,2.611658093953405,2.6116580939534044,0
-5.980633552069193e-17,0.12412452546052057,-5.0916312296360625e-17,1.6470116300215943e-15,-1.8538786432737062,0.0012915139621564717,1.8708328101707583,-1.2854010778788543e-15,2.6131479044319983,2.6131479044319947,2.613147904431997,2.6131479044319965,0
-5.990120321078441e-17,0.12419147225354528,-5.108294646459912e-17,1.6475343040386878e-15,-1.8540424563868367,0.0012913510965185723,1.8709967861495267,-1.2862464137438692e-15,2.6145573106009397,2.614557310600936,2.6145573106009383,2.614557310600938,0
-6.002317595518903e-17,0.12425469240284924,-5.11477197998119e-17,1.648342966040831e-15,-1.8541971393516676,0.001291197334809527,1.8711516228760667,-1.2868270760306968e-15,2.615888261112602,2.6158882611125986,2.615888261112601,2.6158882611126004,0
-6.02535689168422e-17,0.12431427968104344,-5.135458432483668e-17,1.6490197730795609e-15,-1.854342923530497,0.0012910524425292968,1.8712975519471762,-1.287571819647108e-15,2.617142730127217,2.6171427301272137,2.617142730127216,2.6171427301272154,0
-6.014514869959365e-17,0.12437032907039842,-5.120210743828614e-17,1.6487665829005216e-15,-1.854480043072021,0.0012909161828173119,1.8714348077484122,-1.2872301126360134e-15,2.6183227172715324,2.618322717271529,2.618322717271531,2.6183227172715307,0
-6.00773860638133e-17,0.12442293676090095,-5.116800208597497e-17,1.6488621311855265e-15,-1.8546087349151434,0.0012907883164279673,1.871563627457924,-1.2872656404891223e-15,2.619430247597901,2.6194302475978977,2.6194302475979,2.6194302475978994,0
-5.990120321078441e-17,0.1244722001484034,-5.102866016638604e-17,1.6485887236319435e-15,-1.8547292387928997,0.0012906686017063061,1.871684251050402,-1.286643000381655e-15,2.6204673715453213,2.6204673715453177,2.62046737154532,2.6204673715453195,0
-6.001978782340001e-17,0.12451821783281034,-5.1180494479767745e-17,1.6488847133715696e-15,-1.854841797236352,0.001290556794564097,1.8717969213009964,-1.2873412343638078e-15,2.6214361649012567,2.621436164901253,2.6214361649012554,2.621436164901255,0
-6.006722166844625e-17,0.12456108961634824,-5.118984389869734e-17,1.6490336394343213e-15,-1.8549466555785605,0.0012904526484562937,1.8719018837893127,-1.287302920574427e-15,2.6223387287652127,2.622338728765209,2.6223387287652113,2.622338728765211,0
-6.016208935853873e-17,0.12460091650190733,-5.1246446297684854e-17,1.6492605821119875e-15,-1.8550440619585942,0.0012903559143577342,1.8719993869034448,-1.2875530493325208e-15,2.623177189513825,2.6231771895138216,2.623177189513824,2.6231771895138234,0
-6.012820804064856e-17,0.12463780069147826,-5.121139587791455e-17,1.649105369259919e-15,-1.8551342673256281,0.0012902663407402006,1.8720896818440964,-1.287433974933836e-15,2.62395369876795,2.6239536987679464,2.6239536987679486,2.623953698767948,0
-6.008755045918036e-17,0.12467184558465973,-5.1179561618444314e-17,1.649055690462967e-15,-1.855217525443062,0.0012901836735497963,1.8721730226287208,-1.287494023094193e-15,2.6246704333612443,2.6246704333612407,2.624670433361243,2.6246704333612425,0
-6.00773860638133e-17,0.12470315577729701,-5.119499549838036e-17,1.649095793073528e-15,-1.8552940928927946,0.0012901076561847725,1.8722496660958183,-1.2876731173407502e-15,2.625329595311503,2.6253295953114995,2.6253295953115017,2.6253295953115012,0
-6.006722166844625e-17,0.12473183706019488,-5.123907024224854e-17,1.6492364601773687e-15,-1.8553642290795076,0.001290038029473608,1.8723198719092427,-1.2877016828141975e-15,2.625933411793563,2.6259334117935595,2.6259334117935618,2.6259334117935613,0
-6.019597067642891e-17,0.12475799641796292,-5.13202626592322e-17,1.6494810557897799e-15,-1.8554281962350934,0.0012899745316534963,1.8723839025626485,-1.2880355054240776e-15,2.6264841351149957,2.626484135114992,2.6264841351149943,2.626484135114994,0
-6.028067397115434e-17,0.12478174202798596,-5.139114875095169e-17,1.6498001757532737e-15,-1.8554862594231947,0.0012899168983492052,1.8724420233840542,-1.288395846665631e-15,2.626984042694428,2.6269840426944246,2.626984042694427,2.6269840426944264,0
-6.026373331220925e-17,0.1248031832595053,-5.1385664979260415e-17,1.6497288973831144e-15,-1.8555386865438157,0.0012898648625523316,1.872494502540472,-1.288241313669062e-15,2.627435437042204,2.6274354370422004,2.6274354370422026,2.627435437042202,0
-6.025865111452573e-17,0.12482243067285276,-5.14003774274014e-17,1.6497677150885232e-15,-1.855585748338095,0.0012898181546009812,1.8725416110427027,-1.2883976498304734e-15,2.627840645744256,2.6278406457442522,2.6278406457442545,2.627840645744254,0
-6.021291133537399e-17,0.12483959601882717,-5.13743067336836e-17,1.6496321869733012e-15,-1.8556277183932028,0.0012897765021597498,1.8725836227502515,-1.288261655985724e-15,2.6282020214489803,2.6282020214489767,2.628202021448979,2.6282020214489785,0
-6.021121726947948e-17,0.12485479223822137,-5.138877426945068e-17,1.6496515637309417e-15,-1.855664873147376,0.001289739630200338,1.872620814376384,-1.288233748962927e-15,2.6285219418572794,2.628521941857276,2.628521941857278,2.6285219418572776,0
-6.027728583936532e-17,0.12486813346150748,-5.144209360347437e-17,1.6497864107610003e-15,-1.8556974918950937,0.0012897072609823407,1.8726534654933198,-1.2884983589581684e-15,2.628802809715934,2.6288028097159306,2.628802809715933,2.6288028097159324,0
-6.033064891504234e-17,0.12487973500869343,-5.147328609935143e-17,1.6498252728747183e-15,-1.85572585679242,0.0012896791140347556,1.8726818585375937,-1.288622055536691e-15,2.6290470528145855,2.629047052814582,2.629047052814584,2.6290470528145837,0
-6.032302561851705e-17,0.12488971338936432,-5.1451865244903815e-17,1.6498037550857184e-15,-1.8557502528625287,0.001289654906137747,1.8727062788155995,-1.2885693657743591e-15,2.629257123986604,2.6292571239866005,2.6292571239866027,2.6292571239866023,0
-6.033827221156763e-17,0.12489818630289475,-5.146931701562886e-17,1.649844670357543e-15,-1.8557709680013705,0.0012896343513050146,1.872727014509274,-1.2885924276433714e-15,2.6294355011135604,2.629435501113557,2.629435501113559,2.6294355011135586,0
-6.036876539766878e-17,0.12490527263887095,-5.149092041657933e-17,1.6499154436078475e-15,-1.8557882929835625,0.001289617160766623,1.8727443566820046,-1.2886863228823908e-15,2.629584687134112,2.6295846871341086,2.629584687134111,2.6295846871341104,0
-6.037638869419407e-17,0.12491109247770307,-5.147941329180288e-17,1.6499096265777316e-15,-1.8558025214684413,0.0012896030429523767,1.8727585992846976,-1.2886503838422e-15,2.6297072100568935,2.62970721005689,2.629707210056892,2.6297072100568917,0
-6.037808276008858e-17,0.12491576709145885,-5.1485201242257146e-17,1.6499116904706757e-15,-1.8558139500063418,0.0012895917034756808,1.8727700391620747,-1.288660537079818e-15,2.629805622978068,2.6298056229780644,2.6298056229780666,2.629805622978066,0
-6.036156561761712e-17,0.12491941894490462,-5.1476527888220555e-17,1.6498939268843084e-15,-1.8558228780450576,0.0012895828451180162,1.8727789760591482,-1.2886200965114271e-15,2.629882504103242,2.6298825041032385,2.6298825041032408,2.6298825041032403,0
-6.035754221111766e-17,0.12492217169679827,-5.1474999982740106e-17,1.6498962299792835e-15,-1.8558296079365773,0.0012895761678139517,1.8727857126279719,-1.2886247766285625e-15,2.6299404567746874,2.629940456774684,2.629940456774686,2.6299404567746856,0
-6.035457759580227e-17,0.12492415020139903,-5.1473425334520554e-17,1.6498928147162885e-15,-1.8558344449439974,0.0012895713686367637,1.872790554434569,-1.2886150167448039e-15,2.6299821095031244,2.629982109503121,2.629982109503123,2.6299821095031226,0
-6.035711869464404e-17,0.12492548051022587,-5.147223507532699e-17,1.6499009889051988e-15,-1.8558376972486776,0.0012895681417846787,1.8727938099661015,-1.2886179612888121e-15,2.630010116004742,2.6300101160047387,2.630010116004741,2.6300101160047404,0
-6.035309528814458e-17,0.12492628987409173,-5.1472178047079503e-17,1.649903651787472e-15,-1.8558396759576923,0.0012895661785677604,1.872795790638333,-1.2886133041877914e-15,2.6300271552440235,2.63002715524402,2.630027155244022,2.6300271552440218,0
-6.035447171668387e-17,0.1249267067453845,-5.1473526695532444e-17,1.6499069361030709e-15,-1.8558406951114885,0.0012895651673954136,1.8727968108033015,-1.2886161953842651e-15,2.6300359314817663,2.6300359314817627,2.630035931481765,2.6300359314817645,0
-6.03548819982677e-17,0.12492686078063284,-5.14738139249343e-17,1.6499084523777361e-15,-1.855841071691837,0.0012895647937646347,1.8727971877572807,-1.288617381891673e-15,2.6300391743290996,2.630039174329096,2.6300391743290983,2.630039174329098,0
-6.035489192443504e-17,0.12492688284335565,-5.147386157864163e-17,1.6499086328802547e-15,-1.8558411256300527,0.0012895647402489116,1.872797241749012,-1.2886175237548305e-15,2.6300396388074745,2.630039638807471,2.630039638807473,2.6300396388074727,0
-6.03479039026202e-17,0.12492916853820554,-5.1469764366771e-17,1.6498787851127834e-15,-1.855869687646926,0.0012905889908695295,1.8728247795152648,-1.2886133489887632e-15,2.630087758699051,2.6300877586990477,2.63008775869905,2.6300877586990494,0
-6.03089403870465e-17,0.12494437970809018,-5.150371661393236e-17,1.649874051585041e-15,-1.8560597472548699,0.0012974030814360442,1.8730080250326422,-1.2886952971147368e-15,2.6304079938545173,2.6304079938545137,2.630407993854516,2.6304079938545155,0
-6.047157071291932e-17,0.12498335802006866,-5.166192141692065e-17,1.6506912127007692e-15,-1.8565464474114473,0.0013148258795986387,1.873477302391057,-1.2895105393662544e-15,2.6312285898961694,2.631228589896166,2.631228589896168,2.6312285898961676,0
-6.064775356594822e-17,0.1250548659122814,-5.1903414836712323e-17,1.651209843996e-15,-1.8574378088372816,0.0013466099620297982,1.87433687973446,-1.290658084334956e-15,2.632734019205911,2.6327340192059077,2.63273401920591,2.6327340192059094,0
-6.053933334869967e-17,0.12516581560441045,-5.211343159363982e-17,1.6516621923803843e-15,-1.8588165298049517,0.0013954185822919014,1.875666792081868,-1.2911057111397135e-15,2.635069802198102,2.6350698021980983,2.6350698021981005,2.6350698021981,0
-6.213853155311579e-17,0.1253214900063172,-5.406086740146855e-17,1.6598546425890617e-15,-1.8607417834004445,0.0014628102932972662,1.8775246539663553,-1.2982911267780921e-15,2.6383471580277176,2.638347158027714,2.6383471580277162,2.638347158027716,0
-5.959065644777485e-17,0.1255257371386996,-5.426329439853369e-17,1.6562985657311194e-15,-1.863251004013269,0.001549249473025533,1.8799474353994514,-1.2973807773589454e-15,2.6426470976568206,2.642647097656817,2.6426470976568193,2.642647097656819,0
-5.956355139346271e-17,0.12578112777035277,-5.514587503191292e-17,1.6593085679064182e-15,-1.8663616586773688,0.0016541535929980326,1.8829531859435789,-1.30017319561511e-15,2.6480237425337294,2.648023742533726,2.648023742533728,2.6480237425337276,0
-5.8831714927035e-17,0.12608907245634196,-5.4595011170488294e-17,1.658014961449571e-15,-1.870073001424866,0.0017759820256497596,1.8865427002584243,-1.2979850251222576e-15,2.6545067885545546,2.654506788554551,2.6545067885545532,2.654506788554553,0
-5.880460987272286e-17,0.12644989920443203,-5.448071395530929e-17,1.6601359887553358e-15,-1.8743678103117751,0.0019123661889760564,1.890701124982007,-1.2975966882813245e-15,2.6621031411459244,2.662103141145921,2.662103141145923,2.6621031411459226,0
-5.934671095896561e-17,0.1268628967822595,-5.550788712630091e-17,1.6591783020337445e-15,-1.879214107546125,0.0020602765890636978,1.8953995118162692,-1.2994473609842877e-15,2.670797826994924,2.6707978269949204,2.6707978269949226,2.670797826994922,0
-6.086459400044532e-17,0.1273263313742255,-5.580644098820008e-17,1.660621099778441e-15,-1.8845668635060013,0.0022162186767958466,1.9005963256884133,-1.3005408809379835e-15,2.680554344720524,2.6805543447205205,2.6805543447205227,2.6805543447205222,0
-6.086459400044532e-17,0.1278013313742255,-5.583535167035029e-17,1.6650134730375688e-15,-1.8903696856724503,0.0023764463967249055,1.9062389201349332,-1.3100723420716396e-15,2.690554344720524,2.6905543447205202,2.6905543447205225,2.690554344720522,0
-6.086459400044532e-17,0.1282763313742255,-5.58642623525005e-17,1.6802338352613275e-15,-1.896556493885555,0.002537180067512045,1.9122649946772508,-1.3097671726348855e-15,2.7005543447205236,2.70055434472052,2.7005543447205222,2.700554344720522,0
-6.086459400044532e-17,0.1287513313742255,-5.58931730346507e-17,1.6804115315209612e-15,-1.903053184071377,0.002694814103003541,1.918604050827581,-1.3110448338237765e-15,2.7105543447205234,2.71055434472052,2.710554344720522,2.7105543447205216,0
-6.086459400044532e-17,0.1292263313742255,-5.592208371680091e-17,1.6814871055080347e-15,-1.9097792837973708,0.0028461003653700075,1.9251788642912084,-1.3141985888339305e-15,2.720554344720523,2.7205543447205196,2.720554344720522,2.7205543447205214,0
-6.086459400044532e-17,0.12970133137422551,-5.595099439895112e-17,1.689182860369164e-15,-1.9166496046711847,0.0029882948009176485,1.9319069907294748,-1.3210044361500389e-15,2.730554344720523,2.7305543447205194,2.7305543447205216,2.730554344720521,0
-6.086459400044532e-17,0.13017633137422552,-5.597990508110133e-17,1.6932262997831469e-15,-1.9235758985163658,0.0031192583606583597,1.9387023210149152,-1.3221877786813591e-15,2.7405543447205227,2.740554344720519,2.7405543447205214,2.740554344720521,0
-6.086459400044532e-17,0.13065133137422552,-5.600881576325154e-17,1.7152630448896313e-15,-1.9304685260973429,0.0032375076772582006,1.9454766992792925,-1.3418944838827732e-15,2.7505543447205225,2.750554344720519,2.750554344720521,2.7505543447205207,0
-6.086459400044532e-17,0.13112633137422552,-5.603772644540174e-17,1.7268763864070248e-15,-1.9372381484790056,0.003342215939380025,1.9521416133988332,-1.349739503313562e-15,2.7605543447205223,2.7605543447205187,2.760554344720521,2.7605543447205205,0
-6.086459400044532e-17,0.13160133137422553,-5.606663712755195e-17,1.7257664721925684e-15,-1.9437974514295013,0.0034331691355006166,1.9586099631532083,-1.3501899093948792e-15,2.770554344720522,2.7705543447205185,2.7705543447205208,2.7705543447205203,0
-6.086459400044532e-17,0.13207633137422553,-5.609554780970216e-17,1.7360892584048991e-15,-1.9500629122341346,0.0035106866394668686,1.9647979064538754,-1.3544814831228893e-15,2.780554344720522,2.7805543447205183,2.7805543447205205,2.78055434472052,0
-6.086459400044532e-17,0.13255133137422553,-5.612445849185237e-17,1.7320370748834558e-15,-1.9559566156997188,0.0035755174890797553,1.9706267790698468,-1.352463637133908e-15,2.7905543447205217,2.790554344720518,2.7905543447205203,2.79055434472052,0
-6.086459400044532e-17,0.13302633137422554,-5.615336917400258e-17,1.7305517196182116e-15,-1.961408122068881,0.0036287244783069703,1.976025078449782,-1.3502923453831715e-15,2.8005543447205214,2.800554344720518,2.80055434472052,2.8005543447205197,0
-6.086459400044532e-17,0.13350133137422554,-5.618227985615278e-17,1.732734886531249e-15,-1.9663563843902252,0.0036715674719042927,1.9809304977775288,-1.3555144961555173e-15,2.8105543447205212,2.8105543447205177,2.81055434472052,2.8105543447205195,0
-6.086459400044532e-17,0.13397633137422554,-5.621119053830299e-17,1.7431182682551765e-15,-1.9707517072090504,0.0037053955372333205,1.985291992531025,-1.3665217611563232e-15,2.820554344720521,2.8205543447205175,2.8205543447205197,2.8205543447205192,0
-6.205721639017937e-17,0.13440298749756036,-5.694189020214314e-17,1.7473461426127079e-15,-1.9745577330311155,0.003731555080094166,1.9890718588102292,-1.3678582023864084e-15,2.829536578895991,2.829536578895987,2.82953657889599,2.829536578895989,0
-6.24366871505493e-17,0.13476457025259767,-5.709985429297614e-17,1.7484447446936106e-15,-1.9777534387082247,0.003751318671240407,1.9922478008961921,-1.3676915789765317e-15,2.837148847423092,2.837148847423088,2.837148847423091,2.83714884742309,0
-6.316852361697702e-17,0.1350589428751711,-5.709112889000531e-17,1.7511515268332267e-15,-1.9803351214828826,0.0037658370400437823,1.9948149653020466,-1.3681867546672398e-15,2.843346165793059,2.843346165793055,2.843346165793058,2.843346165793057,0
-6.438825106102321e-17,0.13528648146048633,-5.827101950192748e-17,1.7564508584572762e-15,-1.982318354525779,0.0037761149846120058,1.9967879204003747,-1.372997482009417e-15,2.848136451799696,2.848136451799692,2.8481364517996948,2.848136451799694,0
-6.640757760727746e-17,0.13545034822588983,-5.798341499892532e-17,1.759872164208462e-15,-1.983739894762098,0.003783010685573154,1.9982025649357327,-1.373268719788729e-15,2.8515862784397696,2.8515862784397656,2.8515862784397688,2.851586278439768,0
-6.655665540599422e-17,0.13555671613146345,-5.825475291341297e-17,1.7603587933762682e-15,-1.9846595316557283,0.003787256900490513,1.9991179556144456,-1.3742468867907036e-15,2.853825602767635,2.853825602767631,2.853825602767634,2.853825602767633,0
-6.668540441397687e-17,0.13561494482671346,-5.835349611070994e-17,1.7609688707111324e-15,-1.985161874132467,0.0037895013883874,1.9996180536032875,-1.37476661336279e-15,2.8550514700360563,2.8550514700360523,2.8550514700360554,2.8550514700360545,0
-6.679890682890895e-17,0.1356377152327588,-5.842955346380412e-17,1.7613516546178847e-15,-1.9853580834446674,0.0037903621979174223,1.999813402105958,-1.3751688362838867e-15,2.855530847005432,2.855530847005428,2.855530847005431,2.85553084700543,0
-6.679721276301444e-17,0.13564113899121796,-5.843444084833634e-17,1.7613565056028733e-15,-1.9853875718577254,0.0037904906426497725,1.9998427620742838,-1.3751953810539929e-15,2.855602926130888,2.855602926130884,2.8556029261308873,2.8556029261308864,0
-6.679721276301444e-17,0.13564113899121796,-5.843444084833634e-17,1.7613565056028733e-15,-1.9853875718577254,0.0037904906426497725,1.9998427620742838,-1.3751953810539929e-15,2.855602926130888,2.855602926130884,2.8556029261308873,2.8556029261308864,0
-6.679721276301444e-17,0.13564113899121796,-5.843444084833634e-17,1.7613565056028733e-15,-1.9853875718577254,0.0037904906426497725,1.9998427620742838,-1.3751953810539929e-15,2.855602926130888,2.855602926130884,2.8556029261308873,2.8556029261308864,1
-6.679721276301444e-17,0.13564113899121796,-5.843444084833634e-17,1.7613565056028733e-15,-1.9853875718577254,0.0037904906426497725,1.9998427620742838,-1.3751953810539929e-15,2.855602926130888,2.855602926130884,2.8556029261308873,2.8556029261308864,1
-6.679721276301444e-17,0.13564113899121796,-5.843444084833634e-17,1.7613565056028733e-15,-1.9853875718577254,0.0037904906426497725,1.9998427620742838,-1.3751953810539929e-15,2.855602926130888,2.855602926130884,2.8556029261308873,2.8556029261308864,1
-6.679721276301444e-17,0.13564113899121796,-5.843444084833634e-17,1.7613565056028733e-15,-1.9853875718577254,0.0037904906426497725,1.9998427620742838,-1.3751953810539929e-15,2.855602926130888,2.855602926130884,2.8556029261308873,2.8556029261308864,1
-6.679721276301444e-17,0.13564113899121796,-5.843444084833634e-17,1.7613565056028733e-15,-1.9853875718577254,0.0037904906426497725,1.9998427620742838,-1.3751953810539929e-15,2.855602926130888,2.855602926130884,2.8556029261308873,2.8556029261308864,1
-6.679721276301444e-17,0.13564113899121796,-5.843444084833634e-17,1.7613565056028733e-15,-1.9853875718577254,0.0037904906426497725,1.9998427620742838,-1.3751953810539929e-15,2.855602926130888,2.855602926130884,2.8556029261308873,2.8556029261308864,1
-6.679721276301444e-17,0.13564113899121796,-5.843444084833634e-17,1.7613565056028733e-15,-1.9853875718577254,0.0037904906426497725,1.9998427620742838,-1.3751953810539929e-15,2.855602926130888,2.855602926130884,2.8556029261308873,2.8556029261308864,1
-6.679721276301444e-17,0.13564113899121796,-5.843444084833634e-17,1.7613565056028733e-15,-1.9853875718577254,0.0037904906426497725,1.9998427620742838,-1.3751953810539929e-15,2.855602926130888,2.855602926130884,2.8556029261308873,2.8556029261308864,1
-6.679721276301444e-17,0.13564113899121796,-5.843444084833634e-17,1.7613565056028733e-15,-1.9853875718577254,0.0037904906426497725,1.9998427620742838,-1.3751953810539929e-15,2.855602926130888,2.855602926130884,2.8556029261308873,2.8556029261308864,1
-6.679721276301444e-17,0.13564113899121796,-5.843444084833634e-17,1.7613565056028733e-15,-1.9853875718577254,0.0037904906426497725,1.9998427620742838,-1.3751953810539929e-15,2.855602926130888,2.855602926130884,2.8556029261308873,2.8556029261308864,1
-6.679721276301444e-17,0.13564113899121796,-5.843444084833634e-17,1.7613565056028733e-15,-1.9853875718577254,0.0037904906426497725,1.9998427620742838,-1.3751953810539929e-15,2.855602926130888,2.855602926130884,2.8556029261308873,2.8556029261308864,1
-6.679721276301444e-17,0.13564113899121796,-5.843444084833634e-17,1.7613565056028733e-15,-1.9853875718577254,0.0037904906426497725,1.9998427620742838,-1.3751953810539929e-15,2.855602926130888,2.855602926130884,2.8556029261308873,2.8556029261308864,1
-6.679721276301444e-17,0.13564113899121796,-5.843444084833634e-17,1.7613565056028733e-15,-1.9853875718577254,0.0037904906426497725,1.9998427620742838,-1.3751953810539929e-15,2.855602926130888,2.855602926130884,2.8556029261308873,2.8556029261308864,1
-6.679721276301444e-17,0.13564113899121796,-5.843444084833634e-17,1.7613565056028733e-15,-1.9853875718577254,0.0037904906426497725,1.9998427620742838,-1.3751953810539929e-15,2.855602926130888,2.855602926130884,2.8556029261308873,2.8556029261308864,1
-6.679721276301444e-17,0.13564113899121796,-5.843444084833634e-17,1.7613565056028733e-15,-1.9853875718577254,0.0037904906426497725,1.9998427620742838,-1.3751953810539929e-15,2.855602926130888,2.855602926130884,2.8556029261308873,2.8556029261308864,1
-6.679721276301444e-17,0.13564113899121796,-5.843444084833634e-17,1.7613565056028733e-15,-1.9853875718577254,0.0037904906426497725,1.9998427620742838,-1.3751953810539929e-15,2.855602926130888,2.855602926130884,2.8556029261308873,2.8556029261308864,1
-6.679721276301444e-17,0.13564113899121796,-5.843444084833634e-17,1.7613565056028733e-15,-1.9853875718577254,0.0037904906426497725,1.9998427620742838,-1.3751953810539929e-15,2.855602926130888,2.855602926130884,2.8556029261308873,2.8556029261308864,1
-6.679721276301444e-17,0.13564113899121796,-5.843444084833634e-17,1.7613565056028733e-15,-1.9853875718577254,0.0037904906426497725,1.9998427620742838,-1.3751953810539929e-15,2.855602926130888,2.855602926130884,2.8556029261308873,2.8556029261308864,1
-6.679721276301444e-17,0.13564113899121796,-5.843444084833634e-17,1.7613565056028733e-15,-1.9853875718577254,0.0037904906426497725,1.9998427620742838,-1.3751953810539929e-15,2.855602926130888,2.855602926130884,2.8556029261308873,2.8556029261308864,1
-6.679721276301444e-17,0.13564113899121796,-5.843444084833634e-17,1.7613565056028733e-15,-1.9853875718577254,0.0037904906426497725,1.9998427620742838,-1.3751953810539929e-15,2.855602926130888,2.855602926130884,2.8556029261308873,2.8556029261308864,1
-6.679721276301444e-17,0.13564113899121796,-5.843444084833634e-17,1.7613565056028733e-15,-1.9853875718577254,0.0037904906426497725,1.9998427620742838,-1.3751953810539929e-15,2.855602926130888,2.855602926130884,2.8556029261308873,2.8556029261308864,1
-6.679721276301444e-17,0.13564113899121796,-5.843444084833634e-17,1.7613565056028733e-15,-1.9853875718577254,0.0037904906426497725,1.9998427620742838,-1.3751953810539929e-15,2.855602926130888,2.855602926130884,2.8556029261308873,2.8556029261308864,1
-6.679721276301444e-17,0.13564113899121796,-5.843444084833634e-17,1.7613565056028733e-15,-1.9853875718577254,0.0037904906426497725,1.9998427620742838,-1.3751953810539929e-15,2.855602926130888,2.855602926130884,2.8556029261308873,2.8556029261308864,1
-6.679721276301444e-17,0.13564113899121796,-5.843444084833634e-17,1.7613565056028733e-15,-1.9853875718577254,0.0037904906426497725,1.9998427620742838,-1.3751953810539929e-15,2.855602926130888,2.855602926130884,2.8556029261308873,2.8556029261308864,1
-6.679721276301444e-17,0.13564113899121796,-5.843444084833634e-17,1.7613565056028733e-15,-1.9853875718577254,0.0037904906426497725,1.9998427620742838,-1.3751953810539929e-15,2.855602926130888,2.855602926130884,2.8556029261308873,2.8556029261308864,1
-6.679721276301444e-17,0.13564113899121796,-5.843444084833634e-17,1.7613565056028733e-15,-1.9853875718577254,0.0037904906426497725,1.9998427620742838,-1.3751953810539929e-15,2.855602926130888,2.855602926130884,2.8556029261308873,2.8556029261308864,1
-6.679721276301444e-17,0.13564113899121796,-5.843444084833634e-17,1.7613565056028733e-15,-1.9853875718577254,0.0037904906426497725,1.9998427620742838,-1.3751953810539929e-15,2.855602926130888,2.855602926130884,2.8556029261308873,2.8556029261308864,1
-6.679721276301444e-17,0.13564113899121796,-5.843444084833634e-17,1.7613565056028733e-15,-1.9853875718577254,0.0037904906426497725,1.9998427620742838,-1.3751953810539929e-15,2.855602926130888,2.855602926130884,2.8556029261308873,2.8556029261308864,1
-6.679721276301444e-17,0.13564113899121796,-5.843444084833634e-17,1.7613565056028733e-15,-1.9853875718577254,0.0037904906426497725,1.9998427620742838,-1.3751953810539929e-15,2.855602926130888,2.855602926130884,2.8556029261308873,2.8556029261308864,1
-6.679721276301444e-17,0.13564113899121796,-5.843444084833634e-17,1.7613565056028733e-15,-1.9853875718577254,0.0037904906426497725,1.9998427620742838,-1.3751953810539929e-15,2.855602926130888,2.855602926130884,2.8556029261308873,2.8556029261308864,1
-6.679721276301444e-17,0.13564113899121796,-5.843444084833634e-17,1.7613565056028733e-15,-1.9853875718577254,0.0037904906426497725,1.9998427620742838,-1.3751953810539929e-15,2.855602926130888,2.855602926130884,2.8556029261308873,2.8556029261308864,1
-6.679721276301444e-17,0.13564113899121796,-5.843444084833634e-17,1.7613565056028733e-15,-1.9853875718577254,0.0037904906426497725,1.9998427620742838,-1.3751953810539929e-15,2.855602926130888,2.855602926130884,2.8556029261308873,2.8556029261308864,1
-6.679721276301444e-17,0.13564113899121796,-5.843444084833634e-17,1.7613565056028733e-15,-1.9853875718577254,0.0037904906426497725,1.9998427620742838,-1.3751953810539929e-15,2.855602926130888,2.855602926130884,2.8556029261308873,2.8556029261308864,1
-6.679721276301444e-17,0.13564113899121796,-5.843444084833634e-17,1.7613565056028733e-15,-1.9853875718577254,0.0037904906426497725,1.9998427620742838,-1.3751953810539929e-15,2.855602926130888,2.855602926130884,2.8556029261308873,2.8556029261308864,1
-6.679721276301444e-17,0.13564113899121796,-5.843444084833634e-17,1.7613565056028733e-15,-1.9853875718577254,0.0037904906426497725,1.9998427620742838,-1.3751953810539929e-15,2.855602926130888,2.855602926130884,2.8556029261308873,2.8556029261308864,1
-6.679721276301444e-17,0.13564113899121796,-5.843444084833634e-17,1.7613565056028733e-15,-1.9853875718577254,0.0037904906426497725,1.9998427620742838,-1.3751953810539929e-15,2.855602926130888,2.855602926130884,2.8556029261308873,2.8556029261308864,1
-6.679721276301444e-17,0.13564113899121796,-5.843444084833634e-17,1.7613565056028733e-15,-1.9853875718577254,0.0037904906426497725,1.9998427620742838,-1.3751953810539929e-15,2.855602926130888,2.855602926130884,2.8556029261308873,2.8556029261308864,1
-6.679721276301444e-17,0.13564113899121796,-5.843444084833634e-17,1.7613565056028733e-15,-1.9853875718577254,0.0037904906426497725,1.9998427620742838,-1.3751953810539929e-15,2.855602926130888,2.855602926130884,2.8556029261308873,2.8556029261308864,1
-6.679721276301444e-17,0.13564113899121796,-5.843444084833634e-17,1.7613565056028733e-15,-1.9853875718577254,0.0037904906426497725,1.9998427620742838,-1.3751953810539929e-15,2.855602926130888,2.855602926130884,2.8556029261308873,2.8556029261308864,1
-6.679721276301444e-17,0.13564113899121796,-5.843444084833634e-17,1.7613565056028733e-15,-1.9853875718577254,0.0037904906426497725,1.9998427620742838,-1.3751953810539929e-15,2.855602926130888,2.855602926130884,2.8556029261308873,2.8556029261308864,1
-6.679721276301444e-17,0.13564113899121796,-5.843444084833634e-17,1.7613565056028733e-15,-1.9853875718577254,0.0037904906426497725,1.9998427620742838,-1.3751953810539929e-15,2.855602926130888,2.855602926130884,2.8556029261308873,2.8556029261308864,1
-6.679721276301444e-17,0.13564113899121796,-5.843444084833634e-17,1.7613565056028733e-15,-1.9853875718577254,0.0037904906426497725,1.9998427620742838,-1.3751953810539929e-15,2.855602926130888,2.855602926130884,2.8556029261308873,2.8556029261308864,1
-6.679721276301444e-17,0.13564113899121796,-5.843444084833634e-17,1.7613565056028733e-15,-1.9853875718577254,0.0037904906426497725,1.9998427620742838,-1.3751953810539929e-15,2.855602926130888,2.855602926130884,2.8556029261308873,2.8556029261308864,1
-6.679721276301444e-17,0.13564113899121796,-5.843444084833634e-17,1.7613565056028733e-15,-1.9853875718577254,0.0037904906426497725,1.9998427620742838,-1.3751953810539929e-15,2.855602926130888,2.855602926130884,2.8556029261308873,2.8556029261308864,1
-6.679721276301444e-17,0.13564113899121796,-5.843444084833634e-17,1.7613565056028733e-15,-1.9853875718577254,0.0037904906426497725,1.9998427620742838,-1.3751953810539929e-15,2.855602926130888,2.855602926130884,2.8556029261308873,2.8556029261308864,1
-6.679721276301444e-17,0.13564113899121796,-5.843444084833634e-17,1.7613565056028733e-15,-1.9853875718577254,0.0037904906426497725,1.9998427620742838,-1.3751953810539929e-15,2.855602926130888,2.855602926130884,2.8556029261308873,2.8556029261308864,1
-6.679721276301444e-17,0.13564113899121796,-5.843444084833634e-17,1.7613565056028733e-15,-1.9853875718577254,0.0037904906426497725,1.9998427620742838,-1.3751953810539929e-15,2.855602926130888,2.855602926130884,2.8556029261308873,2.8556029261308864,1
-6.679721276301444e-17,0.13564113899121796,-5.843444084833634e-17,1.7613565056028733e-15,-1.9853875718577254,0.0037904906426497725,1.9998427620742838,-1.3751953810539929e-15,2.855602926130888,2.855602926130884,2.8556029261308873,2.8556029261308864,1
-6.679721276301444e-17,0.13564113899121796,-5.843444084833634e-17,1.7613565056028733e-15,-1.9853875718577254,0.0037904906426497725,1.9998427620742838,-1.3751953810539929e-15,2.855602926130888,2.855602926130884,2.8556029261308873,2.8556029261308864,1
-6.679721276301444e-17,0.13564113899121796,-5.843444084833634e-17,1.7613565056028733e-15,-1.9853875718577254,0.0037904906426497725,1.9998427620742838,-1.3751953810539929e-15,2.855602926130888,2.855602926130884,2.8556029261308873,2.8556029261308864,1
-6.679721276301444e-17,0.13564113899121796,-5.843444084833634e-17,1.7613565056028733e-15,-1.9853875718577254,0.0037904906426497725,1.9998427620742838,-1.3751953810539929e-15,2.855602926130888,2.855602926130884,2.8556029261308873,2.8556029261308864,1
-6.679721276301444e-17,0.13564113899121796,-5.843444084833634e-17,1.7613565056028733e-15,-1.9853875718577254,0.0037904906426497725,1.9998427620742838,-1.3751953810539929e-15,2.855602926130888,2.855602926130884,2.8556029261308873,2.8556029261308864,1
-6.679721276301444e-17,0.13564113899121796,-5.843444084833634e-17,1.7613565056028733e-15,-1.9853875718577254,0.0037904906426497725,1.9998427620742838,-1.3751953810539929e-15,2.855602926130888,2.855602926130884,2.8556029261308873,2.8556029261308864,1
-6.679721276301444e-17,0.13564113899121796,-5.843444084833634e-17,1.7613565056028733e-15,-1.9853875718577254,0.0037904906426497725,1.9998427620742838,-1.3751953810539929e-15,2.855602926130888,2.855602926130884,2.8556029261308873,2.8556029261308864,1
-6.679721276301444e-17,0.13564113899121796,-5.843444084833634e-17,1.7613565056028733e-15,-1.9853875718577254,0.0037904906426497725,1.9998427620742838,-1.3751953810539929e-15,2.855602926130888,2.855602926130884,2.8556029261308873,2.8556029261308864,1
-6.679721276301444e-17,0.13564113899121796,-5.843444084833634e-17,1.7613565056028733e-15,-1.9853875718577254,0.0037904906426497725,1.9998427620742838,-1.3751953810539929e-15,2.855602926130888,2.855602926130884,2.8556029261308873,2.8556029261308864,1
-6.679721276301444e-17,0.13564113899121796,-5.843444084833634e-17,1.7613565056028733e-15,-1.9853875718577254,0.0037904906426497725,1.9998427620742838,-1.3751953810539929e-15,2.855602926130888,2.855602926130884,2.8556029261308873,2.8556029261308864,1
-6.679721276301444e-17,0.13564113899121796,-5.843444084833634e-17,1.7613565056028733e-15,-1.9853875718577254,0.0037904906426497725,1.9998427620742838,-1.3751953810539929e-15,2.855602926130888,2.855602926130884,2.8556029261308873,2.8556029261308864,1
-6.679721276301444e-17,0.13564113899121796,-5.843444084833634e-17,1.7613565056028733e-15,-1.9853875718577254,0.0037904906426497725,1.9998427620742838,-1.3751953810539929e-15,2.855602926130888,2.855602926130884,2.8556029261308873,2.8556029261308864,1
-6.679721276301444e-17,0.13564113899121796,-5.843444084833634e-17,1.7613565056028733e-15,-1.9853875718577254,0.0037904906426497725,1.9998427620742838,-1.3751953810539929e-15,2.855602926130888,2.855602926130884,2.8556029261308873,2.8556029261308864,1
-6.679721276301444e-17,0.13564113899121796,-5.843444084833634e-17,1.7613565056028733e-15,-1.9853875718577254,0.0037904906426497725,1.9998427620742838,-1.3751953810539929e-15,2.855602926130888,2.855602926130884,2.8556029261308873,2.8556029261308864,1
-6.679721276301444e-17,0.13564113899121796,-5.843444084833634e-17,1.7613565056028733e-15,-1.9853875718577254,0.0037904906426497725,1.9998427620742838,-1.3751953810539929e-15,2.855602926130888,2.855602926130884,2.8556029261308873,2.8556029261308864,1
-6.679721276301444e-17,0.13564113899121796,-5.843444084833634e-17,1.7613565056028733e-15,-1.9853875718577254,0.0037904906426497725,1.9998427620742838,-1.3751953810539929e-15,2.855602926130888,2.855602926130884,2.8556029261308873,2.8556029261308864,1
-6.679721276301444e-17,0.13564113899121796,-5.843444084833634e-17,1.7613565056028733e-15,-1.9853875718577254,0.0037904906426497725,1.9998427620742838,-1.3751953810539929e-15,2.855602926130888,2.855602926130884,2.8556029261308873,2.8556029261308864,1
-6.679721276301444e-17,0.13564113899121796,-5.843444084833634e-17,1.7613565056028733e-15,-1.9853875718577254,0.0037904906426497725,1.9998427620742838,-1.3751953810539929e-15,2.855602926130888,2.855602926130884,2.8556029261308873,2.8556029261308864,1
-6.679721276301444e-17,0.13564113899121796,-5.843444084833634e-17,1.7613565056028733e-15,-1.9853875718577254,0.0037904906426497725,1.9998427620742838,-1.3751953810539929e-15,2.855602926130888,2.855602926130884,2.8556029261308873,2.8556029261308864,1
-6.679721276301444e-17,0.13564113899121796,-5.843444084833634e-17,1.7613565056028733e-15,-1.9853875718577254,0.0037904906426497725,1.9998427620742838,-1.3751953810539929e-15,2.855602926130888,2.855602926130884,2.8556029261308873,2.8556029261308864,1
-6.679721276301444e-17,0.13564113899121796,-5.843444084833634e-17,1.7613565056028733e-15,-1.9853875718577254,0.0037904906426497725,1.9998427620742838,-1.3751953810539929e-15,2.855602926130888,2.855602926130884,2.8556029261308873,2.8556029261308864,1
-6.679721276301444e-17,0.13564113899121796,-5.843444084833634e-17,1.7613565056028733e-15,-1.9853875718577254,0.0037904906426497725,1.9998427620742838,-1.3751953810539929e-15,2.855602926130888,2.855602926130884,2.8556029261308873,2.8556029261308864,1
-6.679721276301444e-17,0.13564113899121796,-5.843444084833634e-17,1.7613565056028733e-15,-1.9853875718577254,0.0037904906426497725,1.9998427620742838,-1.3751953810539929e-15,2.855602926130888,2.855602926130884,2.8556029261308873,2.8556029261308864,1
-6.679721276301444e-17,0.13564113899121796,-5.843444084833634e-17,1.7613565056028733e-15,-1.9853875718577254,0.0037904906426497725,1.9998427620742838,-1.3751953810539929e-15,2.855602926130888,2.855602926130884,2.8556029261308873,2.8556029261308864,1
-6.679721276301444e-17,0.13564113899121796,-5.843444084833634e-17,1.7613565056028733e-15,-1.9853875718577254,0.0037904906426497725,1.9998427620742838,-1.3751953810539929e-15,2.855602926130888,2.855602926130884,2.8556029261308873,2.8556029261308864,1
-6.679721276301444e-17,0.13564113899121796,-5.843444084833634e-17,1.7613565056028733e-15,-1.9853875718577254,0.0037904906426497725,1.9998427620742838,-1.3751953810539929e-15,2.855602926130888,2.855602926130884,2.8556029261308873,2.8556029261308864,1
-6.679721276301444e-17,0.13564113899121796,-5.843444084833634e-17,1.7613565056028733e-15,-1.9853875718577254,0.0037904906426497725,1.9998427620742838,-1.3751953810539929e-15,2.855602926130888,2.855602926130884,2.8556029261308873,2.8556029261308864,1
-6.679721276301444e-17,0.13564113899121796,-5.843444084833634e-17,1.7613565056028733e-15,-1.9853875718577254,0.0037904906426497725,1.9998427620742838,-1.3751953810539929e-15,2.855602926130888,2.855602926130884,2.8556029261308873,2.8556029261308864,1
-6.679721276301444e-17,0.13564113899121796,-5.843444084833634e-17,1.7613565056028733e-15,-1.9853875718577254,0.0037904906426497725,1.9998427620742838,-1.3751953810539929e-15,2.855602926130888,2.855602926130884,2.8556029261308873,2.8556029261308864,1
-6.679721276301444e-17,0.13564113899121796,-5.843444084833634e-17,1.7613565056028733e-15,-1.9853875718577254,0.0037904906426497725,1.9998427620742838,-1.3751953810539929e-15,2.855602926130888,2.855602926130884,2.8556029261308873,2.8556029261308864,1
-6.679721276301444e-17,0.13564113899121796,-5.843444084833634e-17,1.7613565056028733e-15,-1.9853875718577254,0.0037904906426497725,1.9998427620742838,-1.3751953810539929e-15,2.855602926130888,2.855602926130884,2.8556029261308873,2.8556029261308864,1
-6.679721276301444e-17,0.13564113899121796,-5.843444084833634e-17,1.7613565056028733e-15,-1.9853875718577254,0.0037904906426497725,1.9998427620742838,-1.3751953810539929e-15,2.855602926130888,2.855602926130884,2.8556029261308873,2.8556029261308864,1
-6.679721276301444e-17,0.13564113899121796,-5.843444084833634e-17,1.7613565056028733e-15,-1.9853875718577254,0.0037904906426497725,1.9998427620742838,-1.3751953810539929e-15,2.855602926130888,2.855602926130884,2.8556029261308873,2.8556029261308864,1
-6.679721276301444e-17,0.13564113899121796,-5.843444084833634e-17,1.7613565056028733e-15,-1.9853875718577254,0.0037904906426497725,1.9998427620742838,-1.3751953810539929e-15,2.855602926130888,2.855602926130884,2.8556029261308873,2.8556029261308864,1
-6.679721276301444e-17,0.13564113899121796,-5.843444084833634e-17,1.7613565056028733e-15,-1.9853875718577254,0.0037904906426497725,1.9998427620742838,-1.3751953810539929e-15,2.855602926130888,2.855602926130884,2.8556029261308873,2.8556029261308864,1
-6.679721276301444e-17,0.13564113899121796,-5.843444084833634e-17,1.7613565056028733e-15,-1.9853875718577254,0.0037904906426497725,1.9998427620742838,-1.3751953810539929e-15,2.855602926130888,2.855602926130884,2.8556029261308873,2.8556029261308864,1
-6.679721276301444e-17,0.13564113899121796,-5.843444084833634e-17,1.7613565056028733e-15,-1.9853875718577254,0.0037904906426497725,1.9998427620742838,-1.3751953810539929e-15,2.855602926130888,2.855602926130884,2.8556029261308873,2.8556029261308864,1
-6.679721276301444e-17,0.13564113899121796,-5.843444084833634e-17,1.7613565056028733e-15,-1.9853875718577254,0.0037904906426497725,1.9998427620742838,-1.3751953810539929e-15,2.855602926130888,2.855602926130884,2.8556029261308873,2.8556029261308864,1
-6.679721276301444e-17,0.13564113899121796,-5.843444084833634e-17,1.7613565056028733e-15,-1.9853875718577254,0.0037904906426497725,1.9998427620742838,-1.3751953810539929e-15,2.855602926130888,2.855602926130884,2.8556029261308873,2.8556029261308864,1
-6.679721276301444e-17,0.13564113899121796,-5.843444084833634e-17,1.7613565056028733e-15,-1.9853875718577254,0.0037904906426497725,1.9998427620742838,-1.3751953810539929e-15,2.855602926130888,2.855602926130884,2.8556029261308873,2.8556029261308864,1
-6.679721276301444e-17,0.13564113899121796,-5.843444084833634e-17,1.7613565056028733e-15,-1.9853875718577254,0.0037904906426497725,1.9998427620742838,-1.3751953810539929e-15,2.855602926130888,2.855602926130884,2.8556029261308873,2.8556029261308864,1
-6.679721276301444e-17,0.13564113899121796,-5.843444084833634e-17,1.7613565056028733e-15,-1.9853875718577254,0.0037904906426497725,1.9998427620742838,-1.3751953810539929e-15,2.855602926130888,2.855602926130884,2.8556029261308873,2.8556029261308864,1
-6.679721276301444e-17,0.13564113899121796,-5.843444084833634e-17,1.7613565056028733e-15,-1.9853875718577254,0.0037904906426497725,1.9998427620742838,-1.3751953810539929e-15,2.855602926130888,2.855602926130884,2.8556029261308873,2.8556029261308864,1
-6.679721276301444e-17,0.13564113899121796,-5.843444084833634e-17,1.7613565056028733e-15,-1.9853875718577254,0.0037904906426497725,1.9998427620742838,-1.3751953810539929e-15,2.855602926130888,2.855602926130884,2.8556029261308873,2.8556029261308864,1
-6.679721276301444e-17,0.13564113899121796,-5.843444084833634e-17,1.7613565056028733e-15,-1.9853875718577254,0.0037904906426497725,1.9998427620742838,-1.3751953810539929e-15,2.855602926130888,2.855602926130884,2.8556029261308873,2.8556029261308864,1
-6.679721276301444e-17,0.13564113899121796,-5.843444084833634e-17,1.7613565056028733e-15,-1.9853875718577254,0.0037904906426497725,1.9998427620742838,-1.3751953810539929e-15,2.855602926130888,2.855602926130884,2.8556029261308873,2.8556029261308864,1
-6.679721276301444e-17,0.13564113899121796,-5.843444084833634e-17,1.7613565056028733e-15,-1.9853875718577254,0.0037904906426497725,1.9998427620742838,-1.3751953810539929e-15,2.855602926130888,2.855602926130884,2.8556029261308873,2.8556029261308864,1
-6.679721276301444e-17,0.13564113899121796,-5.843444084833634e-17,1.7613565056028733e-15,-1.9853875718577254,0.0037904906426497725,1.9998427620742838,-1.3751953810539929e-15,2.855602926130888,2.855602926130884,2.8556029261308873,2.8556029261308864,1
-6.679721276301444e-17,0.13564113899121796,-5.843444084833634e-17,1.7613565056028733e-15,-1.9853875718577254,0.0037904906426497725,1.9998427620742838,-1.3751953810539929e-15,2.855602926130888,2.855602926130884,2.8556029261308873,2.8556029261308864,1
-6.679721276301444e-17,0.13564113899121796,-5.843444084833634e-17,1.7613565056028733e-15,-1.9853875718577254,0.0037904906426497725,1.9998427620742838,-1.3751953810539929e-15,2.855602926130888,2.855602926130884,2.8556029261308873,2.8556029261308864,1
-6.679721276301444e-17,0.13564113899121796,-5.843444084833634e-17,1.7613565056028733e-15,-1.9853875718577254,0.0037904906426497725,1.9998427620742838,-1.3751953810539929e-15,2.855602926130888,2.855602926130884,2.8556029261308873,2.8556029261308864,1
-6.679721276301444e-17,0.13564113899121796,-5.843444084833634e-17,1.7613565056028733e-15,-1.9853875718577254,0.0037904906426497725,1.9998427620742838,-1.3751953810539929e-15,2.855602926130888,2.855602926130884,2.8556029261308873,2.8556029261308864,1
-6.679721276301444e-17,0.13564113899121796,-5.843444084833634e-17,1.7613565056028733e-15,-1.9853875718577254,0.0037904906426497725,1.9998427620742838,-1.3751953810539929e-15,2.855602926130888,2.855602926130884,2.8556029261308873,2.8556029261308864,1
-6.679721276301444e-17,0.13564113899121796,-5.843444084833634e-17,1.7613565056028733e-15,-1.9853875718577254,0.0037904906426497725,1.9998427620742838,-1.3751953810539929e-15,2.855602926130888,2.855602926130884,2.8556029261308873,2.8556029261308864,1
-6.679721276301444e-17,0.13564113899121796,-5.843444084833634e-17,1.7613565056028733e-15,-1.9853875718577254,0.0037904906426497725,1.9998427620742838,-1.3751953810539929e-15,2.855602926130888,2.855602926130884,2.8556029261308873,2.8556029261308864,1
-6.679721276301444e-17,0.13564113899121796,-5.843444084833634e-17,1.7613565056028733e-15,-1.9853875718577254,0.0037904906426497725,1.9998427620742838,-1.3751953810539929e-15,2.855602926130888,2.855602926130884,2.8556029261308873,2.8556029261308864,1
-6.679721276301444e-17,0.13564113899121796,-5.843444084833634e-17,1.7613565056028733e-15,-1.9853875718577254,0.0037904906426497725,1.9998427620742838,-1.3751953810539929e-15,2.855602926130888,2.855602926130884,2.8556029261308873,2.8556029261308864,1
-6.679721276301444e-17,0.13564113899121796,-5.843444084833634e-17,1.7613565056028733e-15,-1.9853875718577254,0.0037904906426497725,1.9998427620742838,-1.3751953810539929e-15,2.855602926130888,2.855602926130884,2.8556029261308873,2.8556029261308864,1
-6.679721276301444e-17,0.13564113899121796,-5.843444084833634e-17,1.7613565056028733e-15,-1.9853875718577254,0.0037904906426497725,1.9998427620742838,-1.3751953810539929e-15,2.855602926130888,2.855602926130884,2.8556029261308873,2.8556029261308864,1
-6.679721276301444e-17,0.13564113899121796,-5.843444084833634e-17,1.7613565056028733e-15,-1.9853875718577254,0.0037904906426497725,1.9998427620742838,-1.3751953810539929e-15,2.855602926130888,2.855602926130884,2.8556029261308873,2.8556029261308864,1
-6.679721276301444e-17,0.13564113899121796,-5.843444084833634e-17,1.7613565056028733e-15,-1.9853875718577254,0.0037904906426497725,1.9998427620742838,-1.3751953810539929e-15,2.855602926130888,2.855602926130884,2.8556029261308873,2.8556029261308864,1
-6.679721276301444e-17,0.13564113899121796,-5.843444084833634e-17,1.7613565056028733e-15,-1.9853875718577254,0.0037904906426497725,1.9998427620742838,-1.3751953810539929e-15,2.855602926130888,2.855602926130884,2.8556029261308873,2.8556029261308864,1
-6.679721276301444e-17,0.13564113899121796,-5.843444084833634e-17,1.7613565056028733e-15,-1.9853875718577254,0.0037904906426497725,1.9998427620742838,-1.3751953810539929e-15,2.855602926130888,2.855602926130884,2.8556029261308873,2.8556029261308864,1
-6.679721276301444e-17,0.13564113899121796,-5.843444084833634e-17,1.7613565056028733e-15,-1.9853875718577254,0.0037904906426497725,1.9998427620742838,-1.3751953810539929e-15,2.855602926130888,2.855602926130884,2.8556029261308873,2.8556029261308864,1
-6.679721276301444e-17,0.13564113899121796,-5.843444084833634e-17,1.7613565056028733e-15,-1.9853875718577254,0.0037904906426497725,1.9998427620742838,-1.3751953810539929e-15,2.855602926130888,2.855602926130884,2.8556029261308873,2.8556029261308864,1
-6.679721276301444e-17,0.13564113899121796,-5.843444084833634e-17,1.7613565056028733e-15,-1.9853875718577254,0.0037904906426497725,1.9998427620742838,-1.3751953810539929e-15,2.855602926130888,2.855602926130884,2.8556029261308873,2.8556029261308864,1
-6.679721276301444e-17,0.13564113899121796,-5.843444084833634e-17,1.7613565056028733e-15,-1.9853875718577254,0.0037904906426497725,1.9998427620742838,-1.3751953810539929e-15,2.855602926130888,2.855602926130884,2.8556029261308873,2.8556029261308864,1
-6.679721276301444e-17,0.13564113899121796,-5.843444084833634e-17,1.7613565056028733e-15,-1.9853875718577254,0.0037904906426497725,1.9998427620742838,-1.3751953810539929e-15,2.855602926130888,2.855602926130884,2.8556029261308873,2.8556029261308864,1
-6.679721276301444e-17,0.13564113899121796,-5.843444084833634e-17,1.7613565056028733e-15,-1.9853875718577254,0.0037904906426497725,1.9998427620742838,-1.3751953810539929e-15,2.855602926130888,2.855602926130884,2.8556029261308873,2.8556029261308864,1
-6.679721276301444e-17,0.13564113899121796,-5.843444084833634e-17,1.7613565056028733e-15,-1.9853875718577254,0.0037904906426497725,1.9998427620742838,-1.3751953810539929e-15,2.855602926130888,2.855602926130884,2.8556029261308873,2.8556029261308864,1
-6.679721276301444e-17,0.13564113899121796,-5.843444084833634e-17,1.7613565056028733e-15,-1.9853875718577254,0.0037904906426497725,1.9998427620742838,-1.3751953810539929e-15,2.855602926130888,2.855602926130884,2.8556029261308873,2.8556029261308864,1
-6.679721276301444e-17,0.13564113899121796,-5.843444084833634e-17,1.7613565056028733e-15,-1.9853875718577254,0.0037904906426497725,1.9998427620742838,-1.3751953810539929e-15,2.855602926130888,2.855602926130884,2.8556029261308873,2.8556029261308864,1
-6.679721276301444e-17,0.13564113899121796,-5.843444084833634e-17,1.7613565056028733e-15,-1.9853875718577254,0.0037904906426497725,1.9998427620742838,-1.3751953810539929e-15,2.855602926130888,2.855602926130884,2.8556029261308873,2.8556029261308864,1
-6.679721276301444e-17,0.13564113899121796,-5.843444084833634e-17,1.7613565056028733e-15,-1.9853875718577254,0.0037904906426497725,1.9998427620742838,-1.3751953810539929e-15,2.855602926130888,2.855602926130884,2.8556029261308873,2.8556029261308864,1
-6.679721276301444e-17,0.13564113899121796,-5.843444084833634e-17,1.7613565056028733e-15,-1.9853875718577254,0.0037904906426497725,1.9998427620742838,-1.3751953810539929e-15,2.855602926130888,2.855602926130884,2.8556029261308873,2.8556029261308864,1
-6.679721276301444e-17,0.13564113899121796,-5.843444084833634e-17,1.7613565056028733e-15,-1.9853875718577254,0.0037904906426497725,1.9998427620742838,-1.3751953810539929e-15,2.855602926130888,2.855602926130884,2.8556029261308873,2.8556029261308864,1
-6.679721276301444e-17,0.13564113899121796,-5.843444084833634e-17,1.7613565056028733e-15,-1.9853875718577254,0.0037904906426497725,1.9998427620742838,-1.3751953810539929e-15,2.855602926130888,2.855602926130884,2.8556029261308873,2.8556029261308864,1
-6.679721276301444e-17,0.13564113899121796,-5.843444084833634e-17,1.7613565056028733e-15,-1.9853875718577254,0.0037904906426497725,1.9998427620742838,-1.3751953810539929e-15,2.855602926130888,2.855602926130884,2.8556029261308873,2.8556029261308864,1
-6.679721276301444e-17,0.13564113899121796,-5.843444084833634e-17,1.7613565056028733e-15,-1.9853875718577254,0.0037904906426497725,1.9998427620742838,-1.3751953810539929e-15,2.855602926130888,2.855602926130884,2.8556029261308873,2.8556029261308864,1
-6.679721276301444e-17,0.13564113899121796,-5.843444084833634e-17,1.7613565056028733e-15,-1.9853875718577254,0.0037904906426497725,1.9998427620742838,-1.3751953810539929e-15,2.855602926130888,2.855602926130884,2.8556029261308873,2.8556029261308864,1
-6.679721276301444e-17,0.13564113899121796,-5.843444084833634e-17,1.7613565056028733e-15,-1.9853875718577254,0.0037904906426497725,1.9998427620742838,-1.3751953810539929e-15,2.855602926130888,2.855602926130884,2.8556029261308873,2.8556029261308864,1
-6.679721276301444e-17,0.13564113899121796,-5.843444084833634e-17,1.7613565056028733e-15,-1.9853875718577254,0.0037904906426497725,1.9998427620742838,-1.3751953810539929e-15,2.855602926130888,2.855602926130884,2.8556029261308873,2.8556029261308864,1
-6.679721276301444e-17,0.13564113899121796,-5.843444084833634e-17,1.7613565056028733e-15,-1.9853875718577254,0.0037904906426497725,1.9998427620742838,-1.3751953810539929e-15,2.855602926130888,2.855602926130884,2.8556029261308873,2.8556029261308864,1
-6.679721276301444e-17,0.13564113899121796,-5.843444084833634e-17,1.7613565056028733e-15,-1.9853875718577254,0.0037904906426497725,1.9998427620742838,-1.3751953810539929e-15,2.855602926130888,2.855602926130884,2.8556029261308873,2.8556029261308864,1
-6.679721276301444e-17,0.13564113899121796,-5.843444084833634e-17,1.7613565056028733e-15,-1.9853875718577254,0.0037904906426497725,1.9998427620742838,-1.3751953810539929e-15,2.855602926130888,2.855602926130884,2.8556029261308873,2.8556029261308864,1
-6.679721276301444e-17,0.13564113899121796,-5.843444084833634e-17,1.7613565056028733e-15,-1.9853875718577254,0.0037904906426497725,1.9998427620742838,-1.3751953810539929e-15,2.855602926130888,2.855602926130884,2.8556029261308873,2.8556029261308864,1
-6.679721276301444e-17,0.13564113899121796,-5.843444084833634e-17,1.7613565056028733e-15,-1.9853875718577254,0.0037904906426497725,1.9998427620742838,-1.3751953810539929e-15,2.855602926130888,2.855602926130884,2.8556029261308873,2.8556029261308864,1
-6.679721276301444e-17,0.13564113899121796,-5.843444084833634e-17,1.7613565056028733e-15,-1.9853875718577254,0.0037904906426497725,1.9998427620742838,-1.3751953810539929e-15,2.855602926130888,2.855602926130884,2.8556029261308873,2.8556029261308864,1
-6.679721276301444e-17,0.13564113899121796,-5.843444084833634e-17,1.7613565056028733e-15,-1.9853875718577254,0.0037904906426497725,1.9998427620742838,-1.3751953810539929e-15,2.855602926130888,2.855602926130884,2.8556029261308873,2.8556029261308864,1
-6.679721276301444e-17,0.13564113899121796,-5.843444084833634e-17,1.7613565056028733e-15,-1.9853875718577254,0.0037904906426497725,1.9998427620742838,-1.3751953810539929e-15,2.855602926130888,2.855602926130884,2.8556029261308873,2.8556029261308864,1
-6.679721276301444e-17,0.13564113899121796,-5.843444084833634e-17,1.7613565056028733e-15,-1.9853875718577254,0.0037904906426497725,1.9998427620742838,-1.3751953810539929e-15,2.855602926130888,2.855602926130884,2.8556029261308873,2.8556029261308864,1
-6.679721276301444e-17,0.13564113899121796,-5.843444084833634e-17,1.7613565056028733e-15,-1.9853875718577254,0.0037904906426497725,1.9998427620742838,-1.3751953810539929e-15,2.855602926130888,2.855602926130884,2.8556029261308873,2.8556029261308864,1
-6.679721276301444e-17,0.13564113899121796,-5.843444084833634e-17,1.7613565056028733e-15,-1.9853875718577254,0.0037904906426497725,1.9998427620742838,-1.3751953810539929e-15,2.855602926130888,2.855602926130884,2.8556029261308873,2.8556029261308864,1
-6.679721276301444e-17,0.13564113899121796,-5.843444084833634e-17,1.7613565056028733e-15,-1.9853875718577254,0.0037904906426497725,1.9998427620742838,-1.3751953810539929e-15,2.855602926130888,2.855602926130884,2.8556029261308873,2.8556029261308864,1
-6.679721276301444e-17,0.13564113899121796,-5.843444084833634e-17,1.7613565056028733e-15,-1.9853875718577254,0.0037904906426497725,1.9998427620742838,-1.3751953810539929e-15,2.855602926130888,2.855602926130884,2.8556029261308873,2.8556029261308864,1
-6.679721276301444e-17,0.13564113899121796,-5.843444084833634e-17,1.7613565056028733e-15,-1.9853875718577254,0.0037904906426497725,1.9998427620742838,-1.3751953810539929e-15,2.855602926130888,2.855602926130884,2.8556029261308873,2.8556029261308864,1
-6.679721276301444e-17,0.13564113899121796,-5.843444084833634e-17,1.7613565056028733e-15,-1.9853875718577254,0.0037904906426497725,1.9998427620742838,-1.3751953810539929e-15,2.855602926130888,2.855602926130884,2.8556029261308873,2.8556029261308864,1
-6.679721276301444e-17,0.13564113899121796,-5.843444084833634e-17,1.7613565056028733e-15,-1.9853875718577254,0.0037904906426497725,1.9998427620742838,-1.3751953810539929e-15,2.855602926130888,2.855602926130884,2.8556029261308873,2.8556029261308864,1
-6.679721276301444e-17,0.13564113899121796,-5.843444084833634e-17,1.7613565056028733e-15,-1.9853875718577254,0.0037904906426497725,1.9998427620742838,-1.3751953810539929e-15,2.855602926130888,2.855602926130884,2.8556029261308873,2.8556029261308864,1
-6.679721276301444e-17,0.13564113899121796,-5.843444084833634e-17,1.7613565056028733e-15,-1.9853875718577254,0.0037904906426497725,1.9998427620742838,-1.3751953810539929e-15,2.855602926130888,2.855602926130884,2.8556029261308873,2.8556029261308864,1
-6.679721276301444e-17,0.13564113899121796,-5.843444084833634e-17,1.7613565056028733e-15,-1.9853875718577254,0.0037904906426497725,1.9998427620742838,-1.3751953810539929e-15,2.855602926130888,2.855602926130884,2.8556029261308873,2.8556029261308864,1
-6.679721276301444e-17,0.13564113899121796,-5.843444084833634e-17,1.7613565056028733e-15,-1.9853875718577254,0.0037904906426497725,1.9998427620742838,-1.3751953810539929e-15,2.855602926130888,2.855602926130884,2.8556029261308873,2.8556029261308864,1
-6.679721276301444e-17,0.13564113899121796,-5.843444084833634e-17,1.7613565056028733e-15,-1.9853875718577254,0.0037904906426497725,1.9998427620742838,-1.3751953810539929e-15,2.855602926130888,2.855602926130884,2.8556029261308873,2.8556029261308864,1
-6.679721276301444e-17,0.13564113899121796,-5.843444084833634e-17,1.7613565056028733e-15,-1.9853875718577254,0.0037904906426497725,1.9998427620742838,-1.3751953810539929e-15,2.855602926130888,2.855602926130884,2.8556029261308873,2.8556029261308864,1
-6.679721276301444e-17,0.13564113899121796,-5.843444084833634e-17,1.7613565056028733e-15,-1.9853875718577254,0.0037904906426497725,1.9998427620742838,-1.3751953810539929e-15,2.855602926130888,2.855602926130884,2.8556029261308873,2.8556029261308864,1
-6.679721276301444e-17,0.13564113899121796,-5.843444084833634e-17,1.7613565056028733e-15,-1.9853875718577254,0.0037904906426497725,1.9998427620742838,-1.3751953810539929e-15,2.855602926130888,2.855602926130884,2.8556029261308873,2.8556029261308864,1
-6.679721276301444e-17,0.13564113899121796,-5.843444084833634e-17,1.7613565056028733e-15,-1.9853875718577254,0.0037904906426497725,1.9998427620742838,-1.3751953810539929e-15,2.855602926130888,2.855602926130884,2.8556029261308873,2.8556029261308864,1
-6.679721276301444e-17,0.13564113899121796,-5.843444084833634e-17,1.7613565056028733e-15,-1.9853875718577254,0.0037904906426497725,1.9998427620742838,-1.3751953810539929e-15,2.855602926130888,2.855602926130884,2.8556029261308873,2.8556029261308864,1
-6.679721276301444e-17,0.13564113899121796,-5.843444084833634e-17,1.7613565056028733e-15,-1.9853875718577254,0.0037904906426497725,1.9998427620742838,-1.3751953810539929e-15,2.855602926130888,2.855602926130884,2.8556029261308873,2.8556029261308864,1
-6.679721276301444e-17,0.13564113899121796,-5.843444084833634e-17,1.7613565056028733e-15,-1.9853875718577254,0.0037904906426497725,1.9998427620742838,-1.3751953810539929e-15,2.855602926130888,2.855602926130884,2.8556029261308873,2.8556029261308864,1
-6.679721276301444e-17,0.13564113899121796,-5.843444084833634e-17,1.7613565056028733e-15,-1.9853875718577254,0.0037904906426497725,1.9998427620742838,-1.3751953810539929e-15,2.855602926130888,2.855602926130884,2.8556029261308873,2.8556029261308864,1
-6.679721276301444e-17,0.13564113899121796,-5.843444084833634e-17,1.7613565056028733e-15,-1.9853875718577254,0.0037904906426497725,1.9998427620742838,-1.3751953810539929e-15,2.855602926130888,2.855602926130884,2.8556029261308873,2.8556029261308864,1
-6.679721276301444e-17,0.13564113899121796,-5.843444084833634e-17,1.7613565056028733e-15,-1.9853875718577254,0.0037904906426497725,1.9998427620742838,-1.3751953810539929e-15,2.855602926130888,2.855602926130884,2.8556029261308873,2.8556029261308864,1
-6.679721276301444e-17,0.13564113899121796,-5.843444084833634e-17,1.7613565056028733e-15,-1.9853875718577254,0.0037904906426497725,1.9998427620742838,-1.3751953810539929e-15,2.855602926130888,2.855602926130884,2.8556029261308873,2.8556029261308864,1
-6.679721276301444e-17,0.13564113899121796,-5.843444084833634e-17,1.7613565056028733e-15,-1.9853875718577254,0.0037904906426497725,1.9998427620742838,-1.3751953810539929e-15,2.855602926130888,2.855602926130884,2.8556029261308873,2.8556029261308864,1
-6.679721276301444e-17,0.13564113899121796,-5.843444084833634e-17,1.7613565056028733e-15,-1.9853875718577254,0.0037904906426497725,1.9998427620742838,-1.3751953810539929e-15,2.855602926130888,2.855602926130884,2.8556029261308873,2.8556029261308864,1
-6.679721276301444e-17,0.13564113899121796,-5.843444084833634e-17,1.7613565056028733e-15,-1.9853875718577254,0.0037904906426497725,1.9998427620742838,-1.3751953810539929e-15,2.855602926130888,2.855602926130884,2.8556029261308873,2.8556029261308864,1
-6.679721276301444e-17,0.13564113899121796,-5.843444084833634e-17,1.7613565056028733e-15,-1.9853875718577254,0.0037904906426497725,1.9998427620742838,-1.3751953810539929e-15,2.855602926130888,2.855602926130884,2.8556029261308873,2.8556029261308864,1
-6.679721276301444e-17,0.13564113899121796,-5.843444084833634e-17,1.7613565056028733e-15,-1.9853875718577254,0.0037904906426497725,1.9998427620742838,-1.3751953810539929e-15,2.855602926130888,2.855602926130884,2.8556029261308873,2.8556029261308864,1
-6.679721276301444e-17,0.13564113899121796,-5.843444084833634e-17,1.7613565056028733e-15,-1.9853875718577254,0.0037904906426497725,1.9998427620742838,-1.3751953810539929e-15,2.855602926130888,2.855602926130884,2.8556029261308873,2.8556029261308864,1
-6.679721276301444e-17,0.13564113899121796,-5.843444084833634e-17,1.7613565056028733e-15,-1.9853875718577254,0.0037904906426497725,1.9998427620742838,-1.3751953810539929e-15,2.855602926130888,2.855602926130884,2.8556029261308873,2.8556029261308864,1
-6.679721276301444e-17,0.13564113899121796,-5.843444084833634e-17,1.7613565056028733e-15,-1.9853875718577254,0.0037904906426497725,1.9998427620742838,-1.3751953810539929e-15,2.855602926130888,2.855602926130884,2.8556029261308873,2.8556029261308864,1
-6.679721276301444e-17,0.13564113899121796,-5.843444084833634e-17,1.7613565056028733e-15,-1.9853875718577254,0.0037904906426497725,1.9998427620742838,-1.3751953810539929e-15,2.855602926130888,2.855602926130884,2.8556029261308873,2.8556029261308864,1
-6.679721276301444e-17,0.13564113899121796,-5.843444084833634e-17,1.7613565056028733e-15,-1.9853875718577254,0.0037904906426497725,1.9998427620742838,-1.3751953810539929e-15,2.855602926130888,2.855602926130884,2.8556029261308873,2.8556029261308864,1
-6.679721276301444e-17,0.13564113899121796,-5.843444084833634e-17,1.7613565056028733e-15,-1.9853875718577254,0.0037904906426497725,1.9998427620742838,-1.3751953810539929e-15,2.855602926130888,2.855602926130884,2.8556029261308873,2.8556029261308864,1
-6.679721276301444e-17,0.13564113899121796,-5.843444084833634e-17,1.7613565056028733e-15,-1.9853875718577254,0.0037904906426497725,1.9998427620742838,-1.3751953810539929e-15,2.855602926130888,2.855602926130884,2.8556029261308873,2.8556029261308864,1
-6.679721276301444e-17,0.13564113899121796,-5.843444084833634e-17,1.7613565056028733e-15,-1.9853875718577254,0.0037904906426497725,1.9998427620742838,-1.3751953810539929e-15,2.855602926130888,2.855602926130884,2.8556029261308873,2.8556029261308864,1
-6.679721276301444e-17,0.13564113899121796,-5.843444084833634e-17,1.7613565056028733e-15,-1.9853875718577254,0.0037904906426497725,1.9998427620742838,-1.3751953810539929e-15,2.855602926130888,2.855602926130884,2.8556029261308873,2.8556029261308864,1
-6.679721276301444e-17,0.13564113899121796,-5.843444084833634e-17,1.7613565056028733e-15,-1.9853875718577254,0.0037904906426497725,1.9998427620742838,-1.3751953810539929e-15,2.855602926130888,2.855602926130884,2.8556029261308873,2.8556029261308864,1
-6.679721276301444e-17,0.13564113899121796,-5.843444084833634e-17,1.7613565056028733e-15,-1.9853875718577254,0.0037904906426497725,1.9998427620742838,-1.3751953810539929e-15,2.855602926130888,2.855602926130884,2.8556029261308873,2.8556029261308864,1
-6.679721276301444e-17,0.13564113899121796,-5.843444084833634e-17,1.7613565056028733e-15,-1.9853875718577254,0.0037904906426497725,1.9998427620742838,-1.3751953810539929e-15,2.855602926130888,2.855602926130884,2.8556029261308873,2.8556029261308864,1
-6.679721276301444e-17,0.13564113899121796,-5.843444084833634e-17,1.7613565056028733e-15,-1.9853875718577254,0.0037904906426497725,1.9998427620742838,-1.3751953810539929e-15,2.855602926130888,2.855602926130884,2.8556029261308873,2.8556029261308864,1
-6.679721276301444e-17,0.13564113899121796,-5.843444084833634e-17,1.7613565056028733e-15,-1.9853875718577254,0.0037904906426497725,1.9998427620742838,-1.3751953810539929e-15,2.855602926130888,2.855602926130884,2.8556029261308873,2.8556029261308864,1
-6.679721276301444e-17,0.13564113899121796,-5.843444084833634e-17,1.7613565056028733e-15,-1.9853875718577254,0.0037904906426497725,1.9998427620742838,-1.3751953810539929e-15,2.855602926130888,2.855602926130884,2.8556029261308873,2.8556029261308864,1
-6.679721276301444e-17,0.13564113899121796,-5.843444084833634e-17,1.7613565056028733e-15,-1.9853875718577254,0.0037904906426497725,1.9998427620742838,-1.3751953810539929e-15,2.855602926130888,2.855602926130884,2.8556029261308873,2.8556029261308864,1
-6.679721276301444e-17,0.13564113899121796,-5.843444084833634e-17,1.7613565056028733e-15,-1.9853875718577254,0.0037904906426497725,1.9998427620742838,-1.3751953810539929e-15,2.855602926130888,2.855602926130884,2.8556029261308873,2.8556029261308864,1
-6.679721276301444e-17,0.13564113899121796,-5.843444084833634e-17,1.7613565056028733e-15,-1.9853875718577254,0.0037904906426497725,1.9998427620742838,-1.3751953810539929e-15,2.855602926130888,2.855602926130884,2.8556029261308873,2.8556029261308864,1
-6.679721276301444e-17,0.13564113899121796,-5.843444084833634e-17,1.7613565056028733e-15,-1.9853875718577254,0.0037904906426497725,1.9998427620742838,-1.3751953810539929e-15,2.855602926130888,2.855602926130884,2.8556029261308873,2.8556029261308864,1
-6.679721276301444e-17,0.13564113899121796,-5.843444084833634e-17,1.7613565056028733e-15,-1.9853875718577254,0.0037904906426497725,1.9998427620742838,-1.3751953810539929e-15,2.855602926130888,2.855602926130884,2.8556029261308873,2.8556029261308864,1
-6.679721276301444e-17,0.13564113899121796,-5.843444084833634e-17,1.7613565056028733e-15,-1.9853875718577254,0.0037904906426497725,1.9998427620742838,-1.3751953810539929e-15,2.855602926130888,2.855602926130884,2.8556029261308873,2.8556029261308864,1
-6.679721276301444e-17,0.13564113899121796,-5.843444084833634e-17,1.7613565056028733e-15,-1.9853875718577254,0.0037904906426497725,1.9998427620742838,-1.3751953810539929e-15,2.855602926130888,2.855602926130884,2.8556029261308873,2.8556029261308864,1
-6.679721276301444e-17,0.13564113899121796,-5.843444084833634e-17,1.7613565056028733e-15,-1.9853875718577254,0.0037904906426497725,1.9998427620742838,-1.3751953810539929e-15,2.855602926130888,2.855602926130884,2.8556029261308873,2.8556029261308864,1
-6.679721276301444e-17,0.13564113899121796,-5.843444084833634e-17,1.7613565056028733e-15,-1.9853875718577254,0.0037904906426497725,1.9998427620742838,-1.3751953810539929e-15,2.855602926130888,2.855602926130884,2.8556029261308873,2.8556029261308864,1
-6.679721276301444e-17,0.13564113899121796,-5.843444084833634e-17,1.7613565056028733e-15,-1.9853875718577254,0.0037904906426497725,1.9998427620742838,-1.3751953810539929e-15,2.855602926130888,2.855602926130884,2.8556029261308873,2.8556029261308864,1
-6.679721276301444e-17,0.13564113899121796,-5.843444084833634e-17,1.7613565056028733e-15,-1.9853875718577254,0.0037904906426497725,1.9998427620742838,-1.3751953810539929e-15,2.855602926130888,2.855602926130884,2.8556029261308873,2.8556029261308864,1
-6.679721276301444e-17,0.13564113899121796,-5.843444084833634e-17,1.7613565056028733e-15,-1.9853875718577254,0.0037904906426497725,1.9998427620742838,-1.3751953810539929e-15,2.855602926130888,2.855602926130884,2.8556029261308873,2.8556029261308864,1
-6.679721276301444e-17,0.13564113899121796,-5.843444084833634e-17,1.7613565056028733e-15,-1.9853875718577254,0.0037904906426497725,1.9998427620742838,-1.3751953810539929e-15,2.855602926130888,2.855602926130884,2.8556029261308873,2.8556029261308864,1
-6.679721276301444e-17,0.13564113899121796,-5.843444084833634e-17,1.7613565056028733e-15,-1.9853875718577254,0.0037904906426497725,1.9998427620742838,-1.3751953810539929e-15,2.855602926130888,2.855602926130884,2.8556029261308873,2.8556029261308864,1
-6.679721276301444e-17,0.13564113899121796,-5.843444084833634e-17,1.7613565056028733e-15,-1.9853875718577254,0.0037904906426497725,1.9998427620742838,-1.3751953810539929e-15,2.855602926130888,2.855602926130884,2.8556029261308873,2.8556029261308864,1
-6.679721276301444e-17,0.13564113899121796,-5.843444084833634e-17,1.7613565056028733e-15,-1.9853875718577254,0.0037904906426497725,1.9998427620742838,-1.3751953810539929e-15,2.855602926130888,2.855602926130884,2.8556029261308873,2.8556029261308864,1
-6.679721276301444e-17,0.13564113899121796,-5.843444084833634e-17,1.7613565056028733e-15,-1.9853875718577254,0.0037904906426497725,1.9998427620742838,-1.3751953810539929e-15,2.855602926130888,2.855602926130884,2.8556029261308873,2.8556029261308864,1
-6.679721276301444e-17,0.13563771495861207,-5.843251806660735e-17,1.7613405825475492e-15,-1.9853580831294892,0.0037903623355818217,1.9998134016531157,-1.3751892655090864e-15,2.8555308412339224,2.8555308412339184,2.8555308412339215,2.8555308412339206,1
-6.685142287163871e-17,0.13561493241587874,-5.84276081244641e-17,1.7613810167855946e-15,-1.9851618598740308,0.003789507632582662,1.9996180331006563,-1.375219952406225e-15,2.855051208755326,2.855051208755322,2.855051208755325,2.855051208755324,1
-6.702760572466761e-17,0.13555662418229955,-5.843726266324026e-17,1.7612635004248658e-15,-1.9846594262116537,0.0037873033887791795,1.9991178036820827,-1.3756171968764038e-15,2.8538236669957637,2.8538236669957597,2.853823666995763,2.853823666995762,1
-6.636353189402024e-17,0.13544998983154374,-5.803031566691707e-17,1.7592567943223605e-15,-1.9837394851591525,0.003783193505081537,1.9982019725132791,-1.3735266321738185e-15,2.8515787332956415,2.8515787332956375,2.8515787332956406,2.8515787332956397,1
-6.658037232851734e-17,0.1352854869558617,-5.79245309849876e-17,1.758451034514432e-15,-1.9823172239165419,0.0037766292819417656,1.9967862754938082,-1.3731991922469138e-15,2.84811551486023,2.848115514860226,2.848115514860229,2.848115514860228,1
-6.576722069915321e-17,0.13505671183009077,-5.781443136184179e-17,1.756718750910235e-15,-1.9803326039492946,0.00376701289572866,1.994811271912774,-1.3729273890386616e-15,2.8432991964229473,2.8432991964229433,2.8432991964229464,2.8432991964229455,1
-6.533353983015901e-17,0.13476024751866741,-5.717151747886383e-17,1.755752917038998e-15,-1.9777486086834268,0.003753653353451683,1.9922406361891831,-1.369710428892262e-15,2.837057842498245,2.837057842498241,2.837057842498244,2.8370578424982433,1
-6.473722863529198e-17,0.13439546716815962,-5.617190313206771e-17,1.7506071961401385e-15,-1.9745494337562066,0.003735740105412563,1.989059374510002,-1.367369312488406e-15,2.8293782561717653,2.8293782561717613,2.8293782561717644,2.8293782561717635,1
-6.38156567886793e-17,0.1339642884011301,-5.497847247822192e-17,1.7495945234307469e-15,-1.970738615941776,0.0037123368162221043,1.9852719599847617,-1.365423705592033e-15,2.820300808444828,2.820300808444824,2.820300808444827,2.8203008084448262,1
-6.38156567886793e-17,0.13348928840113009,-5.49481600412473e-17,1.7473232874032418e-15,-1.9663371065251216,0.0036823961732860137,1.9809003912110434,-1.3649615154754259e-15,2.810300808444828,2.810300808444824,2.8103008084448273,2.8103008084448264,1
-6.38156567886793e-17,0.13301428840113008,-5.491784760427268e-17,1.7390947355261177e-15,-1.961381302403793,0.0036447955621844606,1.9759821877008164,-1.3620937327821723e-15,2.8003008084448284,2.8003008084448244,2.8003008084448275,2.8003008084448267,1
-6.38156567886793e-17,0.13253928840113008,-5.488753516729806e-17,1.736059316295035e-15,-1.9559210530875895,0.003598392537690361,1.9705683414091069,-1.3546904486964924e-15,2.7903008084448286,2.7903008084448246,2.7903008084448278,2.790300808444827,1
-6.38156567886793e-17,0.13206428840113008,-5.485722273032344e-17,1.723673558557033e-15,-1.9500176638523947,0.0035420979691865606,1.964721246742416,-1.3443855173063494e-15,2.780300808444829,2.780300808444825,2.780300808444828,2.780300808444827,1
-6.38156567886793e-17,0.13158928840113007,-5.482691029334882e-17,1.714122321860591e-15,-1.9437419147105541,0.003474963394883075,1.9585126321748787,-1.3405985405587222e-15,2.770300808444829,2.770300808444825,2.770300808444828,2.7703008084448273,1
-6.38156567886793e-17,0.13111428840113007,-5.47965978563742e-17,1.7076000582216355e-15,-1.937172112000393,0.0033962774964628496,1.952021515363138,-1.3412423397108796e-15,2.7603008084448293,2.7603008084448253,2.7603008084448284,2.7603008084448275,1
-6.38156567886793e-17,0.13063928840113007,-5.476628541939958e-17,1.7046440674571742e-15,-1.9303921849026924,0.003305664870909218,1.945332200890991,-1.337592751211952e-15,2.7503008084448295,2.7503008084448255,2.7503008084448286,2.7503008084448277,1
-6.38156567886793e-17,0.13016428840113006,-5.473597298242496e-17,1.6993327892665945e-15,-1.9234898338134907,0.0032031787146927677,1.9385323359580058,-1.33611650812925e-15,2.7403008084448297,2.7403008084448257,2.740300808444829,2.740300808444828,1
-6.38156567886793e-17,0.12968928840113006,-5.470566054545034e-17,1.6986296972282899e-15,-1.9165547320066894,0.0030893779972449424,1.9317110348686524,-1.3317225611946646e-15,2.73030080844483,2.730300808444826,2.730300808444829,2.730300808444828,1
-6.38156567886793e-17,0.12921428840113006,-5.467534810847572e-17,1.6984903071769891e-15,-1.9096767770884122,0.0029653795255229856,1.9249570784220973,-1.3370748382206108e-15,2.72030080844483,2.720300808444826,2.7203008084448292,2.7203008084448284,1
-6.38156567886793e-17,0.12873928840113005,-5.46450356715011e-17,1.6906732721674276e-15,-1.9029443848944458,0.002832876234679458,1.9183571895189744,-1.3351954952780864e-15,2.7103008084448303,2.7103008084448263,2.7103008084448295,2.7103008084448286,1
-6.38156567886793e-17,0.12826428840113005,-5.461472323452648e-17,1.6873004701305552e-15,-1.8964428160108262,0.0026941151569476796,1.9119943817130867,-1.3347040254760533e-15,2.7003008084448306,2.7003008084448266,2.7003008084448297,2.700300808444829,1
-6.38156567886793e-17,0.12778928840113005,-5.458441079755186e-17,1.6829158796976575e-15,-1.8902525240683028,0.0025518316836861525,1.9059463732438249,-1.3302825103619696e-15,2.6903008084448308,2.6903008084448268,2.69030080844483,2.690300808444829,1
-6.38156567886793e-17,0.12731428840113004,-5.455409836057724e-17,1.6841112355982814e-15,-1.8844475152204165,0.0024091405966536845,1.9002840554829712,-1.3306565950821942e-15,2.680300808444831,2.680300808444827,2.68030080844483,2.680300808444829,1
-6.603827124227459e-17,0.1268426924259294,-5.661109233571551e-17,1.6924013738277744e-15,-1.8790937094462334,0.0022693884049010725,1.8950700019005406,-1.336597988514169e-15,2.670372472124818,2.670372472124814,2.670372472124817,2.670372472124816,1
-6.538774993878328e-17,0.1264230657324582,-5.666469607724798e-17,1.6900093074158522e-15,-1.8742472961212229,0.002135975231710723,1.8903570017487206,-1.337489705095811e-15,2.661538225946477,2.661538225946473,2.661538225946476,2.661538225946475,1
-6.530643477584687e-17,0.1260570869643474,-5.655945038613943e-17,1.6882141292678021e-15,-1.8699530782721026,0.0020121573620439648,1.886186601769267,-1.3341977679585527e-15,2.653833409775723,2.653833409775719,2.653833409775722,2.653833409775721,1
-6.517090950428618e-17,0.12574534327248246,-5.697277238605407e-17,1.6912716542236158e-15,-1.8662428017473718,0.0019008432517684094,1.882587639354812,-1.3363373754967266e-15,2.6472703846838295,2.6472703846838255,2.6472703846838286,2.6472703846838277,1
-6.500827917841336e-17,0.1254873268800646,-5.695595722309318e-17,1.6902096408171506e-15,-1.8631334669938253,0.0018043961850010923,1.879574751668033,-1.3352800944846642e-15,2.641838460632927,2.641838460632923,2.641838460632926,2.641838460632925,1
-6.489985896116481e-17,0.12528140939906554,-5.691546582768854e-17,1.6896848661981095e-15,-1.8606256221737651,0.0017244559004046724,1.8771468471325692,-1.3354573603438192e-15,2.637503355769789,2.637503355769785,2.637503355769788,2.637503355769787,1
-6.510314686850584e-17,0.1251247851125788,-5.6973063569366e-17,1.6893887755432767e-15,-1.8587016370649052,0.0016617895587714099,1.8752855283653425,-1.3365335953060711e-15,2.634206002370068,2.634206002370064,2.634206002370067,2.634206002370066,1
-6.556393279181218e-17,0.12501337661999845,-5.762988435655851e-17,1.6922931127001354e-15,-1.8573239577365632,0.001616179569074746,1.873953459026697,-1.3384943283076332e-15,2.6318605604210084,2.6318605604210044,2.6318605604210075,2.6318605604210066,1
-6.508959434134977e-17,0.12494169941293003,-5.725926668375771e-17,1.690374219272515e-15,-1.8564333426443724,0.0015863521166274979,1.8730926713869536,-1.3367623415674173e-15,2.630351566587989,2.630351566587985,2.630351566587988,2.6303515665879873,1
-6.490324709295382e-17,0.12490268626711137,-5.714153085309581e-17,1.6896507860458554e-15,-1.8559470818293275,0.0015699456905405092,1.8726228169979957,-1.3362643920670912e-15,2.6295302372023333,2.6295302372023293,2.6295302372023324,2.6295302372023315,1
-6.488291830221972e-17,0.12488747797217112,-5.709988620390324e-17,1.689521617571925e-15,-1.8557572026729527,0.0015635133000595932,1.8724393702321018,-1.3361078933333954e-15,2.629210062572012,2.629210062572008,2.629210062572011,2.6292100625720103,1
-6.487593028040487e-17,0.1248851940570154,-5.709296175324475e-17,1.6895017928368996e-15,-1.855728668490445,0.001562545149363182,1.8724118042002906,-1.33609091501331e-15,2.629161980147681,2.629161980147677,2.62916198014768,2.6291619801476793,1
-6.487591952705691e-17,0.12488519000194097,-5.709295652708434e-17,1.689501765700215e-15,-1.8557286687521546,0.0015625457114167615,1.8724118038999464,-1.3360909131036908e-15,2.629161894777693,2.629161894777689,2.6291618947776922,2.6291618947776914,1
-6.487583019155075e-17,0.12488516164742033,-5.709298115733834e-17,1.6895017669308633e-15,-1.8557286705821208,0.0015625496414964253,1.8724118017998328,-1.336090966793155e-15,2.6291612978404166,2.6291612978404126,2.6291612978404157,2.629161297840415,1
-6.487613459401617e-17,0.12488508477920432,-5.709323425080013e-17,1.6895019279307886e-15,-1.855728675543114,0.0015625602958459141,1.8724117961064763,-1.3360915773373025e-15,2.6291596795621848,2.6291596795621808,2.629159679562184,2.629159679562183,1
-6.487557872864454e-17,0.12488493527587788,-5.709292014913678e-17,1.6895010943186825e-15,-1.8557286851919659,0.0015625810179549118,1.8724117850332194,-1.336091090665548e-15,2.629156532123733,2.629156532123729,2.6291565321237322,2.6291565321237313,1
-6.487510227261171e-17,0.12488468910874213,-5.709274536022377e-17,1.68950096828402e-15,-1.8557287010796508,0.0015626151387332884,1.8724117668001259,-1.3360905595093215e-15,2.6291513496577172,2.6291513496577132,2.6291513496577164,2.6291513496577155,1
-6.487465228635848e-17,0.12488432234169553,-5.709232451948009e-17,1.6895004075161338e-15,-1.8557287247513996,0.001562665976755772,1.8724117396338522,-1.3360894790735561e-15,2.6291436282462097,2.6291436282462057,2.629143628246209,2.629143628246208,1
9.192217062589858e-07,0.12488381113111521,8.276185634495973e-07,-2.302170121225618e-06,-1.8557287577468453,0.0015627368385759586,1.8724117017674777,-1.3360745171761294e-15,2.6291079918356677,2.6291577400007347,2.629122892903327,2.6291428389330767,1
1.3708191655134316e-06,0.12488313172647399,1.2342123789110286e-06,-3.4331840203519867e-06,-1.8557288016001912,0.001562831019084758,1.8724116514403146,-1.3360705267979928e-15,2.6290814683887356,2.629155656952194,2.629103690088892,2.6291334352520384,1
1.949941855788365e-06,0.124882260468687,1.7556225853003954e-06,-4.883580092804117e-06,-1.8557288578404425,0.0015629518020104233,1.8724115868976403,-1.3360606861847183e-15,2.6290474551106575,2.629152985721968,2.629079064694425,2.6291213761382015,1
2.672255366114502e-06,0.1248811737912751,2.40595329065941e-06,-6.692591209748725e-06,-1.8557289279916285,0.0015631024603934532,1.8724115063904432,-1.3360557222115515e-15,2.6290050319597187,2.6291496540879047,2.6290483506256535,2.629106335421971,1
3.553364470420406e-06,0.12487984821993309,3.1992537027184457e-06,-8.899297421317595e-06,-1.8557290135730782,0.001563286257179392,1.8724114081751069,-1.3360489648244288e-15,2.6289532824822115,2.629145590124481,2.629010884390469,2.6290879882162246,1
4.608813286632817e-06,0.12487826037245256,4.149518237669483e-06,-1.154262623427227e-05,-1.8557291160997211,0.0015635064458649588,1.8724112905130643,-1.3360203021062978e-15,2.6288912938069426,2.6291407222059022,2.6289660050960104,2.629066010916836,1
5.854085443748738e-06,0.1248763869586464,5.270686632630995e-06,-1.4661352897640408e-05,-1.8557292370824188,0.0015637662712086509,1.872411151670418,-1.3360141506466173e-15,2.628818156639605,2.6291349790094976,2.6289130544457464,2.629040081203358,1
7.304604257459968e-06,0.12487420478027925,6.576644062374231e-06,-1.8294100696904795e-05,-1.8557293780283244,0.0015640689700045227,1.8724109899175276,-1.336000852702028e-15,2.6287329652570874,2.629128289519513,2.62885137673663,2.629009878039972,1
8.975732913341856e-06,0.12487169073100102,8.081221259475583e-06,-2.2479341255756366e-05,-1.855729540441273,0.001564417771918829,1.872410803528562,-1.3359643991415617e-15,2.6286348175016867,2.629120583031216,2.6287803188562826,2.628975081676622,1
1.0882774657455467e-05,0.12486882179628468,9.798194637808766e-06,-2.725539484526065e-05,-1.8557297258222,0.0015648159003887724,1.8724105907810193,-1.3359699804369419e-15,2.628522814775252,2.6291117891553304,2.628699230280226,2.628935373650358,1
1.3040972995572153e-05,0.1248655750533677,1.1741286420508055e-05,-3.266043070164687e-05,-1.8557299356695887,0.0015652665735828189,1.8724103499552138,-1.3359290573671463e-15,2.6283960620332123,2.6291018378228204,2.6286074630691414,2.6288904367868935,1
1.5465511898777895e-05,0.12486192767119682,1.392416477044316e-05,-3.8732467350476455e-05,-1.855730171479945,0.0015657730054221095,1.8724100793337308,-1.3358885063441093e-15,2.6282536677785466,2.629090659289961,2.62850437186617,2.62883995520234,1
1.8171516017713235e-05,0.12485785691037764,1.636044392527306e-05,-4.550937293944736e-05,-1.8557304347483023,0.00156633840666229,1.872409777200848,-1.3359022084592634e-15,2.62809474405566,2.6290781841437787,2.628389313894264,2.6287836143051773,1
2.117405090299739e-05,0.12485334012312697,1.906368433493254e-05,-5.302886557738266e-05,-1.855730726968753,0.0015669659860356425,1.8724094418419253,-1.3358901354993686e-15,2.6279184064441896,2.6290643433077574,2.6282616489535653,2.628721100798384,1
2.448812323367464e-05,0.12484835475322899,2.2047392803243448e-05,-6.132851368124113e-05,-1.8557310496350086,0.0015676589514529952,1.8724090715427635,-1.3358256165126203e-15,2.6277237740527135,2.6290490680478786,2.628120739418818,2.628652102681776,1
2.8128681052382142e-05,0.12484287833599537,2.5325022632534385e-05,-7.044573632984936e-05,-1.8557314042409865,0.0015684205112651186,1.8724086645889293,-1.3357675153329763e-15,2.627509969512405,2.6290322899789675,2.627965950236834,2.628576309254541,1
3.211061400771871e-05,0.12483688849822833,2.8909973771743877e-05,-8.041780362483505e-05,-1.855731792281426,0.0015692538755835692,1.8724082192650504,-1.335721177691071e-15,2.6272761189705824,2.6290139410713276,2.627796648923972,2.6284934111179408,1
3.6448753603036935e-05,0.12483036295818724,3.2815592967358093e-05,-9.12818370579835e-05,-1.8557322152525306,0.0015701622576606664,1.8724077338540779,-1.3356826809942359e-15,2.627021352084208,2.6289939536576643,2.627612205563669,2.628403100178206,1
4.115787345266103e-05,0.12482327952555944,3.7055173918126554e-05,-0.0001030748098860195,-1.8557326746526384,0.0015711488753285454,1.8724072066365176,-1.3356538037294906e-15,2.626744802013303,2.6289722604403316,2.62741199280401,2.628305069649627,1
4.625268954465012e-05,0.12481561610143331,4.164195743281327e-05,-0.00011583354751193533,-1.8557331719829193,0.0015722169524974643,1.8724066358896296,-1.3355878035847596e-15,2.6264456054142746,2.6289487944988386,2.627195385855315,2.6281990140578007,1
5.174786050901638e-05,0.12480735067827493,4.658913159005336e-05,-0.00012959472787177302,-1.8557337087481014,0.0015733697207133389,1.872406019886596,-1.3354946263499206e-15,2.626122902433207,2.6289234892976143,2.6269617624877752,2.6280846292430486,1
5.7657987894075355e-05,0.1247984613399085,5.190983190275623e-05,-0.00014439488182953916,-1.8557342864572237,0.001574610420774605,1.872405356895657,-1.3353589840131469e-15,2.6257758366990442,2.628896278694107,2.6267105030291176,2.627961612364036,1
6.399761644826932e-05,0.1247889262614996,5.7617141484721204e-05,-0.00016027039357759248,-1.8557349066244166,0.0015759423044088025,1.8724046451792156,-1.3351156589026981e-15,2.625403555316721,2.628867096947122,2.6264409903623047,2.627829661901541,1
7.07812344077358e-05,0.12477872370954121,6.3724091219752e-05,-0.00017725750104277642,-1.8557355707697112,0.0015773686360092299,1.8724038829929097,-1.3350687793593097e-15,2.6250052088602325,2.6288358787254094,2.6261526099232646,2.6276884776623803,1
7.802327379083222e-05,0.12476783204184379,7.02436599344007e-05,-0.0001953922962995088,-1.855736280419876,0.0015788926944319095,1.872403068584652,-1.335019710965684e-15,2.6245799513656323,2.628802559116556,2.625844749698664,2.6275377607835275,1
8.573811069863477e-05,0.12475622970752709,7.718877457350453e-05,-0.00021471072598884498,-1.8557370371092827,0.0015805177748537084,1.872402200193637,-1.3349225814723173e-15,2.62412694032394,2.628767073636109,2.6255168002236875,2.6273772137363647,1
9.39400656205308e-05,0.12474389524701637,8.457231037777147e-05,-0.00023524859174263378,-1.8557378423807995,0.0015822471906918759,1.8724012760493156,-1.3348914805729883e-15,2.6236453366740378,2.6287293582369604,2.6251681545798875,2.627206540331114,1
0.00010264340374653761,0.1247308072920402,9.240709106492035e-05,-0.00025704155061440163,-1.8557386977867152,0.001584084275586089,1.872400294370337,-1.33476566237739e-15,2.623134304795447,2.628689349318978,2.6247982083930235,2.6270254457214044,1
0.00011186233528515444,0.12471694456563251,0.00010070588901334984,-0.000280125115515768,-1.8557396048896908,0.001586032385443401,1.8723992533634553,-1.334577032585537e-15,2.622593012501083,2.6286469837389084,2.6244063598309695,2.626833636409025,1
0.00012161101578597492,0.12470228588213632,0.00010948142544768757,-0.00030453465565762283,-1.8557405652637424,0.0015880949005475135,1.8723981512224028,-1.3345213541009433e-15,2.62202063102994,2.6286021988204733,2.623992009601629,2.626630820248787,1
0.00013190354646900552,0.12468681014721057,0.00011874637062800438,-0.00033030539699800937,-1.855741580495254,0.0015902752277330153,1.872396986126729,-1.3342466572430733e-15,2.6214163350396973,2.628554932364741,2.62355456095088,2.6264167064535613,1
0.00014275397455855679,0.1246704963578408,0.0001285133440408249,-0.00035747242269457895,-1.8557426521840206,0.001592576802625762,1.8723957562406028,-1.3341337809971278e-15,2.6207793025993094,2.628505122660732,2.623093419660575,2.626191005599469,1
0.00015417629362292313,0.12465332360235043,0.00013879491459306624,-0.00038607067356283633,-1.8557437819443237,0.0015950030919510104,1.8723944597115807,-1.3339327472934852e-15,2.6201087151814844,2.628452708496227,2.6226079940465303,2.6259534296311835,1
0.00016618444391886694,0.12463527106041658,0.00014960360080806454,-0.00041613494853918684,-1.8557449714060377,0.0015975575959102071,1.8723930946693357,-1.3338051049299286e-15,2.619403757655156,2.628397629168824,2.6220976949565786,2.625703691867404,1
0.00017879231274107812,0.12461631800308802,0.00016095187102388483,-0.00044769990514896123,-1.8557462222157706,0.0016002438506281746,1.8723916592243506,-1.3339586144248706e-15,2.6186636182778966,2.6283398244972043,2.6215619357686477,2.625441507006456,1
0.00019201373477782365,0.12459644379280434,0.0001728521435950409,-0.00048080005998062976,-1.8557475360380367,0.0016030654306724479,1.8723901514665724,-1.3338609590790739e-15,2.617887488688215,2.6282792348326214,2.621000132388825,2.625166591132014,1
0.00020586249246950264,0.12457562788342043,0.00018531678709472822,-0.0005154697891629208,-1.8557489145564645,0.0016060259516459778,1.8723885694640268,-1.3335462929576719e-15,2.6170745638979174,2.6282158010706054,2.6204117032495295,2.624878661718996,1
0.00022035231637383644,0.12455384982023023,0.00019835812052094643,-0.0005517433288485753,-1.85575035947504,0.001609129072855877,1.8723869112613922,-1.333191457380013e-15,2.616224042284302,2.628149464662859,2.6197960693076268,2.624577437639537,1
0.00023549688553482645,0.12453108923999526,0.00021198841350398754,-0.0005896547757018688,-1.8557518725193853,0.001612378500059437,1.8723851748785338,-1.3330933862239442e-15,2.615335125582377,2.628080167629382,2.6191526540426273,2.624262639169135,1
0.00025130982785638546,0.12450732587097506,0.0002262198865161382,-0.0006292380873908094,-1.8557534554380752,0.0016157779882899482,1.8723833583089933,-1.3325534044440778e-15,2.6144070188770216,2.6280078525707915,2.6184808834549056,2.6239339879929107,1
0.00026780472048101763,0.12448253953295882,0.0002410647110839736,-0.0006705270830843784,-1.8557551100039915,0.0016193313447647843,1.8723814595184347,-1.3324171565589674e-15,2.613438930595062,2.6279324626808243,2.617780186063914,2.623591207211976,1
0.00028499509017184023,0.1244567101373007,0.0002565350100017519,-0.0007135554439531195,-1.8557568380157172,0.001623042431877708,1.8723794764430475,-1.3319846344663993e-15,2.61243007249736,2.6278539417590374,2.617049992906463,2.623234021349938,1
0.0003028944137003076,0.12442981768695702,0.00027264285754806465,-0.0007583567136754247,-1.8557586412989704,0.0016269151702784626,1.8723774069879,-1.3315492002343351e-15,2.611379659670813,2.627772234223725,2.616289737535009,2.6228621563595325,1
0.0003215161182370954,0.12440184227652534,0.0002894002797035042,-0.0008049642989469846,-1.855760521708081,0.0016309535420420767,1.872375249025247,-1.3313951671266499e-15,2.610286910520335,2.6276872851249866,2.6154988560159698,2.6224753396293554,1
0.0003408735817474623,0.12437276409228584,0.0003068192543705656,-0.0008534114699947147,-1.8557624811275102,0.0016351615939310584,1.8723730003927872,-1.3310358833996905e-15,2.609151046760787,2.627599040157986,2.6146767869280634,2.6220732999907126,1
0.0003609801333908428,0.12434256341224527,0.0003249117115956013,-0.0009037313610949101,-1.8557645214734144,0.0016395434407533624,1.8723706588918692,-1.3309445617357914e-15,2.6079712934088755,2.6275074456764065,2.6138229713606864,2.621655767724598,1
0.00038184905392432185,0.12431122060618248,0.00034368953379255583,-0.0009559569710952877,-1.855766644695256,0.0016441032688194357,1.8723682222856448,-1.3307667092560585e-15,2.6067468787750006,2.6274124487060675,2.6129368529123016,2.621222474568769,1
0.00040349357610942595,0.12427871613569638,0.00036316455596800874,-0.001010121163940339,-1.8557688527774612,0.001648845339501932,1.8723656882971675,-1.3306486751558902e-15,2.6054770344550917,2.627313996958702,2.6120178776888667,2.620773153724929,1
0.0004259268851236652,0.12424503055425576,0.00038334856594884876,-0.0010662566692014382,-1.8557711477411274,0.0016537739929015618,1.8723630546074341,-1.3303718375056747e-15,2.6041609953223763,2.6272120388459284,2.611065494302277,2.62030753986603,1
0.0004491621189748975,0.12421014450725103,0.0004042533046108916,-0.0011243960826097697,-1.8557735316457828,0.0016588936516229562,1.8723603188533682,-1.3302536578583052e-15,2.602797999519138,2.6271065234933615,2.6100791538688375,2.6198253691436646,1
0.0004732123689196382,0.12417403873204819,0.0004258904661094791,-0.0011845718665932023,-1.8557760065911981,0.0016642088246646932,1.8723574786257418,-1.3301956984930919e-15,2.601387288448435,2.626997400754896,2.609058310007765,2.6193263791955688,1
0.0004980906798849536,0.12413669405804477,0.000448271698111779,-0.001246816350816748,-1.8557785747192534,0.0016697241114273537,1.8723545314670345,-1.330052266100376e-15,2.599928106765788,2.6268846212271555,2.6080024188397135,2.618810309153232,1
0.0005238100508934962,0.12409809140672688,0.0004714086020304201,-0.0013111617327261616,-1.8557812382158632,0.0016754442058447593,1.8723514748692267,-1.3291482182704444e-15,2.5984197023708298,2.626768136264067,2.606910938985315,2.618276899649584,1
0.0005503834354921542,0.1240582117917292,0.0004953127332589257,-0.0013776400780951509,-1.8557839993129592,0.0016813739006422347,1.8723483062715254,-1.328627191945138e-15,2.5968613263989377,2.6266478979916204,2.6057833315637593,2.617725892826801,1
0.0005778237421835613,0.12401703631889634,0.0005199956014083038,-0.0014462833215754555,-1.855786860290537,0.0016875180917274813,1.8723450230580179,-1.3285704533549068e-15,2.5952522332128445,2.6265238593227536,2.6046190601914003,2.6171570323442,1
0.0006061438348612563,0.12397454618634553,0.000545468670545538,-0.0015171232672505695,-1.8557898234787646,0.001693881782718942,1.872341622555254,-1.3282199540279403e-15,2.5935916803941943,2.6263959739723854,2.6034175909803676,2.6165700633862143,1
0.0006353565332473121,0.12393072268453194,0.0005717433594329558,-0.0015901915891919339,-1.8557928912601593,0.001700470089617053,1.8723381020297505,-1.3280252037819791e-15,2.591878928735113,2.6262641964725915,2.602178392537229,2.615964732670478,1
0.000665474613333338,0.12388554719631487,0.0005988310417693226,-0.0016655198320185036,-1.8557960660718322,0.0017072882456241718,1.8723344586854163,-1.327475999719481e-15,2.5901132422297257,2.626128482187911,2.6009009359616573,2.615340788455982,1
0.0006965108078245053,0.1238390011970264,0.0006267430464323769,-0.0017431394114593372,-1.855799350407807,0.001714341606119102,1.872330689660896,-1.3274627622314212e-15,2.5882938880656634,2.625988787330806,2.5995846948451358,2.614697980551336,1
0.0007284778065859386,0.12379106625454088,0.0006554906577222558,-0.0018230816149185534,-1.8558027468214109,0.0017216356537924863,1.8723267920268265,-1.326889327032864e-15,2.586420136615545,2.625845068977223,2.5982291452696766,2.6140360603230945,1
0.0007613882570919507,0.12374172402934713,0.000685085115606276,-0.0019053776020431287,-1.8558062579277463,0.001729176003949453,1.872322762783005,-1.3267430545559383e-15,2.5844912614284614,2.6256972850823095,2.596833765806585,2.613354780704189,1
0.0007952547648778899,0.12369095627462084,0.0007155376159648896,-0.0019900584052933113,-1.855809886406242,0.001736968409986718,1.8723185988554634,-1.326751810109986e-15,2.58250653922141,2.625545394496223,2.595398037515222,2.612653896202415,1
0.0008300898939951777,0.12363874483630036,0.0007468593108393739,-0.002077154930516221,-1.855813635003289,0.0017450187690508994,1.872314297093446,-1.3266238512529448e-15,2.580465249870737,2.6253893569801177,2.593921443941819,2.6119331629090397,1
0.0008659061674676396,0.12358507165316156,0.0007790613086795829,-0.002166697957520747,-1.8558175065349656,0.0017533331278860036,1.8723098542662875,-1.3252341943298653e-15,2.578366676403544,2.625229133222167,2.5924034711182844,2.61119233850743,1
0.0009027160677512665,0.12352991875689696,0.000812154674593714,-0.0022587181406558683,-1.8558215038898525,0.0017619176888774115,1.872305267060183,-1.3252147049983511e-15,2.576210104989109,2.625064684853786,2.5908436075610783,2.61043118228182,1
0.0009405320371954064,0.12347326827219467,0.0008461504305983313,-0.002353246009390417,-1.8558256300319451,0.0017707788163013065,1.8723005320748518,-1.3243259204556734e-15,2.573994824930286,2.6248959744659084,2.5892413442700866,2.6096494551261107,1
0.0009793664785072258,0.12341510241681856,0.0008810595558703145,-0.0024503119688960985,-1.8558298880036646,0.0017799230427875466,1.872295645820085,-1.3233752309740984e-15,2.5717201286548637,2.6247229656253954,2.587596174727508,2.6088469195527537,1
0.0010192317552172089,0.12335540350169144,0.0009168929869987866,-0.002549946300631558,-1.8558342809289723,0.001789357076005314,1.872290604712175,-1.322588780805693e-15,2.5693853117069714,2.624545622891557,2.585907594896809,2.6080233397017216,1
0.0010601401921474468,0.12329415393097795,0.0009536616182386029,-0.0026521791629292315,-1.8558388120165938,0.0017990878055809695,1.872285405070221,-1.3217507760434662e-15,2.5669896727384294,2.624363911832757,2.584175103221662,2.6071784813495262,1
0.0011021040758816278,0.12323133620216978,0.0009913763017644702,-0.002757040591583902,-1.8558434845633545,0.0018091223102581113,1.8722800431123046,-1.3221588748257795e-15,2.564532513500115,2.6241777990431348,2.5823982006249335,2.606312111918318,1
0.0011451356552371183,0.12316693290617269,0.0010300478479260758,-0.0028645605004433473,-1.8558483019576335,0.0018194678653097457,1.8722745149515319,-1.3217295601765518e-15,2.562013138833333,2.623987252159437,2.5805763905077037,2.605424000485068,1
0.0011892471417383756,0.12310092672739306,0.0010696870255035697,-0.0029747686820003126,-1.85585326768294,0.0018301319502141465,1.8722688165919341,-1.3217200733109927e-15,2.5594308566611557,2.6237922398778957,2.578709178748283,2.6045139177907695,1
0.0012344507100926906,0.1230333004438284,0.0011103045619643363,-0.0030876948079868196,-1.8558583853216182,0.0018411222566049538,1.8722629439242213,-1.3203393258362738e-15,2.556784977979798,2.623592731971266,2.576796073701301,2.6035816362497646,1
0.0012807584986676119,0.12296403692715677,0.0011519111437205017,-0.003203368429970154,-1.8558636585586843,0.0018524466965080507,1.8722568927213843,-1.319438202638903e-15,2.5540748168499516,2.623388699305911,2.5748365861967746,2.602626929959089,1
0.0013281826099689727,0.12289311914282901,0.0011945174163862364,-0.0033218189799494586,-1.8558690911858053,0.0018641134108771493,1.872250658634136,-1.318668005367749e-15,2.55129969038817,2.6231801138589703,2.5728302295392464,2.601649574707895,1
0.0013767351111222007,0.12282053015016117,0.0012381339850372941,-0.003443075770955607,-1.8558746871054208,0.0018761307784415386,1.8722442371861872,-1.3182719118220333e-15,2.5484589187581905,2.622966948735649,2.570776519506909,2.600649347986932,1
0.0014264280343527977,0.12274625310242958,0.0012827714144691275,-0.003567167997650245,-1.8558804503350177,0.0018885074248788862,1.8722376237693468,-1.3172604966478544e-15,2.545551825162353,2.622749178186548,2.568674974350809,2.5996260289980926,1
0.0014772733774704701,0.122670271246966,0.001328440229457625,-0.003694124736928491,-1.8558863850115637,0.0019012522323284013,1.8722308136384433,-1.31653065493417e-15,2.5425777358329347,2.622526777625117,2.5665251147940356,2.5985793986640173,1
0.0015292831043529874,0.12259256792525419,0.0013751509150189847,-0.0038239749485213513,-1.8558924953961051,0.0019143743492582796,1.8722238019060549,-1.3160954916740023e-15,2.5395359800235457,2.622299723645146,2.564326464030953,2.5975092396377404,1
0.0015824691454316318,0.12251312657302837,0.0014229139166704304,-0.00395674747559974,-1.8558987858785378,0.001927883200703459,1.8722165835370426,-1.3144922783210365e-15,2.536425890000532,2.622067994038355,2.5620785477264776,2.5964153363124116,1
0.0016368433981783126,0.12243193072037174,0.0014717396406918547,-0.004092471045380157,-1.8559052609825593,0.0019417884988902705,1.872209153342877,-1.3134476716098126e-15,2.533246801034355,2.6218315678120496,2.559780894015352,2.595297474831055,1
0.001692417727592629,0.12234896399181804,0.0015216384543868934,-0.0042311742697303135,-1.8559119253708067,0.0019561002542644616,1.8722015059757502,-1.3122883727225023e-15,2.529998051391053,2.621590425206852,2.5574330335015034,2.594155443096404,1
0.0017492039666913738,0.12226421010645205,0.001572620686345683,-0.004372885645777198,-1.8559187838501943,0.001970828786941169,1.8721936359224611,-1.3114724075429731e-15,2.526678982323632,2.6213445477144957,2.5550344992573675,2.5929890307807626,1
0.0018072139169978216,0.12217765287801283,0.001624696626706954,-0.004517633556514934,-1.8559258413774542,0.0019859847385950966,1.8721855374980672,-1.3107038766955714e-15,2.5232889380635335,2.621093918095687,2.552584826823289,2.5917980293359335,1
0.0018664593490319219,0.12208927621499845,0.0016778765274205036,-0.004665446271413535,-1.855933103064893,0.0020015790848107733,1.8721772048392902,-1.309599547037704e-15,2.519827265812129,2.6208385203980398,2.5500835542069633,2.590582232003207,1
0.0019269520028020015,0.12199906412076995,0.001732170602510593,-0.004816351947029169,-1.8559405741863706,0.002017623147913699,1.872168631897665,-1.3084654296716804e-15,2.5162933157321734,2.620578339974049,2.5475302218828593,2.5893414338233645,1
0.0019887035882965695,0.12190700069365898,0.001787589028339069,-0.004970378627614529,-1.855948260183516,0.002034128610303389,1.8721598124324208,-1.309647483408134e-15,2.5126864409393486,2.620313363499165,2.5449243727917357,2.5880754316467787,1
0.002051725785976838,0.12181307012707461,0.001844141943868764,-0.005127554245729926,-1.8559561666721855,0.0020511075283111417,1.8721507400030826,-1.3082644131855042e-15,2.509005997493788,2.620043578989881,2.54226555234015,2.58678402414352,1
0.0021160302472698123,0.12171725670961243,0.0019018394509270789,-0.005287906622854928,-1.8559642994491778,0.0020685723466065406,1.8721414079617795,-1.3088354127297731e-15,2.5052513443916493,2.619768975821905,2.5395533084000235,2.585467011813532,1
0.002181628595062024,0.12161954482516506,0.0019606916144698497,-0.005451463470000673,-1.855972664499216,0.0020865359131769074,1.8721318094452473,-1.308559110159384e-15,2.5014218435567144,2.6194895447483924,2.5367871913082465,2.584124196996861,1
0.002248532424193256,0.12151991895303256,0.0020207084628449325,-0.005618252388322144,-1.855981268002209,0.0021050114949062292,1.8721219373665108,-1.3079092822476338e-15,2.4975168598320083,2.619205277918192,2.5339667538662995,2.582755383883902,1
0.002316753301951376,0.12141836366803567,0.002081899988056542,-0.0057883008697315825,-1.8559901163408055,0.0021240127937801616,1.8721117844062334,-1.3066598422833542e-15,2.4935357609714597,2.6189161688942004,2.531091551339935,2.5813603785257264,1
0.002386302768566453,0.1213148636406292,0.002144276146028732,-0.005961636297511151,-1.8559992161082537,0.00214355396374633,1.8721013430037154,-1.305021531967872e-15,2.4894779176316004,2.6186222126717142,2.528161141458889,2.5799389888444275,1
0.0024571923377057292,0.12120940363701704,0.002207846856869463,-0.006138285946926488,-1.8560085741165793,0.002163649628259374,1.872090605347528,-1.3027774308270508e-15,2.4853427033632958,2.6183234056968563,2.5251750844166314,2.5784910246435224,1
0.0025294334969689666,0.12110196851926892,0.0022726220051348324,-0.006318276985840606,-1.8560181974050987,0.0021843148985423774,1.8720795633657643,-1.3022226305431051e-15,2.481129494603513,2.6180197458850643,2.522132942870168,2.577016297618411,1
0.002603037708382782,0.12099254324543735,0.0023386114400922855,-0.006501636475326794,-1.8560280932492819,0.002205565392597509,1.8720682087158922,-1.3013088966140288e-15,2.4768376706671407,2.6177112326395746,2.5190342819398723,2.5755146213668443,1
0.002678016408896374,0.12088111286967712,0.002405824975984955,-0.006688391370282918,-1.8560382691699795,0.0022274172550002577,1.872056532774187,-1.3013141928512398e-15,2.472466613738839,2.6173978668700104,2.51587866920937,2.573985811399481,1
0.0027543810108757384,0.12076766254236523,0.0024742723922945805,-0.006878568520044182,-1.856048732943034,0.0022498871775137193,1.8720445266247279,-1.3001855056022116e-15,2.468015708864956,2.6170796510109557,2.512665674725468,2.572429685150445,1
0.0028321429025991024,0.12065217751022325,0.0025439634340054655,-0.007072194668997143,-1.85605949260929,0.0022729924205606867,1.8720321810479368,-1.2976096590081759e-15,2.463484343945478,2.6167565890406306,2.5093948709981375,2.5708460619879725,1
0.0029113134487511304,0.12053464311643965,0.00261490781186731,-0.007269296457192472,-1.8560705564850242,0.002296750835593656,1.8720194865086381,-1.2980884436346506e-15,2.4588719097260308,2.616428686499546,2.506065833000523,2.5692347632250554,1
0.002991903990917307,0.12041504480079533,0.0026871152026582182,-0.007469900420957908,-1.8560819331728133,0.0023211808884043244,1.8720064331436168,-1.2961763100760943e-15,2.4541777997899565,2.616095950509252,2.5026781381690375,2.5675956121301726,1
0.0030739258480780964,0.12029336809978904,0.0027605952494475223,-0.007674032993510979,-1.8560936315728611,0.0023463016834165073,1.8719930107486524,-1.29571520858431e-15,2.4494014105504127,2.615758389791086,2.4992313664034684,2.565928433938032,1
0.0031573903171020607,0.1201695986467662,0.0028353575618577484,-0.00788172050557068,-1.856105660894805,0.0023721329890085186,1.8719792087650045,-1.2929001664889134e-15,2.4445421412425867,2.6154160146849916,2.495725100067189,2.564233055860391,1
0.0032423086732393173,0.1200437221720476,0.0029114117163269605,-0.008092989185969502,-1.8561180306700273,0.0023986952639140067,1.8719650162653212,-1.2926218974386512e-15,2.439599393915914,2.615068837168348,2.4921589239873727,2.562509307096891,1
0.003328692170614221,0.11991572450306083,0.0029887672563705297,-0.008307865162264673,-1.8561307507644915,0.002426009684750702,1.8719504219389487,-1.2911383211384078e-15,2.434572573426392,2.6147168708748616,2.4885324254552965,2.5607570188459587,1
0.003416552042716718,0.11978559156447348,0.003067433692841855,-0.008526374461348083,-1.8561438313921317,0.002454098174731883,1.8719354140766076,-1.289362578045428e-15,2.4294610874289826,2.614360131113472,2.4848451942267067,2.5589760243157498,1
0.003505899502893833,0.11965330937832785,0.003147420504193362,-0.008748543010056325,-1.8561572831288182,0.002482983433615686,1.8719199805544104,-1.2869580861960175e-15,2.424264346370061,2.6139986348873108,2.481096822522235,2.5571661587351384,1
0.0035967457448403822,0.1195188640641781,0.003228737136737017,-0.00897439663577998,-1.8561711169269306,0.002512688968951217,1.8719041088171873,-1.2838078783925681e-15,2.4189817634799504,2.6136324009127034,2.4772869050278894,2.555327259364766,1
0.003689101943088604,0.11938224183922866,0.003311393004904074,-0.009203961067071812,-1.856185344130563,0.0025432391286837855,1.871887785861087,-1.2832802133629797e-15,2.4136127547655315,2.6132614496381925,2.4734150388955993,2.5534591655081256,1
0.003782979253496312,0.11924342901847636,0.003395397491503764,-0.009437261934253486,-1.8561999764913946,0.0025746591351831724,1.8718709982154191,-1.2824269991659214e-15,2.4081567390029845,2.612885803263608,2.469480823743872,2.5515617185227213,1
0.003878388813735897,0.1191024120148528,0.0034807599479830063,-0.009674324770023128,-1.8562150261852577,0.0026069751207647624,1.8718537319237007,-1.2806781802652084e-15,2.4026131377305324,2.6125054857591876,2.465483861658462,2.5496347618312596,1
0.003975341743780119,0.11895917733937077,0.0035674896946835595,-0.009915175010059696,-1.8562305058294344,0.0026402141647739194,1.8718359725238685,-1.2777307659686605e-15,2.3969813752413707,2.6121205228847106,2.4614237571931747,2.547678140932908,1
0.004073849146388224,0.11881371160127274,0.003655596021099778,-0.010159837993627626,-1.8562464285007194,0.0026744043323094742,1.871817705027618,-1.275157906298765e-15,2.3912608785766496,2.6117309422087005,2.4573001173707323,2.545691703414619,1
0.00417392210759103,0.1186660015081817,0.003745088186135821,-0.010408338964180532,-1.8562628077542844,0.002709574714666198,1.8717989138988262,-1.2732635115640533e-15,2.3854510775185496,2.611336773127666,2.4531125516837093,2.5436752989625075,1
0.004275571697173313,0.11851603386625519,0.003835975418360808,-0.010660703069962118,-1.8562796576433853,0.002745755471578635,1.8717795830310147,-1.2732545006622202e-15,2.379551404583515,2.6109380468853547,2.4488606720955874,2.5416287793732835,1
0.004378808969157058,0.11836379558034256,0.0039282669162651815,-0.010916955364608018,-1.8562969927399504,0.0027829778753550023,1.8717596957238034,-1.2712687557705537e-15,2.3735612950155485,2.610534796592115,2.444544093041884,2.5395519985657806,1
0.004483644962281236,0.11820927365414496,0.004021971848514384,-0.01117712080774411,-1.8563148281560946,0.0028212743569929455,1.8717392346583097,-1.2688339481860844e-15,2.367480186779674,2.610127057244235,2.440162431431391,2.5374448125925193,1
0.00459009070048184,0.1180524551903791,0.004117099354203244,-0.011441224265585147,-1.8563331795666056,0.002860678554374042,1.8717181818714395,-1.266852587135189e-15,2.3613075205554876,2.6097148657433915,2.4357153066475092,2.5353070796513713,1
0.004698157193369196,0.11789332739094495,0.00421365854310842,-0.011709290511530607,-1.8563520632324466,0.002901225362639418,1.871696518729015,-1.266789414231629e-15,2.3550427397308864,2.609298260916121,2.431202340549713,2.533138660097295,1
0.004807855436704742,0.11773187755709676,0.004311658495940885,-0.011981344226760057,-1.8563714960253306,0.002942950986854366,1.8716742258976842,-1.265054925058034e-15,2.348685290395893,2.608877283533365,2.426623157475106,2.530939416454152,1
0.004919196412875197,0.11756809308961834,0.004411108264596646,-0.012257410000825869,-1.8563914954534146,0.0029858929970740427,1.8716512833155485,-1.2639437691178053e-15,2.342234621336662,2.608451976330051,2.421977384240112,2.5287092134266014,1
0.005032191091366009,0.11740196148900364,0.0045120168724073866,-0.012537512332245242,-1.8564120796881731,0.003030090385930569,1.8716276701614505,-1.2629491975095544e-15,2.3356901840296342,2.6080223840247863,2.417264650142304,2.526447917912117,1
0.005146850429232021,0.11723347035564083,0.0046143933143892426,-0.01282167562908943,-1.8564332675925064,0.0030755836288657384,1.8716033648228485,-1.2618153510224634e-15,2.329051432635856,2.6075885533395637,2.412484586962353,2.5241553990130665,1
0.005263185371567104,0.11706260739000214,0.004718246557491303,-0.013109924209571938,-1.856455078750148,0.0031224147471421316,1.8715783448622136,-1.2618450531880108e-15,2.3223178239954643,2.607150533019583,2.4076368289661305,2.521831528048917,1
0.00538120685197175,0.11688936039284009,0.004823585540842959,-0.013402282302634684,-1.856477533496435,0.0031706273737710593,1.8715525869818719,-1.2582777484787518e-15,2.3154888176223842,2.6067083738531656,2.4027210129069783,2.519476178568572,1
0.005500925793017889,0.11671371726538719,0.004930419175999465,-0.013698774048531377,-1.8565006529505108,0.003220266822504658,1.871526066987214,-1.2586249827416397e-15,2.308563875699186,2.606262128691688,2.3977367780281065,2.5170892263627676,1
0.005622353106712491,0.1165356660095651,0.005038756347187179,-0.013999423499409684,-1.8565244590490304,0.003271380160045043,1.8714987597481931,-1.2570726944706685e-15,2.3015424630721957,2.6058118524697,2.392683766065218,2.5146705494766772,1
0.005745499694958917,0.11635519472819707,0.005148605911547535,-0.014304254619891136,-1.8565489745814472,0.0033240162816342727,1.8714706391590206,-1.2552205552959506e-15,2.2944240472467543,2.6053576022250673,2.3875616212492448,2.512220028222576,1
0.0058703764500156064,0.1161722916252312,0.005259976699379467,-0.014613291287648402,-1.856574223226959,0.003378225990195387,1.8714416780959715,-1.2506315763695916e-15,2.287208098382792,2.60489943711929,2.382369990309359,2.509737545192722,1
0.005996994254952597,0.11598694500596886,0.005372877514380716,-0.014926557293980347,-1.8566002295932005,0.0034340620792057625,1.8714118483732025,-1.2490098505886825e-15,2.2798940892905897,2.6044374184578905,2.3771085224761355,2.5072229852723438,1
0.006125363984105903,0.11579914327730222,0.005487317133888118,-0.015244076344384995,-1.856627019256767,0.003491579419492474,1.8713811206964823,-1.2469560150490855e-15,2.272481495426809,2.6039716097109507,2.371776869484945,2.5046762356528136,1
0.006255496503528973,0.11560887494796185,0.005603304309116182,-0.015565872059129545,-1.8566546188056694,0.0035508350501502377,1.8713494646147268,-1.2453498071520108e-15,2.2649697948908303,2.6035020765338057,2.366374685579614,2.502097185845021,1
0.006387402671441993,0.115416128628773,0.0057208477653947105,-0.015891967973818238,-1.8566830558838132,0.0036118882737936116,1.8713168484692273,-1.2409224705918289e-15,2.25735846842135,2.6030288867878766,2.360901627516303,2.499485727692923,1
0.006521093338677904,0.11522089303292228,0.00583995620240446,-0.01622238753995692,-1.8567123592376114,0.003674800756366121,1.871283239340453,-1.2398273981719124e-15,2.249646999393308,2.6025521105616565,2.355357354567664,2.4968417553872997,1
0.006656579349126469,0.11502315697623668,0.0059606382944121135,-0.01655715412551572,-1.8567425587648376,0.0037396366317411314,1.8712486029923043,-1.2374700724708555e-15,2.24183487381514,2.6020718201919193,2.349741528527294,2.4941651654797647,1
0.0067938715401743635,0.11482290937747407,0.006082902690502762,-0.01689629101548765,-1.8567736855658383,0.003806462611363416,1.8712129038136829,-1.237632975927376e-15,2.2339215803264048,2.6015880902850843,2.344053813714493,2.4914558568969953,1
0.006932980743143567,0.11462013925862657,0.006206758014812003,-0.017239821412445608,-1.8568057719972253,0.0038753480991919396,1.8711761047572415,-1.233880757582629e-15,2.2259066101957425,2.601100997738825,2.338293876979331,2.488713730955235,1
0.007073917783725324,0.1144148357452391,0.006332212866755235,-0.017587768437094864,-1.856838851728179,0.003946365312220768,1.8711381672751664,-1.2338078042539319e-15,2.217789457319293,2.600610621763896,2.3324613877081015,2.485938691375086,1
0.007216693482411987,0.11420698806674275,0.0064592758212562995,-0.017940155128823496,-1.8568729597994984,0.004019589406868359,1.871099051251838,-1.2307598374957399e-15,2.2095696182195037,2.6001170439062364,2.3265560178291276,2.4831306442966112,1
0.007361318654924584,0.11399658555680475,0.006587955428973559,-0.018297004446248516,-1.8569081326855421,0.004095098611543758,1.8710587149332063,-1.2300133187049385e-15,2.201246592044421,2.5996203480693265,2.3205774418189855,2.48028949829476,1
0.0075078041126375086,0.11378361765369648,0.006718260216524739,-0.018658339267759106,-1.8569444083592146,0.004172974365712956,1.8710171148527097,-1.22997191801215e-15,2.192819880567457,2.599120620536864,2.3145253367091576,2.477415164395162,1
0.007656160662999775,0.11356807390068063,0.006850198686710084,-0.01902418239205646,-1.856981826360155,0.004253301465809311,1.8709742057535539,-1.2301507447499989e-15,2.184288988187677,2.598617949995776,2.3083993820931448,2.4745075560903067,1
0.007806399109951307,0.11334994394642048,0.00698377931873252,-0.019394556538688636,-1.8570204278663016,0.004336168218347931,1.870929940507162,-1.2270851789947359e-15,2.1756534219306993,2.5981124275595757,2.302199260134118,2.471566589356155,1
0.007958530254336842,0.11312921754541008,0.007119010568417198,-0.019769484348582996,-1.8570602557690097,0.00442166660062738,1.8708842700275905,-1.2275889948137833e-15,2.1669126914501264,2.5976041467921225,2.295924655573058,2.468592182669189,1
0.008112564894314753,0.11290588455843067,0.007255900868428078,-0.020148988384573636,-1.8571013547519128,0.004509892429421009,1.8708371431817,-1.2244775027192152e-15,2.15806630902968,2.597093203731811,2.289575255737516,2.465584257023972,1
0.00826851382576203,0.11267993495303293,0.007394458628482728,-0.020533091131924894,-1.8571437713737278,0.004600945538083976,1.870788506694852,-1.2234927046022828e-15,2.1491137895860075,2.596579696916226,2.283150750550989,2.4625427359512413,1
0.008426387842674361,0.11245135880404794,0.0075346922355644915,-0.020921814998850017,-1.8571875541552147,0.004694929962525972,1.870738305051897,-1.2214097318162494e-15,2.140054650672245,2.5960637274072864,2.2766508325429635,2.459467545536565,1
0.008586197737562078,0.11222014629413049,0.007676610054132754,-0.02131518231702566,-1.8572327536705158,0.0047919541365242565,1.8706864803931997,-1.2204462178183827e-15,2.1308884124823915,2.595545398816982,2.270075196859711,2.45635861443966,1
0.008747954301841223,0.11198628771433504,0.007820220426330769,-0.021713215342101532,-1.8572794226431084,0.004892131096880168,1.8706329724054365,-1.220102626266961e-15,2.121614597856523,2.5950248173336847,2.2634235412758414,2.4532158739143637,1
0.008911668326218695,0.11174977346472911,0.007965531672190192,-0.022115936254204074,-1.8573276160466246,0.004995578698948712,1.8705777182068841,-1.217836508313762e-15,2.1122327322869774,2.5945020917491095,2.2566955662067305,2.4500392578293537,1
0.009077350601073626,0.11151059405504714,0.008112552089834352,-0.022523367158436447,-1.857377391210797,0.005102419843101648,1.8705206522269036,-1.2182914566665322e-15,2.1027423439255095,2.593977333486048,2.2498909747218585,2.446828702689696,1
0.009245011916831027,0.11126874010538614,0.008261289955676827,-0.022935530085370706,-1.8574288079328145,0.005212782712718185,1.8704617060793045,-1.2157053127353e-15,2.09314296359156,2.593450656626792,2.2430094725591343,2.443584147659215,1
0.009414663064331709,0.11102420234694992,0.008411753524619033,-0.023352446991536293,-1.8574819285943804,0.005326801024327317,1.8704008084292614,-1.2158602488058144e-15,2.083434124781664,2.592922177942502,2.2360507681403017,2.440305534583861,1
0.009586314835194254,0.11077697162284379,0.008563951030243174,-0.023774139759900583,-1.8575368182847851,0.005444614290565656,1.8703378848534278,-1.2113492294955718e-15,2.0736153636801595,2.5923920169234442,2.2290145725875163,2.4369928080160843,1
0.009759978022171656,0.11052703888892451,0.008717890685003032,-0.024200630200344082,-1.8575935449303242,0.005566368096649555,1.8702728576928829,-1.208214642278961e-15,2.0636862191712244,2.5918602958102683,2.2219005997411623,2.4336459152403274,1
0.009934430075251792,0.1102748746639619,0.008873110499820917,-0.02463194005012776,-1.857652179430411,0.005692214391101791,1.8702056458985175,-1.2083727314772285e-15,2.0536862191712246,2.591327139626387,2.2147085661790675,2.4302648062997534,1
0.010107481922743024,0.11002132524613327,0.009028780419120693,-0.02506809056380899,-1.857712795894903,0.005822311993584579,1.8701361647605264,-1.2059068065961836e-15,2.043686219171225,2.5907926565282375,2.207438187029076,2.426849420996107,1
0.010279129442160884,0.10976638713733597,0.00918490365096692,-0.025509102171116144,-1.857775471885965,0.005956827112312647,1.8700643256328602,-1.2022970512954395e-15,2.033686219171225,2.590256921390307,2.200089172454722,2.4233996780226956,1
0.010449368563407606,0.10951005689577763,0.009341483409004408,-0.025954995189009233,-1.8578402884270704,0.006095933361532241,1.8699900359247459,-1.1988492772637948e-15,2.0236862191712253,2.5897200099366473,2.1926612349505272,2.419915497554948,1
0.010618195269309605,0.10925233113660915,0.009498522912701472,-0.026405789821705595,-1.857907330173288,0.006239812125018677,1.869913198907477,-1.194688495847784e-15,2.0136862191712255,2.5891819987563247,2.1851540893609345,2.4163968012673678,1
0.010785605596216117,0.10899320653262727,0.009656025387614597,-0.02686150616070114,-1.8579766855906474,0.006388652938879082,1.869833713510976,-1.1928199292828106e-15,2.0036862191712257,2.5886429653207523,2.177567452901291,2.412843512352446,1
0.010951595634662933,0.10873267981505111,0.009813994065675138,-0.027322164184785294,-1.8580484471450955,0.006542653894749848,1.8697514741095533,-1.18883972270927e-15,1.9936862191712257,2.5881029880030004,2.1699010451810494,2.4092555555416504,1
0.011116161530109985,0.10847074777438263,0.009972432185501834,-0.027787783760050137,-1.8581227115015935,0.006702022064542341,1.8696663702962588,-1.1887350685126262e-15,1.9836862191712257,2.587562146099376,2.1621545882294537,2.4056328571287784,1
0.011279299483755672,0.10820740726135446,0.010131342992739717,-0.02825838463989258,-1.8581995797339315,0.006866973947964792,1.8695782866451742,-1.184194999073002e-15,1.9736862191712257,2.5870205198533403,2.1543278065238276,2.401975344995762,1
0.011441005753438146,0.10794265518797627,0.01029072974042903,-0.028733986465008632,-1.8582791575458768,0.0070377359441125475,1.8694871024609716,-1.1818067283109007e-15,1.9636862191712257,2.586478190482077,2.14642042702081,2.398282948641249,1
0.011601276654629065,0.10767648852868636,0.010450595689406142,-0.029214608763379214,-1.8583615555043043,0.007214544848500661,1.869392691515011,-1.1758125153815168e-15,1.9536862191712256,2.585935240205874,2.138432179190725,2.3945555992121403,1
0.011760108561529332,0.10740890432161898,0.010610944108739922,-0.029700270950246892,-1.8584468892850003,0.007397648376992676,1.869294921767215,-1.1714585238725548e-15,1.9436862191712256,2.58539175228062,2.130362795055407,2.3907932295383816,1
0.011917497908276196,0.10713989966999808,0.01077177827620662,-0.03019099232808205,-1.8585352799318688,0.007587305718164559,1.8691936550729116,-1.1648306129946715e-15,1.9336862191712256,2.584847811033682,2.1222120092298074,2.3869957741713135,1
0.01207344119027151,0.1068694717436686,0.01093310147880669,-0.0306867920865375,-1.8586268541303153,0.0077837881157331095,1.8690887468737893,-1.1600867897256723e-15,1.9236862191712256,2.5843035019034626,2.113979558967712,2.3831631694258877,1
0.012227934965642154,0.10659761778077771,0.011094917013327509,-0.031187689302390523,-1.8587217444956283,0.007987379482777638,1.868980045872058,-1.152254972655173e-15,1.9136862191712256,2.5837589114829758,2.105665184211956,2.3792953534271013,1
0.012380975856845507,0.10632433508962066,0.011257228186956575,-0.03169370293947133,-1.8588200898772291,0.00819837704957948,1.868867393686857,-1.1468750150351238e-15,1.9036862191712256,2.5832141275678273,2.0972686276495525,2.3753922661610614,1
0.012532560552433318,0.10604962105066633,0.011420038317949485,-0.03220485184857556,-1.8589220356797085,0.008417092047018092,1.8687506244918977,-1.1450322333202755e-15,1.8936862191712256,2.5826692392089936,2.0887896347722226,2.3714538495311035,1
0.01268268580898797,0.10577347311877822,0.011583350736357563,-0.032721154767359505,-1.8590277342016284,0.00864385042756984,1.8686295646332658,-1.1408352835002615e-15,1.8836862191712256,2.5821243367708155,2.0802279539427895,2.367480047419405,1
0.012831348453248521,0.10549588882565078,0.011747168784821611,-0.03324263032021696,-1.8591373449931232,0.008878993626080167,1.8685040322262503,-1.1367579965909419e-15,1.8736862191712256,2.58157951199475,2.071583336468027,2.3634708057546563,1
0.012978545384443657,0.10521686578248025,0.011911495819437436,-0.03376929701813511,-1.8592510352333937,0.009122879362603462,1.8683738367299976,-1.1290940375142175e-15,1.8636862191712256,2.581034858069383,2.062855536678553,2.3594260725863307,1
0.013124273576851425,0.10493640168289264,0.012076335210699585,-0.03430117325852656,-1.8593689801292557,0.009375882489738554,1.8682387784987242,-1.1253175125816847e-15,1.8536862191712256,2.5804904697072755,2.0540443120164644,2.355345798166178,1
0.013268530082607102,0.10465449430615292,0.012241690344531327,-0.03483827732503618,-1.8594913633359695,0.009638395887030004,1.8680986483081468,-1.1200594999956865e-15,1.8436862191712255,2.5799464432293227,2.0451494231314236,2.351229935037632,1
0.013411312034783334,0.10437114152068283,0.012407564623409103,-0.03538062738732001,-1.859618377401655,0.009910831405151237,1.867953226855711,-1.112606390192438e-15,1.8336862191712255,2.5794028766573303,2.036170633986027,2.347078438133898,1
0.01355261665076846,0.10408634128791656,0.012573961467589753,-0.0359282415007917,-1.8597502242366624,0.010193620862740282,1.8678022842331292,-1.1098937333415372e-15,1.8236862191712255,2.5788598698155694,2.0271077119713654,2.3428912648855365,1
0.013692441235971346,0.10380009166652636,0.012740884316450886,-0.03648113760633477,-1.8598871156093593,0.010487217098925236,1.8676455793696412,-1.1045195850078753e-15,1.8136862191712255,2.5783175244421765,2.0179604280337253,2.338668375338452,1
0.013830783187885283,0.10351239081705493,0.012908336629955474,-0.03703933352997636,-1.8600292736698734,0.010792095084742843,1.8674828594443376,-1.100194837213406e-15,1.8036862191712255,2.577775944311372,2.0087285568135544,2.33440973228332,1
0.013967640000544979,0.10322323700699301,0.013076321890251793,-0.03760284698251751,-1.8601769315034165,0.011108753096836555,1.867313859265787,-1.0937304377991675e-15,1.7936862191712255,2.5772352353674863,1.9994118767978792,2.330115301397529,1
0.014103009269414971,0.10293262861634568,0.01324484360342271,-0.038171695559117036,-1.860330333714913,0.011437713957004074,1.867138300617116,-1.0877563799401016e-15,1.7836862191712255,2.576695505871976,1.9900101704874589,2.3257850514008656,1
0.01423688869675279,0.10264056414373605,0.013413905301397933,-0.03874589673882139,-1.8604897370467472,0.011779526341360395,1.866955891564594,-1.082457294850725e-15,1.7736862191712255,2.576156866564675,1.9805232245802076,2.3214189542263077,1
0.01436927609749215,0.10234704221309801,0.013583510544046213,-0.039325467884038054,-1.8606554110315483,0.012134766163084574,1.866766325727671,-1.0770011819359981e-15,1.7636862191712255,2.5756194308406872,1.970950830172393,2.3170169852073768,1
0.014500169405697946,0.10205206158101605,0.013753662921463227,-0.03991042623994219,-1.8608276386820342,0.012504038032928284,1.8665692815083132,-1.0712335400763507e-15,1.7536862191712255,2.5750833149443895,1.9612927829794549,2.312579123283679,1
0.01462956668165077,0.10175562114477787,0.013924366056476603,-0.04050078893381304,-1.861006717220045,0.01288797680187752,1.8663644212773751,-1.067376037817864e-15,1.7436862191712255,2.57454863818233,1.9515488835783703,2.308105351226486,1
0.01475746611962102,0.1014577199512073,0.014095623607387206,-0.04109657297428998,-1.8611929588470117,0.013287249190590537,1.8661513905156288,-1.0617070976474e-15,1.7336862191712255,2.5740155231567616,1.941718937673682,2.3035956558862463,1
0.01488386605640353,0.1011583572063579,0.014267439270970999,-0.041697795250539696,-1.8613866915582147,0.013702555510450897,1.8659298169069716,-1.0580590982065725e-15,1.7236862191712254,2.5734840960219185,1.9318027563896218,2.299050028464289,1
0.015008845169284635,0.10085756361482962,0.014439786376064492,-0.04230447253132603,-1.8615882600033145,0.014134631481316015,1.8656993093812062,-1.054568621786606e-15,1.7136862191712254,2.572954486765317,1.9218027563896218,2.2944684648111213,1
0.015134992895378393,0.10055635104965802,0.014611686337865618,-0.04291662147992813,-1.8617980263871994,0.014584250132943363,1.8654594571134637,-1.0472212477923119e-15,1.7036862191712254,2.5724268302674065,1.9118027563896218,2.289850966246171,1
0.01526231358800461,0.10025472159932279,0.014783140950684809,-0.04353425915727646,-1.8620163711505164,0.015052223231204873,1.8652098287785193,-1.041922321494793e-15,1.6936862191712254,2.571901290384158,1.9018027563896218,2.285197555486199,1
0.015390811580566618,0.09995267748992753,0.014954152148807525,-0.044157402514752725,-1.8622436942272371,0.015539403937894557,1.8649499711485504,-1.0343722300883415e-15,1.6836862191712254,2.57137803653452,1.8918027563896218,2.2805082614566556,1
0.015520491185789402,0.0996502210950307,0.01512472201679552,-0.044786068392784616,-1.8624804161121489,0.016046689059340005,1.8646794079120168,-1.0312104232402235e-15,1.6736862191712254,2.5708572441117665,1.8818027563896218,2.275783119727732,1
0.015651356694871395,0.09934735494643133,0.015294852800789986,-0.04542027351926806,-1.8627269789883083,0.016575021419471096,1.8643976384280452,-1.0238369025165373e-15,1.6636862191712254,2.5703390949346456,1.8718027563896218,2.2710221729930056,1
0.01578341237654021,0.09904408174600535,0.015464546920917343,-0.046060034507797165,-1.8629838479176173,0.01712539236369326,1.864104136413132,-1.018835462831857e-15,1.6536862191712254,2.569823777742303,1.8618027563896218,2.266225471594979,1
0.015916662476003082,0.09874040437869931,0.015633806984910216,-0.046705367855683716,-1.8632515120977873,0.017698844400097013,1.8637983485568983,-1.0126741076467092e-15,1.6436862191712254,2.569311488737454,1.8518027563896218,2.261393074102281,1
0.016051111213778245,0.0984363259267968,0.01580263580306476,-0.04735628994173851,-1.8635304861890587,0.018296473984699226,1.8634796930635675,-1.0032550873340412e-15,1.6336862191712254,2.568802432182557,1.8418027563896218,2.2565250479437267,1
0.016186762784395486,0.09813184968558702,0.015971036404671065,-0.04801281702379096,-1.8638213117141282,0.01891943445754197,1.8631475581157944,-1.0026203692692472e-15,1.6236862191712254,2.568296821054405,1.8318027563896218,2.2516214701050363,1
0.01632362135495074,0.0978269791805769,0.01613901205606529,-0.048674965235916905,-1.8641245585348076,0.019568939136567026,1.8628013002574486,-9.953457691439014e-16,1.6136862191712253,2.56779487776299,1.8218027563896217,2.2466824278945667,1
0.016461691063498336,0.0975217181864022,0.016306566280467772,-0.049342750585341655,-1.864440826408987,0.020246264576227045,1.862440242691968,-9.896690971436488e-16,1.6036862191712253,2.567296834941118,1.8118027563896217,2.241708019785046,1
0.01660097601726289,0.09721607074760988,0.016473702879788353,-0.05001618894898234,-1.8647707466315033,0.020952753997773476,1.8620636734929379,-9.814217090702613e-16,1.5936862191712253,2.5668029363119103,1.8018027563896217,2.2366983563390512,1
0.016741480290650285,0.09691004120149944,0.0166404259585976,-0.050695296069588426,-1.865114983762504,0.021689820898063508,1.8616708437236484,-9.75547757884478e-16,1.5836862191712253,2.566313437642011,1.7918027563896217,2.2316535612266972,1
0.016883207923035513,0.09660363420323205,0.01680673995048373,-0.05138008755143597,-1.8654742374468454,0.022458952843536217,1.861260965462517,-9.677907273138195e-16,1.5736862191712253,2.565828607789146,1.7818027563896217,2.2265737723449215,1
0.01702616291630233,0.09629685475343443,0.016972649647035508,-0.052070578855525476,-1.8658492443279746,0.023261715455708164,1.8608332097314744,-9.629006972146063e-16,1.5636862191712253,2.5653487298534827,1.7718027563896217,2.221459143048608,1
0.017170349232106735,0.09598970822854835,0.017138160229715777,-0.05276678529422747,-1.8662407800595802,0.02409975659408796,1.8603867043247002,-9.612168431216155e-16,1.5536862191712253,2.5648741024431816,1.7618027563896217,2.2163098435048587,1
0.017315770788833184,0.09568220041420054,0.01730327730491643,-0.053468722025313435,-1.8666496614180652,0.0249748107418065,1.8599205315354668,-9.564213293740119e-16,1.5436862191712253,2.5644050410655455,1.7518027563896217,2.2111260621828284,1
0.01746243145820966,0.09537433754189369,0.0174680069425128,-0.05417640404530456,-1.867076748518588,0.02588870359845562,1.8594337257793403,-9.509006455421182e-16,1.5336862191712253,2.5639418796562485,1.7418027563896217,2.205908007492694,1
0.017610335061542925,0.0950661263293478,0.01763235571826586,-0.05488984618206074,-1.867522947136983,0.026843356883586276,1.8589252711126045,-9.40703443286544e-16,1.5236862191712253,2.5634849722602806,1.7318027563896217,2.2006559095886584,1
0.017759485365531864,0.09475757402485274,0.017796330760454428,-0.05560906308652592,-1.8679892111393366,0.027840793353000416,1.858394098645544,-9.35045744995972e-16,1.5136862191712253,2.5630346948795735,1.7218027563896217,2.19537002235231,1
0.01790988607761258,0.0944486884560233,0.017959939801152135,-0.056334069223536766,-1.8684765450202994,0.028883142028340393,1.857839083851167,-9.324899812377562e-16,1.5036862191712252,2.5625914475035287,1.7118027563896216,2.1900506255740693,1
0.01806154084078254,0.09413947808338594,0.01812319123260402,-0.057064878861589584,-1.8689860065503425,0.029972643638434295,1.857259043771116,-9.29495604157915e-16,1.4936862191712252,2.56215565634021,1.7018027563896216,2.184698027352187,1
0.018214453227847233,0.0938299520592606,0.01828609416919466,-0.05780150606145219,-1.8695187095311079,0.031111656268403065,1.8566527341219128,-9.205002436829999e-16,1.4836862191712252,2.5617277762673942,1.6918027563896216,2.1793125667303266,1
0.018368626735026154,0.09352012029244296,0.01844865851554419,-0.058543964663494395,-1.8700758266566824,0.032302661209523374,1.856018846306367,-9.164707141566069e-16,1.4736862191712252,2.561308293524394,1.6818027563896216,2.1738946165966833,1
0.01852406477484846,0.09320999351922939,0.018610895041308813,-0.0592922682735979,-1.8706585924770454,0.03354826899924862,1.8553560043370045,-9.1349938763087e-16,1.4636862191712252,2.560897728667081,1.6718027563896216,2.1684445868693416,1
0.018680770668262132,0.09289958338137276,0.018772815463311096,-0.060046430247493274,-1.8712683064580242,0.034851225636475996,1.8546627616807558,-9.12117103342173e-16,1.4536862191712252,2.5604966398104274,1.6618027563896216,2.1629629279946445,1
0.018838747635872982,0.09258890251159706,0.01893443253566873,-0.06080646367335637,-1.8719063361298087,0.0362144189520392,1.853937598036977,-9.088985028796014e-16,1.4436862191712252,2.560105626184508,1.6518027563896216,2.1574501347872364,1
0.018997998788222146,0.09227796462734225,0.019095760148637418,-0.06157238135248201,-1.8725741203133577,0.03764088510836308,1.853178916064202,-8.954402496420965e-16,1.4336862191712252,2.5597253320316957,1.6418027563896216,2.151906750642472,1
0.019158527115002474,0.09196678463345324,0.019256813436929428,-0.062344195777835294,-1.8732731724108205,0.039133815195117536,1.8523850380749103,-8.859845926713828e-16,1.4236862191712252,2.5593564508744953,1.6318027563896216,2.1463333721538675,1
0.019320335473105864,0.0916553787345643,0.019417608898310835,-0.06312191911026475,-1.874005083742323,0.040696561879406686,1.8515542027221237,-8.788891346420596e-16,1.4136862191712252,2.5589997301850023,1.6218027563896216,2.1407306541700755,1
0.01948342657338474,0.09134376455796733,0.019578164523321017,-0.063905563152144,-1.8747715269070502,0.0423326460593676,1.85068456170689,-8.72266481253094e-16,1.4036862191712252,2.5586559764884536,1.6118027563896216,2.135099315327643,1
0.019647802966002263,0.09103196128778022,0.019738499936989375,-0.06469513931819064,-1.87557425914143,0.044045763458884744,1.8497741765417526,-8.677591332847113e-16,1.3936862191712251,2.558326060934446,1.6018027563896216,2.129440144097194,1
0.019813467024236836,0.09071998981125219,0.019898636553448746,-0.06549065860319384,-1.8764151256412787,0.045839791088247074,1.8488210154122389,-8.604527324284043e-16,1.3836862191712251,2.558010925370215,1.5918027563896215,2.123754005381779,1
0.019980420926599667,0.0904078728780512,0.020058597744355658,-0.06629213154636804,-1.87729606280795,0.04771879348086086,1.8478229501862964,-8.530519399433654e-16,1.3736862191712251,2.557711588950632,1.5818027563896215,2.118041847706643,1
0.020148666637114617,0.09009563527337036,0.02021840902202225,-0.06709956819203125,-1.8782191013707097,0.04968702859935624,1.8467777536305607,-8.458951478028827e-16,1.3636862191712251,2.5574291553191637,1.5718027563896215,2.112304711039532,1
0.020318205883604803,0.08978330400566145,0.020378098238137455,-0.06791297804629667,-1.8791863693287005,0.051748953285489466,1.8456830969024185,-8.425772136253735e-16,1.3536862191712251,2.5571648203927606,1.5618027563896215,2.1065437352795526,1
0.02048904013382723,0.08947090850974815,0.02053769579889997,-0.06873237002946078,-1.880200094645863,0.053909228106995374,1.844536547398075,-8.272618328299945e-16,1.343686219171225,2.5569198807812734,1.5518027563896215,2.100760169450328,1
0.020661170569291492,0.08915848086598203,0.02069723489729513,-0.06955775242375901,-1.8812626076209835,0.05617272143086553,1.8433355670493254,-8.209134564284333e-16,1.333686219171225,2.556695742868119,1.5418027563896215,2.0949553816294904,1
0.020834598056604668,0.08884605603597272,0.02085675176311302,-0.07038913281617439,-1.8823763428426614,0.05854451252649652,1.8420775111753724,-8.150904900196298e-16,1.323686219171225,2.5564939325734017,1.5318027563896215,2.08913086964083,1
0.021009323116186654,0.08853367211524406,0.021016285931120465,-0.07122651803598647,-1.8835438406253644,0.06102989347367445,1.8407596280108975,-8.114012587774853e-16,1.313686219171225,2.5563161058130675,1.5218027563896215,2.0832882725277324,1
0.021185345888215308,0.0882213706029221,0.021175880527544485,-0.07206991408678043,-1.8847677478080354,0.06363436961983852,1.8393790590474044,-8.048842953921933e-16,1.303686219171225,2.5561640596573563,1.5118027563896215,2.0774293828157235,1
0.02136266609567679,0.08790919668824723,0.021335582574699308,-0.0729193260726662,-1.8860508177809687,0.06636365829863076,1.8379328403415454,-7.966985963449741e-16,1.293686219171225,2.5560397441786247,1.5018027563896215,2.071556159558241,1
0.02154128300442724,0.0875971995533023,0.02149544331317105,-0.07377475811852043,-1.8873959095902022,0.06922368548813727,1.8364179049612723,-7.935910015687038e-16,1.283686219171225,2.5559452749618723,1.4918027563896215,2.065670742142,1
0.021721195380207538,0.08728543269084599,0.02165551854044933,-0.07463621328413454,-1.8888059859518016,0.07222058005320618,1.8348310867578028,-7.801764497208018e-16,1.273686219171225,2.555882946230253,1.4818027563896214,2.0597754648061355,1
0.02190240144260639,0.08697395423553421,0.02181586896425865,-0.07550369347225948,-1.89028410999164,0.07536066518293236,1.8331691256679152,-7.718634964899592e-16,1.263686219171225,2.555855244512535,1.4718027563896214,2.053872871802223,1
0.022084898816031123,0.08666282730607394,0.021976560568068106,-0.07637719933066582,-1.8918334405103345,0.07865044660344139,1.8314286747661006,-7.612958200340258e-16,1.253686219171225,2.5558648627486718,1.4618027563896214,2.047965733089432,1
0.02226868447783057,0.086352120354986,0.022137664985343794,-0.07725673014850822,-1.8934572255587616,0.08209659711944078,1.8296063092985284,-7.564871196769411e-16,1.243686219171225,2.5559147146934875,1.4518027563896214,2.0420570604201185,1
0.022453754703814326,0.08604190752163984,0.022299259878040763,-0.07814228374748235,-1.8951587940982113,0.08570593701814769,1.8276985379392712,-7.440582080662777e-16,1.233686219171225,2.5560079494362795,1.4418027563896214,2.036150123625753,1
0.022640105011537855,0.08573226898306628,0.022461429313608894,-0.07903385636851379,-1.8969415455121779,0.08948540985927694,1.8257018165121084,-7.39506054652125e-16,1.223686219171225,2.5561479658060593,1.4318027563896214,2.0302484668609173,1
0.02282773010186808,0.08542329129575812,0.022624264133415645,-0.07993144255500771,-1.898808936735707,0.09344205317832534,1.8236125644165893,-7.290489834651552e-16,1.213686219171225,2.5563384263783315,1.4218027563896214,2.0243559245045883,1
0.023016623799510735,0.0851150677202447,0.022787862303979035,-0.08083503503402215,-1.9007644667751282,0.0975829636516861,1.8214271839826495,-7.204635314363216e-16,1.203686219171225,2.556583270740236,1.4118027563896214,2.0184766363534465,1
0.0232067789933737,0.08480769851871077,0.02295232924079267,-0.08174462459711329,-1.902811658408084,0.10191525631574971,1.8191420829515417,-7.092403545187847e-16,1.193686219171225,2.5568867276081466,1.4018027563896214,2.012615061672958,1
0.023398187577848138,0.08450129121435747,0.02311777809284838,-0.08266019998301619,-1.904954036883433,0.10644601750302357,1.8167537002396168,-7.026526178451904e-16,1.183686219171225,2.5572533253267657,1.3918027563896214,2.0067759916001955,1
0.023590840396316502,0.08419596079965212,0.023284329974302485,-0.0835817477647795,-1.9071951054851966,0.1111822512612561,1.8142585350831477,-6.995305369217581e-16,1.173686219171225,2.5576879002148174,1.3818027563896214,2.000964559321062,1
0.02378472718842732,0.08389182987915253,0.02345211412816006,-0.08450925224443352,-1.9095383178866248,0.11613081916123134,1.8116531795846007,-6.837137301333313e-16,1.163686219171225,2.5581956021623222,1.3718027563896213,1.995186247376974,1
0.0239798365429102,0.08358902873135254,0.0236212680055076,-0.08544269535873877,-1.9119870473014218,0.12129837357863255,1.8089343545819965,-6.826405944669269e-16,1.153686219171225,2.558781896833811,1.3618027563896213,1.9894468913978598,1
0.02417615585791781,0.08328769527309389,0.023791937242828846,-0.08638205659998853,-1.9145445525404694,0.1266912847572536,1.806098948642423,-6.797001690486894e-16,1.143686219171225,2.559452563795337,1.3518027563896213,1.9837526795149283,1
0.02437367131106477,0.08298797490969204,0.023964275519468173,-0.08732731295620517,-1.9172139412040503,0.13231556222423743,1.80314405983902,-6.760350060608202e-16,1.133686219171225,2.5602136898678265,1.3418027563896213,1.97811014668539,1
0.024572367841464212,0.08269002025419288,0.024138444277533144,-0.08827843887533188,-1.919998130380227,0.13817677142925394,1.8000670398101801,-6.750286650512814e-16,1.123686219171225,2.5610716570218806,1.3318027563896213,1.9725261631696516,1
0.024772229146115786,0.08239399070028307,0.024314612287633534,-0.08923540625812725,-1.9228998053763846,0.14427994681072498,1.796865539424867,-6.696584861076126e-16,1.113686219171225,2.5620331241765526,1.3218027563896213,1.967007916447199,1
0.024973237692956573,0.08210005183548025,0.024492955046011306,-0.09019818448438553,-1.9259213771774677,0.1506295028407784,1.7935375551958967,-6.650045277789177e-16,1.103686219171225,2.5631050023536743,1.3118027563896213,1.961562885947798,1
0.02517537475272041,0.0818083746844499,0.024673653991953398,-0.09116674047677403,-1.9290649394931871,0.15722914494895404,1.7900814754034406,-6.556762862967656e-16,1.0936862191712249,2.564294422774686,1.3018027563896213,1.9561988101154137,1
0.025378620451447315,0.08151913477670342,0.02485689553897647,-0.09214103880597045,-1.9323322264170903,0.1640817825501834,1.7864961247261146,-6.435202251496598e-16,1.0836862191712249,2.565608697671666,1.2918027563896213,1.9509236455168266,1
0.02558295384502551,0.08123251103850773,0.02504286991911336,-0.09312104183986539,-1.9357245718604328,0.17118944667860458,1.782780806041036,-6.384117783178244e-16,1.0736862191712249,2.567055273817203,1.2818027563896213,1.945745517954776,1
0.025788353016539495,0.08094868451547355,0.025231769846608083,-0.09410670993837728,-1.9392428720294064,0.1785532149260634,1.7789353379625508,-6.388634291269123e-16,1.0636862191712249,2.568641679054606,1.2718027563896213,1.9406726658420415,1
0.0259947951964382,0.08066783693973255,0.025423789015176963,-0.09509800169390703,-1.9428875522714586,0.1861731464736566,1.7749600866570097,-6.295479511531069e-16,1.0536862191712248,2.5703754624197135,1.2618027563896212,1.9357133764272751,1
0.02620225690466369,0.08039014916351742,0.02561912045135535,-0.09609487421571418,-1.9466585396121918,0.1940482299601208,1.7708559905112788,-6.2580432959181215e-16,1.0436862191712248,2.5722641287739707,1.2518027563896212,1.9308759158201163,1
0.02641071411292492,0.08011579948883546,0.02581795475481378,-0.09709728345458288,-1.9505552422286354,0.20217634673284196,1.7666245763550013,-6.123474482876238e-16,1.0336862191712248,2.5743150691949968,1.2418027563896212,1.926168454120673,1
0.02662014242432537,0.07984496193021709,0.026020478264302867,-0.09810518456219568,-1.9545765369521346,0.21055425166667874,1.7622679661446636,-6.080620433161935e-16,1.0236862191712248,2.5765354886723637,1.2318027563896212,1.9215989872915833,1
0.02683051726661729,0.07957780445362087,0.026226871194435016,-0.09911853227776068,-1.9587207656652332,0.21917757321650955,1.7577888733079314,-5.99089337925696e-16,1.0136862191712248,2.578932332907552,1.2218027563896212,1.9171752576924657,1
0.027041814094538805,0.07931448723890562,0.02643730579321522,-0.10013728133280429,-1.9629857411594835,0.22804083371067516,1.753190588308016,-5.914969586934112e-16,1.0036862191712248,2.581512216194091,1.2118027563896212,1.9129046754000754,1
0.027254008596055222,0.07905516101534409,0.026651944572563924,-0.10116138686377243,-1.9673687626698344,0.23713749012818086,1.7484769534008613,-5.843086170743604e-16,0.9936862191712248,2.5842813524361716,1.2018027563896212,1.9087942425403603,1
0.02746707689693935,0.0787999655191142,0.02687093866366876,-0.1021908048213096,-1.9718666409174528,0.24645999477996186,1.7436523269966986,-5.803682261491884e-16,0.9836862191712248,2.587245491337926,1.1918027563896212,1.9048504828450297,1
0.027680995758027814,0.07854902811844519,0.027094426345720433,-0.10322549236489022,-1.9764757321022266,0.2559998744895069,1.7387215384719275,-5.682661021127076e-16,0.9736862191712248,2.590409861656247,1.1818027563896212,1.901079378509114,1
0.02789574275969742,0.07830246264622225,0.027322531790534326,-0.10426540823188983,-1.981191979916756,0.26574782610026787,1.7336898346756962,-5.575347558289538e-16,0.9636862191712248,2.5937791231622294,1.1718027563896212,1.8974863161714923,1
0.028111296468616136,0.07806036847173327,0.02755536405710926,-0.1053105130712057,-1.9860109643322108,0.2756938254826594,1.7285628197087592,-5.448954508408577e-16,0.9536862191712248,2.597357328615641,1.1618027563896212,1.8940760434831183,1
0.028327636582592554,0.07782282983342986,0.027793016359907097,-0.10636076973307423,-1.99092795565593,0.2856938254826594,1.7233463897963643,-5.356440000280514e-16,0.9436862191712247,2.6011478966464274,1.1518027563896212,1.8908526372923533,1
0.028544750434049377,0.0775898593509164,0.02803550625892325,-0.1074161562761366,-1.9959372614993691,0.29569382548265943,1.718047321434643,-5.253033425592245e-16,0.9336862191712247,2.6051512678162045,1.1418027563896211,1.887816948857004,1
0.02876262873742873,0.07736143829912628,0.02828281816987809,-0.10847665746236784,-2.0010330471940896,0.30569382548265944,1.7126724625449983,-5.214112373623839e-16,0.9236862191712247,2.609366579221897,1.1318027563896211,1.8849684163215554,1
0.028981262970819755,0.07713754056568355,0.02853492868282984,-0.10954225952045057,-2.006209702809539,0.31569382548265945,1.707228383047829,-5.138246219610569e-16,0.9136862191712247,2.6137926598690937,1.1218027563896211,1.8823061449809166,1
0.029200645324921445,0.07691813343328922,0.028791807377082347,-0.11061295004381944,-2.0114618486521847,0.32569382548265946,1.701721370343229,-5.065608122733553e-16,0.9036862191712247,2.6184280634855313,1.1118027563896211,1.8798289417485836,1
0.029420768652124996,0.07670317832230987,0.02905341759562574,-0.11168871788894418,-2.0167843384339483,0.33569382548265947,1.6961574273374445,-5.06339508381549e-16,0.8936862191712247,2.6232710996463613,1.101802756389621,1.877535347932709,1
0.02964162641624411,0.07649263149096173,0.029319717176253212,-0.11276955307490874,-2.02217226038893,0.3456938254826595,1.6905422727036348,-5.027211093184491e-16,0.8836862191712247,2.6283198631046654,1.091802756389621,1.8754236701964146,1
0.029863212643333206,0.07628644469149404,0.029590659137558404,-0.11385544668516663,-2.0276209366042433,0.3556938254826595,1.6848813430803435,-4.956745127292486e-16,0.8736862191712247,2.6335722612628754,1.081802756389621,1.873492009623736,1
0.030085521873947692,0.07608456578163696,0.02986619231892594,-0.11494639077217951,-2.0331259208149213,0.3656938254826595,1.6791797969289521,-4.849614436127044e-16,0.8636862191712247,2.639026039756646,1.071802756389621,1.8717382888512681,1
0.030308549117129612,0.0758869392913126,0.030146261974401168,-0.11604237826550746,-2.038682994895143,0.3756938254826595,1.6734425197912517,-4.89071947523112e-16,0.8536862191712247,2.6446788061532995,1.061802756389621,1.870160277258445,1
0.030532289806331363,0.07569350694520674,0.03043081032096058,-0.1171434028837749,-2.0442881642592408,0.3856938254826595,1.6676741307093688,-4.781843220361323e-16,0.8436862191712247,2.6505280517918353,1.051802756389621,1.868755614236545,1
0.030756739757433232,0.07550420814228558,0.03071977704222186,-0.11824945905082396,-2.0499376523667783,0.3956938254826595,1.6618789895917598,-4.890882431723516e-16,0.8336862191712247,2.656571171811706,1.041802756389621,1.867521830578587,1
0.03098189512895922,0.0753189803937254,0.031013099749042164,-0.11936054181626508,-2.0556278945068325,0.40569382548265953,1.6560612053304815,-4.7828244829420505e-16,0.8236862191712246,2.6628054834334614,1.031802756389621,1.8664563680498154,1
0.031207752384550185,0.0751377597210112,0.0313107143987635,-0.12047664678054162,-2.061355531017977,0.41569382548265954,1.6502246444958473,-4.596874122588535e-16,0.8136862191712246,2.669228242566203,1.021802756389621,1.8655565972118187,1
0.03143430825771859,0.0749604810161736,0.03161255567509564,-0.12159777002455793,-2.067117400082544,0.42569382548265955,1.644372940454672,-4.58530969400187e-16,0.8036862191712246,2.6758366588256353,1.011802756389621,1.8648198335832649,1
0.03166155971887585,0.07478707836627266,0.031918557330780466,-0.12272390804385268,-2.0729105302168764,0.43569382548265956,1.6385095027772534,-4.711498197008258e-16,0.7936862191712246,2.6826279090520906,1.001802756389621,1.8642433522269377,1
0.03171091698962204,0.0744819246768971,0.03195047746841592,-0.12200055408316827,-2.0788024473813245,0.44569382548265957,1.632566603377683,-0.0014479712305951714,0.7860113350677916,2.6775032024890066,0.9949279796224948,1.8583185383275471,1
0.031759242860040914,0.07418300263393356,0.03198163156920796,-0.1212688396923212,-2.0847167984883743,0.4556938254826596,1.6266220520237034,-0.002906901004275427,0.7784954318597792,2.67248083198471,0.9881954642086409,1.8525127800290921,1
0.031989273816660196,0.0740211223836807,0.03229996136426022,-0.1224114222388798,-2.0905806807120655,0.4656938254826596,1.6207491853919418,-0.0029069010042754276,0.7684954318597792,2.679822790519339,0.9781954642086409,1.8523968928122747,1
0.032220667139094286,0.07386312583792894,0.032621947351416374,-0.12355904315901767,-2.0964656550332883,0.4756938254826596,1.61487617199424,-0.0029069010042754194,0.7584954318597792,2.6873369385959456,0.9682168554076145,1.8524304170026231,1
0.032456340240199624,0.07371010649828164,0.032946435414216345,-0.12471169994907523,-2.1023695858593383,0.4856938254826596,1.6090054438327797,-0.0029069010042754376,0.7484954318597792,2.6950204466524053,0.9583543006337204,1.8526106002704053,1
0.03269621009563403,0.07356196662422083,0.03327339040714354,-0.1258693913469469,-2.108290472570846,0.4956938254826596,1.6031392749702438,-0.0029069010042754445,0.7384954318597792,2.7028705488397673,0.9486051643089977,1.8529347329252763,1
0.03294019442341968,0.07341860935725227,0.033602777569922714,-0.12703211615847243,-2.1142264510169495,0.5056938254826596,1.597279781557057,-0.0029069010042754376,0.7284954318597792,2.7108845060819338,0.9389668328766713,1.8534001300026974,1
0.0331882118564149,0.07327993891524487,0.033934562579700706,-0.12819987322361562,-2.1201757863430686,0.5156938254826596,1.5914289305031277,-0.0029069010042754337,0.7184954318597792,2.7190596109382406,0.9294367209430494,1.8540041366766953,1
0.03344018209063106,0.07314586075934502,0.0342687115949159,-0.12937266138567657,-2.1261368660416666,0.5256938254826596,1.585588547862656,-0.0029069010042754276,0.7084954318597791,2.7273931917480727,0.9200122765871237,1.8547441329054886,1
0.03369602601164643,0.07301628173603128,0.03460519129168468,-0.1305504794633408,-2.132108193243314,0.5356938254826596,1.5797603269142984,-0.002906901004275437,0.6984954318597791,2.7358826161263172,0.9106909859140584,1.8556175373819588,1
0.033955665801221196,0.0728911101967061,0.03494396889347344,-0.13173332622537504,-2.1380883802604718,0.5456938254826597,1.5739458359244412,-0.002906901004275442,0.6884954318597791,2.7445252938737674,0.9014703769238775,1.8566218108561727,1
0.03421902502607241,0.07277025609705554,0.03528501219476787,-0.1329212003677855,-2.1440761423921795,0.5556938254826597,1.5681465255860612,-0.002906901004275444,0.6784954318597791,2.7533186793620454,0.8923480227618434,1.8577544588925037,1
0.03448602871062354,0.07265363107824183,0.0356282895793926,-0.13411410049325892,-2.1500702919942594,0.5656938254826597,1.5623637361296328,-0.0029069010042754554,0.6684954318597791,2.7622602734480033,0.8833215444122638,1.8590130341192244,1
0.03475660339540345,0.07254114853183559,0.03597377003408154,-0.1353120250927168,-2.1560697328166536,0.5756938254826597,1.5565987041058715,-0.0029069010042754545,0.6584954318597791,2.771347624968263,0.8743886128927875,1.8603951380239852,1
0.03503067718263562,0.0724327236502401,0.0363214231578473,-0.13651497252882025,-2.16207345460699,0.5856938254826597,1.5508525688428805,-0.002906901004275456,0.6484954318597791,2.7805783318603554,0.8655469510017726,1.8618984223442723,1
0.03530817977043008,0.07232827346421448,0.03667121916764906,-0.1377229410212713,-2.168080527977423,0.5956938254826597,1.5451263785825395,-0.002906901004275456,0.6384954318597791,2.7899500419529497,0.8567943346670185,1.8635205900978287,1
0.0355890424768688,0.07222771686896319,0.037023128900812274,-0.13893592863376591,-2.174090099530117,0.6056938254826597,1.5394210963027994,-0.0029069010042754575,0.6284954318597791,2.799460453463891,0.8481285939400612,1.8652593962941155,1
0.035873198255162164,0.0721309746401308,0.03737712381461246,-0.14015393326246278,-2.180101387235376,0.6156938254826597,1.53373760523404,-0.002906901004275461,0.6184954318597791,2.809107315241331,0.839547613676411,1.8671126483642886,1
0.03616058170094539,0.07203796944091648,0.03773317598339331,-0.1413769526258402,-2.1861136760554083,0.6256938254826597,1.5280767140787241,-0.0029069010042754515,0.6084954318597791,2.818888426779836,0.831049333938458,1.8690782063436584,1
0.03645112905268583,0.07194862582141133,0.03809125809355433,-0.1426049842558215,-2.19212631380587,0.6356938254826597,1.5224391619444986,-0.0029069010042754523,0.598495431859779,2.8288016380404057,0.8226317501544603,1.8711539828374877,1
0.03674344537740753,0.07186237612074868,0.03845081194615304,-0.14383802549005933,-2.1981387072467657,0.6456938254826597,1.5168256230014456,-0.002906901004275448,0.588495431859779,2.8388016380404055,0.8142929130638297,1.873337942797985,1
0.037034856914244345,0.07177818059728439,0.038810768524808324,-0.1450760728275569,-2.204150328419466,0.6556938254826598,1.5112367015539703,-0.002906901004275452,0.578495431859779,2.8488016380404053,0.8060309263796825,1.8756280873406022,1
0.03732536777096881,0.07169599402393721,0.03917112587406728,-0.14631912128783048,-2.2101607207833074,0.6656938254826598,1.5056729274830027,-0.002906901004275453,0.568495431859779,2.858801638040405,0.7978439451198888,1.8780224383048993,1
0.03761498216460788,0.07161577245282823,0.03953188199858095,-0.147567165669578,-2.2161694757991883,0.6756938254826598,1.5001347791095376,-0.0029069010042754515,0.558495431859779,2.868801638040405,0.7897301798249723,1.8805190695109477,1
0.03790370442409722,0.07153747319633048,0.039893034863120624,-0.14882020054679135,-2.2221762298485594,0.6856938254826598,1.4946226868599355,-0.0029069010042754515,0.548495431859779,2.8788016380404047,0.7816878958027615,1.8831161059179249,1
0.03819153899247055,0.07146105480599622,0.04025458239265291,-0.15007822026557005,-2.228180661338346,0.6956938254826598,1.4891370367096932,-0.00290690100427545,0.538495431859779,2.8888016380404045,0.7737154122763551,1.8858117227010989,1
0.03847849042862858,0.07138647704971982,0.04061652247246703,-0.1513412189415698,-2.2341824879824213,0.7056938254826598,1.4836781734171989,-0.0029069010042754506,0.528495431859779,2.8988016380404042,0.7658111014511918,1.8886041442615487,1
0.03876456340872924,0.07131370088745484,0.04097885294834771,-0.15260919045802218,-2.2401814642504814,0.7156938254826598,1.4782464035586753,-0.002906901004275449,0.518495431859779,2.908801638040404,0.7579733875152879,1.8914916431813287,1
0.03904976272723509,0.0712426884457682,0.0413415716267887,-0.15388212846427177,-2.246177378975395,0.7256938254826598,1.472841998375208,-0.0029069010042754454,0.508495431859779,2.918801638040404,0.7502007455851255,1.8944725391353974,1
0.039334093297653715,0.07117340299148103,0.04170467627524149,-0.15516002637477652,-2.252170053110439,0.7356938254826598,1.4674651964423324,-0.0029069010042754428,0.49849543185977896,2.9288016380404036,0.7424917006082663,1.8975451977702291,1
0.03961756015300087,0.07110580890461776,0.04206816462239507,-0.1564428773685268,-2.2581593376280824,0.7456938254826598,1.4621162061723332,-0.0029069010042754493,0.48849543185977895,2.9388016380404034,0.7348448262324905,1.9007080295579348,1
0.039900168446016425,0.07103987165085694,0.04243203435848225,-0.15773067438883712,-2.2641451115523696,0.7556938254826598,1.4567952081589068,-0.002906901004275453,0.47849543185977894,2.948801638040403,0.7272587436500783,1.9039594886335447,1
0.04018192344915704,0.0709755577536551,0.04279628313560963,-0.15902341014347496,-2.270127280117239,0.7656938254826599,1.4515023573735064,-0.002906901004275443,0.46849543185977893,2.958801638040403,0.7197321204248281,1.907298071622262,1
0.040462830554391205,0.0709128347661921,0.04316090856810724,-0.16032107710508806,-2.2761057730434877,0.7756938254826599,1.4462377852221973,-0.002906901004275453,0.4584954318597789,2.9688016380404028,0.7122636693084673,1.9107223164625198,1
0.04074289527281693,0.07085167124326816,0.043525908232895365,-0.16162366751189877,-2.2820805429274214,0.7856938254826599,1.4410016014714668,-0.0029069010042754562,0.4484954318597789,2.9788016380404025,0.7048521470522524,1.914230801229976,1
0.04102212323412174,0.07079203671326507,0.043891279669865974,-0.16293117336863716,-2.288051563734585,0.7956938254826599,1.435793896050988,-0.0029069010042754584,0.4384954318597789,2.9888016380404023,0.6974963532188091,1.917822142966861,1
0.04130052018590297,0.07073390165026894,0.04425702038227625,-0.16424358644768428,-2.2940188293922774,0.8056938254826599,1.430614740740949,-0.0029069010042754636,0.4284954318597789,2.998801638040402,0.6901951289985924,1.921494996520474,1
0.041578091992864025,0.07067723744643775,0.04462312783715242,-0.1655608982904028,-2.299982352474912,0.8156938254826599,1.425464190751142,-0.0029069010042754623,0.4184954318597789,3.008801638040402,0.6829473560347251,1.92524805339408,1
0.041854844635901306,0.07062201638468532,0.04498959946570186,-0.16688310020863295,-2.3059421629765895,0.8256938254826599,1.4203422861986197,-0.002906901004275449,0.4084954318597789,3.0188016380404017,0.6757519552594484,1.929080040612963,1
0.04213078421109515,0.0705682116117415,0.0453564326637319,-0.16821018328633275,-2.3118983071655625,0.8356938254826599,1.4152490534903515,-0.0029069010042754493,0.39849543185977887,3.0288016380404015,0.6686078857449282,1.9329897196079475,1
0.04240591692861575,0.0705157971116397,0.04572362479207422,-0.16954213838134705,-2.317850846515563,0.8456938254826599,1.4101845066169612,-0.002906901004275447,0.38849543185977886,3.0388016380404013,0.6615141435707325,1.9369758851183472,1
0.0426802491115557,0.07046474767967346,0.04609117317701317,-0.17087895612728712,-2.3237998567092775,0.8556938254826599,1.4051486483632452,-0.0029069010042754484,0.37849543185977885,3.048801638040401,0.6544697607099154,1.941037364115898,1
0.04295378719469839,0.0704150388968566,0.0464590751107171,-0.17222062693550702,-2.3297454267094873,0.8656938254826599,1.4001414714408902,-0.0029069010042754462,0.36849543185977884,3.058801638040401,0.6474738039353186,1.945173014750991,1
0.04322653772323087,0.07036664710491464,0.04682732785167184,-0.17356714099716347,-2.335687657893691,0.87569382548266,1.395162959548446,-0.0029069010042754484,0.35849543185977883,3.0688016380404006,0.6405253737473819,1.9493817253222114,1
0.04349850735140858,0.07031954938182931,0.047195928625115506,-0.17491848828534926,-2.3416266632482694,0.88569382548266,1.3902130883633252,-0.0029069010042754493,0.3484954318597788,3.0788016380404004,0.633623603324497,1.953662413269986,1
0.043769702841179835,0.07027372351795264,0.04756487462347367,-0.17627465855728622,-2.3475625666184747,0.89569382548266,1.385291826470323,-0.0029069010042754562,0.3384954318597788,3.0888016380404,0.6267676574967271,1.9580140241948956,1
0.04404013106077557,0.07022914799270268,0.04793416300679453,-0.17763564135657162,-2.353495502010765,0.90569382548266,1.3803991362308712,-0.002906901004275453,0.3284954318597788,3.0988016380404,0.6199567317434893,1.9624355309010801,1
0.04430979898327011,0.07018580195184888,0.048303790903183506,-0.1790014260154676,-2.359425612944236,0.91569382548266,1.3755349745969674,-0.002906901004275446,0.3184954318597788,3.1088016380403998,0.6131900512156118,1.9669259324649586,1
0.04457871368511803,0.07014366518539168,0.048673755409236685,-0.18037200165722714,-2.3653530518480648,0.92569382548266,1.370699293873513,-0.002906901004275437,0.3084954318597788,3.1188016380403996,0.6064668697820546,1.9714842533293846,1
0.04484688234467143,0.07010271810603774,0.04904405359047296,-0.18174735719844914,-2.3712779795021093,0.93569382548266,1.365892042432533,-0.0029069010042754393,0.2984954318597788,3.1288016380403993,0.5997864691014135,1.976109542423223,1
0.045114312240681666,0.07006294172826977,0.049414682481764324,-0.1831274813514576,-2.3772005645179823,0.94569382548266,1.3611131653825415,-0.0029069010042754506,0.2884954318597788,3.138801638040399,0.5931481577182244,1.9808008723062283,1
0.04538101075078911,0.07002431764800761,0.04978563908776419,-0.18451236262669818,-2.3831209828580624,0.95569382548266,1.356362605196133,-0.0029069010042754515,0.27849543185977876,3.148801638040399,0.5865512701839873,1.9855573383390341,1
0.04564698535000368,0.06998682802285534,0.050156920383333574,-0.18590198933514915,-2.3890394173901055,0.96569382548266,1.3516403022986576,-0.002906901004275461,0.26849543185977875,3.1588016380403987,0.579995166202727,1.990378057877975,1
0.04591224360917935,0.06995045555292735,0.050528523313964804,-0.1872963495907413,-2.3949560574752424,0.97569382548266,1.346946195620683,-0.002906901004275455,0.25849543185977875,3.1688016380403985,0.5734792298008468,1.9952621694943995,1
0.046176793193484986,0.06991518346224505,0.05090044479620271,-0.18869543131278302,-2.400871098587306,0.98569382548266,1.342280223116764,-0.0029069010042754645,0.24849543185977874,3.1788016380403983,0.5670028685209649,2.000208832218082,1
0.0464406418608727,0.06988099548069505,0.05127268171806348,-0.19009922222839,-2.406784741961559,0.99569382548266,1.33764232225289,-0.002906901004275462,0.23849543185977873,3.188801638040398,0.5605655126393531,2.0052172248043214,1
0.04670379746054725,0.06984787582653801,0.051645230939450525,-0.19150770987491242,-2.4126971942710207,1.00569382548266,1.333032430464825,-0.0029069010042754714,0.22849543185977872,3.198801638040398,0.5541666144065888,2.010286545024214,1
0.04696626793143621,0.0698158091894571,0.052018089292568015,-0.19292088160236157,-2.4186086673287166,1.01569382548266,1.3284504855894237,-0.0029069010042754666,0.2184954318597787,3.2088016380403976,0.5478056473109482,2.015416008977647,1
0.04722806130066382,0.06978478071413423,0.052391253582331494,-0.1943387245758305,-2.4245193778142675,1.02569382548266,1.3238964262708726,-0.002906901004275469,0.2084954318597787,3.2188016380403974,0.5414821053640815,2.0206048504284535,1
0.04748918568202877,0.06975477598434165,0.05276472058677592,-0.19576122577790936,-2.4304295470233646,1.03569382548266,1.3193701923436814,-0.002906901004275477,0.1984954318597787,3.228801638040397,0.5351955024084578,2.025852320161208,1
0.04774964927448719,0.06972578100753618,0.05313848705746107,-0.1971883720110921,-2.436339400638759,1.04569382548266,1.3148717251941402,-0.002906901004275487,0.18849543185977868,3.238801638040397,0.5289453714460577,2.0311576853591036,1
0.04800946036064138,0.06969778219994306,0.053512549719874486,-0.19862014990017504,-2.442249168521483,1.05569382548266,1.310400968101852,-0.002906901004275478,0.17849543185977867,3.248801638040397,0.5227312639877788,2.036520229002352,1
0.04826862730523584,0.06967076637211626,0.05388690527383164,-0.20005654589464425,-2.4481590845211185,1.06569382548266,1.3059578665628486,-0.00290690100427548,0.16849543185977867,3.2588016380403966,0.5165527494230175,2.0419392492865285,1
0.04852715855365985,0.069644720714962,0.05426155039387391,-0.20149754627105315,-2.4540693863039973,1.07569382548266,1.3015423685957082,-0.002906901004275486,0.15849543185977866,3.2688016380403964,0.5104094144088629,2.047414059060311,1
0.0487850626304585,0.0696196327862119,0.05463648172966394,-0.20294313713538709,-2.4599803151983113,1.08569382548266,1.2971544250319953,-0.0029069010042754896,0.14849543185977865,3.278801638040396,0.5043008622783545,2.0529439852820146,1
0.04904234813785054,0.06959549049733274,0.05501169590637914,-0.20439330442541812,-2.465892116055163,1.09569382548266,1.29279398979228,-0.002906901004275488,0.13849543185977864,3.288801638040396,0.4982267124672361,2.0585283684943967,1
0.049299023754256106,0.06957228210085943,0.05538718952510235,-0.20584803391304424,-2.4718050371246454,1.10569382548266,1.288461020148918,-0.0029069010042754887,0.12849543185977863,3.2988016380403957,0.492186599958683,2.0641665623171157,1
0.04955509823283121,0.06954999617813802,0.055762959163211154,-0.20730731120661897,-2.477719329946156,1.11569382548266,1.2841554769766712,-0.0029069010042754857,0.11849543185977864,3.3088016380403955,0.486180174745401,2.0698579329563462,1
0.04981058040001166,0.06952862162746595,0.05613900137476479,-0.2087711217532663,-2.483635249252128,1.12569382548266,1.2798773249922362,-0.002906901004275478,0.10849543185977864,3.3188016380403953,0.4802071013085987,2.075601858730957,1
0.050065479154065264,0.06950814765261645,0.056515312690889295,-0.21023945084118353,-2.4895530528844887,1.13569382548266,1.2756265329836365,-0.0029069010042754796,0.09849543185977865,3.328801638040395,0.47426705811326686,2.081397729614729,1
0.050319803463652356,0.06948856375173475,0.05689188962016097,-0.21171228360193134,-2.495473001723166,1.14569382548266,1.271403074030415,-0.0029069010042754844,0.08849543185977865,3.338801638040395,0.4683597371192401,2.0872449467940895,1
0.05057356236639435,0.06946985970659364,0.05726872864898836,-0.21318960501271159,-2.501395359626025,1.15569382548266,1.267206925715487,-0.0029069010042754866,0.07849543185977866,3.3488016380403947,0.46248484330751494,2.093142922240834,1
0.05082676496745122,0.06945202557219618,0.05764582624199241,-0.21467139989863177,-2.5073203933796577,1.16569382548266,1.2630380703294828,-0.0029069010042754775,0.06849543185977866,3.3588016380403944,0.4566420942213217,2.0990910782993235,1
0.05107942043810593,0.06943505166671378,0.05802317884238569,-0.21615765293495917,-2.5132483726605104,1.17569382548266,1.258896495068346,-0.00290690100427548,0.05849543185977866,3.3688016380403942,0.45083121952142474,2.105088847287674,1
0.051331538014357254,0.069418928561748,0.05840078287235011,-0.21764834864936228,-2.519179570005834,1.1856938254826601,1.2547821922249343,-0.0029069010042754814,0.04849543185977866,3.378801638040394,0.4450519605551821,2.1111356711124407,1
0.05158312699551978,0.06940364707290476,0.0587786347334136,-0.21914347142414095,-2.5251142607940253,1.1956938254826601,1.2506951593753077,-0.0029069010042754822,0.038495431859778655,3.388801638040394,0.43930406993886645,2.1172310008963295,1
0.0518341967428308,0.06938919825066987,0.05915673080682594,-0.2206430054984469,-2.5310527232339353,1.205692047737506,1.2466353995603716,-0.0029069010042754835,0.028495431859778653,3.3988016380403936,0.4335873111527798,2.1233742966184748,1
0.05208475665520852,0.06937557328961588,0.05953506745849282,-0.22214693500498425,-2.5369952439263024,1.2156670485063954,1.2426029194838493,-0.0029069010042754857,0.01849543185977865,3.4088016380403934,0.4279014543418713,2.129565023701004,1
0.05233481592072874,0.06936276264210203,0.05991364108878884,-0.2236552443451716,-2.542942178836878,1.2256191939813332,1.2385977089194868,-0.0029069010042754883,0.00849543185977865,3.418801638040393,0.42224623512951137,2.135802619880199,1
0.05258438380470765,0.06935075706091061,0.06029244807542851,-0.22516791775451686,-2.548893884267079,1.2355488410927333,1.2346197672382881,-0.002906901004275488,-0.0015045681402213497,3.428801638040393,0.4166214030026398,2.1420865342516953,1
0.05283346964737447,0.06933954758539407,0.060671484773995484,-0.22668493930624709,-2.5548507169477133,1.2454563375673762,1.2306691034442792,-0.002906901004275478,-0.01150456814022135,3.4388016380403927,0.4110267206932532,2.1484162267274267,1
0.05308208286160102,0.06932912552823776,0.06105074751846319,-0.22820629291485267,-2.560813034138079,1.2553420219898574,1.2267457362121637,-0.002906901004275476,-0.02150456814022135,3.4488016380403925,0.4054619635866936,2.154791167517522,1
0.05333023293068482,0.0693194824628058,0.06143023262170747,-0.22973196233955034,-2.566781193730021,1.265206223866613,1.2228496939273503,-0.0029069010042754723,-0.03150456814022135,3.4588016380403923,0.3999269191553206,2.161210836635853,1
0.05357792940618215,0.06931061021103901,0.06180993637601185,-0.2312619311876715,-2.5727555543566227,1.275049263691816,1.218981014728749,-0.0029069010042754727,-0.041504568140221354,3.468801638040392,0.3944213864162084,2.1676747234279854,1
0.05382518190578865,0.06930250083187614,0.0621898550535659,-0.23279618291797793,-2.578736475505198,1.2848714530143985,1.2151397465547418,-0.0029069010042754675,-0.051504568140221356,3.478801638040392,0.3889451754116019,2.174182326120347,1
0.0540720001112645,0.06929514661017032,0.06256998490695712,-0.23433470084391092,-2.5847243176343286,1.294673094505595,1.2113259471926758,-0.002906901004275466,-0.06150456814022136,3.4888016380403917,0.38349810671092266,2.180733151389503,1
0.05431839376640084,0.06928854004607507,0.06295032216965711,-0.23587746813677785,-2.5907194422947097,1.3044544820264492,1.2075396843322028,-0.00290690100427545,-0.07150456814022135,3.4988016380403915,0.3780800109331743,2.1873267139504926,1
0.054564372675025195,0.06928267384487478,0.0633308630565023,-0.2374244678288799,-2.596722212253591,1.3142159006947594,1.203781035622774,-0.00290690100427544,-0.08150456814022135,3.5088016380403912,0.3726907282886681,2.193962536163218,1
0.05480994669904339,0.0692775409072365,0.06371160376416973,-0.23897568281658477,-2.6027329916226383,1.323957626951009,1.2000500887355718,-0.0029069010042754367,-0.09150456814022134,3.518801638040391,0.36733010813904665,2.2006401476559536,1
0.05505512575651508,0.06927313431986075,0.0640925404716484,-0.24053109586334873,-2.6087521459890644,1.3336799286228662,1.1963469414301409,-0.0029069010042754376,-0.10150456814022134,3.528801638040391,0.36199800857462416,2.20735908496508,1
0.05529991981976113,0.06926944734651024,0.06447366934070654,-0.24209068960269045,-2.6147800425498993,1.343383064987875,1.192671701625967,-0.002906901004275441,-0.11150456814022133,3.5388016380403906,0.3566942960081283,2.214118891190186,1
0.055544338913499726,0.06926647341939692,0.06485498651635527,-0.24365444654112148,-2.620817050249282,1.353067286833982,1.1890244874792426,-0.002906901004275437,-0.12150456814022133,3.5488016380403904,0.35141884478396473,2.2209191156637607,1
0.055788393113009614,0.06926420613090796,0.06523648812730909,-0.24522234906103613,-2.6268635399187112,1.362732836517627,1.185405427465027,-0.002906901004275432,-0.13150456814022132,3.55880163804039,0.34617153680216833,2.2277593136346963,1
0.05603209254231853,0.0692626392256531,0.06561817028644334,-0.24679437942356272,-2.632919884420143,1.3723799480190526,1.181814660465033,-0.0029069010042754215,-0.14150456814022133,3.56880163804039,0.34095226115626776,2.2346390459648857,1
0.05627544737241354,0.06926176659281617,0.06600002909124957,-0.2483705197713825,-2.6389864587919214,1.3820088469946412,1.1782523358612227,-0.0029069010042754285,-0.15150456814022134,3.5788016380403898,0.3357609137842894,2.241557878838248,1
0.056518467819473166,0.06926158225879464,0.0663820606242883,-0.249950752131515,-2.64506364039747,1.3916197508259907,1.174718613635422,-0.002906901004275431,-0.16150456814022135,3.5888016380403895,0.3305973971322118,2.2485153834815006,1
0.05676116414311739,0.06926208038011167,0.06676426095364055,-0.2515350584180766,-2.651151809076734,1.4012128686655396,1.171213664475137,-0.0029069010042754354,-0.17150456814022136,3.5988016380403893,0.32546161982917093,2.2555111358960995,1
0.05700354664467476,0.0692632552365862,0.06714662613335778,-0.25312342043501407,-2.657251347300352,1.4107884014785386,1.1677376698857558,-0.002906901004275434,-0.18150456814022137,3.608801638040389,0.320353496373779,2.2625447166007424,1
0.057245625665464976,0.06926510122474701,0.06752915220391068,-0.25471581987881325,-2.6633626403265493,1.4203465420811685,1.164290822309323,-0.002906901004275427,-0.19150456814022138,3.618801638040389,0.3152729468309437,2.2696157103838663,1
0.05748741158509399,0.06926761285147728,0.06791183519263748,-0.2563122383411902,-2.669486076360772,1.4298874751746606,1.1608733252500532,-0.0029069010042754163,-0.20150456814022139,3.6288016380403887,0.3102198965385828,2.2767237060656385,1
0.05772891481976058,0.0692707847278774,0.06829467111419193,-0.2579126573117643,-2.6756220467180523,1.4394113773752182,1.1574853934067761,-0.0029069010042754185,-0.2115045681402214,3.6388016380403885,0.3051942758236877,2.2838682962689214,1
0.05797014582057328,0.06927461156333324,0.06867765597099096,-0.2595170581807161,-2.681770945988161,1.4489184172396339,1.1541272528124693,-0.0029069010042754202,-0.2215045681402214,3.6488016380403883,0.30019601972719245,2.2910490771987093,1
0.058211115071874,0.06927908815977896,0.06906078575366303,-0.26112542224143453,-2.687933172203549,1.4584087552864242,1.1507991409810667,-0.0029069010042754155,-0.2315045681402214,3.658801638040388,0.2952250677371218,2.2982656484296258,1
0.05845183308956889,0.06928420940614266,0.06944405644149693,-0.2627377306931541,-2.6941091270101363,1.4678825440123686,1.1475013070617097,-0.0029069010042754085,-0.24150456814022142,3.668801638040388,0.2902813635295399,2.3055176127009886,1
0.05869231041946311,0.06928997027296471,0.06982746400289147,-0.2643539646435852,-2.700299215840975,1.477339927904294,1.1442340120006231,-0.002906901004275418,-0.25150456814022143,3.6788016380403876,0.28536485471681616,2.312804575719063,1
0.05893255763559845,0.0692963658071781,0.07021100439580676,-0.26597410511154074,-2.70650384809286,1.486781043446022,1.14099752871078,-0.0029069010042754094,-0.26150456814022144,3.6888016380403874,0.280475492602747,2.3201261459660794,1
0.05917258533859194,0.06930339112704137,0.07059467356821691,-0.26759813302956126,-2.712723437305918,1.496206019120313,1.1377921422495472,-0.002906901004275408,-0.27150456814022145,3.698801638040387,0.27561323194410153,2.327481934515645,1
0.059412404153974425,0.0693110414172143,0.07097846745856466,-0.26922602924653954,-2.7189584013462498,1.5056149754057095,1.1346181500044823,-0.002906901004275407,-0.28150456814022146,3.708801638040387,0.27077803071816664,2.3348715548541517,1
0.05965202473052587,0.06931931192396759,0.07136238199621861,-0.2708577745303511,-2.7252091625916894,1.5150080247681663,1.1314758618874652,-0.0029069010042754,-0.29150456814022147,3.7188016380403868,0.26596984989586897,2.3422946227078705,1
0.0598914577386075,0.06932819795051746,0.07174641310193278,-0.2724933495704883,-2.7314761481207404,1.5243852716473285,1.1283656005373541,-0.002906901004275393,-0.3015045681402215,3.7288016380403866,0.26118865322009244,2.349750755875342,1
0.06013071386848771,0.06933769485247677,0.07213055668830948,-0.2741327349807052,-2.737759789904768,1.5337468124373628,1.1252877015313474,-0.002906901004275388,-0.3115045681402215,3.7388016380403863,0.2564344069887935,2.357239574064769,1
0.06036980382866072,0.06934779803341436,0.07251480866026533,-0.2757759113016717,-2.7440605250035115,1.5430927354622053,1.1222425136052485,-0.0029069010042753894,-0.3215045681402215,3.748801638040386,0.25170707984254687,2.3647606987360708,1
0.060608738344155616,0.0693585029405146,0.07289916491550127,-0.2774228590036442,-2.750378795764006,1.5524231209451276,1.1192303988828205,-0.0029069010042753907,-0.3315045681402215,3.758801638040386,0.2470066425561477,2.372313752947311,1
0.06084752815483503,0.06936980506032941,0.07328362134497639,-0.27907355848915005,-2.756715050022971,1.5617380409724746,1.1162517331144388,-0.002906901004275387,-0.3415045681402215,3.7688016380403857,0.24233306783393058,2.3798983612051714,1
0.06108618401368033,0.06938169991461493,0.07366817383338647,-0.2807279900956932,-2.7630697413127745,1.571037559451489,1.1133069059252279,-0.0029069010042753847,-0.3515045681402215,3.7788016380403855,0.23768633010843132,2.3875141493192142,1
0.061324716685061925,0.0693941830562458,0.07405281825964757,-0.28238613409848257,-2.7694433290710094,1.5803217320620455,1.1103963210729062,-0.0029069010042753894,-0.3615045681402215,3.7888016380403853,0.23306640534207312,2.395160744259642,1
0.061563136942993195,0.06940725006519928,0.07443755049738474,-0.28404797071318477,-2.7758362788538116,1.589590606202229,1.1075203967155252,-0.002906901004275386,-0.37150456814022154,3.798801638040385,0.22847327083152358,2.402837774018268,1
0.06180145556936569,0.06942089654460247,0.07482236641542649,-0.2857134800987049,-2.782249062552954,1.598844220927562,1.1046795656893347,-0.002906901004275375,-0.38150456814022154,3.808801638040385,0.22390690501440494,2.4105448674724412,1
0.06203968335216373,0.06943511811683531,0.07520726187830555,-0.28738264235999866,-2.788682158616827,1.6080826068837943,1.101874275796975,-0.0029069010042753764,-0.39150456814022155,3.8188016380403846,0.21936728727802,2.4182816542516568,1
0.06227783108365561,0.06944991041968271,0.07559223274676642,-0.2890554375509197,-2.79513605227536,1.6173057862330802,1.0991049901062222,-0.0029069010042753712,-0.40150456814022156,3.8288016380403844,0.2148543977697718,2.426047764606619,1
0.06251590955856005,0.0694652691025287,0.07597727487827997,-0.29073184567710514,-2.8016112357689904,1.6265137725734362,1.0963721872594965,-0.002906901004275371,-0.41150456814022157,3.838801638040384,0.2103682172089521,2.433842829280476,1
0.06275392957218595,0.06948118982258587,0.07636238412756557,-0.29241184669889925,-2.808108208581708,1.6357065708512737,1.0936763617943766,-0.002906901004275356,-0.4215045681402216,3.848801638040384,0.2059087266995915,2.441666479381981,1
0.06299190191854137,0.0694976682411535,0.07674755634712178,-0.29409542053432625,-2.8146274776782914,1.6448841772669096,1.0910180244753238,-0.0029069010042753586,-0.4315045681402216,3.858801638040384,0.2014759075440282,2.4495183462603682,1
0.06322983738841165,0.06951470001989744,0.0771327873877654,-0.2957825470621076,-2.8211695577457694,1.6540465791728518,1.0883977026368596,-0.002906901004275343,-0.4415045681402216,3.8688016380403836,0.19706974105690023,2.4573980613816566,1
0.0634677467674021,0.06953228081714526,0.07751807309918007,-0.29747320612473394,-2.8277349714391957,1.663193754964722,1.0858159405384158,-0.002906901004275343,-0.4515045681402216,3.8788016380403834,0.1926902083792158,2.4653052562061766,1
0.06370564083394412,0.06955040628418968,0.07790340933047478,-0.2991673775315915,-2.834324249631766,1.6723256739646126,1.0832732997310954,-0.002906901004275335,-0.4615045681402216,3.888801638040383,0.18833729029220228,2.4732395620670644,1
0.0639435303572608,0.06956907206159399,0.07828879193075287,-0.3008650410621503,-2.8409379316693504,1.681442296296722,1.0807703594365705,-0.0029069010042753283,-0.4715045681402216,3.898801638040383,0.1840109670305889,2.4812006100494997,1
0.06418142609529058,0.0695882737754921,0.0786742167496922,-0.30256617646921474,-2.847576565629475,1.6905435727550717,1.0783077169383453,-0.002906901004275327,-0.48150456814022163,3.9088016380403827,0.17971121809501028,2.4891880308704293,1
0.06441933879256402,0.069608007033877,0.0790596796381375,-0.30427076348224646,-2.8542407085847983,1.6996294446631257,1.0758859879856149,-0.0029069010042753287,-0.49150456814022164,3.9188016380403825,0.17543802206318196,2.497201454758578,1
0.06465727917803307,0.0696282674228704,0.0794451764487049,-0.3059787818107569,-2.860930926871085,1.7086998437250756,1.0735058072099515,-0.002906901004275323,-0.5015045681402216,3.9288016380403823,0.17119135639953417,2.50524051133446,1
0.06489525796284697,0.0696490505029667,0.07983070303640037,-0.3076902111477825,-2.8676477963597304,1.7177546918686426,1.07116782855503,-0.0029069010042753235,-0.5115045681402216,3.938801638040382,0.16697119726293452,2.5133048294902096,1
0.06513328583807386,0.06967035180524422,0.08021625525925187,-0.3094050311734395,-2.874391902734804,1.726793901079122,1.068872725719624,-0.0029069010042753305,-0.5215045681402216,3.948801638040382,0.1627775193121764,2.5213940372689376,1
0.06537137347236205,0.06969216682753672,0.08060182897895704,-0.31112322155857236,-2.881163841774634,1.7358173732244984,1.0666211926140776,-0.0029069010042753265,-0.5315045681402216,3.9588016380403817,0.15861029550885541,2.529507761743431,1
0.06560953150953991,0.06971449103055755,0.08098742006154636,-0.31284476196849265,-2.8879642196378925,1.7448249998713712,1.0644139438304636,-0.0029069010042753252,-0.5415045681402216,3.9688016380403814,0.15446949691729223,2.537645628893891,1
0.06584777056614771,0.06973731983396952,0.0813730243780636,-0.3145696320668221,-2.894793653154157,1.7538166620914755,1.062251715126624,-0.0029069010042753252,-0.5515045681402216,3.9788016380403812,0.15035509250111115,2.5458072634845306,1
0.06608610122890018,0.0697606486123926,0.08175863780526366,-0.3162978115194388,-2.901652770118876,1.7627922302585337,1.0601352639242851,-0.0029069010042753235,-0.5615045681402216,3.988801638040381,0.14626704891611558,2.553992288938718,1
0.06632453405207298,0.06978447269134183,0.08214425622632962,-0.31802927999854,-2.908542209592698,1.7717515638352264,1.0580653698214142,-0.0029069010042753213,-0.5715045681402217,3.998801638040381,0.14220533029904975,2.562200327212471,1
0.06656307955481011,0.0698087873430877,0.08252987553160962,-0.3197640171868226,-2.915462622205026,1.7806945111499783,1.05604283511899,-0.00290690100427532,-0.5815045681402217,4.008801638040381,0.13816989805186455,2.5704309986660188,1
0.06680174821834757,0.06983358778243072,0.08291549161937467,-0.32150200278179103,-2.9224146704617193,1.7896209091633386,1.0540684853623232,-0.002906901004275327,-0.5915045681402217,4.01880163804038,0.13416071062106874,2.5786839219331665,1
0.0670405504831476,0.06985886916238224,0.08330110039659884,-0.3232432165001988,-2.9293990290567713,1.7985305832236547,1.0521431698970591,-0.002906901004275319,-0.6015045681402217,4.02880163804038,0.13017772327174693,2.586958713788223,1
0.06727949674593843,0.06988462656974281,0.08368669777976312,-0.32498763808263537,-2.9364163851878153,1.807423346811798,1.05026776243996,-0.0029069010042753075,-0.6115045681402217,4.03880163804038,0.12622088785580582,2.595254989010221,1
0.06751859735665594,0.06991085502056951,0.08407227969568358,-0.3267352472982574,-2.94346743887523,1.8162990012746172,1.0484431616645553,-0.0029069010042753127,-0.6215045681402217,4.04880163804038,0.12229015257401885,2.6035723602441188,1
0.06775786261527889,0.06993754945552344,0.08445784208236616,-0.3284860239496838,-2.95055290328464,1.8251573355468806,1.0466702918017021,-0.002906901004275313,-0.6315045681402217,4.0588016380403795,0.11838546173138736,2.6119104378587643,1
0.06799730276855402,0.06996470473508823,0.08484338088988881,-0.3302399478780542,-2.9576735050525134,1.8339981258613756,1.0449501032550808,-0.002906901004275311,-0.6415045681402217,4.068801638040379,0.11450675548536624,2.620268829801297,1
0.06823692800660365,0.06999231563465028,0.08522889208131293,-0.331996998968268,-2.9648299846145627,1.8428211354468993,1.0432835732316064,-0.0029069010042753218,-0.6515045681402217,4.078801638040379,0.11065396958645603,2.628647141447725,1
0.06847674845941078,0.07002037683943095,0.0856143716336251,-0.33375715715440474,-2.972023096536585,1.8516261142138255,1.0416717063867027,-0.002906901004275313,-0.6615045681402217,4.088801638040379,0.10682703511067265,2.637044975449353,1
0.06871677419317299,0.07004888293926134,0.08599981553871162,-0.3355204024253454,-2.979253609847347,1.8604127984269567,1.0401155354843334,-0.002906901004275311,-0.6715045681402217,4.098801638040379,0.10302587818336717,2.64546193157481,1
0.06895701520652067,0.07007782842318903,0.08638521980436653,-0.33728671483059597,-2.9865223083730523,1.8691809103653498,1.0386161220716452,-0.0029069010042753066,-0.6815045681402218,4.1088016380403785,0.09925041969388361,2.653897606547317,1
0.0691974814265899,0.07010720767390706,0.08677058045533595,-0.3390560744863332,-2.9938299910728983,1.8779301579688312,1.0371745571680098,-0.0029069010042753174,-0.6915045681402218,4.118801638040378,0.09550057500049451,2.662351593876947,1
0.06943818270494465,0.07013701496199413,0.08715589353439965,-0.3408284615816749,-3.0011774723751348,1.8866602344708732,1.0357919619682041,-0.0029069010042753174,-0.7015045681402218,4.128801638040378,0.09177625362507541,2.6708234836875,1
0.0696791288133391,0.07016724443995569,0.08754115510349242,-0.342603856385193,-3.0085655825130067,1.8953708180175586,1.0344694885593906,-0.0029069010042753105,-0.7115045681402218,4.138801638040378,0.088077358936933,2.6793128625377274,1
0.06992032943931191,0.07019789013605462,0.08792636124486732,-0.3443822392516801,-3.0159951678598658,1.9040615712723223,1.033208320651486,-0.002906901004275309,-0.7215045681402218,4.148801638040378,0.08440378782520525,2.6878193132365653,1
0.07016179418160572,0.07022894594792045,0.08831150806230205,-0.34616359062918006,-3.0234670912626873,1.9127321410062024,1.0320096743204277,-0.00290690100427531,-0.7315045681402218,4.158801638040377,0.08075543035924448,2.6963424146520265,1
0.07040353254540062,0.07026040563592582,0.08869659168235194,-0.3479478910662981,-3.0309822323730944,1.9213821576732775,1.0308747987637596,-0.002906901004275303,-0.7415045681402218,4.168801638040377,0.07713216943636006,2.704881741513476,1
0.07064555393735518,0.0702922628163185,0.0890816082556505,-0.34973512121980266,-3.0385414879749817,1.930011234971078,1.0298049770678461,-0.002906901004275299,-0.7515045681402218,4.178801638040377,0.07353388041631007,2.713436864206899,1
0.0708878676604437,0.07032451095409734,0.08946655395826085,-0.3515252618625338,-3.0461457723076544,1.9386189693856648,1.028801526985932,-0.0029069010042752992,-0.7615045681402218,4.188801638040377,0.06996043074190174,2.722007348562884,1
0.07113048290858145,0.07035714335562046,0.08985142499307994,-0.3533182938916327,-3.053796017383358,1.9472049397211673,1.0278658017261335,-0.0029069010042752945,-0.7715045681402218,4.1988016380403765,0.0664116795450664,2.730592755636951,1
0.07137340876102785,0.07039015316093364,0.090236217591298,-0.3551141983371049,-3.0614931732979156,1.955768706613535,1.0269991907483234,-0.002906901004275288,-0.7815045681402218,4.208801638040376,0.06288747723776199,2.7391926414819108,1
0.07161665417655662,0.07042353333580731,0.09062092801391629,-0.3569129563707361,-3.069238208533105,1.9643098120283187,1.026203120568729,-0.0029069010042752767,-0.7915045681402219,4.218801638040376,0.05938766508704525,2.7478065569119456,1
0.07186022798738481,0.07045727666346989,0.09100555255332474,-0.3587145493153709,-3.077032110249264,1.972827778742299,1.0254790555709075,-0.002906901004275271,-0.8015045681402219,4.228801638040376,0.055912074773675026,2.75643404725804,1
0.07210413889284703,0.07049137573602632,0.09139008753494361,-0.36051895865457856,-3.0848758845664936,1.981322109808841,1.024828498821595,-0.0029069010042752676,-0.8115045681402219,4.238801638040376,0.05246052793357209,2.7650746521145306,1
0.07234839545280801,0.07052582294554971,0.09177452931893028,-0.36232616604270956,-3.092770556832621,1.9897922880068122,1.0242529928897515,-0.00290690100427526,-0.8215045681402219,4.2488016380403755,0.04903283568152348,2.773727905076379,1
0.07259300608079974,0.07056061047483508,0.09215887430195512,-0.36413615331537175,-3.1007171718760467,1.9982377752730762,1.023754120666913,-0.0029069010042752455,-0.8315045681402219,4.258801638040375,0.04562879811646172,2.7823933334669535,1
0.0728379790368747,0.07059573028780411,0.0925431189190484,-0.3659489025003319,-3.108716794241298,2.006658012118474,1.023333506186766,-0.0029069010042752424,-0.8415045681402219,4.268801638040375,0.04224820380772068,2.791070458055993,1
0.07308332242016176,0.07063117411955085,0.09292725964552208,-0.3677643958288689,-3.116770508405042,2.0150524170273654,1.0229928154416188,-0.0029069010042752346,-0.8515045681402219,4.278801638040375,0.03889082926165079,2.7997587927675633,1
0.07332904416111771,0.07066693346601789,0.09331129299896763,-0.3695826157475832,-3.124879418970048,2.0234203858407906,1.0227337571931994,-0.0029069010042752294,-0.8615045681402219,4.288801638040375,0.03555643836803709,2.8084578443776933,1
0.07357515201346075,0.07070299957329447,0.09369521554133423,-0.3714035449306886,-3.133044650834444,2.0317612911234364,1.02255808377495,-0.0029069010042752324,-0.8715045681402219,4.298801638040374,0.032244781825762577,2.8171671122015605,1
0.07382165354577702,0.07073936342652805,0.09407902388108909,-0.37322716629279556,-3.1412673493333667,2.0400744815146177,1.022467591882691,-0.002906901004275233,-0.8815045681402219,4.308801638040374,0.028955596547228388,2.825886087770036,1
0.07406855613278976,0.07077601573844236,0.0944627146754631,-0.3750534630022062,-3.1495486803498993,2.048359281063606,1.0224641233502352,-0.0029069010042752316,-0.8915045681402219,4.318801638040374,0.025688605041074713,2.834614254495469,1
0.07431586694628307,0.07081294693745599,0.09484628463278355,-0.3768824184947273,-3.157889830391926,2.056614988549677,1.022549565906191,-0.0029069010042752264,-0.901504568140222,4.328801638040374,0.022443514772838305,2.843351087326607,1
0.07456359294566854,0.07085014715539764,0.0952297305148975,-0.37871401648802494,-3.166292006631335,2.0648408767874185,1.022725853907858,-0.0029069010042752285,-0.911504568140222,4.3388016380403736,0.019220017503207575,2.8520960523926897,1
0.07481174086819017,0.07088760621481491,0.09561304913968664,-0.38054824099652285,-3.1747564369016925,2.0730361919178986,1.0229949690477356,-0.0029069010042752255,-0.921504568140222,4.348801638040373,0.016017788603676964,2.8608486066366683,1
0.07506031721875679,0.07092531361587703,0.0959962373836772,-0.3823850763468659,-3.183284369650269,2.081200152686438,1.0233589410277728,-0.002906901004275211,-0.931504568140222,4.358801638040373,0.012836486349456772,2.8696081974377616,1
0.07530932825939955,0.07096325852287265,0.09637929218474502,-0.3842245071939454,-3.1918770738399873,2.0893319497078573,1.0238198481960719,-0.0029069010042752034,-0.941504568140222,4.368801638040373,0.00967575118965203,2.8783742622234336,1
0.0755587799983466,0.07100142975030804,0.09676221054491863,-0.38606651853750545,-3.2005358387966023,2.097430744720236,1.024379818140308,-0.0029069010042752073,-0.951504568140222,4.378801638040373,0.006535204994825119,2.887146228071165,1
0.07580867817871403,0.07103981574861311,0.09714498953328063,-0.3879110957393263,-3.209261973996081,2.1054956698283562,1.025041028231666,-0.0029069010042751977,-0.961504568140222,4.3888016380403725,0.00341445028223274,2.8959235113003445,1
0.0760590282668105,0.0710784045894666,0.09752762628896823,-0.3897582245409925,-3.2180568087868657,2.1135258267382104,1.0258057061125967,-0.002906901004275194,-0.971504568140222,4.398801638040372,0.00031306941919554245,2.9047055170548113,1
0.07630983544005754,0.07111718395075568,0.09791011802427299,-0.3916078910822391,-3.2269216920413446,2.1215202859840976,1.0266761301211884,-0.0029069010042751925,-0.981504568140222,4.408801638040372,-0.0027693761947380127,2.9134916388766583,1
0.07656110457452804,0.07115614110118952,0.09829246202783934,-0.3934600819198757,-3.2358579917305628,2.1294780861501,1.0276546296444038,-0.0029069010042751947,-0.991504568140222,4.418801638040372,-0.005833346965954247,2.9222812582720827,1
0.07681284023210981,0.07119526288459155,0.09867465566796069,-0.3953147840472742,-3.244867094415828,2.1373982330878936,1.0287435853918758,-0.002906901004275197,-1.001504568140222,4.428801638040372,-0.00887932596412404,2.931073744270209,1
0.0770650466473029,0.07123453570390052,0.0990566963959713,-0.39717198491441313,-3.253950404650587,2.1452796991331464,1.029945429581382,-0.0029069010042752034,-1.011504568140222,4.438801638040371,-0.011907819797327553,2.9398684529760084,1
0.07731772771366488,0.07127394550491657,0.09943858174973086,-0.3990316724484483,-3.2631093442855033,2.153121422322937,1.0312626460265075,-0.0029069010042752086,-1.021504568140222,4.448801638040371,-0.014919359503213488,2.9486647271185977,1
0.07757088696992075,0.07131347775983521,0.09982030935719793,-0.4008938350747929,-3.2723453516694723,2.1609223056169995,1.032697770116414,-0.0029069010042751964,-1.031504568140222,4.458801638040371,-0.017914501454123936,2.9574618955964445,1
0.07782452758575932,0.07135311745062009,0.10020187694008766,-0.4027584617386701,-3.2816598807388444,2.168681216125796,1.0342533886769896,-0.0029069010042751826,-1.041504568140222,4.468801638040371,-0.02089382827371029,2.9662592730212496,1
0.07807865234734399,0.07139284905227282,0.10058328231760685,-0.40462554192709593,-3.2910543999868924,2.176396984348793,1.0359321397020402,-0.0029069010042751756,-1.051504568140222,4.478801638040371,-0.02385794976215782,2.9750561592624782,1
0.0783332636425692,0.0714326565160679,0.1009645234102597,-0.4064950656912469,-3.300530391305224,2.184068403426621,1.037736711942544,-0.002906901004275168,-1.061504568140222,4.48880163804037,-0.026807503826668064,2.9838518389948763,1
0.07858836344610463,0.07147252325282971,0.10134559824371357,-0.40836702366914684,-3.310089348688553,2.1916942284111296,1.0396698443413646,-0.0029069010042751652,-1.071504568140222,4.49880163804037,-0.02974315741332703,2.99264558125149,1
0.0788439533042703,0.07151243211634008,0.1017265049527153,-0.4102414071086098,-3.3197327767939946,2.1992731755577326,1.0417343253002032,-0.0029069010042751748,-1.081504568140222,4.50880163804037,-0.032665607435960906,3.001436638985169,1
0.0791000343197991,0.07155236538697543,0.10210724178504417,-0.4121182078903525,-3.3294621893458327,2.2068039216448003,1.0439329917649736,-0.0029069010042751743,-1.091504568140222,4.51880163804037,-0.035575581696956744,3.010224248641766,1
0.07935660713654774,0.07159230475568554,0.10248780710548709,-0.4139974185511852,-3.33927910737651,2.214285103325236,1.0462687281152145,-0.002906901004275177,-1.101504568140222,4.5288016380403695,-0.03847383979440214,3.0190076297486805,1
0.07961367192422945,0.07163223130843839,0.10286819939981812,-0.4158790323071681,-3.349185057294461,2.221715316515778,1.0487444648426236,-0.0029069010042751665,-1.111504568140222,4.538801638040369,-0.041361174009181684,3.027785984522746,1
0.07987122836324816,0.0716721255112706,0.10324841727876338,-0.41776304307661677,-3.359181568769366,2.2290931158299814,1.0513631770033254,-0.002906901004275164,-1.121504568140222,4.548801638040369,-0.04423841016495374,3.036558497501947,1
0.08012927562972798,0.07171196719609657,0.10362845948192842,-0.4196494455028108,-3.3691815687693656,2.236417014061226,1.054127882428066,-0.002906901004275162,-1.131504568140222,4.558801638040369,-0.047106408453126074,3.0453243352057977,1
0.0803878128962024,0.0717517364855049,0.10400832475793731,-0.42153823419852804,-3.3791815687693654,2.243686184238877,1.0570405297028636,-0.002906901004275157,-1.141504568140222,4.568801638040369,-0.0499660169063584,3.0540826764289735,1
0.08064683897403384,0.07179141314081756,0.10438801195026742,-0.42342940428578074,-3.389181568769365,2.2508998161720064,1.0601030275552106,-0.0029069010042751626,-1.151504568140222,4.578801638040368,-0.05281810426667354,3.0628326909663337,1
0.08090635229169059,0.07183097653109509,0.10476752000268459,-0.42532295142871823,-3.399181568769365,2.258057089526976,1.063317286656041,-0.00290690100427516,-1.161504568140222,4.588801638040368,-0.05566356161987689,3.0715735386827854,1
0.08116635089025578,0.07187040563380849,0.1051468479605474,-0.42721887184052043,-3.4091815687693647,2.265157174077043,1.066685218040819,-0.0029069010042751505,-1.171504568140222,4.598801638040368,-0.05850330243556817,3.0803043696188754,1
0.08142683241940914,0.07190967903636682,0.1055259949719976,-0.4291171622895804,-3.4191815687693645,2.272199229975368,1.0702087314474389,-0.00290690100427515,-1.181504568140222,4.608801638040368,-0.061338262563920685,3.0890243241242876,1
0.08168779413393185,0.07194877493856175,0.10590496028902407,-0.4310178201048955,-3.4291815687693643,2.279182408052176,1.0738897335697724,-0.0029069010042751587,-1.191504568140222,4.618801638040368,-0.06416940018587725,3.097732533020963,1
0.08194923289078315,0.07198767115599282,0.10628374326838794,-0.43292084318059815,-3.439181568769364,2.2861058501368925,1.0777301262259977,-0.002906901004275171,-1.201504568140222,4.628801638040367,-0.06699769571335636,3.106428117797673,1
0.08221114514680353,0.07202634512453789,0.10666234337239511,-0.4348262299795387,-3.449181568769364,2.2929686894059214,1.0817318044410433,-0.0029069010042751795,-1.2115045681402221,4.638801638040367,-0.069824151635917,3.1151101908378203,1
0.08247352695709712,0.07206477390593549,0.107040760169503,-0.4367339795358449,-3.4591815687693637,2.299770050756778,1.085896654442833,-0.0029069010042752,-1.2215045681402221,4.648801638040367,-0.07264979231028751,3.123777855682352,1
0.08273637397415176,0.07210293419454587,0.10741899333474639,-0.43864409145636735,-3.4691815687693635,2.3065090512091384,1.0902265515722929,-0.0029069010042752225,-1.2315045681402221,4.658801638040367,-0.07547566368907017,3.1324302073295875,1
0.08299968144775373,0.0721408023253587,0.10779704264996824,-0.44055656592092607,-3.4791815687693632,2.3131848003333695,1.0947233581074596,-0.002906901004275235,-1.2415045681402221,4.6688016380403665,-0.07830283298489134,3.141066332573829,1
0.08326344422575861,0.07217835428331563,0.10817490800383939,-0.44247140368126436,-3.489181568769363,2.319796400706958,1.0993889210023833,-0.002906901004275256,-1.2515045681402222,4.678801638040366,-0.08113238826621731,3.1496853103845552,1
0.08352765675577799,0.07221556571401604,0.10855258939165235,-0.44438860605862257,-3.499181568769363,2.326342948399217,1.1042250695419467,-0.002906901004275274,-1.2615045681402222,4.688801638040366,-0.08396543798105234,3.1582862123280395,1
0.08379231308784729,0.07225241193587308,0.10893008691487197,-0.4463081749398283,-3.5091815687693626,2.3328235334844956,1.109233612914122,-0.00290690100427528,-1.2715045681402222,4.698801638040366,-0.08680311040471751,3.1668681030330745,1
0.08405740687813494,0.07228886795378768,0.10930740078042785,-0.44823011277181757,-3.5191815687693624,2.3392372405840534,1.1144163377016865,-0.0029069010042752767,-1.2815045681402222,4.708801638040366,-0.08964655300796473,3.1754300407026066,1
0.08432293139376,0.07232490847440495,0.10968453129973096,-0.4501544225544823,-3.529181568769362,2.3455831494365924,1.119775005295866,-0.0029069010042752906,-1.2915045681402222,4.7188016380403655,-0.09249693174169848,3.1839710776728185,1
0.08458887951878112,0.07236050792301671,0.1100614788873982,-0.4520811078317506,-3.539181568769362,2.351860335497331,1.1253113492349154,-0.0029069010042752867,-1.3015045681402222,4.728801638040365,-0.0953554302346908,3.1924902610212467,1
0.08485524376142184,0.0723956404621709,0.11043824405966784,-0.4540101726807993,-3.5491815687693617,2.358067870565331,1.1310270724711438,-0.002906901004275287,-1.3115045681402222,4.738801638040365,-0.0982232489007573,3.2009866332253547,1
0.08512201626259482,0.07243028001204524,0.11081482743248983,-0.45594162169930996,-3.5591815687693615,2.3642048234386848,1.136923844570506,-0.0029069010042753014,-1.3215045681402222,4.748801638040365,-0.10110160395204355,3.2094592328728817,1
0.08538918880578947,0.07246440027263891,0.11119122971927346,-0.4578754599906639,-3.5691815687693613,2.3702702605969095,1.1430032988493672,-0.002906901004275302,-1.3315045681402222,4.758801638040365,-0.10399172631520053,3.2179070954250983,1
0.08565675282838284,0.07249797474783114,0.11156745172827702,-0.45981169314699166,-3.579181568769361,2.3762632469098177,1.1492670294537208,-0.002906901004275323,-1.3415045681402222,4.768801638040364,-0.10689486044749809,3.2263292540339843,1
0.08592469943443352,0.07253097677135077,0.11194349435962309,-0.4617503272299831,-3.589181568769361,2.3821828463718613,1.155716588386672,-0.0029069010042754055,-1.3515045681402222,4.778801638040364,-0.10981226305013322,3.234724740414127,1
0.08619301940901578,0.07256337953469404,0.11231935860192435,-0.46369136874937356,-3.5991815687693607,2.388028122860805,1.1623534824906474,-0.0029069010042754116,-1.3615045681402222,4.788801638040364,-0.11274520167631916,3.2430925857699058,1
0.08646170323414573,0.07259515611702211,0.11269504552850572,-0.46563482463902806,-3.6091815687693605,2.3937981409193423,1.1691791703913632,-0.0029069010042754063,-1.3715045681402223,4.798801638040364,-0.11569495323205614,3.2514318217783766,1
0.08673074110635129,0.07262627951706092,0.1130705562932085,-0.4675807022305444,-3.6191815687693603,2.3994919665580814,1.1761950594112172,-0.002906901004275422,-1.3815045681402223,4.8088016380403635,-0.11866280236787584,3.2597414816278927,1
0.08700012295592943,0.07265672268701893,0.11344589212576446,-0.4695290092243094,-3.62918156876936,2.405108668078076,1.1834025024603307,-0.00290690100427542,-1.3915045681402223,4.818801638040363,-0.12165003976026058,3.268020601112343,1
0.08726983846793193,0.07268645856852782,0.11382105432672801,-0.471479753657948,-3.63918156876936,2.4106473169108984,1.190802794914086,-0.0029069010042754254,-1.4015045681402223,4.828801638040363,-0.12465796028191777,3.276268219780499,1
0.08753987710491289,0.07271546013060244,0.11419604426195681,-0.47343294387211265,-3.6491815687693596,2.4161069884739783,1.1983971714865274,-0.0029069010042753235,-1.4115045681402223,4.838801638040363,-0.12768786106058785,3.2844833821397095,1
0.08781022813146713,0.07274370040960461,0.11457086335663157,-0.47538858847357035,-3.6591815687693594,2.4214867630387427,1.2061868031095422,-0.0029069010042753265,-1.4215045681402223,4.848801638040363,-0.13074103942661058,3.2926651389127697,1
0.08808088064057869,0.07277115255118474,0.11494551308880904,-0.4773466962955582,-3.669181568769359,2.426785726608835,1.2141727938282239,-0.002906901004275319,-1.4315045681402223,4.8588016380403625,-0.13381879075007097,3.300812548346535,1
0.08835182358179294,0.0727977898541626,0.1153199949825027,-0.4793072763553868,-3.679181568769359,2.4320029718054985,1.2223561777232852,-0.002906901004275323,-1.4415045681402223,4.868801638040362,-0.13692240616897383,3.3089246775703702,1
0.08862304579121655,0.07282358581629611,0.11569431060028845,-0.4812703378092856,-3.6891815687693588,2.4371375987569666,1.2307379158717733,-0.0029069010042753487,-1.4515045681402223,4.878801638040362,-0.14005317021055128,3.317000604002217,1
0.08889453602333992,0.07284851418187371,0.11606846153543479,-0.48323588990449806,-3.6991815687693586,2.442188715988513,1.2393188933576964,-0.0029069010042753482,-1.4615045681402223,4.888801638040362,-0.1432123583085137,3.3250394167996227,1
0.0891662829846679,0.0728725489910523,0.11644244940355908,-0.4852039419286465,-3.7091815687693583,2.447155441309598,1.248099916344439,-0.002906901004275363,-1.4715045681402223,4.898801638040362,-0.14640123421976906,3.3330402183526813,1
0.0894382753691333,0.07289566463084816,0.11681627583381426,-0.48717450315640876,-3.719181568769358,2.452036902694387,1.2570817092210762,-0.002906901004275364,-1.4815045681402224,4.908801638040361,-0.14962104734489762,3.3410021258154114,1
0.08971050189525716,0.07291783588767482,0.11718994245961335,-0.4891475827935571,-3.729181568769358,2.456832239151716,1.266264911834784,-0.002906901004275381,-1.4915045681402224,4.918801638040361,-0.1528730299574197,3.3489242726717157,1
0.08998295134500903,0.07293903800130616,0.11756345090890111,-0.49112318991843334,-3.7391815687693577,2.461540601580474,1.275650076821647,-0.0029069010042754246,-1.5015045681402224,4.928801638040361,-0.1561583943476918,3.3568058103315934,1
0.0902556126043086,0.0729592467201295,0.11793680279398566,-0.4931013334209439,-3.7491815687693575,2.466161153606173,1.2852376670480297,-0.0029069010042754224,-1.5115045681402224,4.938801638040361,-0.15947832988802818,3.3646459097529133,1
0.09052847470509645,0.07297843835753853,0.11830999970094645,-0.49508202193919126,-3.7591815687693573,2.470693072394472,1.295028053174669,-0.0029069010042754467,-1.5215045681402224,4.9488016380403606,-0.16283400002647164,3.372443763083664,1
0.09080152686889258,0.07299658984930195,0.11868304317863655,-0.49706526379385696,-3.769181568769357,2.475135549437228,1.3050215113552357,-0.0029069010042753977,-1.5315045681402224,4.95880163804036,-0.16622653921735842,3.3801985853191763,1
0.09107475855174674,0.07301367881172965,0.11905593472730186,-0.49905106692048545,-3.779181568769357,2.479487791306699,1.3150215113552357,-0.0029069010042753873,-1.5415045681402224,4.96880163804036,-0.16965704979763838,3.3879096159684665,1
0.0913481594904737,0.07302968360044548,0.11942867578684177,-0.5010394387998277,-3.7891815687693566,2.483749020373437,1.3250215113552357,-0.0029069010042753795,-1.5515045681402224,4.97880163804036,-0.17312659881860742,3.3955761207235073,1
0.09162171975005245,0.07304458336956313,0.11980126772474037,-0.503030386386431,-3.7991815687693564,2.4879184754834633,1.3350215113552357,-0.0029069010042753695,-1.5615045681402224,4.98880163804036,-0.17663621484344133,3.4031973931249624,1
0.09189542977206072,0.07305835813104951,0.12017371182369815,-0.5050239160356633,-3.809181568769356,2.4919954125903407,1.3450215113552357,-0.0029069010042753586,-1.5715045681402224,4.9988016380403595,-0.18018688472156022,3.410772756217523,1
0.09216928042399948,0.07307098881405062,0.12054600926899979,-0.5070200334293966,-3.819181568769356,2.495979105337866,1.3550215113552357,-0.002906901004275359,-1.5815045681402224,5.008801638040359,-0.18377955035148363,3.418301564187901,1
0.09244326304935566,0.0730824573239442,0.12091816113565415,-0.509018743500575,-3.829181568769356,2.4998688455892046,1.3650215113552358,-0.0029069010042753743,-1.5915045681402225,5.018801638040359,-0.18741510544437812,3.4257832039781957,1
0.0927173695182381,0.07309274660087656,0.12129016837534703,-0.5110200503569184,-3.8391815687693556,2.503663943898467,1.3750215113552358,-0.002906901004275375,-1.6015045681402225,5.028801638040359,-0.19109439230100056,3.4332170968672795,1
0.09299159227841394,0.07310184067753393,0.1216620318032488,-0.5130239572040219,-3.8491815687693554,2.5073637299209084,1.3850215113552358,-0.0029069010042753907,-1.6115045681402225,5.038801638040359,-0.19481819861514094,3.4406027000127013,1
0.0932659244065629,0.07310972473589371,0.12203375208472193,-0.5150304662681272,-3.859181568769355,2.5109675527581765,1.3950215113552358,-0.0029069010042753886,-1.6215045681402225,5.048801638040358,-0.19858725431702082,3.4479395079455712,1
0.09354035965956083,0.07311638516269794,0.12240532972197507,-0.5170395787188455,-3.869181568769355,2.5144747812352755,1.4050215113552358,-0.002906901004275408,-1.6315045681402225,5.058801638040358,-0.20240222847032682,3.4552270540108583,1
0.09381489252559372,0.07312180960339004,0.12277676504071355,-0.5190512945921444,-3.8791815687693547,2.517884804106264,1.4150215113552358,-0.002906901004275407,-1.6415045681402225,5.068801638040358,-0.20626372623676087,3.462464911745674,1
0.094089518274904,0.0731259870142554,0.12314805817683536,-0.5210656127138803,-3.8891815687693545,2.521197030185973,1.4250215113552358,-0.00290690100427541,-1.6515045681402225,5.078801638040358,-0.21017228592198628,3.469652696188073,1
0.09436423300996014,0.07312890771250992,0.1235192090632258,-0.5230825306242095,-3.8991815687693543,2.524410888405462,1.4350215113552358,-0.0029069010042754094,-1.6615045681402225,5.088801638040358,-0.21412837611687968,3.4767900651092543,1
0.09463903371484332,0.07313056342408378,0.12389021741670271,-0.525102044503174,-3.909181568769354,2.5275258277892556,1.4450215113552358,-0.0029069010042754116,-1.6715045681402225,5.098801638040357,-0.21813239294780015,3.483876720162121,1
0.0949139183036391,0.07313094732885458,0.12426108272516645,-0.527124149097794,-3.919181568769354,2.5305413173528786,1.4550215113552358,-0.00290690100427541,-1.6815045681402225,5.108801638040357,-0.22218465744939603,3.4909124079395673,1
0.0951888856676267,0.07313005410309122,0.12463180423500764,-0.5291488376509718,-3.9291815687693536,2.5334568459195927,1.4650215113552358,-0.0029069010042754124,-1.6915045681402225,5.118801638040357,-0.22628541307309175,3.497896920936063,1
0.09546393572105454,0.0731278799588808,0.12500238093882737,-0.5311761018325301,-3.9391815687693534,2.5362719218557173,1.4750215113552358,-0.0029069010042754046,-1.7015045681402226,5.128801638040357,-0.23043482334398066,3.504830098406672,1
0.09573906944529889,0.07312442268032136,0.1253728115635224,-0.5332059316726904,-3.9491815687693532,2.538986072724367,1.4850215113552359,-0.0029069010042754007,-1.7115045681402226,5.1388016380403565,-0.23463296967830644,3.5117118271178973,1
0.09601428893120309,0.07311968165627739,0.12574309455878832,-0.5352383154982977,-3.959181568769353,2.5415988448579108,1.4950215113552359,-0.0029069010042753916,-1.7215045681402226,5.148801638040356,-0.23887984937308537,3.5185420419853823,1
0.09628959741940145,0.0731136579095096,0.12611322808609254,-0.5372732398720849,-3.969181568769353,2.5441098028499285,1.5050215113552359,-0.0029069010042753946,-1.7315045681402226,5.158801638040356,-0.24317537377871803,3.5253207265939506,1
0.09656499933844083,0.07310635412200613,0.1264832100081662,-0.5393106895352626,-3.9791815687693526,2.546518528967919,1.5150215113552359,-0.002906901004275413,-1.7415045681402226,5.168801638040356,-0.24751936666464883,3.5320479135960063,1
0.09684050034051764,0.07309777465636116,0.12685303787906455,-0.5413506473537057,-3.9891815687693524,2.5488246224884588,1.525021511355236,-0.002906901004275403,-1.7515045681402226,5.178801638040356,-0.2519115627872518,3.5387236849850185,1
0.09711610733466097,0.07308792557306375,0.12722270893484097,-0.5433930942679951,-3.999181568769352,2.551027698956992,1.535021511355236,-0.0029069010042754068,-1.7615045681402226,5.188801638040355,-0.2563516066682381,3.5453481722412796,1
0.09739182851719985,0.07307681464358066,0.1275922200848796,-0.5454380092475577,-4.009181568769352,2.553127389374848,1.545021511355236,-0.0029069010042754024,-1.7715045681402226,5.198801638040355,-0.2608390515908621,3.5519215563479216,1
0.09766767339936674,0.07306445135913597,0.1279615679039272,-0.5474853692491286,-4.019181568769352,2.5551233393165074,1.555021511355236,-0.002906901004275413,-1.7815045681402226,5.208801638040355,-0.26537335882021873,3.5584440676756803,1
0.09794365283190075,0.07305084693511087,0.12833074862486282,-0.5495351491797386,-4.029181568769352,2.55701520798055,1.565021511355236,-0.0029069010042753677,-1.7915045681402226,5.218801638040355,-0.26995389705285905,3.5649159857356216,1
0.09821977902652419,0.07303601431100876,0.12869975813224183,-0.5515873218644238,-4.039181568769352,2.5588026671780595,1.575021511355236,-0.002906901004275364,-1.8015045681402226,5.228801638040355,-0.2745799420999009,3.5713376387997355,1
0.09849606557418529,0.07301996814595026,0.12906859195664527,-0.5536418580188128,-4.0491815687693515,2.560485400262629,1.585021511355236,-0.0029069010042753747,-1.8115045681402226,5.238801638040354,-0.2792506768067057,3.577709403389813,1
0.09877252745996776,0.07300272480968421,0.12943724526986508,-0.5556987262267445,-4.059181568769351,2.562063101006402,1.595021511355236,-0.002906901004275382,-1.8215045681402227,5.248801638040354,-0.28396519121114966,3.58403170363579,1
0.09904918107458538,0.07298430236912155,0.1298057128809502,-0.5577578929230392,-4.069181568769351,2.5635354724268615,1.605021511355236,-0.002906901004275394,-1.8315045681402227,5.258801638040354,-0.288722482941413,3.5903050105052925,1
0.09932604422239415,0.07296472057041663,0.13017398923313597,-0.5598193223815259,-4.079181568769351,2.5649022255693317,1.615021511355236,-0.002906901004275386,-1.8415045681402227,5.268801638040354,-0.2935214578532146,3.596529840906638,1
0.09960313612586562,0.07294400081664282,0.13054206840167643,-0.5618829767084088,-4.089181568769351,2.566163078250337,1.625021511355236,-0.0029069010042753764,-1.8515045681402227,5.2788016380403535,-0.29836093090535254,3.602706756668267,1
0.09988047742648291,0.07292216614112448,0.13090994409259438,-0.563948815841034,-4.0991815687693505,2.567317753767145,1.635021511355236,-0.0029069010042753743,-1.8615045681402227,5.288801638040353,-0.30323962727147596,3.6088363633979195,1
0.1001580901820323,0.07289924117650623,0.13127760964236157,-0.5660167975520931,-4.10918156876935,2.5683659795789446,1.645021511355236,-0.0029069010042753773,-1.8715045681402227,5.298801638040353,-0.30815618368506575,3.6149193092254657,1
0.10043599786027686,0.07287525211965615,0.13164505801851803,-0.5680868774592889,-4.11918156876935,2.569307485965189,1.655021511355236,-0.0029069010042753808,-1.8815045681402227,5.308801638040353,-0.313109150013727,3.6209562834337174,1
0.10071422532901235,0.07285022669251409,0.13201228182123584,-0.5701590090404596,-4.12918156876935,2.5701420046667054,1.665021511355236,-0.0029069010042753764,-1.8915045681402227,5.318801638040353,-0.3180969910580959,3.626948014981924,1
0.10099279884251637,0.0728241940990108,0.1323792732858303,-0.5722331436541461,-4.13918156876935,2.570869267515171,1.675021511355236,-0.0029069010042753803,-1.9015045681402227,5.3288016380403525,-0.32311808856987523,3.632895270927067,1
0.10127174602441545,0.07279718497819432,0.13274602428621748,-0.5743092305655645,-4.149181568769349,2.5714890050565606,1.685021511355236,-0.0029069010042753877,-1.9115045681402227,5.338801638040352,-0.328170743482863,3.6387988547482983,1
0.10155109584700359,0.07276923135371247,0.13311252633931528,-0.5763872169779345,-4.159181568769349,2.5720009451741017,1.695021511355236,-0.002906901004275389,-1.9215045681402227,5.348801638040352,-0.3332531783501969,3.6446596045802124,1
0.10183087860705757,0.07274036657980848,0.13347877061038163,-0.5784670480690934,-4.169181568769349,2.572404811716217,1.705021511355236,-0.0029069010042753873,-1.9315045681402228,5.358801638040352,-0.33836353998049473,3.6504783913607963,1
0.10211112589820193,0.07271062528399606,0.13384474791928208,-0.5805486670333196,-4.179181568769349,2.5727003231348142,1.715021511355236,-0.002906901004275384,-1.9415045681402228,5.368801638040352,-0.34349990226509447,3.656256116900148,1
0.10239187057988859,0.07268004330658558,0.13421044874767463,-0.5826320151282597,-4.1891815687693486,2.5728871911391633,1.725021511355236,-0.0029069010042753764,-1.9515045681402228,5.378801638040351,-0.34866026918817256,3.661993711876071,1
0.10267314674305783,0.07264865763724021,0.13457586324710064,-0.5847170317268697,-4.199181568769348,2.5729651193704473,1.735021511355236,-0.0029069010042753673,-1.9615045681402228,5.388801638040351,-0.35384257801119817,3.6676921337629267,1
0.10295498967256234,0.07261650634874288,0.13494098124796494,-0.586803654374237,-4.209181568769348,2.572933802101904,1.745021511355236,-0.002906901004275364,-1.9715045681402228,5.398801638040351,-0.3590447026228842,3.673352364699937,1
0.1032374358064338,0.07258362852816043,0.13530579226939038,-0.5888918188491694,-4.219181568769348,2.572792922969286,1.755021511355236,-0.0029069010042753664,-1.9815045681402228,5.408801638040351,-0.3642644570455759,3.6789754093054126,1
0.10352052269208521,0.07255006420559107,0.13567028552992638,-0.5909814592304062,-4.229181568769348,2.5725421537361726,1.765021511355236,-0.0029069010042753578,-1.9915045681402228,5.4188016380403505,-0.36949959908885077,3.684562292443123,1
0.10380428893954033,0.07251585428068315,0.13603444995909297,-0.5930725079673189,-4.2391815687693475,2.5721811530984446,1.7750215113552361,-0.002906901004275361,-2.0015045681402226,5.42880163804035,-0.3747478341410259,3.69011405694714,1
0.10408877417178998,0.07248104044711429,0.13639827420973846,-0.5951648959549437,-4.249181568769347,2.571709565532029,1.7850215113552361,-0.0029069010042753617,-2.0115045681402224,5.43880163804035,-0.38000681908912476,3.6956317613113683,1
0.10437401897237712,0.07244566511521686,0.13676174667118812,-0.5972585526132005,-4.259181568769347,2.5711270201877725,1.7950215113552361,-0.0029069010042753534,-2.021504568140222,5.44880163804035,-0.3852741663579325,3.7011164773498404,1
0.10466006483031655,0.0724097713329374,0.13712485548316,-0.599353405970129,-4.269181568769347,2.5704331298370935,1.8050215113552361,-0.0029069010042753556,-2.031504568140222,5.45880163804035,-0.3905474480586581,3.7065692878338155,1
0.10494695408245658,0.07237340270531291,0.13748758855042353,-0.601449382748991,-4.279181568769347,2.5696274898718094,1.8150215113552362,-0.002906901004275355,-2.0415045681402217,5.4688016380403495,-0.39582420023788406,3.7119912841115235,1
0.10523472985339555,0.07233660331264674,0.1378499335581742,-0.6035464084590568,-4.289181568769346,2.5687096773613214,1.8250215113552362,-0.00290690100427536,-2.0515045681402215,5.478801638040349,-0.40110192721741966,3.7173835637162824,1
0.1055234359930636,0.07229941762756317,0.13821187798809853,-0.6056444074899203,-4.299181568769346,2.5676792501700842,1.8350215113552362,-0.0029069010042753604,-2.0615045681402213,5.488801638040349,-0.4063781060158556,3.7227472279686085,1
0.10581311701208829,0.07226189043111697,0.13857340913510036,-0.6077433032091533,-4.309181568769346,2.5665357461380833,1.8450215113552362,-0.0029069010042753543,-2.071504568140221,5.498801638040349,-0.41165019084262455,3.728083379577671,1
0.10610381801505814,0.0722240667281316,0.13893451412466087,-0.609843018063137,-4.319181568769346,2.565278682326788,1.8550215113552362,-0.002906901004275348,-2.081504568140221,5.508801638040349,-0.4169156176555334,3.733393120247424,1
0.10639558463180535,0.07218599166193712,0.13929517993080245,-0.6119434736808789,-4.329181568769346,2.5639075543328547,1.8650215113552362,-0.0029069010042753417,-2.0915045681402207,5.518801638040348,-0.42217180877275673,3.7386775482925017,1
0.10668846294682938,0.07214771042867403,0.13965539339462493,-0.6140445909806377,-4.339181568769345,2.562421835671608,1.8750215113552362,-0.002906901004275344,-2.1015045681402205,5.528801638040348,-0.4274161775304546,3.7439377562687617,1
0.10698249942698251,0.07210926819132978,0.14001514124338416,-0.6161462902791691,-4.349181568769345,2.5608209772321398,1.8850215113552362,-0.002906901004275355,-2.1115045681402203,5.538801638040348,-0.43264613297718296,3.749174828623384,1
0.10727774084754561,0.07207070999366853,0.1403744101100792,-0.6182484914034027,-4.359181568769345,2.5591044068056403,1.8950215113552362,-0.002906901004275359,-2.12150456814022,5.548801638040348,-0.43785908459640926,3.7543898393690593,1
0.10757423421682008,0.07203208067421522,0.14073318655351538,-0.6203511138043576,-4.369181568769345,2.5572715286883856,1.9050215113552362,-0.0029069010042753543,-2.13150456814022,5.5588016380403475,-0.4430524470484603,3.759583849786847,1
0.10787202669936848,0.07199342478045095,0.1410914570788075,-0.6224540766730965,-4.3791815687693445,2.5553217233606027,1.9150215113552362,-0.0029069010042753647,-2.1415045681402196,5.568801638040347,-0.4482236449233004,3.764757906162017,1
0.10817116553803631,0.07195478648337629,0.14144920815828804,-0.624557299058519,-4.389181568769344,2.5532543472422455,1.9250215113552362,-0.002906901004275365,-2.1515045681402194,5.578801638040347,-0.45337011749555917,3.7699130375571586,1
0.1084716979748912,0.07191620949259714,0.14180642625278342,-0.6266606999867912,-4.399181568769344,2.5510687325265176,1.9350215113552363,-0.0029069010042754293,-2.161504568140219,5.588801638040347,-0.4584893234732558,3.7750502536266923,1
0.10877367117122264,0.07187773697208588,0.14216309783321807,-0.6287641985821893,-4.409181568769344,2.5487641870918143,1.9450215113552363,-0.002906901004275428,-2.171504568140219,5.598801638040347,-0.46357874573163255,3.780170542476728,1
0.10907713212674242,0.07183941145677164,0.14251920940250865,-0.6308677141891529,-4.419181568769344,2.54633999449255,1.9550215113552363,-0.0029069010042754293,-2.1815045681402188,5.6088016380403465,-0.4686358960235258,3.785274868574299,1
0.10938212759813722,0.07180127477011111,0.14287474751770488,-0.6329711664953118,-4.429181568769343,2.543795414029186,1.9650215113552363,-0.002906901004275415,-2.1915045681402185,5.618801638040346,-0.4736583196576215,3.790364170709719,1
0.10968870401712359,0.071763367942792,0.14322969881233547,-0.6350744756552694,-4.439181568769343,2.541129680897563,1.9750215113552363,-0.00290690100427541,-2.2015045681402183,5.628801638040346,-0.4786436001359413,3.795439360015841,1
0.10999690740816355,0.07172573113272135,0.14358405001891347,-0.6371775624148924,-4.449181568769343,2.5383420064175133,1.9850215113552363,-0.0029069010042754536,-2.211504568140218,5.638801638040346,-0.48358936374177747,3.8005013180478673,1
0.11030678330600123,0.07168840354645077,0.1439377879915556,-0.6392803482358758,-4.459181568769343,2.5354315783405053,1.9950215113552363,-0.0029069010042754562,-2.221504568140218,5.648801638040346,-0.4884932840692695,3.8055508949273222,1
0.1106183766731878,0.07165142336219132,0.14429089972866727,-0.6413827554203195,-4.469181568769343,2.532397561235936,2.005021511355236,-0.002906901004275453,-2.2315045681402177,5.658801638040345,-0.493353086485694,3.810588907553691,1
0.11093173181776517,0.07161482765457038,0.14464337239564393,-0.6434847072350727,-4.479181568769342,2.5292390969554788,2.015021511355236,-0.0029069010042754428,-2.2415045681402175,5.668801638040345,-0.4981665525174946,3.8156161378871714,1
0.11124689231128533,0.07157865232128423,0.1449951933475375,-0.6455861280355654,-4.489181568769342,2.5259553051747465,2.0250215113552357,-0.00290690100427544,-2.2515045681402173,5.678801638040345,-0.5029315241509429,3.820633331305911,1
0.11156390090734512,0.07154293201180012,0.1453463501516355,-0.6476869433888657,-4.499181568769342,2.5225452840113283,2.0350215113552355,-0.002906901004275448,-2.261504568140217,5.688801638040345,-0.5076459080382695,3.825641195041067,1
0.1118827994608228,0.0715077000582606,0.14569683060989816,-0.6497870801956764,-4.509181568769342,2.5190081107180786,2.0450215113552352,-0.0029069010042754423,-2.271504568140217,5.698801638040345,-0.5123076796000444,3.830640396692858,1
0.11220362884800598,0.07147298840874451,0.14604662278119826,-0.6518864668109869,-4.5191815687693415,2.5153428424503703,2.055021511355235,-0.002906901004275451,-2.2815045681402166,5.708801638040344,-0.5169148870144906,3.835631562830789,1
0.11252642888780426,0.07143882756303728,0.14639571500330664,-0.6539850331630888,-4.529181568769341,2.5115485171058105,2.065021511355235,-0.0029069010042754493,-2.2915045681402164,5.718801638040344,-0.5214656550844166,3.840615277681087,1
0.11285123826424487,0.07140524651106271,0.1467440959145651,-0.6560827108706546,-4.539181568769341,2.5076241542347466,2.0750215113552346,-0.0029069010042754554,-2.301504568140216,5.728801638040344,-0.5259581889724131,3.8455920819042793,1
0.11317809445045172,0.07137227267412699,0.14709175447518757,-0.6581794333575774,-4.549181568769341,2.503568756019698,2.0850215113552344,-0.002906901004275453,-2.311504568140216,5.738801638040344,-0.5303907777949893,3.8505624714657336,1
0.11350703363430968,0.07133993184912404,0.14743867998812998,-0.6602751359652691,-4.559181568769341,2.499381308321635,2.095021511355234,-0.0029069010042754475,-2.3215045681402158,5.7488016380403435,-0.5347617980663758,3.8555268966018996,1
0.11383809064602134,0.07130824815584745,0.14778486211946754,-0.6623697560620997,-4.5691815687693405,2.4950607817908597,2.105021511355234,-0.0029069010042754467,-2.3315045681402156,5.758801638040343,-0.539069716982803,3.8604857608847154,1
0.11417129888775863,0.07127724398755292,0.1481302909182196,-0.6644632331496805,-4.57918156876934,2.4906061330400204,2.1150215113552338,-0.002906901004275457,-2.3415045681402153,5.768801638040343,-0.5433130955382042,3.8654394203866733,1
0.11450669026561858,0.07124693996490866,0.14847495683556017,-0.6665555089656628,-4.58918156876934,2.4860163058766243,2.1250215113552335,-0.00290690100427546,-2.351504568140215,5.778801638040343,-0.5474905914624599,3.8703881829486426,1
0.11484429512408438,0.07121735489346817,0.14881885074335427,-0.6686465275827623,-4.59918156876934,2.4812902325921793,2.1350215113552333,-0.0029069010042754575,-2.361504568140215,5.788801638040343,-0.5516009619735562,3.87533230755255,1
0.115184142183197,0.07118850572479196,0.14916196395195971,-0.6707362355036908,-4.60918156876934,2.4764268353049324,2.145021511355233,-0.0029069010042754467,-2.3715045681402147,5.798801638040342,-0.5556430663353,3.8802720038006284,1
0.11552625847863619,0.0711604075213397,0.14950428822723497,-0.6728245817516958,-4.619181568769339,2.4714250273529874,2.155021511355233,-0.0029069010042754415,-2.3815045681402145,5.808801638040342,-0.5596158682125597,3.885207431502814,1
0.11587066930490532,0.07113307342524504,0.1498458158066955,-0.6749115179564182,-4.629181568769339,2.4662837147343613,2.1650215113552327,-0.0029069010042753725,-2.3915045681402143,5.818801638040342,-0.5635184378164414,3.8901387003735755,1
0.11621739816181016,0.07110651463107723,0.15018653941476254,-0.6769969984347789,-4.639181568769339,2.4610017975903964,2.1750215113552325,-0.002906901004275351,-2.401504568140214,5.828801638040342,-0.5673499538322354,3.8950658698391822,1
0.11656646670441469,0.07108074036268353,0.15052645227704933,-0.6790809802666163,-4.649181568769339,2.4555781717287615,2.1850215113552323,-0.002906901004275481,-2.411504568140214,5.838801638040342,-0.5711097051235061,3.8999889489561017,1
0.11691785453091193,0.07105577501154572,0.1508655345732481,-0.6811634233648189,-4.6591815687693385,2.4500117301820947,2.195021511355232,-0.002906901004275504,-2.42150326592479,5.848801638040341,-0.5747970922062772,3.9049078964409434,1
0.1172675721461715,0.07103333608347115,0.1512024282209657,-0.6832442904488405,-4.669181568769338,2.4443013646868343,2.205021511355232,-0.002906901004275504,-2.4313707378361187,5.858801638040341,-0.5784116290041289,3.9098226183438993,1
0.11761561508941903,0.07101343710764525,0.15153711768795142,-0.6853235381249582,-4.679181568769338,2.438445956071092,2.2150215113552316,-0.002906901004275511,-2.441106128333289,5.868801638040341,-0.5819529952775936,3.914732723986527,1
0.11796198199799089,0.07099608737925533,0.1518695896706759,-0.6874011259543005,-4.689181568769338,2.4324443864448315,2.2250215113552314,-0.002906901004275507,-2.4507087462412023,5.878801638040341,-0.5854209869188951,3.9196377704804934,1
0.11830667461203709,0.07098129193883951,0.15219983311802188,-0.6894770165111442,-4.699181568769338,2.4262955408665925,2.235021511355231,-0.0029069010042754445,-2.4601780661529604,5.8888016380403405,-0.5888155164112323,3.9245372635182063,1
0.11864969777257259,0.07096905156076738,0.1525278392502822,-0.691551175434836,-4.7091815687693375,2.4199983090260186,2.245021511355231,-0.0029069010042753903,-2.469513729479628,5.89880163804034,-0.5921366130387903,3.9294306582757437,1
0.11899105941286268,0.07095936275091633,0.1528536015733918,-0.6936235714751574,-4.719181568769337,2.413551586937603,2.2550215113552308,-0.0029069010042753877,-2.4787155451430194,5.90880163804034,-0.5953844228460587,3.9343173604256196,1
0.11933077054315122,0.07095221775357423,0.15317711588833835,-0.6956941765309771,-4.729181568769337,2.4069542786409786,2.2650215113552306,-0.0029069010042753916,-2.487783489908462,5.91880163804034,-0.5985592083459284,3.939196727256575,1
0.1196688452287666,0.07094760456756406,0.15349838029571292,-0.6977629656820625,-4.739181568769337,2.4002052979030157,2.2750215113552303,-0.0029069010042754046,-2.4967177083558223,5.92880163804034,-0.6016613479769958,3.9440680688971272,1
0.12000530056166388,0.07094550697155218,0.15381739519538076,-0.6998299172139374,-4.749181568769337,2.393303569917015,2.28502151135523,-0.0029069010042754185,-2.505518512488443,5.9388016380403394,-0.6046913353114172,3.948930649639289,1
0.12034015662548858,0.0709459045584636,0.15413416328127108,-0.7018950126357197,-4.759181568769336,2.386248032994181,2.29502151135523,-0.002906901004275418,-2.514186380981127,5.948801638040339,-0.607649778015687,3.9537836893584384,1
0.12067343645427181,0.07094877277889418,0.15444868953130356,-0.7039582366908819,-4.769181568769336,2.3790376402426805,2.3050215113552297,-0.002906901004275417,-2.522721958069646,5.958801638040339,-0.6105373965676263,3.958626365024993,1
0.12100516598489355,0.07095408299336999,0.1547609811924888,-0.7060195773609188,-4.779181568769336,2.3716713612295184,2.3150215113552295,-0.0029069010042754103,-2.5311260520857966,5.968801638040339,-0.613355022733922,3.9634578123031114,1
0.12133537400347455,0.07096180253327099,0.1550710477612591,-0.7080790258619267,-4.789181568769336,2.364148183620618,2.3250215113552293,-0.0029069010042753873,-2.539399633643392,5.978801638040339,-0.6161035978134582,3.9682771272313864,1
0.12166409208588268,0.07097189477019834,0.15537890095910717,-0.7101365766341433,-4.7991815687693355,2.356467114794465,2.335021511355229,-0.0029069010042753825,-2.547543833482133,5.988801638040338,-0.618784170652696,3.9730833679801845,1
0.12199135453256427,0.07098431919353056,0.15568455470362652,-0.7121922273245094,-4.809181568769335,2.3486271834248527,2.345021511355229,-0.002906901004275381,-2.555559939977586,5.998801638040338,-0.6213978954402662,3.977875556679864,1
0.12231719829793176,0.07099903149588105,0.15598802507506945,-0.7142459787623546,-4.818996248540615,2.340627441028351,2.3550215113552286,-0.002906901004275383,-2.5634493963269844,6.008801638040338,-0.6239460292888249,3.982652681314052,1
0.12264166756878202,0.07101597721105363,0.15628933377313484,-0.7162978397578116,-4.828546009565031,2.3324689143400086,2.3650215113552284,-0.0029069010042754076,-2.5712140520721736,6.018801638040338,-0.626430105975098,3.987413625065402,1
0.12296369528464676,0.0710347215077186,0.15658802725902088,-0.7183478244925059,-4.837830807943298,2.324153470184538,2.375021511355228,-0.002906901004275414,-2.5788560218357883,6.028765460956057,-0.6288518369762736,3.992157209218683,1
0.12328202714280959,0.07105476254482701,0.15688357133420353,-0.7203959486932834,-4.84685086845499,2.3156829644854726,2.385021511355228,-0.002906901004275407,-2.5863775548610066,6.038650758088911,-0.6312130430375893,3.996882179387634,1
0.12359669058735578,0.07107602369405494,0.15717598162606278,-0.7224422290791455,-4.85560667323907,2.3070592354052266,2.395021511355228,-0.0029069010042754033,-2.5937810176273923,6.048456640797017,-0.6335156457555421,4.001587202047307,1
0.12390771569366849,0.07109842577271316,0.15746527573734645,-0.7244866849818958,-4.864098939033051,2.298284107459377,2.4050215113552276,-0.002906901004275408,-2.601068894347136,6.058182244543035,-0.6357616418045323,4.006270925122571,1
0.12421513491965797,0.07112188741658344,0.15775147306727247,-0.7265293380974865,-4.87232860475443,2.2893593869504776,2.4150215113552274,-0.002906901004275406,-2.608243772879337,6.067826729569943,-0.6379530928838513,4.010931982696597,1
0.12451898286574026,0.07114632543394361,0.15803459463877176,-0.7285702122461182,-4.880296818739548,2.280286857536467,2.425021511355227,-0.0029069010042754016,-2.615308331268241,6.0773892814244945,-0.6400921161467898,4.015568999425183,1
0.1248192960448012,0.07117165513959665,0.15831466293278118,-0.7306093331423199,-4.88800492573838,2.271068275953758,2.435021511355227,-0.0029069010042754016,-2.6222653249603445,6.086869111340066,-0.6421808751467475,4.020180594648608,1
0.12511611266317071,0.07119779066803017,0.1585917017303451,-0.7326467281760434,-4.895454453759696,2.2617053679116936,2.4450215113552267,-0.0029069010042753994,-2.6291175747434568,6.096265456491057,-0.6442215713268173,4.024765386196557,1
0.12540947241342135,0.07122464526512226,0.15886573596313025,-0.7346824262055794,-4.902647100855681,2.2521998241719396,2.4550215113552265,-0.002906901004275401,-2.635867955439464,6.105577580130973,-0.6462164360713937,4.029321993885041,1
0.12569941627961617,0.07125213155808069,0.15913679157282432,-0.7367164573629255,-4.909584721929239,2.2425532968231843,2.4650215113552263,-0.0029069010042754007,-2.6425193853721267,6.114804771626552,-0.648167723331003,4.033849042707567,1
0.12598598635544603,0.07128016180354234,0.15940489537975286,-0.7387488528720392,-4.916269315640598,2.232767395758472,2.475021511355226,-0.002906901004275401,-2.6490748166216074,6.123946346399965,-0.6500777028249257,4.038345165725422,1
0.12626922567553153,0.0713086481139771,0.15967007496093133,-0.7407796448802623,-4.922703011482961,2.2228436853596123,2.485021511355226,-0.0029069010042754,-2.6555372260687786,6.133001645790876,-0.6519486538201847,4.042809006664421,1
0.12654917806001287,0.07133750266273031,0.15993235853765755,-0.7428088663030253,-4.928888057089623,2.2128436853596125,2.4950215113552257,-0.0029069010042753964,-2.6619096072245965,6.141970036849722,-0.6537828594801995,4.047239222227464,1
0.12682589384519097,0.07136663047038275,0.16019177923136566,-0.7448365565546111,-4.9348278279881335,2.2028436853596127,2.5050215113552254,-0.0029069010042753994,-2.668195264035341,6.150850927442043,-0.6555828077733203,4.0516344043021615,1
0.127099429809592,0.07139592962764361,0.16044837502022616,-0.746862761474334,-4.9405270040553795,2.192843685359613,2.5150215113552252,-0.0029069010042754003,-2.6743978042081022,6.159643768937531,-0.6573511859968442,4.055993083848413,1
0.12736984088151995,0.07142530179440028,0.16070218259199798,-0.7488875250342141,-4.945990215684381,2.182843685359613,2.525021511355225,-0.0029069010042754085,-2.6805207127283555,6.168348035689043,-0.6590905887195283,4.060313844802355,1
0.12763718019253253,0.071454652079237,0.16095323738230702,-0.7509108893925704,-4.951222038513847,2.1728436853596134,2.535021511355225,-0.002906901004275409,-2.6865673557967495,6.176963223978427,-0.660803520851508,4.064595322155324,1
0.12790149913353346,0.07148388891789023,0.1612015736148388,-0.752932894950231,-4.956226988757431,2.1628436853596136,2.5450215113552246,-0.002906901004275408,-2.6925409848495794,6.185488851019727,-0.6624924007554805,4.068836200047768,1
0.12816284741289988,0.07151292395138892,0.16144722434302677,-0.7549535804087804,-4.96100951909506,2.152843685359614,2.5550215113552244,-0.002906901004275408,-2.6984447406328,6.193924454018537,-0.6641595633784452,4.0730352098863225,1
0.12842127311612755,0.0715416719045415,0.16169022149286524,-0.7569729828303234,-4.965574015089221,2.142843685359614,2.565021511355224,-0.002906901004275404,-2.7042816573028907,6.202269589286315,-0.6658072633856875,4.077191128491251,1
0.12867682276652864,0.0715700504653416,0.16193059590651315,-0.7589911376982994,-4.969924792089942,2.132843685359614,2.575021511355224,-0.0029069010042754037,-2.710054666531077,6.21052383140809,-0.667437678281056,4.081302776280209,1
0.1289295413865706,0.07159798016578602,0.16216837738639192,-0.7610080789789425,-4.974066092593267,2.1228436853596144,2.5850215113552237,-0.002906901004275401,-2.7157666015903925,6.21868677246188,-0.6690529114996916,4.085369015493319,1
0.12917947255949286,0.07162538426452836,0.16240359473951665,-0.763023839183014,-4.978002084019172,2.1128436853596146,2.5950215113552235,-0.0029069010042753994,-2.7214202014077773,6.226758021288055,-0.6706549954612837,4.089388748463701,1
0.12942665849088475,0.07165218863172351,0.16263627582183254,-0.765038449427502,-4.981736856876301,2.102843685359615,2.6050215113552233,-0.0029069010042753964,-2.7270181145659764,6.234737202806801,-0.6722458945737613,4.093360915936726,1
0.12967114006994473,0.07167832163635858,0.16286644758235425,-0.767051939496996,-4.985274423282271,2.092843685359615,2.615021511355223,-0.002906901004275393,-2.7325629032422065,6.242623957381644,-0.673827508178914,4.0972844954404914,1
0.12991295693018598,0.071703714036314,0.16309413610693932,-0.7690643379045138,-4.988618715809867,2.0828436853596153,2.625021511355223,-0.0029069010042753964,-2.7380570470727426,6.250417940227214,-0.6754016734329075,4.101158499709519,1
0.13015214750938153,0.07172829887134789,0.1633193666615457,-0.7710756719515636,-4.991773586630956,2.0728436853596155,2.6350215113552227,-0.0029069010042753946,-2.743502946934349,6.258118820859156,-0.6769701681159754,4.104981975162923,1
0.1303887491085776,0.07175201135915514,0.16354216373484956,-0.7730859677872758,-4.994742806931544,2.0628436853596157,2.6450215113552225,-0.0029069010042753985,-2.748902928635255,6.265726282584288,-0.6785347133667556,4.108754000437929,1
0.13062279795003134,0.07177478879461427,0.16376255108011928,-0.7750952504664604,-4.997530066572966,2.052843685359616,2.6550215113552222,-0.0029069010042753972,-2.7542592465098332,6.273240022029062,-0.6800969763377678,4.112473684979136,1
0.13085432923395257,0.0717965704523002,0.16398055175625761,-0.7771035440064665,-5.000138973975723,2.042843685359616,2.665021511355222,-0.002906901004275401,-2.759574086912486,6.28065974870435,-0.6816585727694868,4.116140167683491,1
0.1310833771939562,0.07181729749231384,0.16419618816794476,-0.7791108714427535,-5.0025730562040405,2.0328436853596163,2.675021511355222,-0.0029069010042753964,-2.7648495716074657,6.2879851846048025,-0.6832210694812502,4.119752615600727,1
0.13130997515114856,0.07183691286945121,0.16440948210482567,-0.7811172548830961,-5.004835759230666,2.0228436853596166,2.6850215113552216,-0.0029069010042753964,-2.7700877610523675,6.295216063840887,-0.6847859867779809,4.123310222688641,1
0.13153415556679018,0.07185536124571294,0.16462045477969928,-0.7831227155603653,-5.00693044836287,2.0128436853596168,2.6950215113552214,-0.002906901004275397,-2.7752906575739607,6.302352132301854,-0.6863548007723309,4.126812208622365,1
0.13175595009349592,0.07187258890613793,0.16482912686568116,-0.7851272738838473,-5.008860408811996,2.002843685359617,2.705021511355221,-0.0029069010042753933,-2.7804602084358505,6.30939314734803,-0.6879289456223596,4.1302578176566795,1
0.131975389624943,0.07188854367792481,0.1650355185323169,-0.7871309494890707,-5.010628846390201,1.992843685359617,2.715021511355221,-0.002906901004275389,-2.7855983087981055,6.3163388775307165,-0.6895098156853672,4.133646317540118,1
0.13219250434407417,0.07190317485279422,0.16523964948063646,-0.7891337612861267,-5.012238888319297,1.982843685359617,2.7250215113552207,-0.0029069010042753873,-2.790706804569622,6.323189102338221,-0.6910987675888627,4.136976998479602,1
0.13240732376979059,0.07191643311253118,0.16544153897714464,-0.7911357275064822,-5.013693584137791,1.972843685359617,2.7350215113552205,-0.002906901004275388,-2.795787495154483,6.329943611966496,-0.6926971222200046,4.140249172154158,1
0.13261987680214157,0.07192827045763933,0.16564120588675224,-0.7931368657482873,-5.014995906693344,1.962843685359617,2.7450215113552203,-0.002906901004275392,-2.8008421360940017,6.33660220711306,-0.6943061666350965,4.143462170776296,1
0.13283019176602234,0.07193864013902794,0.16583866870465436,-0.7951371930201917,-5.016148753208918,1.952843685359617,2.75502151135522,-0.0029069010042753907,-2.8058724416064935,6.343164698792759,-0.6959271558909952,4.1466153461994,1
0.13303829645340098,0.07194749659264951,0.16603394558717124,-0.7971367257836899,-5.017154946411899,1.942843685359617,2.76502151135522,-0.0029069010042753916,-2.8108800870271184,6.349630908174188,-0.6975613148004295,4.149708069069638,1
0.1332442181641015,0.0719547953770001,0.16622705438156984,-0.7991354799940235,-5.018017235716394,1.932843685359617,2.7750215113552197,-0.002906901004275393,-2.8158667111503797,6.3560006664356115,-0.6992098396133873,4.152739728020759,1
0.133447983745171,0.07196049311338866,0.16641801265488515,-0.8011334711396667,-5.018738298449776,1.922843685359617,2.7850215113552195,-0.002906901004275391,-2.8208339184780375,6.362273814639149,-0.7008738996268659,4.155709728910117,1
0.1336496196288675,0.07196454742888288,0.16660683772176774,-0.8031307142804325,-5.019320741115366,1.912843685359617,2.7950215113552193,-0.0029069010042753946,-2.8257832813753603,6.368450203622273,-0.7025546387253188,4.158617494094371,1
0.1338491518693061,0.07196691690183495,0.16679354667138338,-0.8051272240842373,-5.019767100683902,1.902843685359617,2.805021511355219,-0.002906901004275396,-2.830716342138744,6.374529693905609,-0.7042531768542237,4.16146246174323,1
0.13404660617780229,0.07196756100988996,0.1669781563933922,-0.8071230148625627,-5.0200798459071265,1.892843685359617,2.815021511355219,-0.0029069010042753985,-2.835634614977784,6.380512155616063,-0.7059706114292208,4.16424408518964,1
0.13424200795695707,0.0719664400803814,0.16716068360303918,-0.8091181006046605,-5.02026137864749,1.8828436853596169,2.8250215113552186,-0.0029069010042753964,-2.840539587914979,6.386397468424486,-0.7077080186832754,4.166961832314923,1
0.13443538233352537,0.07196351524301618,0.1673411448653851,-0.8111124950105383,-5.020314035218559,1.8728436853596169,2.8350215113552184,-0.0029069010042753916,-2.845432724606197,6.392185521496998,-0.7094664549543332,4.169615184967275,1
0.13462675419011408,0.07195874838475458,0.16751955661871065,-0.8131062115227752,-5.0202400877312705,1.8628436853596169,2.845021511355218,-0.002906901004275394,-2.8503154660851093,6.397876213459238,-0.7112469579159126,4.1722036384121814,1
0.1348161481957552,0.07195210210679102,0.16769593519712664,-0.8150992633572166,-5.02004174544169,1.8528436853596169,2.855021511355218,-0.002906901004275392,-2.8551892324347508,6.4034694523728755,-0.7130505477530561,4.174726700813321,1
0.13500358883539915,0.07194353968354363,0.1678702968524214,-0.8170916635325831,-5.019721156096382,1.8428436853596168,2.8650215113552178,-0.002906901004275391,-2.860055424389305,6.408965155723671,-0.7148782282860137,4.177183892742519,1
0.13518910043837498,0.07193302502356179,0.1680426577751795,-0.819083424899051,-5.01928040727196,1.8328436853596168,2.8750215113552176,-0.0029069010042753933,-2.864915424869227,6.414363250420513,-0.7167309880440113,4.179574746717438,1
0.13537270720586303,0.07192052263226463,0.16821303411520358,-0.8210745601658423,-5.018721527705749,1.8228436853596168,2.8850215113552173,-0.002906901004275397,-2.8697706004527146,6.419663672804876,-0.718609801291377,4.181898806765679,1
0.13555443323742541,0.07190599757642405,0.16838144200127222,-0.8230650819278751,-5.018046488614854,1.8128436853596168,2.895021511355217,-0.0029069010042753964,-2.874622302786508,6.424866368670162,-0.720515629008264,4.184155628014058,1
0.13573430255663935,0.0718894154503098,0.16854789756026545,-0.8250550026915143,-5.017257205001303,1.8028436853596168,2.905021511355217,-0.002906901004275396,-2.8794718699388997,6.429971293290464,-0.7224494198281355,4.18634477630184,1
0.13591233913587755,0.07187074234341614,0.1687124169356899,-0.8270443348994714,-5.016355536941151,1.7928436853596168,2.9150215113552167,-0.002906901004275395,-2.8843206276977926,6.434978411458316,-0.7244121109341146,4.188465827816779,1
0.1360885669202791,0.0718499448096921,0.1688750163056344,-0.8290330909548935,-5.0153432908557924,1.7828436853596168,2.9250215113552165,-0.0029069010042753938,-2.8891698908165404,6.439887697531014,-0.726404628916248,4.190518368752861,1
0.13626300985095305,0.07182698983820057,0.16903571190018646,-0.8310212832446847,-5.014222220763911,1.7728436853596168,2.9350215113552163,-0.0029069010042753946,-2.894020964210231,6.444699135485133,-0.7284278905916449,4.192501994988687,1
0.1364356918874576,0.07180184482513424,0.1691945200183402,-0.8330089241621059,-5.01299402951276,1.7628436853596168,2.945021511355216,-0.0029069010042753985,-2.898875144105012,6.449412718978961,-0.7304828037894046,4.194416311785494,1
0.13660663702959316,0.07177447754711784,0.1693514570444232,-0.8349960261286848,-5.011660369987649,1.7528436853596168,2.955021511355216,-0.002906901004275396,-2.9037337191429207,6.454028451422436,-0.7325702681021687,4.196260933503824,1
0.13677586933855165,0.07174485613573162,0.16950653946407276,-0.836982601615484,-5.010222846298721,1.7428436853596168,2.9650215113552156,-0.0029069010042753946,-2.908597971444661,6.45854634605444,-0.7346911756060557,4.198035483337975,1
0.13694341295745935,0.07171294905319084,0.16965978387978864,-0.8389686631637625,-5.008683014944235,1.7328436853596167,2.9750215113552154,-0.0029069010042753977,-2.9134691776326385,6.462966426027136,-0.7368464115506873,4.199739593067324,1
0.13710929213134918,0.07167872506911874,0.16981120702608724,-0.8409542234050671,-5.007042385949765,1.7228436853596167,2.985021511355215,-0.002906901004275403,-2.9183486098164915,6.46728872449706,-0.739036855020958,4.201372902823665,1
0.13727353122660205,0.07164215323835658,0.1699608257842868,-0.8429392950807911,-5.005302423982814,1.7128436853596167,2.995021511355215,-0.0029069010042754007,-2.9232375365432937,6.471513284722918,-0.7412633795720822,4.202935060873845,1
0.13743615474989038,0.07160320287975241,0.1701086571969471,-0.844923891061238,-5.003464549442502,1.7028436853596167,3.005021511355215,-0.0029069010042754,-2.928137223714499,6.47564016016981,-0.7435268538394556,4.204425723416905,1
0.1375971873666584,0.07156184355587482,0.170254718481988,-0.8469080243642189,-5.001530139524077,1.6928436853596167,3.0150215113552146,-0.002906901004275396,-2.93304893547163,6.479669414619732,-0.745828142124768,4.205844554395008,1
0.13775665391917327,0.07151804505360057,0.17039902704651272,-0.8488917081732233,-4.999500529258092,1.6828436853596167,3.0250215113552144,-0.002906901004275392,-2.937973935052641,6.483601122288274,-0.7481681049597487,4.20719122531752,1
0.1379145794441783,0.07147177736552623,0.17054160050035727,-0.8508749558551895,-4.997377012524188,1.6728436853596167,3.035021511355214,-0.002906901004275391,-2.9429134856207977,6.487435367947358,-0.7505475996488764,4.208465415097575,1
0.13807098919018082,0.07142301067215688,0.17068245666939044,-0.8528577809779131,-4.995160843039498,1.6628436853596167,3.045021511355214,-0.002906901004275389,-2.947868851067869,6.491172247053958,-0.7529674807923272,4.209666809900555,1
0.13822590863440332,0.07137171532482633,0.17082161360858447,-0.8548401973271137,-4.992853235321744,1.6528436853596167,3.0550215113552137,-0.002906901004275392,-2.9528412967933115,6.494811865884678,-0.7554286007903741,4.210795103003878,1
0.13837936349942917,0.07131786182930636,0.17095908961487993,-0.8568222189232035,-4.990455365627171,1.6428436853596167,3.0650215113552135,-0.0029069010042753933,-2.957832090461139,6.498354341676199,-0.7579318103304138,4.211849994667611,1
0.1385313797695698,0.07126142083006333,0.17109490323986346,-0.8588038600377685,-4.987968372863519,1.6328436853596167,3.0750215113552133,-0.0029069010042753925,-2.9628425027359913,6.501799802771483,-0.7604779588577231,4.2128311920153525,1
0.13868198370698234,0.071202363095123,0.17122907330228032,-0.8607851352098074,-4.985393359478253,1.6228436853596167,3.085021511355213,-0.0029069010042753894,-2.9678738079999913,6.505148388771761,-0.7630678950310356,4.213738408924942,1
0.13883120186756379,0.07114065950150605,0.17136161890040036,-0.8627660592617437,-4.9827313923223455,1.6128436853596166,3.095021511355213,-0.002906901004275392,-2.9729272850518003,6.508400250694264,-0.7657024671639451,4.214571365928546,1
0.13897906111664826,0.07107628102119845,0.1714925594242568,-0.8647466473152411,-4.979983503489924,1.6028436853596166,3.1050215113552126,-0.0029069010042753925,-2.9780042177893002,6.511555551135722,-0.7683825236531284,4.215329790121687,1
0.13912558864453303,0.07100919870762236,0.171621914567777,-0.8667269148068494,-4.977150691134115,1.5928436853596166,3.1150215113552124,-0.0029069010042753933,-2.983105895877262,6.514614464441634,-0.7711089133943264,4.216013415080835,1
0.13927081198185695,0.07093938368257448,0.17174970434082207,-0.8687068775035,-4.974233920259464,1.5828436853596166,3.1250215113552122,-0.002906901004275399,-2.9882336154012785,6.51757717688133,-0.7738824861869866,4.216621980789174,1
0.1394147590148573,0.07086680712360156,0.17187594908115492,-0.8706865515178813,-4.971234123491319,1.5728436853596166,3.135021511355212,-0.0029069010042753985,-2.9933886795092497,6.520443886828919,-0.7767040931284256,4.217155233570231,1
0.13955745800052627,0.0707914402517811,0.1720006694663519,-0.8726659533237158,-4.96815220182258,1.5628436853596166,3.145021511355212,-0.0029069010042753977,-2.998572399041614,6.523214804950081,-0.7795745869983671,4.21761292602897,1
0.13969893758169308,0.07071325431988196,0.17212388652567817,-0.8746450997709575,-4.964989025338241,1.5528436853596166,3.1550215113552116,-0.0029069010042753977,-3.0037860931515024,6.525890154394939,-0.7824948226346036,4.217994817000176,1
0.13983922680205121,0.07063222060087362,0.1722456216519398,-0.8766240081009417,-4.961745433918157,1.5428436853596166,3.1650215113552114,-0.002906901004275396,-3.009031089915946,6.528470170996895,-0.78546565730061,4.2183006715036955,1
0.13997835512115372,0.07054831037675986,0.17236589661333063,-0.8786026959614941,-4.958422237918481,1.5328436853596166,3.175021511355211,-0.002906901004275389,-3.014308726939227,6.530955103477629,-0.7884879510458084,4.218530260706347,1
0.14011635242940104,0.070461494927713,0.17248473356529234,-0.8805811814220419,-4.9550202188322094,1.5228436853596166,3.185021511355211,-0.0029069010042753916,-3.0196203519494573,6.533345213658448,-0.7915625670591874,4.218683361890315,1
0.14025324906303788,0.07037174552148129,0.17260215506239893,-0.8825594829887263,-4.951540129929307,1.5128436853596166,3.1950215113552107,-0.002906901004275391,-3.024967323389379,6.535640776677909,-0.7946903720169961,4.218759758427663,1
0.14038907581918364,0.07027903340304888,0.17271818407028477,-0.8845376196195525,-4.947982696876851,1.5028436853596165,3.2050215113552105,-0.0029069010042753933,-3.030351011002414,6.537842081216,-0.797872236425142,4.218759239760864,1
0.140523863970915,0.07018332978452456,0.1728328439776299,-0.8865156107395895,-4.944348618339668,1.4928436853596165,3.2150215113552103,-0.002906901004275392,-3.035772796414921,6.539949429724921,-0.8011090349569512,4.218681601389088,1
0.1406576452824238,0.07008460583523984,0.17294615860822024,-0.88849347625625,-4.9406385665619,1.4828436853596165,3.22502151135521,-0.0029069010042753907,-3.0412340737156276,6.5419631386667625,-0.8044016467868835,4.218526644860155,1
0.1407904520242663,0.06998283267203285,0.17305815223309393,-0.8904712365746538,-4.936853187929988,1.4728436853596165,3.23502151135521,-0.0029069010042753925,-3.046736250033126,6.543883538758024,-0.8077509559208299,4.2182941777678655,1
0.14092231698872745,0.06987798134970023,0.17316884958279277,-0.8924489126131139,-4.9329931035174885,1.4628436853596165,3.2450215113552097,-0.0029069010042753886,-3.052280746112383,6.545710975221341,-0.811157851523559,4.217984013754654,1
0.14105327350531904,0.06977002285159813,0.1732782758597325,-0.8944265258187514,-4.929058909612209,1.4528436853596165,3.2550215113552095,-0.0029069010042753916,-3.0578689968911132,6.547445808044546,-0.814623228243857,4.217595972519427,1
0.14118335545643027,0.0696589280803712,0.17338645675070555,-0.896404098183266,-4.92505117822608,1.4428436853596165,3.2650215113552092,-0.002906901004275391,-3.063502452076909,6.549088412247204,-0.8181479865379551,4.217129879830387,1
0.14131259729315232,0.06954466784879465,0.17349341843953353,-0.8983816522588778,-4.920970457588228,1.4328436853596165,3.275021511355209,-0.00290690100427539,-3.069182576725966,6.550639178154922,-0.8217330329917287,4.216585567542822,1
0.14144103405129577,0.0694272128707093,0.17359918761988313,-0.9003592111744652,-4.916817272621663,1.4228436853596165,3.285021511355209,-0.0029069010042753907,-3.0749108518242725,6.552098511681598,-0.8253792806422356,4.2159628736217,1
0.14156870136762087,0.06930653375203503,0.17370379150826096,-0.9023367986519093,-4.912592125404036,1.4128436853596165,3.2950215113552086,-0.0029069010042753925,-3.0806887748720495,6.553466834619882,-0.8290876492990585,4.215261642169029,1
0.14169563549630063,0.06918260098184308,0.17380725785720272,-0.9043144390226829,-4.90829549561285,1.4028436853596165,3.3050215113552084,-0.0029069010042753938,-3.0865178604723433,6.554744584940046,-0.8328590658660175,4.214481723455858,1
0.14182187332563687,0.06905538492347499,0.17390961496867208,-0.9062921572446785,-4.903927840955603,1.3928436853596164,3.315021511355208,-0.0029069010042753894,-3.0923996409244885,6.555932217097616,-0.8366944646636595,4.213622973958925,1
0.14194745239504897,0.06892485580568818,0.17401089170768402,-0.908269978919318,-4.899489597585201,1.3828436853596164,3.325021511355208,-0.0029069010042753864,-3.0983356668233486,6.557030202349919,-0.8405947877531027,4.212685256401811,1
0.14207241091235628,0.06879098371381594,0.17411111751616967,-0.9102479303089541,-4.8949811805010945,1.3728436853596164,3.3350215113552077,-0.0029069010042753842,-3.1043275076650843,6.558039029081947,-0.8445609852616459,4.211668439800647,1
0.14219678777137512,0.06865373858092523,0.17421032242709794,-0.9122260383545864,-4.890402983936515,1.3628436853596164,3.3450215113552075,-0.002906901004275381,-3.1103767524602914,6.558959203141789,-0.8485940157106528,4.210572399514289,1
0.14232062256984934,0.06851309017895696,0.174308537078869,-0.9142043306939076,-4.88575538173221,1.3528436853596164,3.3550215113552073,-0.0029069010042753916,-3.1164850103552886,6.559791248185917,-0.8526948463461732,4.20939701729894,1
0.14244395562773948,0.06836900810983562,0.17440579272999923,-0.9161828356797153,-4.881038727697028,1.3428436853596164,3.365021511355207,-0.0029069010042754,-3.1226539112624145,6.560535706034771,-0.8568644534727641,4.208142181367259,1
0.14256682800588785,0.06822146179653157,0.17450212127411052,-0.9181615823986923,-4.876253355955774,1.3328436853596164,3.375021511355207,-0.0029069010042754085,-3.1288851065000993,6.561193137038847,-0.8611038227909911,4.206807786451877,1
0.14268928152508492,0.0680704204740632,0.17459755525524423,-0.9201406006905933,-4.871399581284658,1.3228436853596164,3.3850215113552067,-0.0029069010042754224,-3.1351802694435764,6.561764120455779,-0.865413949739063,4.205393733873404,1
0.14281135878555856,0.06791585318042415,0.17469212788351626,-0.922119921167852,-4.866477699434723,1.3128436853596164,3.3950215113552065,-0.0029069010042754354,-3.141541096187048,6.562249254838747,-0.8697958398390667,4.203899931612904,1
0.14293310318690816,0.06775772874741992,0.17478587305113047,-0.9240995752356338,-4.861487987443594,1.3028436853596164,3.4050215113552063,-0.0029069010042754462,-3.1479693062181555,6.562649158436574,-0.8742505090482965,4.202326294388853,1
0.14305455894850955,0.06759601579140202,0.1748788253487708,-0.9260795951123605,-4.856430703935894,1.2928436853596164,3.415021511355206,-0.002906901004275459,-3.1544666431056125,6.562964469606035,-0.87877898411611,4.200672743738671,1
0.14317577113041294,0.06743068270388311,0.1749710200823895,-0.9280600138507245,-4.851306089412677,1.2828436853596163,3.425021511355206,-0.0029069010042754723,-3.161034875200859,6.563195847236722,-0.8833823029468173,4.198939208104818,1
0.1432967856547606,0.06726169764201981,0.17506249329041212,-0.9300408653592277,-4.846114366530195,1.2728436853596163,3.4350215113552056,-0.0029069010042754887,-3.1676757963546485,6.5633439711889885,-0.8880615149690765,4.1971256229255545,1
0.1434176493277483,0.06708902851894792,0.1751532817613785,-0.9320221844242591,-4.84085574036834,1.2628436853596163,3.4450215113552054,-0.0029069010042755026,-3.1743912266494476,6.563409542745399,-0.8928176815122856,4.195231930730374,1
0.1435384098621594,0.06691264299395655,0.17524342305204213,-0.9340040067327487,-4.835530398689084,1.2528436853596163,3.455021511355205,-0.0029069010042755195,-3.1811830131486,6.563393285076274,-0.8976518761904583,4.19325808124027,1
0.1436591159004966,0.06673250846248456,0.17533295550594777,-0.9359863688954175,-4.830138512185217,1.2428436853596163,3.465021511355205,-0.002906901004275533,-3.188053030663189,6.563295943719767,-0.9025651852941079,4.191204031472823,1
0.14377981703874207,0.06654859204592593,0.17542191827251136,-0.9379693084706576,-4.824680234719716,1.2328436853596163,3.4750215113552048,-0.0029069010042755516,-3.195003182537593,6.563118287077109,-0.907558708190638,4.189069745852291,1
0.14390056385077354,0.06636086058122768,0.1755103513266239,-0.9399528639890641,-4.819155703556054,1.2228436853596163,3.4850215113552045,-0.0029069010042755655,-3.2020354014547108,6.562861106923542,-0.9126335577337719,4.18685519632474,1
0.14402140791346751,0.066169280610264,0.17559829548880398,-0.9419370749786581,-4.813565039579723,1.2128436853596163,3.4950215113552043,-0.0029069010042755868,-3.2091516502619295,6.562525218935559,-0.917790860682583,4.18456036247835,1
0.14414240183252283,0.06597381836897342,0.1756857924459254,-0.9439219819908303,-4.807908347511317,1.2028436853596163,3.505021511355204,-0.0029069010042756076,-3.2163539228188793,6.562111463235187,-0.9230317581306358,4.18218523166908,1
0.14426359926903445,0.06577443977623817,0.1757728847725426,-0.9459076266270318,-4.802185716111432,1.1928436853596163,3.515021511355204,-0.0029069010042756366,-3.2236442448680935,6.561620704951787,-0.928357405945872,4.179729799151702,1
0.14438505496685447,0.0655711104224927,0.17585961595284444,-0.9478940515662545,-4.79639721837771,1.1828436853596163,3.5250215113552037,-0.002906901004275658,-3.2310246749297153,6.561053834802271,-0.9337689752217799,4.1771940682164725,1
0.14450682478077453,0.06536379555804224,0.17594603040326204,-0.9498813005933289,-4.790542911734314,1.1728436853596163,3.5350215113552035,-0.0029069010042756774,-3.2384973052214283,6.560411769690351,-0.9392676527404732,4.174578050331532,1
0.14462896570556832,0.06515246008107295,0.17603217349576222,-0.9518694186280917,-4.784622838214095,1.1628436853596162,3.5450215113552033,-0.0029069010042757013,-3.2460642626048983,6.559695453325646,-0.9448546414483389,4.171881765291223,1
0.14475153590593087,0.06493706852533648,0.17611809158185499,-0.9538584517554372,-4.778637024633813,1.1528436853596162,3.555021511355203,-0.0029069010042757255,-3.253727709559924,6.558905856863427,-0.9505311609448559,4.169105241370495,1
0.14487459474735787,0.0647175850474886,0.1762038320173497,-0.9558484472563186,-4.772585482762631,1.1428436853596162,3.565021511355203,-0.0029069010042757503,-3.261489845187722,6.558043979565889,-0.9562984479853108,4.1662485154856155,1
0.14499820282800488,0.06449397341406178,0.1762894431878912,-0.9578394536397246,-4.7664682094842314,1.1328436853596162,3.5750215113552026,-0.0029069010042757507,-3.2693529062446847,6.5571108494857855,-0.9621577569981005,4.163311633361339,1
0.1451224220115737,0.06426619698805218,0.17637497453531337,-0.9598315206756853,-4.760285186952818,1.1228436853596162,3.5850215113552024,-0.0029069010042757555,-3.277319168208101,6.5561075241734486,-0.9681103606173489,4.160294649704834,1
0.14524731546126957,0.06403421871509755,0.17646047658484507,-0.9618246994293472,-4.754036382743327,1.1128436853596162,3.595021511355202,-0.0029069010042757537,-3.2853909463753443,6.555035091408093,-0.9741575502316274,4.1571976283865135,1
0.14537294767488154,0.06379800110922591,0.17654600097320944,-0.9638190422961727,-4.747721749996136,1.1028436853596162,3.605021511355202,-0.002906901004275742,-3.293570596998136,6.553894669954557,-0.9803006365495514,4.15402064262811,1
0.14549938452103278,0.06355750623814765,0.17663160047765378,-0.9658146030383059,-4.741341227556593,1.0928436853596162,3.6150215113552018,-0.0029069010042757494,-3.3018605184535414,6.552687410346402,-0.9865409501831367,4.1507637751981346,1
0.1456266932766603,0.06331269570807002,0.1767173290459577,-0.9678114368221779,-4.734894740109648,1.0828436853596162,3.6250215113552016,-0.0029069010042757507,-3.3102631524534996,6.5514144956967355,-0.9928798422497648,4.147427118615139,1
0.1457549426657758,0.0630635306480066,0.17680324182745968,-0.9698096002573782,-4.728382198309969,1.0728436853596162,3.6350215113552014,-0.0029069010042757507,-3.3187809852946373,6.550077142537818,-0.999318684993662,4.14401077535898,1
0.14588420289957063,0.06280997169355318,0.17688939520515287,-0.9718091514368846,-4.721803498907805,1.0628436853596162,3.645021511355201,-0.0029069010042757624,-3.327416549150416,6.548676601690782,-1.0058588724279247,4.140514858090428,1
0.14601454571792585,0.062551978970104,0.17697584682889772,-0.9738101499786864,-4.7151585248710015,1.0528436853596161,3.655021511355201,-0.0029069010042757464,-3.336172423407546,6.54721415916683,-1.0125018209980328,4.136939489879454,1
0.14614604443239484,0.062289512075474854,0.1770626556498056,-0.9758126570688912,-4.7084471455034524,1.0428436853596161,3.6650215113552007,-0.0029069010042757438,-3.345051236048914,6.545691137101297,-1.0192489702680085,4.133284804442528,1
0.14636781848192987,0.06212653209564044,0.1772430866027199,-0.9771247605335512,-4.701709574324452,1.0328436853596161,3.6750215113552005,-0.0036879203603079726,-3.3539479043315565,6.548904981950698,-1.0245505644845045,4.132903575225782,1
0.1465026092357096,0.06185609373835636,0.17733161336185893,-0.9791312285776668,-4.694865397107563,1.0228436853596161,3.6850215113552003,-0.003687920360307976,-3.363075321174222,6.5473109082766285,-1.0314929522658987,4.1291244724904415,1
0.146638780283026,0.0615810592032173,0.17742067737775524,-0.9811393931711094,-4.687954342998923,1.012843685359616,3.6950215113552,-0.003687920360307983,-3.3723336763715874,6.545660346007023,-1.0385439031172927,4.1252665058748645,1
0.14677641164483052,0.061301385724058,0.17751034312441621,-0.9831493221963419,-4.6809762276800555,1.002843685359616,3.7050215113552,-0.0036879203603079943,-3.3817258074804397,6.543954769370793,-1.0457049574137345,4.121329852426224,1
0.14691558515308503,0.06101702990866025,0.17760067656823197,-0.9851610853438723,-4.673930853722407,0.9928436853596161,3.7150215113551996,-0.0036879203603080047,-3.391254608369698,6.5421956939066055,-1.0529776824849724,4.117314701144016,1
0.14705638450418526,0.06072794771705421,0.1776917452106525,-0.9871747541657975,-4.666818010692964,0.9828436853596161,3.7250215113551994,-0.0036879203603080095,-3.400923030934943,6.540384677628154,-1.0603636734639612,4.113221253279309,1
0.14719889531443656,0.06043409443896057,0.17778361813249527,-0.9891904021313963,-4.6596374752593075,0.9728436853596161,3.735021511355199,-0.0036879203603080155,-3.410734086878257,6.538523322234752,-1.067864554167412,4.109049722646044,1
0.14734320517768879,0.060135424670329396,0.1778763660399687,-0.9912081046848854,-4.652389011294637,0.9628436853596161,3.745021511355199,-0.0036879203603080186,-3.420690849556735,6.536613274369641,-1.075481978010012,4.104800335945054,1
0.14748614638662808,0.059833316887511215,0.17796900493713658,-0.9932279393054341,-4.645072369983341,0.952843685359616,3.755021511355199,-0.0036879203603080255,-3.430690849556735,6.534656226928215,-1.0832176289541338,4.100473333101264,1
0.14762637160137618,0.05952834380841697,0.17806113894555578,-0.9952499793132122,-4.637687289080409,0.942843685359616,3.7650215113551986,-0.0036879203603080264,-3.4406908495567348,6.532653569641474,-1.0910733374446469,4.0960687182563875,1
0.14776386421973586,0.059220491905890786,0.1781528033265888,-0.9972742974896385,-4.630233493658741,0.932843685359616,3.7750215113551984,-0.003687920360308021,-3.4506908495567346,6.530606587308966,-1.0990510186346567,4.091586399317577,1
0.14789860748064199,0.05890974756580861,0.17824403437658384,-0.9993009687162255,-4.622710696607143,0.922843685359616,3.785021511355198,-0.003687920360308029,-3.4606908495567343,6.528516604743198,-1.107152626906168,4.08702629012671,1
0.14803058446016057,0.058596097086068395,0.17833486946078306,-1.0013300700429224,-4.6151185987571095,0.912843685359616,3.795021511355198,-0.0036879203603080255,-3.470690849556734,6.526384988105611,-1.115380157105708,4.082388310690454,1
0.14815977806738093,0.05827952667561459,0.17842534704866866,-1.0033616807593,-4.607456889014166,0.902843685359616,3.8050215113551977,-0.003687920360308021,-3.480690849556734,6.524213146300233,-1.123735645829568,4.077672387421861,1
0.14828617104019365,0.05796002245349731,0.1785155067508246,-1.0053958824687401,-4.599725244494644,0.892843685359616,3.8150215113551975,-0.003687920360308016,-3.4906908495567337,6.522002532428165,-1.1322211727614295,4.072878453394109,1
0.14840974594094672,0.05763757044796704,0.1786053893573969,-1.007432759165798,-4.591923330668849,0.882843685359616,3.8250215113551973,-0.003687920360308017,-3.5006908495567335,6.519754645306199,-1.1408388620653138,4.068006448607001,1
0.14853048515197514,0.057312156595608864,0.17869503687824326,-1.0094723973169069,-4.584050801511741,0.872843685359616,3.835021511355197,-0.0036879203603080164,-3.5106908495567333,6.517471031053232,-1.1495908838368887,4.063056320267011,1
0.1486483708709934,0.05698376674051497,0.17878449258486528,-1.0115148859446217,-4.5761072996622225,0.862843685359616,3.845021511355197,-0.0036879203603080164,-3.520690849556733,6.515153284748215,-1.1584794556165474,4.058028023081534,1
0.14876338510634393,0.056652386633498725,0.17887380105422587,-1.0135603167155989,-4.56809245659234,0.852843685359616,3.8550215113551967,-0.003687920360308011,-3.530690849556733,6.512803052163764,-1.1675068439677647,4.0529215195681845,1
0.14887550967209204,0.056318001931351336,0.17896300821456068,-1.0156087840325374,-4.560005892787738,0.842843685359616,3.8650215113551964,-0.003687920360308007,-3.5406908495567326,6.51042203157978,-1.176675366124578,4.047736780379974,1
0.14898472618295835,0.055980598196144135,0.17905216139330077,-1.0176603851303059,-4.551847217940904,0.832843685359616,3.8750215113551962,-0.003687920360308001,-3.5506908495567324,6.508011975681826,-1.1859873917122379,4.042473784647327,1
0.14909101604907626,0.055640160894575616,0.17914130936722886,-1.0197152201765045,-4.543616031158852,0.8228436853596159,3.885021511355196,-0.0036879203603079995,-3.560690849556732,6.505574693549125,-1.1954453445454523,4.0371325203378,1
0.14919436047056686,0.05529667539736959,0.17923050241500751,-1.0217733923767394,-4.535311921187047,0.8128436853596159,3.895021511355196,-0.0036879203603080077,-3.570690849556732,6.503112052737786,-1.2050517045088627,4.031712984634725,1
0.1492947404319151,0.054950126978721855,0.1793197923722182,-1.023835008084884,-4.526934466651583,0.8028436853596159,3.9050215113551956,-0.0036879203603080108,-3.580690849556732,6.500625981464793,-1.2148090095248576,4.026215184335709,1
0.14939213669613846,0.05460050081580227,0.17940923268906972,-1.025900176918641,-4.518483236321822,0.7928436853596159,3.9150215113551954,-0.0036879203603080073,-3.5906908495567316,6.498118470899169,-1.224719857614058,4.020639136272379,1
0.14948859794380542,0.05424868786488624,0.17949820963318167,-1.027969011880741,-4.509957789395899,0.7828436853596159,3.925021511355195,-0.0036879203603080073,-3.6006908495567314,6.4955915775668105,-1.2347198576140581,4.014984867752502,1
0.1495869390601757,0.0538959159407381,0.17958586520433917,-1.0300416309341744,-4.501357678345898,0.7728436853596159,3.935021511355195,-0.0036879203603080086,-3.610690849556731,6.493047514370987,-1.2447198576140581,4.009252482046989,1
0.14968722791984884,0.05354221114800996,0.1796722338019361,-1.032118157651236,-4.492682450197107,0.7628436853596159,3.9450215113551947,-0.003687920360308008,-3.620690849556731,6.490488685925114,-1.2547198576140581,4.003442183203292,1
0.14978953430361258,0.05318760049891134,0.1797573510457196,-1.034198719416479,-4.483931643522065,0.7528436853596159,3.9550215113551945,-0.0036879203603080017,-3.6306908495567307,6.487917573697207,-1.2647198576140581,3.997554190322834,1
0.1498939299722954,0.052832111948652845,0.17984125382457591,-1.0362834475745373,-4.4751047888474895,0.7428436853596159,3.9650215113551943,-0.003687920360307991,-3.6406908495567305,6.485336739021245,-1.2747198576140581,3.991588738177999,1
0.15000048874448157,0.052475774432729945,0.17992398034792642,-1.0383724775856753,-4.466201409100726,0.7328436853596159,3.975021511355194,-0.0036879203603080012,-3.6506908495567303,6.482748826266963,-1.2847198576140582,3.9855460778623124,1
0.15010928657834802,0.05211861790616864,0.18000557019991026,-1.0404659491895796,-4.457221020100254,0.7228436853596159,3.985021511355194,-0.0036879203603080004,-3.66069084955673,6.480156566178645,-1.2947198576140582,3.979426477476009,1
0.15022040165790432,0.05176067338486514,0.18008606439654412,-1.0425640065779591,-4.448163131095262,0.7128436853596158,3.9950215113551937,-0.0036879203603080034,-3.67069084955673,6.47756277939447,-1.3047198576140582,3.9732302228493768,1
0.15033391448393804,0.05140197298916006,0.18016550544606252,-1.0446667985765505,-4.439027245359934,0.7028436853596158,4.005021511355194,-0.003687920360308,-3.6806908495567296,6.4749703801586715,-1.3147198576140582,3.9669576183063806,1
0.15044990796999452,0.051042549989801254,0.18024393741266156,-1.0467744788372004,-4.429812860848639,0.6928436853596158,4.015021511355194,-0.0036879203603080056,-3.6906908495567294,6.472382380239991,-1.3247198576140582,3.9606089874713426,1
0.15056846754374498,0.05068243885646159,0.18032140598388682,-1.0488872060407188,-4.420519470919088,0.6828436853596158,4.0250215113551935,-0.0036879203603080004,-3.7006908495567292,6.469801893070888,-1.3347198576140582,3.954184674121698,1
0.15068968125412754,0.050321675308990906,0.1803979585419254,-1.0510051441112793,-4.411146565131288,0.6728436853596158,4.035021511355193,-0.0036879203603080012,-3.710690849556729,6.467232138123219,-1.3447198576140582,3.9476850430900465,1
0.15081363988467766,0.04996029637159831,0.18047364423908616,-1.0531284624431978,-4.401693630131043,0.6628436853596158,4.045021511355193,-0.0036879203603080043,-3.720690849556729,6.464676445537456,-1.3547198576140582,3.9411104812190794,1
0.15094043707349894,0.04959834043017546,0.18054851407777422,-1.0552573361409932,-4.392160150627896,0.6528436853596158,4.055021511355193,-0.0036879203603080047,-3.7306908495567286,6.462138261023878,-1.3647198576140582,3.9344613983731906,1
0.151070169440364,0.04923584729299126,0.180622620995294,-1.0573919462737114,-4.382545610478574,0.6428436853596158,4.065021511355193,-0.0036879203603080047,-3.7406908495567284,6.459621151055822,-1.3747198576140582,3.9277382285109836,1
0.15120293672147606,0.04887285825500865,0.1806960199538452,-1.059532480144559,-4.372849493888462,0.6328436853596158,4.075021511355192,-0.003687920360308009,-3.750690849556728,6.457128808376836,-1.3847198576140582,3.9209414308233113,1
0.15133884191246824,0.04850941616609195,0.1807687680361027,-1.0616791315770295,-4.363071286745051,0.6228436853596158,4.085021511355192,-0.003687920360308003,-3.760690849556728,6.454665057845262,-1.3947198576140583,3.914071490941675,1
0.15147799142026624,0.04814556550340453,0.18084092454681572,-1.0638321012187388,-4.3532104780993635,0.6128436853596158,4.095021511355192,-0.0036879203603080073,-3.7706908495567277,6.452233862642241,-1.4047198576140583,3.907128922222677,1
0.1516204952244951,0.04778135244831379,0.1809125511208893,-1.0659915968643658,-4.343266561813108,0.6028436853596157,4.105021511355192,-0.003687920360308007,-3.7806908495567275,6.44983933087092,-1.4147198576140583,3.9001142671142515,1
0.15176646704916846,0.04741682496815796,0.18098371183846407,-1.0681578337991409,-4.333266561813108,0.5928436853596157,4.115021511355192,-0.00368792036030801,-3.7906908495567273,6.447485722577591,-1.4247198576140583,3.8930280986104604,1
0.15191603115065924,0.0470520346273352,0.18105447569422112,-1.0703310483749133,-4.323266561813108,0.5828436853596157,4.125021511355191,-0.0036879203603080077,-3.800690849556727,6.445177650998172,-1.4347198576140583,3.885871001424815,1
0.15206933035623618,0.04668703880953813,0.1811249196288375,-1.072511514087337,-4.3132665618131085,0.5728436853596157,4.135021511355191,-0.003687920360308005,-3.810690849556727,6.442920324880449,-1.4447198576140583,3.8786435536947024,1
0.15222651357857153,0.04632189757905416,0.18119512426217785,-1.0746995166050075,-4.303266561813109,0.5628436853596157,4.145021511355191,-0.003687920360307997,-3.8206908495567267,6.4407191885691555,-1.4547198576140583,3.871346371859273,1
0.1523877361285379,0.04595667382845338,0.18126517410109133,-1.0768953543951774,-4.293266561813109,0.5528436853596157,4.155021511355191,-0.0036879203603080012,-3.8306908495567265,6.438579934726373,-1.4647198576140583,3.863980113238633,1
0.15255316004434294,0.045591433435067955,0.18133515775999698,-1.079099339382135,-4.283266561813109,0.5428436853596157,4.1650215113551905,-0.0036879203603080064,-3.8406908495567262,6.436508517781747,-1.4747198576140583,3.85654547881317,1
0.1527229544375623,0.045226245426713454,0.18140516819496064,-1.0813117976393987,-4.273266561813109,0.5328436853596157,4.17502151135519,-0.0036879203603080012,-3.850690849556726,6.43451116814661,-1.4847198576140583,3.84904321621892,1
0.15289729585656925,0.04486118215710707,0.18147530295198236,-1.0835330701166879,-4.26326656181311,0.5228436853596157,4.18502151135519,-0.003687920360307996,-3.860690849556726,6.432594407225512,-1.4947198576140583,3.8414741229763343,1
0.15307636866778124,0.04449631949142788,0.18154566443021025,-1.08576351340254,-4.25326656181311,0.5128436853596157,4.19502151135519,-0.003687920360308001,-3.8706908495567256,6.430765063257217,-1.5047198576140584,3.833839049970851,1
0.1532603654550331,0.04413173700244931,0.1816163601607876,-1.0880035005231705,-4.24326656181311,0.5028436853596157,4.20502151135519,-0.0036879203603080056,-3.8806908495567254,6.429030288014902,-1.5147198576140584,3.826138905205,1
0.15344948743724537,0.04376751817764767,0.181687503102017,-1.0902534217779303,-4.23326656181311,0.49284368535961565,4.215021511355189,-0.0036879203603080004,-3.890690849556725,6.4273975743920175,-1.5247198576140584,3.818374657843023,1
0.15364394490437286,0.04340375063765071,0.1817592119514841,-1.0925136856113238,-4.22326656181311,0.48284368535961564,4.225021511355189,-0.003687920360307996,-3.900690849556725,6.425874774895634,-1.5347198576140584,3.810547342570296,1
0.15384395767138487,0.04304052636633237,0.18183161147571986,-1.0947847195210831,-4.213266561813111,0.47284368535961563,4.235021511355189,-0.0036879203603079965,-3.9106908495567247,6.424470121062708,-1.5447198576140584,3.8026580642910854,1
0.15404975554973951,0.04267794195278135,0.18190483285788825,-1.0970669710012397,-4.203266561813111,0.4628436853596156,4.245021511355189,-0.0036879203603079986,-3.9206908495567245,6.423192243806487,-1.5547198576140584,3.794708003189262,1
0.1542615788354459,0.042316098845266145,0.18197901406386088,-1.0993609085183629,-4.193266561813111,0.4528436853596156,4.255021511355189,-0.0036879203603080012,-3.9306908495567243,6.422050194689411,-1.5647198576140584,3.7866984201777045,1
0.1544796788123637,0.04195510361718513,0.18205430022687444,-1.1016670225182843,-4.183266561813111,0.4428436853596156,4.265021511355188,-0.003687920360307996,-3.940690849556724,6.4210534681053115,-1.5747198576140584,3.7786306627630064,1
0.15470431826882816,0.04159506824481095,0.18213084405074137,-1.1039858264594573,-4.1732665618131115,0.4328436853596156,4.275021511355188,-0.003687920360307991,-3.950690849556724,6.420212024336077,-1.5847198576140584,3.7705061713526096,1
0.1549357720250198,0.041236110396418175,0.18220880623130334,-1.1063178578678234,-4.163266561813112,0.4228436853596156,4.285021511355188,-0.0036879203603079834,-3.9606908495567237,6.419536313426424,-1.5947198576140584,3.7623264860316907,1
0.1551743274676646,0.040878353732100116,0.18228835589545023,-1.1086636794063252,-4.153266561813112,0.4128436853596156,4.295021511355188,-0.0036879203603079726,-3.9706908495567235,6.419037299793129,-1.6047198576140584,3.7540932538368583,1
0.1554202850876575,0.040521928213231646,0.1823696710565714,-1.1110238799502772,-4.143266561813112,0.40284368535961557,4.3050215113551875,-0.0036879203603079787,-3.9806908495567233,6.418726487451866,-1.6147198576140585,3.7458082365526675,1
0.15567395901498696,0.040166970420097745,0.18245293908472826,-1.113399075657328,-4.133266561813112,0.39284368535961556,4.315021511355187,-0.0036879203603079652,-3.990690849556723,6.418615945703475,-1.6247198576140585,3.7374733190550695,1
0.15593567754389104,0.03981362387567269,0.1825383571891246,-1.1157899110178955,-4.123266561813113,0.38284368535961555,4.325021511355187,-0.0036879203603079696,-4.000690849556723,6.418718335071482,-1.6347198576140585,3.7290905182228173,1
0.15620578363942653,0.03946203937287592,0.1826261329095667,-1.1181970598684208,-4.113266561813113,0.37284368535961554,4.335021511355187,-0.003687920360307976,-4.010690849556723,6.419046933221427,-1.6447198576140585,3.7206619924332966,1
0.1564846354145532,0.03911237530183038,0.1827164846125228,-1.1206212263456568,-4.103266561813113,0.36284368535961553,4.345021511355187,-0.0036879203603079813,-4.020690849556723,6.4196156605187324,-1.6547198576140585,3.71219005165281,1
0.1567726065643547,0.03876479797267393,0.1828096419860641,-1.1230631457552287,-4.093266561813113,0.3528436853596155,4.3550215113551864,-0.0036879203603079717,-4.030690849556723,6.4204391047924565,-1.6647198576140585,3.703677168122443,1
0.1570700867410771,0.03841948192830089,0.18290584652636166,-1.125523585321829,-4.083266561813113,0.3428436853596155,4.365021511355186,-0.0036879203603079748,-4.040690849556722,6.421532544765285,-1.6747198576140585,3.695125987628905,1
0.15737748185019534,0.03807661023999499,0.18300535200646292,-1.1280033447814666,-4.073266561813114,0.3328436853596155,4.375021511355186,-0.0036879203603079887,-4.050690849556722,6.422911971481912,-1.6847198576140585,3.686539341334118,1
0.15769521424363678,0.03773637477722454,0.18310842491572774,-1.130503256768039,-4.063266561813114,0.3228436853596155,4.385021511355186,-0.003687920360307993,-4.060690849556722,6.424594106915594,-1.6947198576140585,3.677920258117277,1
0.15802372278151092,0.037398976440857525,0.18321534485549798,-1.1330241869369049,-4.053266561813114,0.3128436853596155,4.395021511355186,-0.003687920360307978,-4.070690849556722,6.426596418752197,-1.7047198576140585,3.6692719773575404,1
0.15836346272814672,0.03706462534666695,0.1833264048732273,-1.1355670337570771,-4.043266561813114,0.3028436853596155,4.405021511355185,-0.003687920360307981,-4.080690849556722,6.428937130138397,-1.7147198576140585,3.6605979620528117,1
0.15871490544181413,0.036733540943193324,0.18344191171334498,-1.138132727890786,-4.0332665618131145,0.29284368535961547,4.415021511355185,-0.003687920360307976,-4.090690849556721,6.431635222932001,-1.7247198576140585,3.6519019121296186,1
0.15907853781014558,0.03640595204475138,0.18356218595847498,-1.1407222310644431,-4.023266561813115,0.28284368535961546,4.425021511355185,-0.0036879203603079696,-4.100690849556721,6.434710432703191,-1.7347198576140586,3.6431877777485893,1
0.15945486137489748,0.036082096756560114,0.18368756202919703,-1.1433365343182795,-4.013266561813115,0.27284368535961545,4.435021511355185,-0.0036879203603079696,-4.110690849556721,6.4381832334017375,-1.7447198576140586,3.6344597723478107,1
0.15984439108028448,0.03576222226461104,0.18381838800426675,-1.145976655503132,-4.003266561813115,0.26284368535961544,4.4450215113551845,-0.0036879203603079505,-4.120690849556721,6.442074809224766,-1.7547198576140586,3.6257223850909233,1
0.16024765356866774,0.03544658445791405,0.18395502521601292,-1.1486436358719416,-3.9932665618131153,0.25284368535961543,4.455021511355184,-0.0036879203603079514,-4.1306908495567205,6.446407010789175,-1.7647198576140586,3.616980392295117,1
0.16066518493597895,0.03513544734519265,0.18409784756751,-1.15133853559072,-3.9832665618131156,0.24284368535961542,4.465021511355184,-0.0036879203603079444,-4.14069084955672,6.451202292234202,-1.7747198576140586,3.6082388673052117,1
0.1610975278470845,0.034829082221947444,0.18424724050906835,-1.1540624279693918,-3.9732665618131158,0.23284368535961542,4.475021511355184,-0.003687920360307938,-4.15069084955672,6.456483625355559,-1.7847198576140586,3.599503188150726,1
0.16154522789866818,0.03452776653716548,0.18440359960170333,-1.1568163921876846,-3.963266561813116,0.2228436853596154,4.485021511355184,-0.003687920360307942,-4.16069084955672,6.462274386312617,-1.7947198576140586,3.590779042172229,1
0.16200882910462308,0.03423178240196771,0.1845673285847088,-1.1596015042660268,-3.953266561813116,0.2128436853596154,4.4950215113551835,-0.0036879203603079353,-4.17069084955672,6.4685982098688415,-1.8047198576140586,3.582072426630126,1
0.16248886836718895,0.033941414675433074,0.18473883685362774,-1.162418826007943,-3.9432665618131164,0.2028436853596154,4.505021511355183,-0.0036879203603079266,-4.180690849556719,6.475478805549383,-1.8147198576140586,3.5733896441137944,1
0.16298586878720497,0.03365694855610238,0.1849185362442904,-1.165269391620679,-3.9332665618131166,0.19284368535961538,4.515021511355183,-0.0036879203603079206,-4.190690849556719,6.482939729564516,-1.8247198576140586,3.5647372913536715,1
0.16350033166037364,0.03337866660183608,0.1851068370089792,-1.1681541917078453,-3.923266561813117,0.18284368535961537,4.525021511355183,-0.003687920360307913,-4.200690849556719,6.491004105907375,-1.8347198576140586,3.556122239808535,1
0.16403272700532173,0.03310684509657955,0.18530414286328145,-1.1710741543256584,-3.913266561813117,0.17284368535961536,4.535021511355183,-0.0036879203603079063,-4.210690849556719,6.499694289761807,-1.8447198576140587,3.5475516061635988,1
0.16458348247601567,0.03284174968125024,0.18551084497831025,-1.1740301228078938,-3.9032665618131173,0.16284368535961535,4.545021511355182,-0.0036879203603079145,-4.220690849556719,6.50903146634699,-1.8547198576140587,3.539032710646283,1
0.16515285602442853,0.0325835939031149,0.1857272640833574,-1.177022830100212,-3.8932665618131175,0.15284368535961534,4.555021511355182,-0.003687920360307918,-4.230690849556718,6.5190314663469895,-1.8647198576140587,3.530573020866161,1
0.1657201710186264,0.03232596640634598,0.1859444482222784,-1.1800528693394325,-3.8832665618131177,0.14284368535961534,4.565021511355182,-0.0036879203603079227,-4.240690849556718,6.529031466346989,-1.8747198576140587,3.5221800715805878,1
0.16628523606935539,0.032068927204637616,0.18616248342638908,-1.1831206483169154,-3.873266561813118,0.13284368535961533,4.575021511355182,-0.003687920360307901,-4.250690849556718,6.539031466346989,-1.8847198576140587,3.5138600678306378,1
0.16684786459782033,0.031812534693920515,0.1863814537415421,-1.1862263660103027,-3.863266561813118,0.12284368535961533,4.5850215113551815,-0.0036879203603078984,-4.260690849556718,6.549031466346989,-1.8947198576140587,3.5056190586972478,1
0.1674078788742856,0.031556844382787615,0.1866014394305428,-1.189369972349026,-3.8532665618131183,0.11284368535961534,4.595021511355181,-0.003687920360307888,-4.2706908495567175,6.559031466346989,-1.9047198576140587,3.4974628063655318,1
0.1679651147944004,0.031301907394406595,0.18682251484354076,-1.1925511250324683,-3.8432665618131185,0.10284368535961534,4.605021511355181,-0.0036879203603078993,-4.280690849556717,6.569031466346988,-1.9147198576140587,3.4893966312712834,1
0.16851942740854212,0.031047768735918753,0.18704474594873366,-1.1957691442557683,-3.833706437846421,0.09284368535961535,4.615021511355181,-0.0036879203603079032,-4.290690849556717,6.579031466346988,-1.9247198576140587,3.481425232833847,1
0.169070684860534,0.03079446922403524,0.18726819300457304,-1.1990231719239943,-3.824762457363098,0.08284368535961535,4.625021511355181,-0.0036879203603079184,-4.300690849556717,6.589031466346988,-1.9347198576140587,3.473552885969268,1
0.16961878740100042,0.030542039512642775,0.18749290209848932,-1.2023118997298092,-3.816508061941229,0.07284368535961536,4.6350215113551805,-0.003687920360307936,-4.310690849556717,6.599031466346988,-1.9447198576140587,3.4657828246573046,1
0.1701636805938155,0.03029049596528526,0.1877188992455586,-1.2056334407609115,-3.809018767815331,0.06284368535961536,4.644508225301987,-0.003687920360307937,-4.3206908495567165,6.609031466346988,-1.9547198576140588,3.458116813774458,1
0.17070536495559557,0.030039837660954347,0.18794618605901978,-1.20898528024278,-3.8023702846595744,0.05284368535961536,4.652820489949884,-0.0036879203603079327,-4.330690849556716,6.619031466346987,-1.9647198576140588,3.4505548365714835,1
0.17124390459474326,0.029790043722553235,0.18817473585589647,-1.2123642517179054,-3.796636165147094,0.04284368535961536,4.659894655257538,-0.003687920360307928,-4.340690849556716,6.629031466346987,-1.9747198576140588,3.443094814586485,1
0.1717794337278231,0.029541071318655816,0.18840449069856757,-1.2157665481941664,-3.7918850758959817,0.032843685359615356,4.665677328724202,-0.003687920360307925,-4.350690849556716,6.639031466346987,-1.9847198576140588,3.4357323963771598,1
0.1723121599008048,0.02929285470341978,0.1886353598970199,-1.219187775781937,-3.78817786422223,0.024685497360507264,4.670128305049558,-0.0036879203603079405,-4.360690849556716,6.649031466346987,-1.9947198576140588,3.428460853084699,1
0.1728425485331298,0.029045247452434208,0.1888671377635576,-1.2226206876990071,-3.7853585710723516,0.01851875638112403,4.673475752879063,-0.003687920360307946,-4.370690849556715,6.6590314663469865,-2.0047198576140586,3.4212650953208996,1
0.17337096558762494,0.028798134506193136,0.18909966256200175,-1.226059965856989,-3.7832283263700512,0.01388035213263348,4.675983912425253,-0.0036879203603079522,-4.380690849556715,6.669031466346986,-2.0147198576140584,3.4141332581856894,1
0.17389763381473416,0.028551445782893512,0.18933283610085078,-1.2295025017261731,-3.7816248369634624,0.010400783603899613,4.677859991547399,-0.00368792036030797,-4.390690849556715,6.679031466346986,-2.024719857614058,3.407058119875201,1
0.17442268636524574,0.028305139316451993,0.18956659996426267,-1.232946505919988,-3.7804204701708164,0.007793959726678926,4.679262448631973,-0.003687920360307979,-4.400690849556715,6.689031466346986,-2.034719857614058,3.40003536350072,1
0.17494620223093432,0.028059190122400046,0.1898009197886462,-1.2363909536342699,-3.779516945064067,0.005842020405245061,4.680310862846658,-0.0036879203603079978,-4.4106908495567145,6.699031466346986,-2.0447198576140577,3.393062428065764,1
0.1754682283014022,0.027813583275005545,0.19003577547175599,-1.2398352560456634,-3.778839497637024,0.004380571269734504,4.681094864555125,-0.0036879203603080125,-4.420690849556714,6.709031466346985,-2.0547198576140575,3.3861377933600685,1
0.17598879265128672,0.027568309740465053,0.19027115527183353,-1.2432790707583632,-3.778331654837622,0.003286173139157682,4.6816814198863,-0.0036879203603080203,-4.430690849556714,6.719031466346985,-2.0647198576140573,3.379260549174339,1
0.17650791240122798,0.0273233639137524,0.1905070523150564,-1.2467221940328972,-3.7779509353845775,0.0024663777951558718,4.682120495777258,-0.0036879203603080364,-4.440690849556714,6.729031466346985,-2.074719857614057,3.372430140439401,1
0.17702559832142722,0.027078742177285908,0.1907434625493939,-1.250164499981601,-3.7776654592769705,0.0018520340933684983,4.682449363371438,-0.003687920360308056,-4.450690849556714,6.739031466346985,-2.084719857614057,3.3656462179739943,1
0.17754185751195328,0.02683444206240352,0.1909803835528221,-1.2536059063964733,-3.7774513342041303,0.0013914431616324525,4.682695829230334,-0.0036879203603080715,-4.4606908495567135,6.749031466346985,-2.0947198576140567,3.3589085515864125,1
0.17805669495805646,0.026590461763165138,0.19121781384149406,-1.2570463555788187,-3.7772906666424837,0.0010459568557870946,4.682880647974533,-0.0036879203603080862,-4.470690849556713,6.759031466346984,-2.1047198576140564,3.3522169796495933,1
0.17857011443091614,0.02634679985499321,0.191455752468918,-1.2604858035912305,-3.777170059635963,0.000786678492925387,4.6830193193308745,-0.0036879203603081057,-4.480690849556713,6.769031466346984,-2.1147198576140562,3.3455713798979323,1
0.1790821190087064,0.02610345513203831,0.19169419879400063,-1.2639242142311926,-3.777079483184734,0.0005919958053451635,4.683123425567225,-0.003687920360308108,-4.490690849556713,6.779031466346984,-2.124719857614056,3.3389716525337847,1
0.17959271137781915,0.02586042651323606,0.19193315234690303,-1.267361555650545,-3.777011427049383,0.00044573836229402713,4.683201626874925,-0.0036879203603081123,-4.500690849556713,6.789031466346984,-2.134719857614056,3.3324177104614976,1
0.18010189400692328,0.025617712988066955,0.19217261275149602,-1.270797798457902,-3.776960266338241,0.00033580204356640575,4.683260402482511,-0.0036879203603081244,-4.510690849556712,6.7990314663469835,-2.1447198576140556,3.325909473644227,1
0.18060966924751373,0.02537531358524989,0.19241257968054643,-1.2742329146526912,-3.7769217868416893,0.00025312225272719794,4.683304602776799,-0.003687920360308126,-4.520690849556712,6.809031466346983,-2.1547198576140554,3.3194468658440313,1
0.18111603939197335,0.025133227354680848,0.19265305282982806,-1.277666877025841,-3.776892830039225,0.00019090733237349427,4.683337860894689,-0.0036879203603081257,-4.530690849556712,6.819031466346983,-2.164719857614055,3.313029812739446,1
0.1816210067070854,0.024891453357018693,0.19289403190317167,-1.2810996588226187,-3.7768710276448387,0.00014406607522201082,4.683362899757454,-0.00368792036030813,-4.540690849556712,6.829031466346983,-2.174719857614055,3.3066582408389715,1
0.18212457345335697,0.02464999065768755,0.1931355166038399,-1.284531233552795,-3.7768546030972225,0.00010878002765534191,4.6833817612574045,-0.003687920360308133,-4.5506908495567115,6.839031466346983,-2.1847198576140547,3.300332076854588,1
0.18262674189614084,0.024408838323429962,0.19337750662955958,-1.287961574883742,-3.776842223085571,8.218383076598476e-05,4.683395977442642,-0.0036879203603081543,-4.560690849556711,6.8490314663469825,-2.1947198576140545,3.2940512473411747,1
0.18312751431201832,0.02416799542033266,0.19362000166966806,-1.2913906565802251,-3.7768328864693044,6.21262005735279e-05,4.683406698456568,-0.0036879203603081604,-4.570690849556711,6.859031466346982,-2.2047198576140543,3.287815678489568,1
0.18362689299243917,0.02392746101270405,0.19386300140348386,-1.2948184524705375,-3.7768258411461075,4.699112080334153e-05,4.683414788213141,-0.003687920360308175,-4.580690849556711,6.869031466346982,-2.214719857614054,3.281625296008555,1
0.18412488024577606,0.02368723416244336,0.19410650549938524,-1.2982449364274924,-3.7768205218126396,3.55640151115239e-05,4.683420895985365,-0.003687920360308172,-4.590690849556711,6.879031466346982,-2.224719857614054,3.2754800250582643,1
0.18462147839846182,0.023447313928694008,0.1943505136142984,-1.301670082357814,-3.776816503347782,2.6931534662368463e-05,4.683425510000957,-0.0036879203603081756,-4.6006908495567105,6.889031466346982,-2.2347198576140537,3.2693797902132946,1
0.18511668979559504,0.023207699367661407,0.19459502539342366,-1.3050938641962786,-3.776813465881596,2.040647988037511e-05,4.683428997589553,-0.0036879203603081964,-4.61069084955671,6.899031466346981,-2.2447198576140535,3.263324515443081,1
0.1856105168012385,0.022968389532525602,0.19484004047009892,-1.3085162559025423,-3.776811168608555,1.54715240315746e-05,4.6834316352723615,-0.0036879203603082155,-4.62069084955671,6.909031466346981,-2.2547198576140532,3.257314124102219,1
0.18610296179853908,0.02272938347340888,0.19508555846574316,-1.3119372314595006,-3.7768094301467094,1.1737008542776883e-05,4.683433631326005,-0.0036879203603082107,-4.63069084955671,6.919031466346981,-2.264719857614053,3.2513485389265786,1
0.1865940271897445,0.022490680237374973,0.19533157898984638,-1.3153567648724933,-3.7768081137992633,8.90927514894566e-06,4.683435142711953,-0.003687920360308212,-4.64069084955671,6.929031466346981,-2.274719857614053,3.245427682032761,1
0.18708371539616045,0.022252278868446357,0.19557810163998618,-1.318774830169019,-3.776807116489371,6.766891910650105e-06,4.683436287785298,-0.003687920360308212,-4.650690849556709,6.9390314663469805,-2.2847198576140526,3.2395514749194856,1
0.18757202885807361,0.022014178407631927,0.19582512600186017,-1.3221914013987237,-3.7768063604484574,5.142796053448414e-06,4.683437155840242,-0.0036879203603082137,-4.660690849556709,6.94903146634698,-2.2947198576140524,3.2337198384700905,1
0.1880589700346533,0.02177637789296083,0.19607265164932774,-1.3256064526335387,-3.776805786969643,3.9108740070901814e-06,4.683437814283474,-0.0036879203603082194,-4.670690849556709,6.95903146634698,-2.304719857614052,3.2279326929557173,1
0.18854454140384308,0.02153887635951923,0.19632067814445686,-1.3290199579679187,-3.776805351710732,2.9758707318480917e-06,4.683438314027838,-0.003687920360308216,-4.680690849556709,6.96903146634698,-2.314719857614052,3.222189958038828,1
0.18902874546224407,0.02130167283948927,0.19656920503757452,-1.3324318915191187,-3.776805021160506,2.265798343952363e-06,4.68343869355,-0.003687920360308209,-4.690690849556709,6.97903146634698,-2.3247198576140518,3.2164915527769855,1
0.189511584724997,0.021064766362188247,0.19681823186731823,-1.3358422274275228,-3.7768047699788028,1.7262219465998165e-06,4.683438981944694,-0.0036879203603082107,-4.700690849556708,6.9890314663469795,-2.3347198576140515,3.2108373956266805,1
0.18999306172565944,0.020828155954108873,0.1970677581606895,-1.3392509398569572,-3.776804578993237,1.3159561442246432e-06,4.683439201224931,-0.0036879203603082306,-4.710690849556708,6.999031466346979,-2.3447198576140513,3.2052274044473084,1
0.1904731790160838,0.020591840638959157,0.19731778343310752,-1.3426580029950355,-3.776804433689656,1.0038222278950346e-06,4.683439368055266,-0.0036879203603082476,-4.720690849556708,7.009031466346979,-2.354719857614051,3.1996614965051293,1
0.19095193916629388,0.02035581943770237,0.19756830718846347,-1.3460633910535003,-3.776804323074017,7.662032750386208e-07,4.68343949505858,-0.003687920360308245,-4.730690849556708,7.019031466346979,-2.364719857614051,3.194139588477266,1
0.19142934476437334,0.02012009136859316,0.19781932891916967,-1.3494670782685112,-3.7768045147528513,1.177957287218628e-06,4.683439274983402,-0.0036879203603082593,-4.7406908495567075,7.029031466346979,-2.3747198576140507,3.1886615964553213,1
0.19190539841630136,0.019884655447229477,0.1980708481062328,-1.3528690389012088,-3.7768043854761597,9.002515638897698e-07,4.683439423412434,-0.003687920360308273,-4.750690849556707,7.039031466346978,-2.3847198576140505,3.1832274359507076,1
0.19238010274589676,0.019649510686571208,0.19832286421927822,-1.3562692472376832,-3.77680460976772,1.382062349090368e-06,4.683439165893209,-0.003687920360308279,-4.760690849556707,7.049031466346978,-2.3947198576140503,3.1778370218964573,1
0.19285346039461193,0.019414656097004275,0.19857537671664252,-1.3596676775897902,-3.7768044587163403,1.0575812823702094e-06,4.683439339322896,-0.0036879203603082766,-4.770690849556707,7.059031466346978,-2.40471985761405,3.172490268653902,1
0.19332547402148625,0.019180090686355955,0.1988283850453939,-1.3630643042950719,-3.776804343369708,8.097994383307089e-07,4.683439471758108,-0.0036879203603082922,-4.780690849556707,7.069031466346978,-2.41471985761405,3.167187090014187,1
0.19379614630299963,0.01894581345994032,0.1990818886413982,-1.3664591017172287,-3.776804543866947,1.2404966353996195e-06,4.68343924155815,-0.0036879203603083026,-4.790690849556706,7.0790314663469776,-2.4247198576140496,3.161927399203017,1
0.19426547993290758,0.018711823420608998,0.199335886929393,-1.3698520442466975,-3.776804409139456,9.510817651888463e-07,4.68343939624553,-0.0036879203603083096,-4.800690849556706,7.089031466346977,-2.4347198576140494,3.156711108886001,1
0.19473347762219878,0.018478119568764557,0.19959037932300702,-1.3732431063005686,-3.7768046436196476,1.454779164208661e-06,4.683439127028322,-0.0036879203603082935,-4.810690849556706,7.099031466346977,-2.444719857614049,3.151538131170034,1
0.19520014209887507,0.01824470090242747,0.1998453652248596,-1.3766322623234424,-3.7768044862929147,1.1168176779730906e-06,4.683439307663075,-0.0036879203603083018,-4.820690849556706,7.109031466346977,-2.454719857614049,3.146408377610424,1
0.19566547610792004,0.01801156641724563,0.20010084402657524,-1.380019486787302,-3.776804365775157,8.579274705181231e-07,4.683439446035525,-0.0036879203603083117,-4.830690849556706,7.119031466346977,-2.4647198576140488,3.141321759211914,1
0.19612948241115025,0.017778715106539264,0.2003568151088513,-1.383404754191998,-3.77680457592466,1.3093590967198755e-06,4.683439204753402,-0.0036879203603083005,-4.840690849556705,7.1290314663469765,-2.4747198576140486,3.1362781864335023,1
0.19659216378704286,0.017546145961352705,0.2006132778415367,-1.3867880390658494,-3.776804435243686,1.0071552363244946e-06,4.683439366276288,-0.0036879203603083052,-4.850690849556705,7.139031466346976,-2.4847198576140483,3.1312775691940367,1
0.19705352303068818,0.017313857970468072,0.200870231583654,-1.3901693159656094,-3.776804327270031,7.752116604721999e-07,4.68343949024621,-0.0036879203603083044,-4.860690849556705,7.149031466346976,-2.494719857614048,3.1263198168737465,1
0.19751356295364547,0.017081850120448074,0.2011276756834656,-1.3935485594769286,-3.776804515909282,1.1804361994782228e-06,4.683439273660921,-0.0036879203603083135,-4.870690849556705,7.159031466346976,-2.504719857614048,3.121404838318921,1
0.1979722863837798,0.016850121395684217,0.20138560947854864,-1.3969257442148928,-3.776804389919679,9.097916357921939e-07,4.683439418315882,-0.0036879203603083057,-4.8806908495567045,7.169031466346976,-2.5147198576140477,3.116532541847197,1
0.19842969616522374,0.01661867077840714,0.20164403229581357,-1.4003008448239849,-3.776804610320074,1.3832436253940178e-06,4.6834391652642875,-0.0036879203603082957,-4.890690849556704,7.179031466346975,-2.5247198576140475,3.1117028352488045,1
0.19888579515815727,0.01638749724875152,0.20190294345160512,-1.4036738359788754,-3.776804463347283,1.0675239805187961e-06,4.683439334011141,-0.0036879203603082914,-4.900690849556704,7.189031466346975,-2.5347198576140473,3.1069156257936963,1
0.19934058623878068,0.01615659978476261,0.20216234225171598,-1.4070446923843392,-3.7768043501776773,8.244187129846481e-07,4.683439463946803,-0.0036879203603083018,-4.910690849556704,7.199031466346975,-2.544719857614047,3.102170820232432,1
0.19979407229916693,0.015925977362438837,0.2024222279914554,-1.4104133887757153,-3.7768045485401696,1.2505301541493847e-06,4.683439236197854,-0.0036879203603083035,-4.920690849556704,7.209031466346975,-2.554719857614047,3.0974683248009622,1
0.20024625624709205,0.01569562895578081,0.20268259995572774,-1.413779899919482,-3.776804416576219,9.670517817085737e-07,4.683439387712276,-0.003687920360308299,-4.9306908495567034,7.219031466346975,-2.5647198576140466,3.092808045226127,1
0.20069714100601332,0.015465553536795603,0.20294345741904418,-1.4171442006131452,-3.776804648186735,1.4645846881611483e-06,4.683439121789886,-0.003687920360308312,-4.940690849556703,7.229031466346974,-2.5747198576140464,3.0881898867263633,1
0.20114672951483278,0.015235750075565444,0.203204799645632,-1.4205062656861043,-3.776804494350077,1.1341204058460717e-06,4.68343929841751,-0.0036879203603083204,-4.950690849556703,7.239031466346974,-2.584719857614046,3.083613754019374,1
0.20159502472788834,0.015006217540247689,0.2034666258894408,-1.4238660699994934,-3.7768043755032834,8.788196762528872e-07,4.683439434871446,-0.0036879203603083282,-4.960690849556703,7.249031466346974,-2.594719857614046,3.079079551322415,1
0.202042029614802,0.014776954897117585,0.2037289353942134,-1.4272235884466689,-3.7768045845083233,1.3277928150983415e-06,4.683439194903348,-0.003687920360308332,-4.970690849556703,7.259031466346974,-2.604719857614046,3.074587182357214,1
0.20248774716030327,0.014547961110618233,0.2039917273935686,-1.4305787959537999,-3.7768044460223877,1.0303042229655764e-06,4.683439353906004,-0.0036879203603083217,-4.980690849556702,7.2690314663469735,-2.6147198576140456,3.0701365503556994,1
0.20293218036419977,0.014319235143366145,0.2042550011110168,-1.4339316674798128,-3.7768043388198187,8.000170512350621e-07,4.683439476990607,-0.003687920360308335,-4.990690849556702,7.279031466346973,-2.6247198576140454,3.0657275580609493,1
0.20337533224123144,0.014090775956191598,0.20451875576002893,-1.4372821780168457,-3.776804527727194,1.2058175447843795e-06,4.683439260097489,-0.0036879203603083417,-5.000690849556702,7.289031466346973,-2.634719857614045,3.0613601077319226,1
0.20381720582090415,0.013862582508184826,0.2047829905441147,-1.4406303025907896,-3.77680440286494,9.375946903320526e-07,4.68343940345809,-0.00368792036030836,-5.010690849556702,7.299031466346973,-2.644719857614045,3.0570341011488495,1
0.2042578041474704,0.013634653756698051,0.20504770465683422,-1.44397601626121,-3.776804623189285,1.4108832918252434e-06,4.683439150493833,-0.0036879203603083495,-5.0206908495567015,7.309031466346973,-2.6547198576140447,3.0527494396138595,1
0.20469713027969574,0.013406988657411412,0.2053128972819072,-1.4473192941221673,-3.7768044778022425,1.0985700667963575e-06,4.683439317420016,-0.003687920360308343,-5.030690849556701,7.319031466346972,-2.6647198576140445,3.0485060239585535,1
0.2051351872908522,0.013179586164330782,0.2055785675932188,-1.4506601113020756,-3.776804364875781,8.559871042125412e-07,4.683439447076517,-0.003687920360308359,-5.040690849556701,7.329031466346972,-2.6747198576140443,3.0443037545442184,1
0.2055719782685694,0.012952445229827957,0.2058447147548907,-1.4539984429641875,-3.7768045645464197,1.284908610938805e-06,4.683439217825649,-0.0036879203603083837,-5.050690849556701,7.339031466346972,-2.684719857614044,3.04014253126665,1
0.2060075063146598,0.012725564804688378,0.20611133792136374,-1.4573342643071494,-3.7768044331183876,1.0025814643145796e-06,4.6834393687247635,-0.0036879203603083907,-5.060690849556701,7.349031466346972,-2.694719857614044,3.036022253561825,1
0.20644177454509355,0.01249894383811396,0.20637843623741287,-1.4606675505649667,-3.7768043308243904,7.828386438593461e-07,4.683439486173587,-0.0036879203603083863,-5.0706908495567005,7.359031466346972,-2.7047198576140437,3.03194282040671,1
0.2068747860898545,0.012272581277761228,0.20664600883821607,-1.4639982770074453,-3.776804512068129,1.1721765431653265e-06,4.683439278079426,-0.0036879203603083755,-5.0806908495567,7.369031466346971,-2.7147198576140434,3.0279041303239342,1
0.2073065440927759,0.012046476069785294,0.20691405484943282,-1.4673264189407167,-3.7768043930716653,9.165542926796973e-07,4.683439414705213,-0.003687920360308381,-5.0906908495567,7.379031466346971,-2.7247198576140432,3.0239060813871137,1
0.20773705171152593,0.011820627158839053,0.20718257338721432,-1.4706519517071672,-3.7768046042003753,1.3700893545341889e-06,4.683439172298861,-0.0036879203603083803,-5.1006908495567,7.389031466346971,-2.734719857614043,3.019948571221324,1
0.20816631211737366,0.01159503348813747,0.207451563558314,-1.4739748506862251,-3.776804465819647,1.0728267537296792e-06,4.683439331180733,-0.003687920360308392,-5.1106908495567,7.399031466346971,-2.744719857614043,3.0160314970106814,1
0.20859432849518914,0.011369693999452144,0.20772102446009133,-1.47729509129425,-3.7768043577409824,8.40657589661291e-07,4.683439455271233,-0.0036879203603083846,-5.120690849556699,7.4090314663469705,-2.7547198576140426,3.0121547554983485,1
0.20902110404329474,0.011144607633149837,0.2079909551805835,-1.480612648984983,-3.776804549899136,1.2534411988380555e-06,4.683439234645777,-0.0036879203603083686,-5.130690849556699,7.41903146634697,-2.7647198576140424,3.008318242991346,1
0.20944664197329327,0.01091977332823777,0.20826135479858793,-1.4839274992501092,-3.7768044242779903,9.835881228161858e-07,4.683439378877708,-0.0036879203603083785,-5.140690849556699,7.42903146634697,-2.774719857614042,3.004521855366131,1
0.2098709455100734,0.010695190022356072,0.208532222383664,-1.4872396176191063,-3.7768046479384223,1.4640430862663924e-06,4.683439122083176,-0.0036879203603083894,-5.150690849556699,7.43903146634697,-2.784719857614042,3.000765488068417,1
0.2102940178915552,0.010470856651847195,0.20880355699625344,-1.4905489796601128,-3.776804501977643,1.1504973756375049e-06,4.683439289668108,-0.0036879203603083963,-5.1606908495566985,7.44903146634697,-2.7947198576140417,2.9970490361214286,1
0.21071586236871306,0.01024677215174284,0.2090753576876741,-1.4938555609797433,-3.7768043875790913,9.047521342447047e-07,4.683439421014798,-0.003687920360308399,-5.170690849556698,7.4590314663469695,-2.8047198576140415,2.993372394125152,1
0.21113648220542144,0.01002293545580336,0.2093476235001949,-1.4971593372235632,-3.776804591688408,1.3432085304014408e-06,4.6834391866677185,-0.00368792036030839,-5.180690849556698,7.469031466346969,-2.8147198576140413,2.989735456261343,1
0.21155588067827316,0.009799345496564965,0.20962035346712338,-1.500460284076661,-3.7768044588374883,1.0578247958130922e-06,4.683439339200533,-0.0036879203603084098,-5.190690849556698,7.479031466346969,-2.824719857614041,2.9861381162994136,1
0.21197406107657824,0.009576001205333405,0.20989354661281073,-1.503758377263564,-3.776804354493177,8.336775842481521e-07,4.683439459003433,-0.0036879203603084193,-5.200690849556698,7.489031466346969,-2.834719857614041,2.98258026759647,1
0.21239102670221827,0.009352901512220253,0.21016720195272312,-1.5070535925486934,-3.7768045410592657,1.234448631546055e-06,4.683439244798475,-0.003687920360308426,-5.2106908495566975,7.499031466346969,-2.8447198576140407,2.979061803102035,1
0.21280678086947358,0.009130045346187003,0.21044131849352543,-1.5103459057368824,-3.776804419950109,9.74287988906257e-07,4.6834393838499615,-0.003687920360308442,-5.220690849556697,7.509031466346968,-2.8547198576140405,2.9755826153636518,1
0.2132213269050383,0.008907431635033549,0.2107158952330793,-1.5136352926732681,-3.776804636799716,1.4401123209944163e-06,4.683439134875236,-0.0036879203603084353,-5.230690849556697,7.519031466346968,-2.8647198576140402,2.972142596526395,1
0.21363466814776144,0.008685059305467376,0.21099093116056636,-1.5169217292441102,-3.7768044962841767,1.1382638100073368e-06,4.683439296208208,-0.0036879203603084375,-5.240690849556697,7.529031466346968,-2.87471985761404,2.9687416383412657,1
0.21404680794867884,0.00846292728308676,0.2112664252564788,-1.5202051913766277,-3.7768043855265256,9.003397705039011e-07,4.683439423374597,-0.0036879203603084423,-5.250690849556697,7.539031466346968,-2.88471985761404,2.9653796321641543,1
0.21445774967085976,0.008241034492418524,0.21154237649269444,-1.5234856550394533,-3.7768045842667606,1.3272626041894832e-06,4.683439195191998,-0.003687920360308477,-5.260690849556696,7.5490314663469675,-2.8947198576140396,2.962056468960815,1
0.214867496689225,0.008019379856963996,0.2118187838325654,-1.526763096243206,-3.776804455834423,1.0513706499556797e-06,4.683439342651614,-0.003687920360308472,-5.270690849556696,7.559031466346967,-2.9047198576140394,2.9587720393127634,1
0.21527605239055433,0.007797962299189061,0.21209564623091975,-1.5300374910403955,-3.7768043543831427,8.33438104270394e-07,4.683439459132879,-0.003687920360308497,-5.280690849556696,7.569031466346967,-2.914719857614039,2.955526233417034,1
0.21568342017334083,0.007576780740559159,0.21237296263413366,-1.5333088155258727,-3.7768045368167407,1.2253319614458607e-06,4.68343924967262,-0.0036879203603085095,-5.290690849556696,7.579031466346967,-2.924719857614039,2.952318941090903,1
0.21608960344761902,0.007355834101581823,0.21265073198021545,-1.5365770458373424,-3.776804419244484,9.727691113098528e-07,4.683439384663213,-0.003687920360308508,-5.300690849556696,7.589031466346967,-2.9347198576140388,2.9491500517774627,1
0.21649460563498898,0.007135121301791474,0.2129289531988,-1.5398421581552555,-3.776804630972554,1.427591643614526e-06,4.683439141568751,-0.0036879203603085004,-5.310690849556695,7.5990314663469665,-2.9447198576140385,2.946019454544836,1
0.21689843016835245,0.006914641259818684,0.21320762521127534,-1.5431041287036023,-3.776804494771767,1.1350118721496953e-06,4.683439297947736,-0.0036879203603085065,-5.320690849556695,7.609031466346966,-2.9547198576140383,2.9429270380947363,1
0.21730108049195523,0.006694392893369352,0.21348674693076866,-1.5463629337497562,-3.7768043867953054,9.030622455025354e-07,4.683439421920901,-0.003687920360308518,-5.330690849556695,7.619031466346966,-2.964719857614038,2.939872690761088,1
0.21770256006123387,0.006474375119261251,0.2137663172622224,-1.5496185496049302,-3.776804581665394,1.3216714421900561e-06,4.683439198181793,-0.0036879203603084987,-5.340690849556695,7.629031466346966,-2.974719857614038,2.936856300515002,1
0.21810287234263334,0.006254586853468832,0.21404633510248353,-1.5528709526247262,-3.7768044566569285,1.053134481901666e-06,4.6834393417102875,-0.003687920360308503,-5.3506908495566945,7.639031466346966,-2.9847198576140377,2.9338777549706823,1
0.21850202081362413,0.006035027011109552,0.21432679934030155,-1.5561201192090404,-3.776804357337512,8.397814984082403e-07,4.683439455743854,-0.0036879203603085047,-5.360690849556694,7.649031466346965,-2.9947198576140375,2.9309369413848754,1
0.21890000896255588,0.005815694506477915,0.2146077088564015,-1.5593660258025093,-3.776804536974883,1.2256686500697862e-06,4.683439249494073,-0.003687920360308514,-5.370690849556694,7.659031466346965,-3.0047198576140373,2.928033746661614,1
0.21929684028848662,0.0055965882530865044,0.2148890625235683,-1.5626086488950157,-3.7768044220607755,9.7881590310529e-07,4.683439381432713,-0.003687920360308523,-5.380690849556694,7.669031466346965,-3.014719857614037,2.9251680573577543,1
0.21969251830121597,0.005377707163647263,0.21517085920663737,-1.5658479650215655,-3.776804630207291,1.425944732925105e-06,4.683439142450399,-0.0036879203603085056,-5.390690849556694,7.679031466346965,-3.024719857614037,2.9223397596818974,1
0.22008704652101638,0.0051590501501408955,0.21545309776262425,-1.5690839507630956,-3.7768044973063524,1.140453532054321e-06,4.683439295040661,-0.0036879203603085134,-5.400690849556693,7.6890314663469645,-3.0347198576140366,2.9195487395031057,1
0.22048042847868643,0.0049406161237920574,0.21573577704070615,-1.57231658274629,-3.7768043913306504,9.128018362946674e-07,4.683439416716655,-0.003687920360308521,-5.410690849556693,7.699031466346964,-3.0447198576140364,2.9167948823491714,1
0.22087266771539685,0.0047224039951050175,0.21601889588229886,-1.5755458376440377,-3.776804583708174,1.326056635336127e-06,4.683439195839379,-0.0036879203603085225,-5.420690849556693,7.709031466346964,-3.054719857614036,2.9140780734116127,1
0.2212637677825087,0.004504412673907196,0.21630245312114646,-1.5787716921759813,-3.7768044612243865,1.0629430612428031e-06,4.683439336469166,-0.003687920360308522,-5.430690849556693,7.719031466346964,-3.064719857614036,2.9113981975515655,1
0.22165373224159904,0.004286641069332197,0.2165864475833159,-1.5819941231084111,-3.7768043633404886,8.526737855012355e-07,4.6834394488545446,-0.0036879203603085295,-5.440690849556693,7.729031466346964,-3.0747198576140358,2.9087551392989526,1
0.22204256466431588,0.004069088089852441,0.21687087808726996,-1.585213107254703,-3.7768045414202494,1.2352149557048369e-06,4.683439244393135,-0.0036879203603085342,-5.450690849556692,7.7390314663469635,-3.0847198576140356,2.9061487828571857,1
0.22243026863220536,0.0038517526433197325,0.21715574344395303,-1.5884286214758288,-3.7768044283640485,9.92353269944121e-07,4.6834393741986196,-0.003687920360308547,-5.460690849556692,7.749031466346963,-3.0947198576140353,2.903579012108769,1
0.22281684773675778,0.0036346336369421166,0.21744104245677648,-1.591640642680212,-3.7768046343494133,1.4348396257943442e-06,4.683439137697628,-0.0036879203603085446,-5.470690849556692,7.759031466346963,-3.104719857614035,2.9010457106138063,1
0.22320230557913073,0.003417729977354418,0.21772677392175246,-1.5948491478245388,-3.776804503828237,1.1544605109677612e-06,4.683439287555567,-0.003687920360308539,-5.480690849556692,7.769031466346963,-3.114719857614035,2.898548761618978,1
0.2235866457702157,0.00320104057058896,0.2180129366274698,-1.5980541139135709,-3.7768043991369815,9.295679953944853e-07,4.683439407756826,-0.003687920360308546,-5.4906908495566915,7.779031466346963,-3.1247198576140347,2.8960880480553812,1
0.22396987193048312,0.0029845643221104775,0.2182995293551718,-1.6012555180005872,-3.776804590303576,1.340221532156964e-06,4.683439188269884,-0.0036879203603085325,-5.500690849556691,7.789031466346962,-3.1347198576140345,2.8936634525435534,1
0.22435198768979817,0.002768300136859417,0.21858655087884782,-1.604453337187937,-3.7768044695231655,1.0807670651619317e-06,4.68343932694394,-0.0036879203603085533,-5.510690849556691,7.799031466346962,-3.1447198576140343,2.891274857399445,1
0.2247329966874596,0.0025522469192304285,0.21887399996522194,-1.6076475486269228,-3.776804372430343,8.721971349520169e-07,4.683439438421048,-0.003687920360308555,-5.520690849556691,7.809031466346962,-3.154719857614034,2.888922144633158,1
0.22511290257205305,0.002336403573104621,0.2191618753738273,-1.6108381295182355,-3.776804550115241,1.2538900711901208e-06,4.68343923441301,-0.0036879203603085607,-5.530690849556691,7.819031466346962,-3.164719857614034,2.886605195953707,1
0.2254917090012765,0.0021207690018896666,0.21945017585709323,-1.6140250571124488,-3.7768044381802386,1.0134368843600816e-06,4.683439362931194,-0.003687920360308554,-5.5406908495566904,7.829031466346962,-3.1747198576140336,2.884323892774673,1
0.22586941964196647,0.0019053421085017726,0.21973890016033992,-1.6172083087099822,-3.776804347998274,8.197125215372342e-07,4.683439466473592,-0.0036879203603085646,-5.55069084955669,7.839031466346961,-3.1847198576140334,2.8820781162133557,1
0.2262460381699573,0.0016901217953958646,0.22002804702185025,-1.620387861661482,-3.776804513402554,1.1750249387231485e-06,4.683439276565455,-0.0036879203603085633,-5.56069084955669,7.849031466346961,-3.194719857614033,2.8798677470953367,1
0.22662156826991658,0.0014751069646025334,0.2203176151729524,-1.6235636933683155,-3.7768044095100115,9.518481760527161e-07,4.683439395849676,-0.003687920360308573,-5.57069084955669,7.859031466346961,-3.204719857614033,2.877692665959815,1
0.22699601363538963,0.00126029651770449,0.22060760333800633,-1.626735781282466,-3.776804600343682,1.3617865287820535e-06,4.683439176744994,-0.003687920360308555,-5.58069084955669,7.869031466346961,-3.214719857614033,2.8755527530581633,1
0.22736937796853365,0.0010456893559025553,0.22089801023453332,-1.629904102907279,-3.776804480714842,1.1048058037800745e-06,4.683439314096878,-0.003687920360308565,-5.590690849556689,7.8790314663469605,-3.2247198576140326,2.8734478883625463,1
0.22774166498018256,0.00083128437998617,0.22118883457319302,-1.6330686357973065,-3.776804383976545,8.96997443922774e-07,4.683439425166941,-0.0036879203603085793,-5.600690849556689,7.88903146634696,-3.2347198576140324,2.8713779515638236,1
0.2281128783896981,0.0006170804903653996,0.2214800750578592,-1.636229357558749,-3.77680456206473,1.2795566825126417e-06,4.683439220695887,-0.0036879203603085854,-5.610690849556689,7.89903146634696,-3.244719857614032,2.869342822076372,1
0.22848302192479295,0.00040307658711097956,0.22177173038570844,-1.6393862458499446,-3.776804450757203,1.0404514019747052e-06,4.68343934849364,-0.0036879203603085876,-5.620690849556689,7.90903146634696,-3.254719857614032,2.8673423790438233,1
0.22885209932156994,0.00018927156993197008,0.22206379924720915,-1.6425392783813055,-3.7768043605473625,8.466671535902092e-07,4.683439452068048,-0.003687920360308586,-5.6306908495566885,7.91903146634696,-3.2647198576140317,2.86537650133779,1
0.22922011432438047,-2.4335661794530692e-05,0.22235628032619398,-1.6456884329157224,-3.7768045269873403,1.2042043846539726e-06,4.683439260970794,-0.0036879203603085928,-5.640690849556688,7.929031466346959,-3.2747198576140315,2.8634450675624588,1
0.22958707068565645,-0.00023774620898622307,0.2226491722999447,-1.6488336872690343,-3.7768044232708458,9.814057943728468e-07,4.6834393800528895,-0.003687920360308587,-5.650690849556688,7.939031466346959,-3.2847198576140313,2.861547956060037,1
0.22995297216597105,-0.0004509611728842454,0.22294247383917118,-1.6519750193099183,-3.776804614915608,1.3930864693081048e-06,4.6834391600169765,-0.0036879203603085993,-5.660690849556688,7.949031466346959,-3.294719857614031,2.8596850449087854,1
0.2303178225337611,-0.0006639816549846977,0.223236183608147,-1.6551124069606442,-3.776804495731992,1.1370621468554355e-06,4.683439296857683,-0.003687920360308614,-5.670690849556688,7.959031466346959,-3.304719857614031,2.8578562119320137,1
0.23068162556540794,-0.0008768087570731684,0.22353030026467927,-1.658245828196895,-3.7768043987794964,9.287936504735579e-07,4.683439408173684,-0.003687920360308632,-5.6806908495566875,7.969031466346959,-3.3147198576140307,2.8560613346954633,1
0.231044385045087,-0.0010894435811929135,0.2238248224601853,-1.6613752610482115,-3.776804578325685,1.314484872123583e-06,4.683439202028651,-0.0036879203603086058,-5.690690849556687,7.979031466346958,-3.3247198576140304,2.854300290512184,1
0.2314061047645864,-0.0013018872296042573,0.2241197488397841,-1.6645006835984872,-3.776804467002833,1.0753466666542542e-06,4.6834393298440045,-0.00368792036030861,-5.700690849556687,7.989031466346958,-3.3347198576140302,2.852572956448414,1
0.23176678852336252,-0.001514140804812034,0.22441507804227764,-1.667622073985882,-3.7768043762427093,8.80380322703118e-07,4.683439434050225,-0.003687920360308615,-5.710690849556687,7.999031466346958,-3.34471985761403,2.8508792093217776,1
0.23212644012839503,-0.0017262054095355205,0.2247108087002254,-1.6707394104032236,-3.776804544696411,1.2422433042131276e-06,4.683439240640945,-0.0036879203603086023,-5.720690849556687,8.009031466346958,-3.35471985761403,2.8492189257059866,1
0.23248506339401576,-0.0019380821466710501,0.22500693944003092,-1.6738526710984893,-3.7768044405677395,1.0185592898950651e-06,4.683439360196288,-0.0036879203603086192,-5.730690849556686,8.019031466346958,-3.3647198576140296,2.8475919819363877,1
0.23284266214195176,-0.002149772119315949,0.2253034688819293,-1.6769618343747448,-3.7768043554834434,8.357854816565779e-07,4.6834394578858,-0.0036879203603086184,-5.740690849556686,8.029031466346957,-3.3747198576140294,2.8459982541085673,1
0.23319924020118685,-0.00236127643074058,0.22560039564005854,-1.6800668785905548,-3.776804513755077,1.175775929521932e-06,4.683439276166986,-0.0036879203603086335,-5.750690849556686,8.039031466346957,-3.384719857614029,2.84443761808284,1
0.23355480140779927,-0.0025725961843536854,0.22589771832254232,-1.683167782160417,-3.776804416218404,9.66252527860225e-07,4.683439388153715,-0.0036879203603086413,-5.760690849556686,8.049031466346957,-3.394719857614029,2.8429099494895107,1
0.23390934960502557,-0.00278373248373234,0.22619543553146773,-1.6862645235546627,-3.776804597923511,1.3565813944619622e-06,4.683439179529955,-0.003687920360308639,-5.7706908495566855,8.059031466346957,-3.4047198576140287,2.8414151237268057,1
0.23426288864298764,-0.0029946864325558573,0.22649354586301923,-1.6893570813001892,-3.776804486174164,1.1165270050808758e-06,4.683439307834997,-0.00368792036030865,-5.780690849556685,8.069031466346956,-3.4147198576140285,2.83995301596972,1
0.23461542237877822,-0.003205459134642005,0.22679204790744648,-1.6924454339803001,-3.7768043945231686,9.196469304121636e-07,4.683439413064077,-0.003687920360308662,-5.790690849556685,8.079031466346956,-3.4247198576140283,2.8385235011672463,1
0.2349669546763136,-0.0034160516939168236,0.22709094024914014,-1.695529560235119,-3.77680456564435,1.2872400217148714e-06,4.683439216592167,-0.003687920360308661,-5.800690849556685,8.089031466346956,-3.434719857614028,2.8371264540471524,1
0.23531748940615646,-0.0036264652143761073,0.2273902214667215,-1.6986094387620811,-3.7768044607271807,1.06186218854774e-06,4.683439337052831,-0.0036879203603086656,-5.810690849556685,8.099031466346956,-3.444719857614028,2.8357617491217204,1
0.23566703044557707,-0.0038367008001147134,0.2276898901330216,-1.701685048315842,-3.776804374487792,8.766070635792508e-07,4.683439436068568,-0.0036879203603086604,-5.8206908495566845,8.109031466346956,-3.4547198576140277,2.834429260685768,1
0.23601558167841077,-0.004046759555297994,0.2279899448151549,-1.7047563677086834,-3.776804535863731,1.2232659869135761e-06,4.683439250785583,-0.003687920360308647,-5.830690849556684,8.119031466346955,-3.4647198576140275,2.833128862821265,1
0.23636314699489114,-0.004256642584126313,0.2282903840746042,-1.7078233758109638,-3.7768044372265,1.0113784143660728e-06,4.683439364035925,-0.0036879203603086483,-5.840690849556684,8.129031466346955,-3.4747198576140272,2.8318604294027443,1
0.236709730291699,-0.00446635099086105,0.22859120646720554,-1.7108860515510766,-3.776804355968555,8.368241819240069e-07,4.683439457332212,-0.003687920360308645,-5.850690849556684,8.139031466346955,-3.484719857614027,2.8306238340957104,1
0.2370553354718262,-0.004675885879797898,0.22889241054321888,-1.7139443739158313,-3.776804508361317,1.1641859595576918e-06,4.683439282363197,-0.003687920360308651,-5.860690849556684,8.149031466346955,-3.494719857614027,2.8294189503610605,1
0.23739996644441658,-0.004885248355233822,0.22919399484740957,-1.7169983219508989,-3.77680441550308,9.647125425144876e-07,4.683439388978377,-0.003687920360308664,-5.870690849556683,8.159031466346955,-3.5047198576140266,2.8282456514602354,1
0.2377436271248379,-0.005094439521499573,0.22949595791902258,-1.7200478747606898,-3.776804589909313,1.339362371530362e-06,4.683439188734781,-0.003687920360308667,-5.880690849556683,8.169031466346954,-3.5147198576140264,2.827103810452891,1
0.23808632143440753,-0.005303460482894003,0.22979829829191753,-1.7230930115090937,-3.7768044838575823,1.1115473216804539e-06,4.6834393104981,-0.00368792036030866,-5.890690849556683,8.179031466346954,-3.524719857614026,2.8259933002057918,1
0.23842805330048714,-0.005512312343723103,0.23010101449453219,-1.726133711419294,-3.7768043961677145,9.231763428969688e-07,4.6834394111792115,-0.0036879203603086648,-5.900690849556683,8.189031466346954,-3.534719857614026,2.8249139933897376,1
0.23876882665633695,-0.005720996208270859,0.23040410504995792,-1.7291699537742067,-3.7768045612322787,1.2777589407174903e-06,4.683439221661178,-0.00368792036030866,-5.910690849556683,8.199031466346954,-3.5447198576140257,2.823865762484291,1
0.23910864544094054,-0.005929513180761836,0.23070756847602877,-1.7322017179169242,-3.776804461173413,1.06281747483292e-06,4.6834393365437785,-0.003687920360308665,-5.920690849556682,8.209031466346953,-3.5547198576140255,2.8228484797834583,1
0.23944751359907498,-0.0061378643653932745,0.23101140328529643,-1.7352289832506553,-3.77680437825539,8.846971401477685e-07,4.68343943174609,-0.003687920360308673,-5.930690849556682,8.219031466346953,-3.5647198576140253,2.8218620173934155,1
0.23978543508116945,-0.006346050866307326,0.2313156079851036,-1.7382517292390969,-3.776804534683346,1.2207270731124687e-06,4.6834392521441135,-0.00368792036030867,-5.940690849556682,8.229031466346953,-3.574719857614025,2.8209062472370894,1
0.24012241384314018,-0.006554073787556646,0.23162018107766846,-1.7412699354068963,-3.776804440155949,1.0176680407870777e-06,4.683439360675749,-0.0036879203603086943,-5.950690849556682,8.239031466346953,-3.584719857614025,2.8199810410595116,1
0.2404584538464487,-0.006761934233133129,0.23192512106006524,-1.7442835813395934,-3.776804361648526,8.49022341283239e-07,4.683439450814025,-0.0036879203603087077,-5.9606908495566815,8.249031466346953,-3.5947198576140247,2.8190862704259296,1
0.24079355905796698,-0.0069696333069420875,0.2322304264242946,-1.747292646683993,-3.7768045100830827,1.1678813124330922e-06,4.68343928038961,-0.003687920360308712,-5.970690849556681,8.259031466346952,-3.6047198576140245,2.8182218067261795,1
0.24112773344981853,-0.007177172112769748,0.23253609565736513,-1.7502971111486099,-3.7768044206669384,9.758020249499114e-07,4.683439383052753,-0.0036879203603087276,-5.980690849556681,8.269031466346952,-3.6147198576140243,2.817387521179835,1
0.24146098099946303,-0.007384551754319402,0.2328421272412618,-1.753296954503548,-3.776804589975299,1.3395008814169432e-06,4.683439188662257,-0.0036879203603087493,-5.990690849556681,8.279031466346952,-3.624719857614024,2.8165832848334658,1
0.2417933056894159,-0.0075917733351446625,0.2331485196530841,-1.756292156581205,-3.776804488198504,1.1208690350904792e-06,4.683439305517308,-0.0036879203603087567,-6.000690849556681,8.289031466346952,-3.634719857614024,2.815808968569731,1
0.2421247115073563,-0.007798837958692261,0.23345527136500344,-1.7592826972761202,-3.7768044033594177,9.386219601442875e-07,4.683439402925297,-0.003687920360308752,-6.01069084955668,8.299031466346952,-3.6447198576140236,2.815064443103874,1
0.24245520244597893,-0.008005746728272615,0.2337623808443397,-1.762268556545367,-3.776804564354712,1.2844631679765316e-06,4.683439218079383,-0.003687920360308751,-6.02069084955668,8.309031466346951,-3.6547198576140234,2.8143495789885296,1
0.24278478250282284,-0.008212500747023989,0.23406984655364893,-1.7652497144090336,-3.776804467879611,1.0772201651548277e-06,4.683439328847284,-0.0036879203603087593,-6.03069084955668,8.319031466346951,-3.664719857614023,2.8136642466192745,1
0.24311345568034984,-0.008419101117946933,0.23437766695069426,-1.7682261509501078,-3.776804387283257,9.040871213979695e-07,4.683439421383974,-0.003687920360308783,-6.04069084955668,8.329031466346951,-3.674719857614023,2.813008316232084,1
0.24344122598580514,-0.008625548943877437,0.23468584048851854,-1.7711978463148836,-3.7768045405629125,1.2333540391415605e-06,4.683439245396712,-0.0036879203603087866,-6.05069084955668,8.33903146634695,-3.6847198576140228,2.812381657907849,1
0.24376809743105082,-0.008831845327452483,0.2349943656155297,-1.7741647807133991,-3.7768044490009287,1.0366651571022852e-06,4.68343935052361,-0.0036879203603087988,-6.060690849556679,8.34903146634695,-3.6947198576140226,2.811784141577778,1
0.24409407403263678,-0.009037991371142341,0.23530324077547532,-1.777126934419374,-3.776804372341547,8.719893248233628e-07,4.683439438540061,-0.0036879203603088187,-6.070690849556679,8.35903146634695,-3.7047198576140223,2.8112156370210966,1
0.24441915981166493,-0.009243988177224821,0.2356124644075136,-1.780084287770577,-3.776804518452678,1.185857228691873e-06,4.683439270783288,-0.003687920360308822,-6.080690849556679,8.36903146634695,-3.714719857614022,2.8106760138694473,1
0.24474335879363104,-0.009449836847753247,0.23592203494629477,-1.7830368211692584,-3.776804431448547,9.989593046741235e-07,4.683439370677081,-0.003687920360308825,-6.090690849556679,8.37903146634695,-3.724719857614022,2.8101651416120195,1
0.24506667500852142,-0.009655538484595914,0.23623195082192366,-1.7859845150820461,-3.7768045975176587,1.3556997719446108e-06,4.683439180005726,-0.003687920360308813,-6.1006908495566785,8.38903146634695,-3.7347198576140217,2.809682889592416,1
0.24538911249052553,-0.00986109418936795,0.23654221046010146,-1.7889273500406109,-3.7768044988379628,1.1437209573982205e-06,4.683439293304844,-0.003687920360308818,-6.110690849556678,8.39903146634695,-3.7447198576140215,2.8092291270179666,1
0.24571067527815815,-0.01006650506347783,0.23685281228207633,-1.7918653066415324,-3.7768044159189853,9.65598561852906e-07,4.683439388508263,-0.0036879203603088157,-6.120690849556678,8.40903146634695,-3.7547198576140213,2.8088037229557723,1
0.24603136741411102,-0.010271772208098237,0.23716375470472031,-1.7947983655466797,-3.776804574534684,1.306328039016747e-06,4.6834392063944845,-0.0036879203603088035,-6.130690849556678,8.419031466346949,-3.764719857614021,2.8084065463375105,1
0.2463511929450786,-0.01047689672412961,0.23747503614061827,-1.7977265074836757,-3.7768044805824195,1.1045044642102838e-06,4.683439314265795,-0.003687920360308806,-6.140690849556678,8.429031466346949,-3.774719857614021,2.808037465965088,1
0.24667015592185168,-0.010681879712238699,0.23778665499803184,-1.8006497132458015,-3.7768044014646107,9.34547553559945e-07,4.683439405104896,-0.003687920360308799,-6.150690849556677,8.439031466346949,-3.7847198576140206,2.807696350507603,1
0.24698826039917615,-0.010886722272831386,0.238098609680973,-1.8035679636923694,-3.7768045531368317,1.2603614519766068e-06,4.683439230963219,-0.0036879203603088027,-6.160690849556677,8.449031466346948,-3.7947198576140204,2.8073830685059247,1
0.24730551043558452,-0.011091425506017934,0.23841089858929038,-1.8064812397491705,-3.7768044635823164,1.0679849099887693e-06,4.683439333785246,-0.003687920360308809,-6.170690849556677,8.459031466346948,-3.80471985761402,2.807097488378159,1
0.24762191009348108,-0.011295990511649114,0.2387235201186371,-1.8093895224083971,-3.7768043880049915,9.056334937388062e-07,4.683439420559337,-0.003687920360308795,-6.180690849556677,8.469031466346948,-3.81471985761402,2.8068394784168804,1
0.24793746343900547,-0.011500418389290359,0.2390364726605421,-1.8122927927290242,-3.776804533202436,1.217538649108136e-06,4.683439253851626,-0.0036879203603087966,-6.190690849556677,8.479031466346948,-3.82471985761402,2.806608906793563,1
0.2482521745418709,-0.01170471023818898,0.23934975460249333,-1.8151910318372153,-3.7768044477431357,1.0339592493866477e-06,4.6834393519717255,-0.003687920360308793,-6.200690849556676,8.489031466346947,-3.8347198576140196,2.8064056415638206,1
0.24856604747544123,-0.011908867157307905,0.23966336432790936,-1.8180842209262782,-3.7768043754667646,8.786987802876685e-07,4.683439434955823,-0.003687920360308806,-6.210690849556676,8.499031466346947,-3.8447198576140194,2.806229550664909,1
0.2488790863165979,-0.01211289024530084,0.23997730021620908,-1.8209723412570384,-3.776804514620649,1.1776215066192258e-06,4.6834392751869816,-0.003687920360308813,-6.220690849556676,8.509031466346947,-3.854719857614019,2.8060805019200403,1
0.24919129514558608,-0.012316780600481702,0.24029156064289126,-1.8238553741582306,-3.776804432978669,1.0022422895008922e-06,4.683439368924219,-0.0036879203603088152,-6.230690849556676,8.519031466346947,-3.864719857614019,2.805958363043371,1
0.24950267804608267,-0.012520539320855728,0.24060614397951027,-1.826733301026477,-3.7768043637829476,8.535995199803433e-07,4.683439448371267,-0.0036879203603088174,-6.2406908495566755,8.529031466346947,-3.8747198576140187,2.8058630016377974,1
0.2498132391050688,-0.012724167504096242,0.24092104859374328,-1.8296061033266318,-3.77680449729038,1.1403928591290598e-06,4.6834392950853605,-0.0036879203603088014,-6.250690849556675,8.539031466346946,-3.8847198576140185,2.805794285199089,1
0.2501229824126801,-0.012927666247515183,0.24123627284946786,-1.8324737625921843,-3.776804419210214,9.726649565361572e-07,4.683439384733097,-0.003687920360308807,-6.260690849556675,8.549031466346946,-3.8947198576140183,2.8057520811207435,1
0.2504319120623027,-0.013131036648101961,0.2415518151067245,-1.8353362604251775,-3.7768045700732222,1.2967405281758858e-06,4.683439211520533,-0.003687920360308815,-6.270690849556675,8.559031466346946,-3.904719857614018,2.805736256690875,1
0.2507400321502997,-0.013334279802459666,0.2418676737218522,-1.8381935784968304,-3.776804482030053,1.1076105796082276e-06,4.683439312607313,-0.00368792036030881,-6.280690849556675,8.569031466346946,-3.914719857614018,2.8057466791010772,1
0.2510473467761301,-0.013537396806850144,0.24218384704744025,-1.841045698547428,-3.776804407144301,9.4674476151255e-07,4.68343939858738,-0.003687920360308819,-6.2906908495566745,8.579031466346946,-3.9247198576140176,2.805783215442576,1
0.25135386004220805,-0.013740388757167094,0.24250033343240165,-1.8438926023866944,-3.7768045521418774,1.2582205502316248e-06,4.683439232109167,-0.0036879203603088183,-6.300690849556674,8.589031466346945,-3.9347198576140174,2.8058457327107855,1
0.2516595760537388,-0.013943256748902622,0.24281713122205736,-1.846734271894211,-3.7768044677908685,1.0770219211647494e-06,4.683439328956787,-0.0036879203603088235,-6.310690849556674,8.599031466346945,-3.9447198576140172,2.8059340978106317,1
0.25196449891881173,-0.014146001877185142,0.24313423875810014,-1.8495706890193442,-3.7768043958939743,9.225766199334564e-07,4.683439411505194,-0.0036879203603088413,-6.320690849556674,8.609031466346945,-3.954719857614017,2.8060481775535293,1
0.2522686327482646,-0.014348625236753693,0.24345165437866564,-1.8524018357816205,-3.776804535397865,1.2222511886514525e-06,4.683439251334517,-0.0036879203603088413,-6.330690849556674,8.619031466346945,-3.964719857614017,2.8061878386617933,1
0.25257198165552497,-0.014551127921926123,0.24376937641841415,-1.8552276942711252,-3.7768044545008164,1.048472189901974e-06,4.683439344216467,-0.0036879203603088512,-6.340690849556673,8.629031466346945,-3.9747198576140166,2.806352947773773,1
0.2528745497566964,-0.014753511026634905,0.24408740320849742,-1.8580482466484542,-3.7768043854030764,9.000398950961828e-07,4.683439423551022,-0.0036879203603088595,-6.350690849556673,8.639031466346944,-3.9847198576140164,2.806543371441058,1
0.2531763411704258,-0.014955775644402388,0.2444057330766284,-1.8608634751450763,-3.7768045197567677,1.1886511000214725e-06,4.683439269293508,-0.003687920360308868,-6.360690849556673,8.649031466346944,-3.994719857614016,2.8067589761327767,1
0.25347736001775173,-0.015157922868310726,0.2447243643471598,-1.8636733620637247,-3.7768044420939217,1.0218196580008206e-06,4.683439358462104,-0.003687920360308877,-6.370690849556673,8.659031466346944,-4.004719857614016,2.806999628240525,1
0.2537776104221824,-0.015359953791035408,0.24504329534105457,-1.8664778897783438,-3.776804375620109,8.790239550473914e-07,4.6834394347839945,-0.0036879203603088825,-6.3806908495566725,8.669031466346944,-4.014719857614016,2.807265194075826,1
0.2540770965095686,-0.015561869504821985,0.24536252437595304,-1.869277040734479,-3.776804505141252,1.157254155146545e-06,4.683439286074937,-0.0036879203603088937,-6.390690849556672,8.679031466346943,-4.0247198576140155,2.807555539874252,1
0.2543758224079549,-0.015763671101456805,0.24568204976625005,-1.872070797449626,-3.7768044305096837,9.969343551846643e-07,4.683439371763169,-0.003687920360308897,-6.400690849556672,8.689031466346943,-4.034719857614015,2.8078705318002544,1
0.2546737922476873,-0.015965359672308544,0.24600186982305164,-1.8748591425131593,-3.7768045761269007,1.3097411961246996e-06,4.683439204573545,-0.0036879203603088747,-6.410690849556672,8.699031466346943,-4.044719857614015,2.808210035943666,1
0.25497101016113494,-0.016166936308263186,0.24632198285431298,-1.8776420585869538,-3.7768044923982913,1.1298795680582746e-06,4.683439300706564,-0.0036879203603088703,-6.420690849556672,8.709031466346943,-4.054719857614015,2.808573918328733,1
0.255267480282821,-0.016368402099771896,0.24664238716478418,-1.880419528405263,-3.7768044204849702,9.753989736219737e-07,4.683439383273837,-0.003687920360308884,-6.4306908495566715,8.719031466346943,-4.064719857614015,2.80896204490986,1
0.2555632067492816,-0.016569758136823813,0.2469630810560837,-1.8831915347750907,-3.7768045610879963,1.2774346174794507e-06,4.683439221841219,-0.003687920360308876,-6.440690849556671,8.729031466346942,-4.0747198576140145,2.8093742815761895,1
0.25585819369890184,-0.016771005508912515,0.24728406282678272,-1.8859580605765955,-3.7768044804989134,1.1043171674777684e-06,4.683439314369586,-0.003687920360308881,-6.450690849556671,8.739031466346942,-4.084719857614014,2.8098104941569235,1
0.2561524452720218,-0.016972145305076902,0.2476053307723624,-1.888719088763023,-3.776804411139872,9.553235520394153e-07,4.683439394004161,-0.0036879203603088924,-6.460690849556671,8.749031466346942,-4.094719857614014,2.810270548417877,1
0.2564459656107987,-0.01717317861387481,0.24792688318528588,-1.89147460236106,-3.7768045470268516,1.2472284556123287e-06,4.683439237986237,-0.0036879203603089007,-6.470690849556671,8.759031466346942,-4.104719857614014,2.810754310065953,1
0.2567387588590484,-0.017374106523351023,0.2482487183550798,-1.894224584471253,-3.7768044693875633,1.0804476111080618e-06,4.683439327127793,-0.0036879203603089206,-6.48069084955667,8.769031466346942,-4.114719857614014,2.8112616447542784,1
0.25703082916234476,-0.017574930121076044,0.24857083456829498,-1.8969690182679209,-3.776804402430873,9.366146074051354e-07,4.6834394040041065,-0.0036879203603089232,-6.49069084955667,8.779031466346941,-4.124719857614013,2.8117924180789857,1
0.2573221806678858,-0.017775650494120835,0.2488932301085762,-1.899707886999541,-3.7768045338783645,1.2189828563013461e-06,4.683439253083349,-0.00368792036030891,-6.50069084955667,8.789031466346941,-4.134719857614013,2.8123464955835504,1
0.2576128175243397,-0.017976268729025982,0.24921590325674178,-1.9024411739891116,-3.7768044590131202,1.058161078958137e-06,4.683439339039882,-0.0036879203603089115,-6.51069084955667,8.799031466346941,-4.144719857614013,2.812923742763783,1
0.257902743881938,-0.018176785911838668,0.24953885229074682,-1.9051688626341277,-3.776804394317892,9.191860370214542e-07,4.683439413319696,-0.003687920360308928,-6.5206908495566696,8.80903146634694,-4.154719857614013,2.813524025064805,1
0.2581919638923456,-0.018377203128088295,0.24986207548575148,-1.9078909364069139,-3.7768045215826302,1.192569134737184e-06,4.6834392672013365,-0.0036879203603089284,-6.530690849556669,8.81903146634694,-4.1647198576140125,2.814147207885274,1
0.25848048170851107,-0.018577521462756857,0.2501855711141983,-1.9106073788550135,-3.7768044493284982,1.037356420864211e-06,4.683439350159919,-0.003687920360308938,-6.540690849556669,8.82903146634694,-4.174719857614012,2.8147931565822253,1
0.2587683014847542,-0.018777742000314165,0.25050933744577797,-1.9133181736011535,-3.7768043867639776,9.02958460472173e-07,4.683439421993358,-0.0036879203603089566,-6.550690849556669,8.83903146634694,-4.184719857614012,2.815461736468236,1
0.2590554273766391,-0.018977865824694268,0.25083337274749623,-1.9160233043435841,-3.7768045100844785,1.167868771163906e-06,4.683439280403548,-0.003687920360308956,-6.560690849556669,8.84903146634694,-4.194719857614012,2.8161528128155466,1
0.259341863540829,-0.01917789401926697,0.25115767528374894,-1.9187227548564578,-3.7768044402902885,1.0179403842329806e-06,4.683439360537745,-0.0036879203603089623,-6.5706908495566685,8.85903146634694,-4.204719857614012,2.816866250860758,1
0.25962761413516827,-0.019377827666871357,0.2514822433162905,-1.9214165089897948,-3.7768043797350335,8.878586291302843e-07,4.6834394300642455,-0.0036879203603089644,-6.580690849556668,8.86903146634694,-4.2147198576140115,2.817601915802179,1
0.2599126833185593,-0.019577667849793208,0.2518070751042988,-1.9241045506698307,-3.776804499333049,1.1447725084669236e-06,4.683439292748382,-0.00368792036030897,-6.590690849556668,8.87903146634694,-4.224719857614011,2.818359672803816,1
0.26019707525082,-0.0197774156497371,0.2521321689044491,-1.9267868638993777,-3.7768044318584337,9.998269181714197e-07,4.683439370219356,-0.003687920360308985,-6.600690849556668,8.889031466346939,-4.234719857614011,2.8191393869999963,1
0.260480794092796,-0.01997707214786812,0.25245752297086815,-1.9294634327577522,-3.776804565298363,1.2864751823694727e-06,4.6834392170110215,-0.003687920360308975,-6.610690849556668,8.899031466346939,-4.244719857614011,2.819940923491721,1
0.26076384400608693,-0.020176638424747966,0.2527831355552698,-1.9321342414013645,-3.776804490172025,1.1250925276796827e-06,4.683439303267338,-0.0036879203603089727,-6.620690849556667,8.909031466346939,-4.254719857614011,2.8207641473555523,1
0.2610462291531824,-0.020376115560383046,0.253109004906898,-1.9347992740636166,-3.7768044247753547,9.846106767208086e-07,4.683439378352519,-0.0036879203603089753,-6.630690849556667,8.919031466346938,-4.26471985761401,2.8216089236391944,1
0.26132795369732364,-0.02057550463419756,0.25343512927259854,-1.937458515055249,-3.7768045543604694,1.262978248744284e-06,4.6834392295700615,-0.003687920360308975,-6.640690849556667,8.929031466346938,-4.27471985761401,2.8224751173659817,1
0.26160902180234713,-0.020774806725001635,0.25376150689689964,-1.9401119487647442,-3.7768044816327806,1.1067482554684951e-06,4.683439313072366,-0.003687920360308981,-6.650690849556667,8.939031466346938,-4.28471985761401,2.8233625935399562,1
0.26188943763279277,-0.020974022911031617,0.2540881360219677,-1.9427595596582512,-3.7768044182001295,9.704854135666502e-07,4.683439385902557,-0.003687920360308992,-6.660690849556667,8.949031466346938,-4.29471985761401,2.82427121714235,1
0.26216920535377136,-0.021173154269924645,0.2544150148876766,-1.9454013322799437,-3.776804544138983,1.2410202951873913e-06,4.6834392413065284,-0.0036879203603089844,-6.670690849556666,8.959031466346937,-4.3047198576140095,2.825200853135885,1
0.2624483291308107,-0.021372201878687398,0.25474214173168663,-1.9480372512524016,-3.7768044736783484,1.0896602772439948e-06,4.683439322205912,-0.003687920360308996,-6.680690849556666,8.969031466346937,-4.314719857614009,2.8261513664697686,1
0.26272681312995955,-0.021571166813735037,0.25506951478940254,-1.9506673012765547,-3.776804412103621,9.573885361875357e-07,4.683439392902925,-0.0036879203603090048,-6.690690849556666,8.979031466346937,-4.324719857614009,2.827122622076311,1
0.2630046615176571,-0.021770050150866176,0.25539713229404143,-1.95329146713203,-3.776804534590601,1.2205083001818817e-06,4.683439252270142,-0.0036879203603089835,-6.700690849556666,8.989031466346937,-4.334719857614009,2.8281144848751683,1
0.26328187846058343,-0.021968852965232755,0.2557249924767101,-1.9559097336775313,-3.776804466274498,1.0737550605173684e-06,4.683439330707278,-0.003687920360309001,-6.7106908495566655,8.999031466346937,-4.344719857614009,2.8291268197781894,1
0.26355846812575884,-0.02216757633137753,0.25605309356636463,-1.9585220858507904,-3.7768044064588255,9.452620344801124e-07,4.683439399384632,-0.003687920360309008,-6.720690849556665,9.009031466346936,-4.3547198576140085,2.830159491686186,1
0.2638344346804158,-0.022366221323209572,0.2563814337898776,-1.9611285086689088,-3.776804525675233,1.2013561400861693e-06,4.683439262506933,-0.0036879203603090013,-6.730690849556665,9.019031466346936,-4.364719857614008,2.831212365493098,1
0.2641097822918522,-0.022564789013974896,0.25671001137211363,-1.9637289872287267,-3.776804459389506,1.0589644538026858e-06,4.683439338612892,-0.003687920360309008,-6.740690849556665,9.029031466346936,-4.374719857614008,2.832285306090737,1
0.26438451512752775,-0.022763280476292752,0.25703882453589066,-1.9663235067067932,-3.7768044012406916,9.340520902468427e-07,4.683439405376442,-0.003687920360309016,-6.750690849556665,9.039031466346936,-4.384719857614008,2.8333781783656784,1
0.26465863735493717,-0.02296169678213161,0.25736787150204593,-1.9689120523596901,-3.7768045173557248,1.1834839992973942e-06,4.683439272059566,-0.003687920360309004,-6.760690849556664,9.049031466346936,-4.394719857614008,2.8344908472033525,1
0.26493215314146745,-0.02316003900278054,0.25769715048951025,-1.9714946095244104,-3.77680445299394,1.0452252322705646e-06,4.683439345956549,-0.0036879203603090087,-6.770690849556664,9.059031466346935,-4.404719857614007,2.835623177492686,1
0.2652050666544895,-0.023358308208884158,0.25802665971527095,-1.9740711636183168,-3.776804396425955,9.237087281731632e-07,4.683439410905068,-0.003687920360309015,-6.780690849556664,9.069031466346935,-4.414719857614007,2.8367750341231295,1
0.26547738206123483,-0.02355650547041933,0.25835639739443644,-1.9766417001394816,-3.776804509597611,1.1668178407632516e-06,4.683439280967612,-0.003687920360309014,-6.790690849556664,9.079031466346935,-4.424719857614007,2.8379462819886503,1
0.26574910352865444,-0.02375463185666696,0.2586863617403095,-1.9792062046670422,-3.7768044470604716,1.0324786864555557e-06,4.683439352769627,-0.0036879203603090212,-6.800690849556664,9.089031466346935,-4.434719857614007,2.8391367859923102,1
0.2660202352235076,-0.023952688436245945,0.25901655096435156,-1.9817646628611822,-3.7768043919929926,9.141854947857488e-07,4.683439415995339,-0.0036879203603090364,-6.810690849556663,9.099031466346934,-4.444719857614007,2.840346411043387,1
0.26629078131224054,-0.024150676277090246,0.25934696327624623,-1.9843170604634561,-3.776804502368893,1.1512889232795889e-06,4.683439289267811,-0.0036879203603090364,-6.820690849556663,9.109031466346934,-4.454719857614006,2.8415750220613076,1
0.26656074596084806,-0.024348596446421292,0.2596775968839713,-1.9868633832971423,-3.7768044415636974,1.0206702465373478e-06,4.683439359081293,-0.0036879203603090403,-6.830690849556663,9.119031466346934,-4.464719857614006,2.842822483980138,1
0.26683013333495925,-0.02454645001078097,0.2600084499937642,-1.989403617267232,-3.7768043879216826,9.054391669386344e-07,4.683439420670357,-0.0036879203603090477,-6.840690849556663,9.129031466346934,-4.474719857614006,2.844088661745796,1
0.26709894759971703,-0.024744238036008726,0.2603395208101854,-1.991937748360751,-3.7768044956398295,1.1368333588248665e-06,4.683439296994312,-0.003687920360309052,-6.8506908495566625,9.139031466346934,-4.484719857614006,2.845373420319964,1
0.2673671929196442,-0.024941961587215098,0.2606708075361879,-1.9944657626471072,-3.7768044364799835,1.009749140117797e-06,4.6834393649186845,-0.003687920360309058,-6.860690849556662,9.149031466346933,-4.4947198576140055,2.84667662468443,1
0.26763487345872405,-0.02513962172881303,0.2610023083730852,-1.9969876462780864,-3.776804384193287,8.974294871110481e-07,4.683439424951641,-0.0036879203603090594,-6.870690849556662,9.159031466346933,-4.504719857614005,2.8479981398384733,1
0.2679019933802833,-0.025337219524495865,0.26133402152061297,-1.999503385488164,-3.7768044893827564,1.1233917172969946e-06,4.68343930417888,-0.003687920360309071,-6.880690849556662,9.169031466346933,-4.514719857614005,2.849337830802657,1
0.2681685568468594,-0.025534756037210993,0.2616659451769979,-2.0020129665948607,-3.776804431787318,9.99668082233858e-07,4.6834393703070765,-0.003687920360309078,-6.890690849556662,9.179031466346933,-4.524719857614005,2.8506955626231365,1
0.26843456802031024,-0.025732232329198832,0.2619980775389121,-2.0045163759986795,-3.776804547797642,1.2488750338501144e-06,4.6834392371104485,-0.00368792036030907,-6.9006908495566615,9.189031466346933,-4.534719857614005,2.8520712003680986,1
0.26870003106155543,-0.02592964946193252,0.2623304168016011,-2.0070136001836594,-3.7768044844056843,1.1126995938948177e-06,4.683439309893931,-0.0036879203603090646,-6.910690849556661,9.199031466346932,-4.544719857614004,2.8534646091361493,1
0.26896495013070704,-0.026127008496162358,0.2626629611588286,-2.009504625717285,-3.7768044282085014,9.919796224405587e-07,4.68343937441672,-0.003687920360309062,-6.920690849556661,9.209031466346932,-4.554719857614004,2.8548756540520754,1
0.2692293293869389,-0.026324310491889852,0.26299570880294404,-2.0119894392508466,-3.7768045416071123,1.2355762400925217e-06,4.683439244218713,-0.00368792036030905,-6.930690849556661,9.219031466346932,-4.564719857614004,2.856304200271085,1
0.26949317298833936,-0.026521556508337325,0.2633286579249583,-2.0144680275197673,-3.776804479829177,1.1028679638135961e-06,4.683439315149053,-0.0036879203603090555,-6.940690849556661,9.229031466346932,-4.574719857614004,2.8577501129835747,1
0.2697564850920195,-0.026718747603986025,0.2636618067144986,-2.0169403773435954,-3.776804424964439,9.850102845007306e-07,4.683439378141995,-0.0036879203603090533,-6.95069084955666,9.239031466346932,-4.584719857614004,2.8592132574116285,1
0.27001926985398395,-0.026915884836550476,0.26399515335987556,-2.0194064756263246,-3.776804535872589,1.2232570338369982e-06,4.683439250803396,-0.003687920360309059,-6.96069084955666,9.249031466346931,-4.594719857614003,2.8606934988132027,1
0.2702815314289867,-0.02711296926294874,0.26432869604815723,-2.02186630935674,-3.77680447563274,1.09385279941943e-06,4.683439319967781,-0.0036879203603090703,-6.97069084955666,9.259031466346931,-4.604719857614003,2.8621907024867976,1
0.2705432739706347,-0.0273100019393391,0.26466243296512615,-2.0243198656084043,-3.7768044220388104,9.787250070742929e-07,4.6834393815016435,-0.0036879203603090707,-6.98069084955666,9.26903146634693,-4.614719857614003,2.8637047337681034,1
0.27080450163126196,-0.027506983921095077,0.2649963622953447,-2.0267671315399802,-3.7768045305700997,1.2118659191003896e-06,4.6834392568920205,-0.003687920360309064,-6.9906908495566595,9.27903146634693,-4.624719857614003,2.865235458034083,1
0.2710652185617871,-0.027703916262776077,0.26533048222222844,-2.0292080943955804,-3.776804471797214,1.0856129423131133e-06,4.683439324372111,-0.003687920360309065,-7.000690849556659,9.28903146634693,-4.6347198576140025,2.866782740707584,1
0.27132542891181366,-0.027900800018162926,0.26566479092800444,-2.031642741504735,-3.776804419416338,9.73090971747998e-07,4.683439384513206,-0.0036879203603090737,-7.010690849556659,9.29903146634693,-4.644719857614002,2.868346447254092,1
0.27158513682950614,-0.028097636240233308,0.2659992865937757,-2.0340710602827365,-3.776804525677243,1.2013547717457113e-06,4.683439262510311,-0.003687920360309076,-7.020690849556659,9.30903146634693,-4.654719857614002,2.8699264431857463,1
0.2718443464614496,-0.02829442598113275,0.26633396739959353,-2.0364930382309603,-3.776804468304669,1.0781098765669938e-06,4.683439328382633,-0.0036879203603090837,-7.030690849556659,9.31903146634693,-4.664719857614002,2.8715225940658935,1
0.2721030619527469,-0.028491170292209104,0.2666688315244173,-2.038908662936876,-3.776804417082705,9.680774229926114e-07,4.683439387193122,-0.0036879203603090837,-7.0406908495566585,9.32903146634693,-4.674719857614002,2.873134765505939,1
0.2723612874468971,-0.028687870223988512,0.26700387714617735,-2.041317922074342,-3.7768045211730614,1.1916785717033984e-06,4.6834392676823295,-0.0036879203603090863,-7.050690849556658,9.33903146634693,-4.6847198576140014,2.8747628231692803,1
0.27261902708565516,-0.028884526826146263,0.2673391024418476,-2.043720803403967,-3.77680446513831,1.071307519619307e-06,4.68343933201863,-0.0036879203603090885,-7.060690849556658,9.34903146634693,-4.694719857614001,2.87640663277586,1
0.27287628500912936,-0.029081141147541047,0.2676745055874049,-2.0461172947730795,-3.776804415024481,9.63655507108877e-07,4.683439389556813,-0.0036879203603090863,-7.070690849556658,9.359031466346929,-4.704719857614001,2.878066060099013,1
0.2731330653556578,-0.029277714236190293,0.26801008475789306,-2.048507384116073,-3.77680451703793,1.182795160867834e-06,4.683439272430609,-0.003687920360309092,-7.080690849556658,9.369031466346929,-4.714719857614001,2.8797409709694604,1
0.27338937226167265,-0.029474247139242057,0.2683458381274929,-2.0508910594547163,-3.7768044622823824,1.0651720316450305e-06,4.68343933529819,-0.0036879203603091015,-7.090690849556657,9.379031466346929,-4.724719857614001,2.8814312312797155,1
0.27364520986179375,-0.029670740903008072,0.26868176386948345,-2.0532683088981605,-3.7768044132290486,9.597981219018791e-07,4.683439391618766,-0.0036879203603091015,-7.100690849556657,9.389031466346928,-4.734719857614,2.883136706981052,1
0.2739005822887069,-0.029867196572939333,0.26901786015630513,-2.055639120643255,-3.776804513253452,1.1746650184408204e-06,4.683439276776273,-0.0036879203603090997,-7.110690849556657,9.399031466346928,-4.744719857614,2.884857264087446,1
0.2741554936730293,-0.03006361519359818,0.26935412515962914,-2.058003482974882,-3.7768044597220976,1.0596716401928972e-06,4.683439338238297,-0.0036879203603090967,-7.120690849556657,9.409031466346928,-4.754719857614,2.8865927686799404,1
0.27440994814340086,-0.030259997808690525,0.2696905570503197,-2.0603613842659496,-3.7768044116845436,9.564797783914901e-07,4.683439393392605,-0.0036879203603091062,-7.1306908495566566,9.419031466346928,-4.764719857614,2.888343086903684,1
0.27466394982636455,-0.030456345461041815,0.27002715399849603,-2.0627128129777037,-3.7768045098023633,1.167251058110733e-06,4.683439280739145,-0.003687920360309098,-7.140690849556656,9.429031466346927,-4.7747198576139995,2.890108084971809,1
0.2749175028462319,-0.030652659192568946,0.27036391417360184,-2.065057757660077,-3.776804457443553,1.0547764814828647e-06,4.683439340854911,-0.003687920360309095,-7.150690849556656,9.439031466346927,-4.784719857613999,2.8918876291697937,1
0.2751706113251737,-0.0308489400443121,0.2707008357443675,-2.067396206951662,-3.776804410379794,9.53676477453928e-07,4.683439394891156,-0.0036879203603091028,-7.160690849556656,9.449031466346927,-4.794719857613999,2.893681585852523,1
0.2754232793830999,-0.03104518905641043,0.27103791687887246,-2.06972814958005,-3.7768045066684457,1.1605184405891897e-06,4.683439284337845,-0.0036879203603091015,-7.170690849556656,9.459031466346927,-4.804719857613999,2.8954898214481783,1
0.2756755111375284,-0.031241407268074676,0.271375155744613,-2.0720535743621395,-3.7768044554336666,1.05045845251903e-06,4.683439343163053,-0.0036879203603091028,-7.1806908495566555,9.469031466346927,-4.814719857613999,2.897312202462497,1
0.2759273107036715,-0.03143759571761766,0.27171255050846643,-2.0743724702041506,-3.776804409304267,9.513655932328823e-07,4.683439396126514,-0.0036879203603090976,-7.190690849556655,9.479031466346926,-4.8247198576139985,2.899148595475964,1
0.2761786821943183,-0.03163375544243044,0.27205009933675195,-2.076684826101946,-3.776804503836448,1.1544344037340422e-06,4.683439287589884,-0.0036879203603090893,-7.200690849556655,9.489031466346926,-4.834719857613998,2.900998867147626,1
0.27642962971970436,-0.03182988747895502,0.27238780039529814,-2.0789906311413238,-3.7768044536801137,1.0466910775078742e-06,4.683439345176876,-0.0036879203603090963,-7.210690849556655,9.499031466346926,-4.844719857613998,2.9028628842193203,1
0.27668015738759594,-0.032025992862714,0.2727256518494081,-2.0812898744980655,-3.776804408448021,9.495257673356428e-07,4.683439397110094,-0.0036879203603090997,-7.220690849556655,9.509031466346926,-4.854719857613998,2.9047405135129405,1
0.2769302693031741,-0.032222072628286996,0.27306365186391957,-2.083582545438215,-3.776804501292012,1.148968102939619e-06,4.68343929051175,-0.0036879203603090932,-7.230690849556654,9.519031466346926,-4.864719857613998,2.9066316219341948,1
0.27717996956890434,-0.0324181278092832,0.27340179860327224,-2.085868633318418,-3.776804452171269,1.0434493822811428e-06,4.6834393469097275,-0.0036879203603091084,-7.240690849556654,9.529031466346925,-4.874719857613997,2.9085360764768353,1
0.2774292622846203,-0.032614159438370656,0.2737400902314729,-2.0881481275859226,-3.7768044078016576,9.481368114084949e-07,4.683439397852687,-0.0036879203603091167,-7.250690849556654,9.539031466346925,-4.884719857613997,2.910453744219939,1
0.2776781515474075,-0.032810168547252404,0.27407852491215584,-2.0904210177788975,-3.7768044990216056,1.1440904673698864e-06,4.683439293118979,-0.0036879203603091154,-7.260690849556654,9.549031466346925,-4.894719857613997,2.91238449233168,1
0.27792664145147467,-0.03300615616663933,0.27441710080864934,-2.0926872935267413,-3.776804450896154,1.040709782332422e-06,4.683439348374212,-0.003687920360309122,-7.270690849556654,9.559031466346925,-4.904719857613997,2.914328188073503,1
0.27817473608823595,-0.03320212332627877,0.27475581608394134,-2.094946944550113,-3.776804407356283,9.471796187794474e-07,4.683439398364505,-0.003687920360309129,-7.280690849556653,9.569031466346924,-4.9147198576139965,2.916284698797453,1
0.27842243954619444,-0.03339807105493047,0.2750946689007399,-2.0971999606612144,-3.776804497012461,1.1397740697608428e-06,4.683439295426232,-0.003687920360309132,-7.290690849556653,9.579031466346924,-4.924719857613996,2.9182538919499557,1
0.2786697559108158,-0.03359400038033984,0.2754336574215386,-2.099446331764126,-3.7768044498443882,1.0384499787454567e-06,4.68343934958225,-0.0036879203603091323,-7.300690849556653,9.589031466346924,-4.934719857613996,2.920235635075916,1
0.2789166892646074,-0.033789912329265544,0.2757727798085834,-2.1016860478548236,-3.776804407103468,9.466360811288649e-07,4.683439398655228,-0.003687920360309133,-7.310690849556653,9.599031466346924,-4.944719857613996,2.922229795816147,1
0.27916324368700346,-0.03398580792745567,0.2761120342239326,-2.1039190990214807,-3.776804495252517,1.1359930018560798e-06,4.683439297447356,-0.003687920360309128,-7.3206908495566525,9.609031466346924,-4.954719857613996,2.9242362419110957,1
0.2794094232542394,-0.034181688199621016,0.27645141882952134,-2.1061454754447686,-3.7768044490061445,1.0366488608791818e-06,4.683439350545125,-0.003687920360309142,-7.330690849556652,9.619031466346923,-4.9647198576139955,2.9262548412049205,1
0.2796552320394291,-0.034377554169461984,0.2767909317871298,-2.108365167397907,-3.7768044070352125,9.464890135489799e-07,4.68343939873404,-0.003687920360309154,-7.340690849556652,9.629031466346923,-4.974719857613995,2.9282854616429805,1
0.27990067411245084,-0.034573406859644704,0.27713057125844237,-2.110578165246944,-3.7768044937303693,1.132722763310546e-06,4.683439299195447,-0.0036879203603091474,-7.350690849556652,9.639031466346923,-4.984719857613995,2.930327971275539,1
0.280145753539822,-0.03476924729177436,0.27747033540511196,-2.1127844594510767,-3.7768044483721086,1.0352864192749065e-06,4.68343935127353,-0.0036879203603091596,-7.360690849556652,9.649031466346923,-4.994719857613995,2.9323822382618205,1
0.2803904743847757,-0.03496507648642152,0.27781022238872866,-2.1149840405626765,-3.776804407143915,9.467220843282361e-07,4.683439398609671,-0.0036879203603091696,-7.370690849556651,9.659031466346923,-5.004719857613995,2.9344481308675316,1
0.2806348407071462,-0.035160895463098106,0.27815023037087866,-2.117176899227598,-3.776804492435221,1.1299401591274504e-06,4.6834393006829025,-0.003687920360309161,-7.380690849556651,9.669031466346922,-5.014719857613994,2.936525517468572,1
0.28087885656324574,-0.03535670524023099,0.27849035751320805,-2.119363026185454,-3.7768044479334404,1.0343436632135121e-06,4.683439351777618,-0.003687920360309174,-7.390690849556651,9.679031466346922,-5.024719857613994,2.93861426655503,1
0.2811225260059374,-0.03555250683518718,0.27883060197739257,-2.1215424122697013,-3.7768044074223397,9.47319751906286e-07,4.683439398290428,-0.003687920360309179,-7.400690849556651,9.689031466346922,-5.034719857613994,2.940714246728815,1
0.28136585308452383,-0.03574830126425039,0.27917096192519547,-2.123715048407899,-3.7768044913568373,1.1276232053297927e-06,4.683439301921472,-0.003687920360309182,-7.410690849556651,9.699031466346922,-5.044719857613994,2.9428253267072764,1
0.28160884184462154,-0.035944089542593885,0.27951143551853197,-2.125880925622017,-3.77680444768174,1.0338025490510585e-06,4.6834393520670305,-0.0036879203603091826,-7.42069084955665,9.709031466346921,-5.054719857613994,2.944947375327266,1
0.2818514963282356,-0.03613987268430583,0.2798520209194384,-2.1280400350284943,-3.776804407863593,9.482672065887904e-07,4.683439397784226,-0.003687920360309192,-7.43069084955665,9.719031466346921,-5.064719857613993,2.9470802615427267,1
0.2820938205736462,-0.036335651702365204,0.2801927162901308,-2.130192367838515,-3.7768044904855076,1.125751041902226e-06,4.683439302922305,-0.0036879203603091782,-7.44069084955665,9.729031466346921,-5.074719857613993,2.949223854428362,1
0.28233581861528445,-0.03653142760861479,0.28053351979306884,-2.1323379153583195,-3.776804447609015,1.0336459083434488e-06,4.683439352150946,-0.0036879203603091804,-7.45069084955665,9.73903146634692,-5.084719857613993,2.951378023183669,1
0.2825774944838061,-0.03672720141378604,0.2808744295909251,-2.1344766689892385,-3.776804408461096,9.495503151346619e-07,4.68343939709862,-0.003687920360309183,-7.4606908495566495,9.74903146634692,-5.094719857613993,2.953542637130546,1
0.2828188522059776,-0.03692297412747472,0.28121544384664415,-2.1366086202279977,-3.7768044898120077,1.1243038514609749e-06,4.6834393036959945,-0.0036879203603091886,-7.470690849556649,9.75903146634692,-5.1047198576139925,2.9557175657169856,1
0.2830598958045532,-0.03711874675811402,0.2815565607235054,-2.1387337606670163,-3.776804447707653,1.033857386607863e-06,4.683439352038105,-0.003687920360309187,-7.480690849556649,9.76903146634692,-5.114719857613992,2.957902678521059,1
0.28330062929834643,-0.03731452031299861,0.28189777838509367,-2.1408520819944385,-3.776804409208561,9.51155571396016e-07,4.6834393962408285,-0.0036879203603091978,-7.490690849556649,9.77903146634692,-5.124719857613992,2.960097845248604,1
0.28354105670211693,-0.03751029579826031,0.28223909499535765,-2.142963575994445,-3.7768044893275627,1.1232627864781776e-06,4.683439304252615,-0.003687920360309194,-7.500690849556649,9.78903146634692,-5.134719857613992,2.9623029357368873,1
0.28378118202644836,-0.03770607421884126,0.2825805087186726,-2.145068234547535,-3.7768044479703917,1.0344213839111675e-06,4.683439351736847,-0.003687920360309203,-7.5106908495566485,9.79903146634692,-5.144719857613992,2.964517819958563,1
0.2840210092778174,-0.037901856578517065,0.2829220177198117,-2.147166049630588,-3.776804410099972,9.530700508742635e-07,4.68343939521776,-0.003687920360309211,-7.520690849556648,9.80903146634692,-5.154719857613991,2.9667423680194394,1
0.2842605424584818,-0.038097643879872585,0.2832636201640041,-2.1492570133171514,-3.7768044890238195,1.1226099009506962e-06,4.683439304601757,-0.003687920360309215,-7.530690849556648,9.81903146634692,-5.164719857613991,2.9689764501621094,1
0.28449978556635835,-0.038293437124274965,0.28360531421699725,-2.151341117777723,-3.7768044483902967,1.0353230028464952e-06,4.683439351255132,-0.003687920360309212,-7.540690849556648,9.829031466346919,-5.174719857613991,2.9712199367699017,1
0.2847387425950905,-0.038489237311896234,0.28394709804502927,-2.1534183552798187,-3.7768044111295644,9.552813693531128e-07,4.683439394036033,-0.003687920360309216,-7.550690849556648,9.839031466346919,-5.184719857613991,2.9734726983646897,1
0.2849774175339364,-0.038685045441688805,0.28428896981488655,-2.155488718188274,-3.776804488892815,1.1223280888358715e-06,4.683439304752564,-0.0036879203603092164,-7.560690849556647,9.849031466346919,-5.194719857613991,2.975734605610528,1
0.2852158143676475,-0.03888086251135859,0.284630927693966,-2.1575521989654916,-3.7768044489607364,1.036547998618676e-06,4.683439350600576,-0.0036879203603092095,-7.570690849556647,9.859031466346918,-5.20471985761399,2.97800552931758,1
0.28545393707653477,-0.03907668951738695,0.2849729698502477,-2.1596087901715486,-3.776804412291805,9.577776424692096e-07,4.683439392702001,-0.0036879203603092116,-7.580690849556647,9.869031466346918,-5.21471985761399,2.980285340439972,1
0.2856917896363564,-0.039272527455005965,0.28531509445235304,-2.1616584844644633,-3.7768044889269485,1.1224010245248876e-06,4.683439304713763,-0.0036879203603092116,-7.590690849556647,9.879031466346918,-5.22471985761399,2.9825739100794397,1
0.2859293760181971,-0.03946837731817154,0.2856572996696062,-2.163701274600478,-3.7768044496753617,1.038082732704726e-06,4.683439349780468,-0.0036879203603092233,-7.6006908495566465,9.889031466346918,-5.23471985761399,2.984871109489234,1
0.28616670018853313,-0.03966424009958472,0.28599958367200756,-2.165737153434129,-3.7768044135813783,9.605474512550463e-07,4.683439391221766,-0.003687920360309221,-7.610690849556646,9.899031466346917,-5.2447198576139895,2.9871768100720253,1
0.28640376610912,-0.03986011679066697,0.28634194463029156,-2.1677661139185425,-3.7768044891189603,1.122813110538863e-06,4.683439304493689,-0.0036879203603092116,-7.620690849556646,9.909031466346917,-5.254719857613989,2.9894908833835254,1
0.286640577736871,-0.040056008381532754,0.2866843807159887,-2.1697881491057003,-3.776804450528088,1.0399141321069602e-06,4.683439348801795,-0.003687920360309214,-7.630690849556646,9.919031466346917,-5.264719857613989,2.9918132011364387,1
0.28687713902392226,-0.040251915861010706,0.2870268901013988,-2.1718032521465283,-3.776804414993171,9.635798090295611e-07,4.683439389601202,-0.003687920360309219,-7.640690849556646,9.929031466346917,-5.274719857613989,2.9941436351983555,1
0.28711345391751997,-0.040447840216618534,0.28736947095964893,-2.1738114162911657,-3.7768044894619055,1.1235494286662012e-06,4.683439304100316,-0.003687920360309216,-7.6506908495566455,9.939031466346917,-5.284719857613989,2.996482057595398,1
0.2873495263598983,-0.04064378243453532,0.2877121214647559,-2.175812634889261,-3.7768044515130743,1.0420296505922293e-06,4.683439347671263,-0.0036879203603092186,-7.660690849556645,9.949031466346916,-5.2947198576139884,2.9988283405161846,1
0.28758536028834497,-0.040839743499622626,0.28805483979159885,-2.1778069013900305,-3.7768044165222556,9.668641316738086e-07,4.683439387845963,-0.0036879203603092186,-7.670690849556645,9.959031466346916,-5.304719857613988,3.001182356309703,1
0.28782095963508614,-0.04103572439539852,0.28839762411597863,-2.179794209342547,-3.7768044899491353,1.1245956953022732e-06,4.683439303541279,-0.003687920360309223,-7.680690849556645,9.969031466346916,-5.314719857613988,3.0035439774890427,1
0.28805632832716616,-0.04123172610401028,0.28874047261467906,-2.181774552396041,-3.7768044526247095,1.0444172340417883e-06,4.683439346395315,-0.003687920360309226,-7.690690849556645,9.979031466346916,-5.324719857613988,3.0059130767352897,1
0.2882914702865107,-0.04142774960625455,0.28908338346544094,-2.18374792429994,-3.77680441816388,9.703902099620319e-07,4.683439385961509,-0.0036879203603092355,-7.700690849556644,9.989031466346916,-5.334719857613988,3.0082895268954886,1
0.2885263894298125,-0.041623795881551504,0.28942635484702056,-2.185714318904175,-3.7768044905742757,1.1259382186684998e-06,4.683439302823896,-0.0036879203603092285,-7.710690849556644,9.999031466346915,-5.344719857613987,3.010673200986335,1
0.28876108966841046,-0.04181986590791708,0.2897693849392517,-2.187673730159467,-3.776804453857596,1.0470652866391253e-06,4.6834393449801475,-0.0036879203603092325,-7.720690849556644,10.009031466346915,-5.354719857613987,3.013063972198106,1
0.2889955749083519,-0.042015960661982835,0.29011247192301953,-2.189626152117374,-3.7768044199134527,9.741481837000421e-07,4.683439383953107,-0.0036879203603092364,-7.730690849556644,10.019031466346915,-5.364719857613987,3.015461713892635,1
0.2892298490502778,-0.042212081118969666,0.29045561398031977,-2.191571578930608,-3.77680449133121,1.1275638608805418e-06,4.683439301955188,-0.0036879203603092233,-7.7406908495566435,10.029031466346915,-5.374719857613987,3.017866299607038,1
0.2894639159893024,-0.04240822825266015,0.29079880929431995,-2.1935100048532887,-3.7768044552065345,1.049962641927141e-06,4.683439343431731,-0.003687920360309223,-7.750690849556643,10.039031466346914,-5.3847198576139865,3.0202776030576093,1
0.28969777961507254,-0.042604403035417286,0.291142056049335,-2.1954414242410474,-3.7768044217665375,9.781285195203154e-07,4.683439381825856,-0.003687920360309233,-7.760690849556643,10.049031466346914,-5.394719857613986,3.022695498137903,1
0.28993144381165536,-0.04280060643815874,0.29148535243088514,-2.19736583155128,-3.776804492214066,1.1294600032104096e-06,4.683439300941901,-0.00368792036030923,-7.770690849556643,10.059031466346914,-5.404719857613986,3.0251198589223756,1
0.29016491245741566,-0.04299683943032843,0.291828696625758,-2.1992832213434443,-3.7768044566665147,1.0530985345235959e-06,4.683439341755818,-0.0036879203603092272,-7.780690849556643,10.069031466346914,-5.414719857613986,3.027550559670358,1
0.29039818942507517,-0.04319310297991502,0.2921720868219844,-2.2011935882791436,-3.7768044237188376,9.823219886122539e-07,4.683439379584687,-0.0036879203603092416,-7.7906908495566425,10.079031466346914,-5.424719857613986,3.029987474824133,1
0.2906312785815989,-0.043389398053425676,0.29251552120889657,-2.203096927122399,-3.776804493217194,1.1316145123138088e-06,4.683439299790519,-0.003687920360309237,-7.800690849556642,10.089031466346913,-5.4347198576139855,3.032430479012627,1
0.290864183788073,-0.04358572561585757,0.2928589979771903,-2.2049932327399318,-3.7768044582327005,1.0564625753887827e-06,4.683439339957963,-0.003687920360309242,-7.810690849556642,10.099031466346913,-5.444719857613985,3.0348794470553604,1
0.29109690889976325,-0.043782086630715984,0.29320251531890085,-2.20688250010124,-3.7768044257661897,9.867196473211865e-07,4.6834393772343805,-0.003687920360309245,-7.820690849556642,10.109031466346913,-5.454719857613985,3.0373342539605597,1
0.29132945776600006,-0.04397848205998752,0.2935460714274619,-2.2087647242788977,-3.7768044943351584,1.1340157107757143e-06,4.6834392985072855,-0.003687920360309234,-7.830690849556642,10.119031466346913,-5.464719857613985,3.039794774928882,1
0.29156183423005727,-0.04417491286411172,0.29388966449776716,-2.2106399004487995,-3.7768044599004185,1.060044727381878e-06,4.683439338043529,-0.003687920360309248,-7.840690849556641,10.129031466346913,-5.474719857613985,3.0422608853573423,1
0.29179404212920795,-0.04437138000199822,0.2942332927261475,-2.212508023890286,-3.776804427904555,9.913128197819653e-07,4.6834393747795735,-0.003687920360309249,-7.850690849556641,10.139031466346912,-5.484719857613984,3.0447324608375106,1
0.29202608529461,-0.044567884430999995,0.29457695431042946,-2.2143690899863993,-3.7768044955627227,1.1366523494979547e-06,4.683439297098212,-0.00368792036030925,-7.860690849556641,10.149031466346912,-5.494719857613984,3.0472093771592133,1
0.29225796755118433,-0.0447644271068846,0.29492064744999735,-2.216223094224164,-3.7768044616651517,1.0638352856078781e-06,4.683439336017705,-0.003687920360309246,-7.870690849556641,10.159031466346912,-5.504719857613984,3.049691510314488,1
0.2924896927176702,-0.04496100898385105,0.2952643703457704,-2.218070032194674,-3.776804430130012,9.960930809715156e-07,4.68343937222477,-0.00368792036030925,-7.880690849556641,10.169031466346912,-5.514719857613984,3.052178736495787,1
0.2927212646065095,-0.045157631014502486,0.29560812120026214,-2.219909899593377,-3.7768044968948375,1.1395135815740405e-06,4.683439295569095,-0.0036879203603092437,-7.89069084955664,10.179031466346911,-5.5247198576139835,3.054670932099735,1
0.29295268702372484,-0.0453542941498173,0.29595189821764206,-2.2217426922203454,-3.7768044635225273,1.0678248561463587e-06,4.68343933388551,-0.0036879203603092515,-7.90069084955664,10.189031466346911,-5.534719857613983,3.0571679737310693,1
0.29318396376897304,-0.04555099933916529,0.2962956996037141,-2.223568405980382,-3.776804432438748,1.0010522421825644e-06,4.683439369574345,-0.0036879203603092546,-7.91069084955664,10.199031466346911,-5.544719857613983,3.0596697382009177,1
0.29341509863541027,-0.04574774753027527,0.29663952356598466,-2.2253870368832884,-3.77680440347509,9.388339680158324e-07,4.683439402828961,-0.0036879203603092546,-7.92069084955664,10.20903146634691,-5.554719857613983,3.0621761025311645,1
0.29364609540966474,-0.04594453966923038,0.29698336831367933,-2.2271985810440715,-3.7768044648931722,1.0707689030420558e-06,4.683439332312108,-0.003687920360309255,-7.9306908495566395,10.21903146634691,-5.564719857613983,3.064686943955335,1
0.29387695787170665,-0.046141376700436734,0.29732723205780903,-2.22900303468321,-3.776804434287232,1.0050227578982558e-06,4.683439367452313,-0.0036879203603092524,-7.940690849556639,10.22903146634691,-5.5747198576139825,3.0672021399228186,1
0.2941076897948853,-0.04633825956663522,0.2976711130111558,-2.230800394126788,-3.776804405735243,9.436888114450897e-07,4.6834394002342705,-0.003687920360309254,-7.950690849556639,10.23903146634691,-5.584719857613982,3.0697215680976595,1
0.2943382949458204,-0.046535189208875616,0.29801500938832826,-2.2325906558067308,-3.7768044663512987,1.0739008766333467e-06,4.683439330638261,-0.003687920360309266,-7.960690849556639,10.24903146634691,-5.594719857613982,3.0722451063620775,1
0.2945687770842855,-0.046732166566488605,0.29835891940582165,-2.234373816261104,-3.7768044362133844,1.009160121685556e-06,4.683439365241101,-0.003687920360309269,-7.970690849556639,10.25903146634691,-5.604719857613982,3.074772632820262,1
0.2947991399632458,-0.04692919257709754,0.29870284128200264,-2.236149872134204,-3.776804408065408,9.486940536197405e-07,4.683439397559193,-0.0036879203603092763,-7.980690849556638,10.26903146634691,-5.614719857613982,3.077304025797129,1
0.2950293873287471,-0.04712626817659177,0.29904677323716655,-2.237918820176837,-3.7768044678926946,1.0772117280039711e-06,4.683439328868805,-0.003687920360309288,-7.990690849556638,10.27903146634691,-5.624719857613981,3.0798391638419287,1
0.29525952291979923,-0.04732339429909856,0.29939071349359686,-2.23968065724659,-3.7768044382135115,1.0134563960944708e-06,4.683439362944954,-0.0036879203603092836,-8.000690849556639,10.28903146634691,-5.634719857613981,3.082377925732029,1
0.29548955046841324,-0.04752057187699445,0.2997346602755507,-2.241435380307927,-3.776804410462318,9.538426777210874e-07,4.683439394807479,-0.0036879203603092815,-8.010690849556639,10.299031466346909,-5.644719857613981,3.0849201904717014,1
0.2957194736994885,-0.04771780184087792,0.30007861180931655,-2.2431829864324846,-3.776804469513283,1.0806926990615788e-06,4.683439327008423,-0.003687920360309279,-8.020690849556638,10.309031466346909,-5.654719857613981,3.0874658372957886,1
0.295949296330697,-0.04791508511954151,0.30042256632327363,-2.244923472799317,-3.7768044402840237,1.017903870221817e-06,4.683439360567992,-0.003687920360309287,-8.030690849556638,10.319031466346908,-5.664719857613981,3.0900147456734492,1
0.29617902207251845,-0.048112422639982284,0.3007665220478783,-2.2466568366950157,-3.7768044129227887,9.591278402964338e-07,4.6834393919827875,-0.00368792036030929,-8.040690849556638,10.329031466346908,-5.67471985761398,3.092566795307028,1
0.29640865462812627,-0.04830981532737424,0.30111047721572215,-2.2483830755139933,-3.7768044712091164,1.084335309485011e-06,4.683439325061646,-0.003687920360309291,-8.050690849556638,10.339031466346908,-5.68471985761398,3.095121866135743,1
0.29663819769327276,-0.04850726410504033,0.301454430061591,-2.2501021867587294,-3.7768044424214318,1.0224950494490838e-06,4.683439358114222,-0.0036879203603092906,-8.060690849556638,10.349031466346908,-5.69471985761398,3.0976798383394137,1
0.29686765495632145,-0.04870476989446215,0.3017983788224527,-2.251814168039894,-3.77680441544371,9.645428628084642e-07,4.6834393890886865,-0.003687920360309293,-8.070690849556637,10.359031466346908,-5.70471985761398,3.1002405923374146,1
0.29709703009813326,-0.0489023336152522,0.3021423217375151,-2.253519017076634,-3.776804472976369,1.0881313416129682e-06,4.683439323032867,-0.0036879203603092958,-8.080690849556637,10.369031466346907,-5.7147198576139795,3.102804008792358,1
0.29732632679195004,-0.04909995618512537,0.3024862570482857,-2.2552167316968217,-3.7768044446223428,1.027222644544605e-06,4.683439355587538,-0.003687920360309294,-8.090690849556637,10.379031466346907,-5.724719857613979,3.1053699686138763,1
0.2975555487034264,-0.04929763851990826,0.30283018299855974,-2.256907309837173,-3.7768044180220457,9.700812233034292e-07,4.683439386128662,-0.0036879203603092997,-8.100690849556637,10.389031466346907,-5.734719857613979,3.1079383529575915,1
0.2977846994905161,-0.04949538153351145,0.30317409783447813,-2.2585907495435156,-3.7768044748113314,1.0920728270811135e-06,4.683439320926344,-0.0036879203603092975,-8.110690849556637,10.399031466346907,-5.744719857613979,3.110509043228787,1
0.2980137828033523,-0.04969318613789986,0.3035179998045887,-2.2602670489710897,-3.776804446883454,1.0320795612262134e-06,4.683439352991733,-0.0036879203603092975,-8.120690849556636,10.409031466346907,-5.754719857613979,3.113081921086309,1
0.2982428022842804,-0.049891053243102335,0.3038618871598336,-2.261936206384609,-3.7768044206548304,9.757365495755188e-07,4.683439383106121,-0.003687920360309304,-8.130690849556636,10.419031466346906,-5.764719857613978,3.115656868441482,1
0.29847176156774247,-0.05008898375718305,0.3042057581536084,-2.263598220158578,-3.7768044767104048,1.096152034167171e-06,4.683439318746211,-0.0036879203603093036,-8.140690849556636,10.429031466346906,-5.774719857613978,3.1182337674618705,1
0.2987006642801573,-0.05028697858621193,0.3045496110418232,-2.265253088777548,-3.7768044492015496,1.037058890933623e-06,4.683439350330499,-0.003687920360309313,-8.150690849556636,10.439031466346906,-5.784719857613978,3.120812500575159,1
0.29892951403995194,-0.050485038634273526,0.3048934440828908,-2.2669008108362143,-3.7768044233391636,9.81502612457785e-07,4.683439380024391,-0.0036879203603093135,-8.160690849556635,10.449031466346906,-5.794719857613978,3.1233929504681335,1
0.2991583144574435,-0.05068316480343774,0.305237255537787,-2.268541385039732,-3.7768044786700945,1.1003614571628282e-06,4.683439316496478,-0.0036879203603093135,-8.170690849556635,10.459031466346906,-5.804719857613978,3.125975000090511,1
0.29938706913472257,-0.05088135799373087,0.30558104367011024,-2.27017481020393,-3.776804451573496,1.042153903108804e-06,4.683439347607433,-0.0036879203603093175,-8.180690849556635,10.469031466346905,-5.814719857613977,3.1285585326587264,1
0.2996157816656778,-0.05107961910314262,0.30592480674607286,-2.2718010852554884,-3.77680442607221,9.873733201631185e-07,4.68343937688673,-0.0036879203603093222,-8.190690849556635,10.479031466346905,-5.824719857613977,3.131143431655125,1
0.2998444556358824,-0.051277949027597844,0.30626854303455936,-2.27342020923216,-3.7768044806870074,1.1046938053699711e-06,4.683439314181042,-0.003687920360309323,-8.200690849556635,10.489031466346905,-5.834719857613977,3.13372958083165,1
0.300073094622472,-0.05147634866092611,0.30661225080718857,-2.2750321812830694,-3.77680445399624,1.0473580372931914e-06,4.683439344826043,-0.0036879203603093253,-8.210690849556634,10.499031466346905,-5.844719857613977,3.1363168642137986,1
0.3003017021941722,-0.05167481889486923,0.30695592833830354,-2.27663700066882,-3.7768044288511944,9.933427131733448e-07,4.683439373696322,-0.0036879203603093365,-8.220690849556634,10.509031466346904,-5.8547198576139765,3.1389051660997294,1
0.30053028191117936,-0.05187336061905147,0.3072995739050326,-2.2782346667617848,-3.776804482757844,1.1091419932636723e-06,4.683439311803691,-0.0036879203603093274,-8.230690849556634,10.519031466346904,-5.864719857613976,3.1414943710641285,1
0.30075883732504277,-0.05207197472095004,0.3076431857873494,-2.2798251790463437,-3.776804456466803,1.0526648956024538e-06,4.6834393419897475,-0.003687920360309333,-8.240690849556634,10.529031466346904,-5.874719857613976,3.1440843639620315,1
0.3009873719786855,-0.052270662085900824,0.3079867622680661,-2.281408537119042,-3.776804431673403,9.994049586288787e-07,4.683439370456284,-0.0036879203603093352,-8.250690849556634,10.539031466346904,-5.884719857613976,3.14667502992814,1
0.30121588940628985,-0.052469423597069555,0.3083303016328921,-2.2829847406888395,-3.776804484879399,1.1136991316983845e-06,4.683439309368107,-0.003687920360309331,-8.260690849556633,10.549031466346904,-5.894719857613976,3.149266254380547,1
0.30144439313317234,-0.05266826013542049,0.30867380217049756,-2.2845537895773895,-3.776804458982279,1.0580682364836478e-06,4.6834393391018825,-0.0036879203603093344,-8.270690849556633,10.559031466346903,-5.904719857613975,3.151857923024779,1
0.3016728866758099,-0.052867172579723225,0.3090172621725042,-2.2861156837191547,-3.7768044345361766,1.0055543461445861e-06,4.683439367169671,-0.003687920360309332,-8.280690849556633,10.569031466346903,-5.914719857613975,3.1544499218529505,1
0.3019013735417012,-0.053066161806517735,0.3093606799335554,-2.2876704231617104,-3.7768044114522588,9.55966634213308e-07,4.683439393673464,-0.003687920360309333,-8.290690849556633,10.579031466346903,-5.924719857613975,3.1570421371482627,1
0.3021298572293267,-0.05326522869010438,0.309704053751339,-2.289218008065916,-3.7768044610546294,1.0625197067856526e-06,4.6834393367227625,-0.003687920360309332,-8.300690849556633,10.589031466346903,-5.934719857613975,3.1596344554862976,1
0.3023583412280137,-0.05346437410250981,0.31004738192665565,-2.2907584387062188,-3.7768044369753286,1.0107937618842379e-06,4.6834393643694066,-0.0036879203603093296,-8.310690849556632,10.599031466346903,-5.944719857613975,3.1622267637393944,1
0.30258682901794964,-0.05366359891349043,0.31039066276341554,-2.292291715470771,-3.7768044142157446,9.619027673985104e-07,4.6834393905008165,-0.0036879203603093374,-8.320690849556632,10.609031466346902,-5.954719857613974,3.1648189490762078,1
0.30281532407006595,-0.053862903990502885,0.31073389456869827,-2.2938178388617105,-3.7768044631683146,1.0670599727504246e-06,4.683439334296181,-0.00368792036030934,-8.330690849556632,10.619031466346902,-5.964719857613974,3.16741089896549,1
0.3030438298459187,-0.054062290198673923,0.3110770756528133,-2.295336809495414,-3.776804439450914,1.01611144386493e-06,4.683439361527309,-0.0036879203603093448,-8.340690849556632,10.629031466346902,-5.974719857613974,3.170002501179947,1
0.30327234979769835,-0.05426175840080264,0.311420204329299,-2.2968486281026554,-3.7768044170120327,9.6790936722554e-07,4.6834393872905045,-0.0036879203603093413,-8.350690849556631,10.639031466346902,-5.984719857613974,3.1725936437959334,1
0.3035008873681142,-0.05446130945733123,0.3117632789149817,-2.2983532955288455,-3.7768044653205557,1.0716830656306788e-06,4.683439331825329,-0.0036879203603093318,-8.360690849556631,10.649031466346901,-5.9947198576139735,3.1751842151971874,1
0.3037294459902726,-0.05466094422631392,0.31210629773003756,-2.299850812734323,-3.7768044419603886,1.021501926807842e-06,4.6834393586463,-0.0036879203603093357,-8.370690849556631,10.659031466346901,-6.004719857613973,3.1777741040787904,1
0.30395802908768577,-0.05486066356341907,0.31244925909799204,-2.301341180794489,-3.7768044198387702,9.73981378188131e-07,4.68343938404523,-0.0036879203603093344,-8.38069084955663,10.669031466346901,-6.014719857613973,3.1803631994468677,1
0.304186640074155,-0.05506046832189927,0.3127921613457796,-2.3028244009000627,-3.776804467508647,1.0763831716591441e-06,4.683439329313313,-0.0036879203603093383,-8.39069084955663,10.6790314663469,-6.024719857613973,3.18295139062239,1
0.30441528235364823,-0.055260359352560184,0.3131350028038061,-2.3043004743573543,-3.776804444501267,1.0269598721866784e-06,4.683439355729233,-0.0036879203603093448,-8.40069084955663,10.6890314663469,-6.034719857613973,3.1855385672451364,1
0.3046439593203067,-0.05546033750376188,0.31347778180594904,-2.305769402588426,-3.7768044226936515,9.801138479862124e-07,4.683439380767641,-0.0036879203603093565,-8.41069084955663,10.6990314663469,-6.0447198576139725,3.1881246192734727,1
0.3048726743583274,-0.05566040362138871,0.3138204966896178,-2.3072311871313227,-3.776804469729953,1.0811546283654929e-06,4.683439326763162,-0.0036879203603093613,-8.42069084955663,10.7090314663469,-6.054719857613972,3.1907094369881697,1
0.3051014308418383,-0.05586055854881745,0.31416314579581733,-2.308685829640383,-3.776804447071122,1.0324800643495874e-06,4.683439352778895,-0.003687920360309365,-8.43069084955663,10.7190314663469,-6.064719857613972,3.193292910996449,1
0.30533023213490623,-0.05606080312691877,0.3145057274691475,-2.3101333318863437,-3.7768044255744173,9.863019228892675e-07,4.683439377460331,-0.0036879203603093665,-8.44069084955663,10.7290314663469,-6.074719857613972,3.19587493223172,1
0.30555908159141526,-0.05626113819402606,0.31484824005786577,-2.311573695756626,-3.7768044719819036,1.0859919164860505e-06,4.683439324177824,-0.0036879203603093695,-8.45069084955663,10.7390314663469,-6.084719857613972,3.1984553919575327,1
0.3057879825549427,-0.05646156458590365,0.3151906819139501,-2.3130069232556076,-3.7768044496675803,1.0380574063062828e-06,4.683439349798011,-0.0036879203603093764,-8.460690849556629,10.7490314663469,-6.094719857613971,3.2010341817715893,1
0.3060169383587635,-0.056662083135747235,0.3155330513931006,-2.314433016504771,-3.776804428478853,9.92540846719119e-07,4.683439374125843,-0.0036879203603093734,-8.470690849556629,10.759031466346899,-6.104719857613971,3.203611193605611,1
0.306245952325729,-0.05686269467415282,0.31587534685480134,-2.315851977742947,-3.7768044742619953,1.0908896574574148e-06,4.683439321560174,-0.0036879203603093756,-8.480690849556629,10.769031466346899,-6.114719857613971,3.206186319729256,1
0.3064750277681414,-0.057063400029084416,0.31621756666238465,-2.31726380932661,-3.776804452288323,1.0436869166064252e-06,4.683439346789243,-0.0036879203603093734,-8.490690849556628,10.779031466346899,-6.124719857613971,3.2087594527542005,1
0.30670416798775646,-0.057264200025873915,0.31655970918303333,-2.3186685137300156,-3.776804431404789,9.98825957895184e-07,4.683439370766667,-0.00368792036030938,-8.500690849556628,10.789031466346898,-6.1347198576139705,3.2113304856340497,1
0.3069333762756604,-0.0574650954871895,0.3169017727878436,-2.3200660935454667,-3.776804476567786,1.0958426065284682e-06,4.683439318913015,-0.0036879203603093734,-8.510690849556628,10.799031466346898,-6.14471985761397,3.2138993116683223,1
0.3071626559121438,-0.05766608723300312,0.31724375585188946,-2.321456551483588,-3.776804454931083,1.0493637255519327e-06,4.683439343755193,-0.00368792036030938,-8.520690849556628,10.809031466346898,-6.15471985761397,3.2164658245065443,1
0.3073920101667026,-0.05786717608058988,0.3175856567542261,-2.3228398903734706,-3.776804434350098,1.005152687647898e-06,4.683439367385247,-0.0036879203603093916,-8.530690849556628,10.819031466346898,-6.16471985761397,3.2190299181482174,1
0.3076214422978983,-0.05806836284449213,0.3179274738779607,-2.324216113162964,-3.7768044147677684,9.630869118906244e-07,4.683439389868693,-0.0036879203603094038,-8.540690849556627,10.829031466346898,-6.17471985761397,3.2215914869473474,1
0.30785095555330166,-0.05826964833650441,0.3182692056102833,-2.325585222918872,-3.7768044571649573,1.0541622098757171e-06,4.683439341190583,-0.0036879203603094072,-8.550690849556627,10.839031466346897,-6.1847198576139695,3.2241504256142686,1
0.3080805531693572,-0.05847103336563849,0.3186108503425361,-2.3269472228272154,-3.77680443690171,1.0106337195839315e-06,4.683439364455826,-0.0036879203603094085,-8.560690849556627,10.849031466346897,-6.194719857613969,3.2267066292200486,1
0.3083102383713711,-0.05867251873811949,0.31895240647022255,-2.3283021161934325,-3.776804417605482,9.691825328672897e-07,4.683439386610785,-0.0036879203603094163,-8.570690849556627,10.859031466346897,-6.204719857613969,3.2292599931968597,1
0.3085400143733917,-0.05887410525735473,0.3192938723930692,-2.329649906442611,-3.77680445941818,1.0590022595081965e-06,4.6834393386037565,-0.0036879203603094103,-8.580690849556627,10.869031466346897,-6.214719857613969,3.2318104133418775,1
0.3087698843780826,-0.059075793723901156,0.31963524651509045,-2.3309905971197655,-3.7768044394695033,1.0161495132403941e-06,4.683439361507826,-0.0036879203603094133,-8.590690849556626,10.879031466346897,-6.224719857613969,3.234357785821372,1
0.3089998515767135,-0.05927758493546176,0.3199765272445967,-2.3323241918899877,-3.7768044204571307,9.753080898290953e-07,4.683439383336877,-0.0036879203603094185,-8.600690849556626,10.889031466346896,-6.234719857613968,3.236902007171023,1
0.30922991914903375,-0.05947947968685296,0.32031771299425915,-2.333650694538743,-3.776804461688604,1.0638792607077858e-06,4.683439335997179,-0.0036879203603094176,-8.610690849556626,10.899031466346896,-6.244719857613968,3.239442974300008,1
0.30946009026314863,-0.05968147876997252,0.32065880218117354,-2.334970108972102,-3.7768044420514677,1.0216957496639837e-06,4.683439358543554,-0.003687920360309418,-8.620690849556626,10.909031466346896,-6.254719857613968,3.2419805844950207,1
0.30969036807550454,-0.05988358297379467,0.3209997932268708,-2.3362824392169266,-3.7768044233208125,9.814594975036608e-07,4.683439380049151,-0.0036879203603094224,-8.630690849556625,10.919031466346896,-6.264719857613968,3.244514735420744,1
0.30992075573076466,-0.06008579308433782,0.3213406845573811,-2.3375876894211323,-3.776804463974133,1.0687887119657623e-06,4.683439333373258,-0.0036879203603094194,-8.640690849556625,10.929031466346895,-6.2747198576139676,3.247045325123889,1
0.31015125636168167,-0.06028810988463163,0.3216814746032992,-2.338885863853945,-3.7768044446456366,1.027268205679496e-06,4.683439355565268,-0.0036879203603094233,-8.650690849556625,10.939031466346895,-6.284719857613967,3.2495722520373165,1
0.3103818730890821,-0.0604905341547118,0.3220221617997959,-2.340176966906078,-3.7768044261946634,9.876327524923054e-07,4.683439376749748,-0.003687920360309431,-8.660690849556625,10.949031466346895,-6.294719857613967,3.2520954149805443,1
0.3106126090217396,-0.06069306667158719,0.32236274458668296,-2.3414610030900054,-3.776804466272723,1.0737262212417654e-06,4.6834393307343385,-0.003687920360309434,-8.670690849556625,10.959031466346895,-6.304719857613967,3.2546147131638588,1
0.3108434672562472,-0.06089570820920672,0.3227032214084789,-2.3427379770402084,-3.776804447250088,1.0328627516039728e-06,4.683439352575173,-0.003687920360309434,-8.680690849556624,10.969031466346895,-6.314719857613967,3.2571300461924557,1
0.3110744508769989,-0.06109845953845342,0.32304359071442185,-2.344007893513364,-3.7768044290768574,9.938239310545216e-07,4.6834393734407636,-0.003687920360309442,-8.690690849556624,10.979031466346894,-6.3247198576139665,3.25964131406703,1
0.3113055629560627,-0.0613013214271114,0.32338385095853484,-2.345270757388603,-3.7768044685823776,1.0786875017426184e-06,4.683439328082713,-0.0036879203603094476,-8.700690849556624,10.989031466346894,-6.334719857613966,3.262148417187909,1
0.31153680655305,-0.06150429463983206,0.3237240005996929,-2.3465265736677834,-3.776804449862942,1.0384753489361015e-06,4.68343934957543,-0.0036879203603094528,-8.710690849556624,10.999031466346894,-6.344719857613966,3.2646512563592696,1
0.3117681847150966,-0.06170737993812796,0.3240640381016363,-2.3477753474756473,-3.776804431965605,1.0000291889540087e-06,4.683439370124253,-0.0036879203603094554,-8.720690849556624,11.009031466346894,-6.354719857613966,3.267149732789758,1
0.311999700476721,-0.061910578080336044,0.32440396193304305,-2.3490170840601174,-3.776804414849926,9.632621481612576e-07,4.683439389775614,-0.00368792036030946,-8.730690849556623,11.019031466346894,-6.364719857613966,3.269643748097094,1
0.31223135685975306,-0.062113889821598614,0.3247437705675675,-2.3502517887925047,-3.7768044520943547,1.043268572291671e-06,4.6834393470136195,-0.0036879203603094623,-8.740690849556623,11.029031466346893,-6.374719857613965,3.2721332043103706,1
0.31246315687319454,-0.06231731591382712,0.3250834624839119,-2.3514794671677905,-3.7768044344852147,1.0054415025441589e-06,4.683439367231549,-0.003687920360309466,-8.750690849556623,11.039031466346893,-6.384719857613965,3.2746180038745845,1
0.31269510351319213,-0.06252085710569405,0.32542303616584356,-2.352700124804784,-3.7768044176324924,9.692393317901378e-07,4.683439386580997,-0.0036879203603094653,-8.760690849556623,11.049031466346893,-6.394719857613965,3.2770980496515043,1
0.3129271997629075,-0.0627245141425991,0.32576249010226177,-2.353913767446414,-3.7768044543321055,1.0480754120638548e-06,4.683439344444531,-0.0036879203603094653,-8.770690849556622,11.059031466346893,-6.404719857613965,3.2795732449238906,1
0.3131594485923869,-0.06292828776663537,0.32610182278726524,-2.355120400959997,-3.7768044370088383,1.0108624394039768e-06,4.6834393643342365,-0.0036879203603094727,-8.780690849556622,11.069031466346893,-6.414719857613965,3.2820434933997165,1
0.31339185295853306,-0.06313217871658082,0.32644103272016983,-2.3563200313373844,-3.776804420417477,9.75221711905922e-07,4.683439383383603,-0.0036879203603094783,-8.790690849556622,11.079031466346892,-6.424719857613964,3.2845086992130845,1
0.31362441580497286,-0.06333618772786401,0.32678011840557675,-2.3575126646952715,-3.776804456574425,1.0528920676135348e-06,4.683439341870195,-0.0036879203603094796,-8.800690849556622,11.089031466346892,-6.434719857613964,3.286968766928511,1
0.3138571400619278,-0.06354031553253034,0.3271190783534396,-2.3586983072754215,-3.7768044395347977,1.0162883950645863e-06,4.68343936143424,-0.0036879203603094814,-8.810690849556622,11.099031466346892,-6.444719857613964,3.2894236015451295,1
0.3140900286461782,-0.06374456285923165,0.3274579110790861,-2.359876965444908,-3.776804423203273,9.81205835202835e-07,4.683439380185275,-0.0036879203603094814,-8.820690849556621,11.109031466346892,-6.454719857613964,3.291873108497853,1
0.3143230844609375,-0.06394893043319355,0.3277966151032831,-2.361048645696299,-3.7768044588195866,1.0577148289391084e-06,4.683439339292595,-0.0036879203603094823,-8.830690849556621,11.119031466346891,-6.4647198576139635,3.2943171936614455,1
0.3145563103957113,-0.0641534189761789,0.3281351889523093,-2.3622133546480275,-3.7768044420614517,1.0217158451801117e-06,4.683439358533444,-0.0036879203603094823,-8.840690849556621,11.129031466346891,-6.474719857613963,3.2967557633550943,1
0.3147897093262707,-0.06435802920647964,0.3284736311579727,-2.363371099044472,-3.776804425988305,9.871883186564004e-07,4.683439376987823,-0.003687920360309485,-8.85069084955662,11.139031466346891,-6.484719857613963,3.2991887243432743,1
0.31502475547268377,-0.06456204781224138,0.32881157700977637,-2.3645218857563006,-3.776804461065903,1.062540073898124e-06,4.683439336713667,-0.003687920360309486,-8.86069084955662,11.14903146634689,-6.494672154633289,3.3016159838402417,1
0.31526207891031155,-0.06476517109072188,0.32914887041171476,-2.3656657217196706,-3.776804444587163,1.0271412714621661e-06,4.683439355633729,-0.0036879203603094922,-8.87069084955662,11.15903146634689,-6.504556399083065,3.304037463728428,1
0.31550167769593623,-0.06496740208016555,0.32948551129256803,-2.3668026139710974,-3.7768044287708884,9.931655456823589e-07,4.68343937379318,-0.0036879203603094953,-8.88069084955662,11.16903146634689,-6.514372725877606,3.306453092094687,1
0.3157435498432693,-0.0651687438341195,0.32982149959670165,-2.3679325696739255,-3.776804463312083,1.0673650273561583e-06,4.683439334134893,-0.0036879203603094896,-8.89069084955662,11.17903146634689,-6.524121271300173,3.3088627970533215,1
0.31598769332281984,-0.0653691994213524,0.3301568352840926,-2.3690555961186406,-3.7768044471103943,1.0325613724820364e-06,4.683439352736859,-0.003687920360309491,-8.90069084955662,11.18903146634689,-6.533802173000708,3.3112665067526224,1
0.31623410606181307,-0.06556877192582025,0.33049151833032014,-2.370171700723126,-3.776804431549267,9.991337405094224e-07,4.683439370603364,-0.003687920360309493,-8.91069084955662,11.19903146634689,-6.543415569995077,3.313664149378262,1
0.3164827859440727,-0.06576746444657974,0.33082554872658776,-2.371280891032937,-3.776804465556619,1.0721864500419858e-06,4.683439331558006,-0.003687920360309498,-8.92069084955662,11.20903146634689,-6.552961602662368,3.3160556531598164,1
0.3167337308098698,-0.06596528009771348,0.33115892647975465,-2.372383174721667,-3.776804449629649,1.0379729326922151e-06,4.683439349844553,-0.003687920360309497,-8.930690849556619,11.21903146634689,-6.562440412743053,3.3184409463774993,1
0.31698693845586823,-0.06616222200828321,0.33149165161231864,-2.3734785595911285,-3.7768044343219986,1.005089807267056e-06,4.6834393674200285,-0.0036879203603094966,-8.940690849556619,11.229031466346889,-6.571852143337328,3.320819957365591,1
0.31724240663497344,-0.0663582933222473,0.3318237241624496,-2.374567053571712,-3.776804419606303,9.734782901074918e-07,4.68343938431585,-0.003687920360309499,-8.950690849556619,11.239031466346889,-6.581196938902893,3.323192614519562,1
0.3175001330562342,-0.06655349719839974,0.33215514418399406,-2.3756486647226502,-3.77680445179485,1.0426239462381143e-06,4.683439347358741,-0.0036879203603095018,-8.960690849556618,11.249031466346889,-6.590474945253096,3.3255588463011163,1
0.3177601153847077,-0.06674783681028196,0.33248591174650355,-2.376723401232336,-3.776804436749879,1.010305096383439e-06,4.68343936463262,-0.0036879203603095005,-8.970690849556618,11.259031466346888,-6.59968630955424,3.327918581245251,1
0.31802235124138334,-0.06694131534613884,0.3328160269352242,-2.377791271418555,-3.7768044222771535,9.792155142946845e-07,4.683439381249476,-0.003687920360309505,-8.980690849556618,11.269031466346888,-6.6088311803242075,3.330271747964116,1
0.3182868382030476,-0.06713393600883616,0.3331454898511227,-2.3788522837288135,-3.7768044539550045,1.047264121067336e-06,4.68343934487872,-0.0036879203603094987,-8.990690849556618,11.279031466346888,-6.617909707429976,3.3326182751538638,1
0.31855357380215776,-0.06732570201577441,0.33347430061090944,-2.3799064467406383,-3.776804439170651,1.0155051148802095e-06,4.683439361853373,-0.0036879203603094983,-9.000690849556618,11.289031466346888,-6.62692204208487,3.334958091601503,1
0.3188225555267633,-0.06751661659884323,0.3338024593470292,-2.380953769161819,-3.776804424939427,9.849343153037769e-07,4.683439378192949,-0.0036879203603094957,-9.010690849556617,11.299031466346888,-6.63586833684707,3.3372911261889344,1
0.319093780820378,-0.06770668300433519,0.3341299662076844,-2.3819942598307113,-3.776804456108695,1.0518904122566904e-06,4.68343934240612,-0.0036879203603094974,-9.020690849556617,11.309031466346887,-6.644748745616832,3.339617307899875,1
0.3193672470818361,-0.0678959044928641,0.33445682135686355,-2.3830279277165918,-3.7768044415829714,1.0206869820000462e-06,4.683439359083827,-0.0036879203603094944,-9.030690849556617,11.319031466346887,-6.653563423634067,3.3419365658269453,1
0.3196429516652368,-0.06808428433930899,0.3347830249743248,-2.3840547819198292,-3.7768044275918404,9.906319381132628e-07,4.6834393751477394,-0.003687920360309492,-9.040690849556617,11.329031466346887,-6.662312527476069,3.3442488291757413,1
0.3199208918797936,-0.06827182583273474,0.33510857725562615,-2.3850748316722576,-3.7768044582545413,1.0564998541093143e-06,4.683439339942524,-0.0036879203603094935,-9.050690849556617,11.339031466346887,-6.670996215055232,3.346554027272001,1
0.32020106498971784,-0.0684585322762987,0.3354334784121454,-2.386088086337448,-3.776804443985534,1.0258478893240093e-06,4.683439356325481,-0.0036879203603094966,-9.060690849556616,11.349031466346887,-6.6796146456157395,3.348852089568687,1
0.3204834682141318,-0.06864440698720399,0.3357577286710732,-2.3870945554109735,-3.776804430233143,9.963056942526765e-07,4.683439372115285,-0.0036879203603094974,-9.070690849556616,11.359031466346886,-6.688167979731997,3.351142945650378,1
0.32076809872694506,-0.06882945329660925,0.33608132827543497,-2.3880942485207033,-3.776804460391198,1.0610895574320696e-06,4.683439337489477,-0.0036879203603094983,-9.080690849556616,11.369031466346886,-6.696656379305498,3.3534265252404043,1
0.32105495365671516,-0.06901367454954128,0.336404277484118,-2.3890871754271417,-3.776804446377064,1.0309850983422804e-06,4.683439353579803,-0.0036879203603095044,-9.090690849556616,11.379031466346886,-6.705080007561977,3.3557027582082197,1
0.32134403008658147,-0.06919707410483959,0.3367265765718581,-2.3900733460236316,-3.776804432862113,1.0019529601632818e-06,4.68343936909699,-0.00368792036030951,-9.100690849556615,11.389031466346886,-6.713439029049159,3.357971574573793,1
0.3216353250541239,-0.06937965533506381,0.33704822582926885,-2.3910527703366906,-3.7768044198259636,9.739493593288306e-07,4.6834393840644415,-0.0036879203603095148,-9.110690849556615,11.399031466346885,-6.7217336096336515,3.360232904515292,1
0.321928835551256,-0.06956142162642498,0.33736922556284904,-2.3920254585263003,-3.776804448436258,1.035408412286441e-06,4.683439351215683,-0.0036879203603095143,-9.120690849556615,11.409031466346885,-6.729963916498513,3.3624866783749887,1
0.3222245585240974,-0.06974237637868871,0.3376895760950073,-2.392991420886205,-3.7768044351663104,1.0069025772674064e-06,4.68343936645157,-0.003687920360309515,-9.130690849556615,11.419031466346885,-6.738130118139762,3.3647328266668812,1
0.3225221552377116,-0.0699226046532494,0.3380091142741047,-2.3939506678441598,-3.776804422358929,9.79390404267102e-07,4.6834393811563615,-0.003687920360309523,-9.140690849556615,11.429020584701085,-6.746232384364233,3.366971280081539,1
0.3228200651426742,-0.07010248842885813,0.33832708169973624,-2.3949032099767793,-3.7768044504835934,1.0398062523351087e-06,4.6834393488651775,-0.003687920360309519,-9.150690849556614,11.438948329055961,-6.754270891875431,3.3692019642169555,1
0.323118284387334,-0.07028203083089732,0.3386434783015857,-2.395849058062953,-3.7768044374571037,1.0118234017386048e-06,4.683439363821538,-0.003687920360309519,-9.160690849556614,11.448814679787075,-6.762245844325715,3.3714247806709228,1
0.32341680913419135,-0.07046123497104437,0.33895830405425986,-2.3967882230166317,-3.776804424877579,9.848006999283813e-07,4.6834393782647155,-0.003687920360309527,-9.170690849556614,11.458619619231339,-6.7701574460352925,3.373639631875917,1
0.32371563556006505,-0.07064010394719837,0.3392715589774857,-2.397720715887095,-3.7768044525172755,1.0441747660950871e-06,4.683439346530346,-0.003687920360309525,-9.180690849556614,11.468363131695488,-6.77800590198913,3.3758464211052726,1
0.32401475985625516,-0.07081864084341098,0.33958324313631033,-2.398646547859231,-3.7768044397332408,1.0167127452131219e-06,4.683439361208332,-0.003687920360309528,-9.190690849556614,11.478045203464697,-6.7857914178341545,3.3780450524792935,1
0.3243141782286413,-0.07099684872987617,0.3398933566411976,-2.399565730253681,-3.7768044273810655,9.901784232090344e-07,4.683439375390479,-0.0036879203603095334,-9.200690849556613,11.487665822806742,-6.793514199876808,3.3802354309686926,1
0.32461388689784326,-0.07117473066286435,0.3402018996482301,-2.400478274527133,-3.7768044545360473,1.0485112522335123e-06,4.683439344212632,-0.003687920360309534,-9.210690849556613,11.497224979980656,-6.801174455080419,3.382417462400658,1
0.32491388209938443,-0.07135228968465371,0.34050887235930855,-2.401384192272598,-3.776804441993552,1.0215680929048442e-06,4.683439358613295,-0.0036879203603095356,-9.220690849556613,11.50672266724525,-6.808772391062327,3.384591053464956,1
0.32521416008378484,-0.07152952882352547,0.3408142750222398,-2.40228349521953,-3.7768044298682337,9.955210936772293e-07,4.683439372534976,-0.0036879203603095356,-9.230690849556613,11.516158878862901,-6.816308216091438,3.3867561117171476,1
0.32551471711672153,-0.07170645109370014,0.34111810793095254,-2.403176195234168,-3.776804456538738,1.0528131941079778e-06,4.68343934191338,-0.0036879203603095334,-9.240690849556612,11.525533611108719,-6.823782139085996,3.3889125455847764,1
0.32581554947918695,-0.07188305949527363,0.3414203714256796,-2.404062304319759,-3.776804444236888,1.02638697677032e-06,4.683439356037747,-0.003687920360309537,-9.250690849556612,11.534846862278316,-6.831194369610429,3.3910602643731655,1
0.32611665346758245,-0.07205935701421365,0.34172106589305634,-2.404941834616707,-3.7768044323379475,1.0008262709836634e-06,4.683439369699512,-0.0036879203603095404,-9.260690849556612,11.544098632691995,-6.838545117873186,3.393199178268737,1
0.3264180253938804,-0.07223534662229567,0.342020191766344,-2.4058147984029334,-3.7768044208267306,9.760984534191867e-07,4.683439382916112,-0.003687920360309541,-9.270690849556612,11.55328892470418,-6.845834594724607,3.3953291983453164,1
0.3267196615857457,-0.07241103127707302,0.3423177495255569,-2.4066812080940223,-3.77680444616406,1.0305267030787363e-06,4.683439353825192,-0.0036879203603095447,-9.280690849556612,11.562417742708824,-6.853063011654072,3.39745023656844,1
0.32702155838669605,-0.072586413921815,0.34261373969767267,-2.407541076243534,-3.776804434498276,1.0054668517876005e-06,4.683439367219259,-0.003687920360309548,-9.290690849556611,11.571485093148295,-6.8602305807876025,3.3995622058014647,1
0.32732371215619394,-0.07276149748550494,0.34290816285673076,-2.4083944155431483,-3.776804423206848,9.81211173984621e-07,4.6834393801835095,-0.0036879203603095516,-9.300690849556611,11.580490984517484,-6.867337514885685,3.401665019808849,1
0.32762611926979757,-0.07293628488278799,0.3432010196240386,-2.4092412388229962,-3.7768044480730114,1.03462728994383e-06,4.683439351633557,-0.003687920360309553,-9.310690849556611,11.589435427372493,-6.874384027341253,3.4037585932619843,1
0.32792877611931254,-0.07311077901391516,0.34349231066834857,-2.410081559051867,-3.776804436639552,1.0100665064365207e-06,4.683439364760881,-0.003687920360309553,-9.32069084955661,11.59831843433809,-6.881370332176649,3.405842841744752,1
0.32823167911288154,-0.07328498276474675,0.34378203670597196,-2.410915389337417,-3.7768044255674633,9.862820022220807e-07,4.683439377473296,-0.003687920360309552,-9.33069084955661,11.607140020112428,-6.888296644042094,3.407917681756883,1
0.32853482467513234,-0.07345889900670183,0.34407019850096926,-2.4117427429264415,-3.7768044499626847,1.0386864663346726e-06,4.683439349464053,-0.003687920360309555,-9.34069084955661,11.615900201475029,-6.89516317821326,3.409983030719554,1
0.32883820924732615,-0.07363253059670785,0.3443567968653399,-2.4125636332051377,-3.7768044387607285,1.014622986672043e-06,4.683439362325577,-0.003687920360309559,-9.35069084955661,11.62459899729472,-6.901970150588819,3.412038806980982,1
0.32914182928744545,-0.07380588037720567,0.3446418326591264,-2.413378073699277,-3.776804427907531,9.913086939725143e-07,4.683439374786672,-0.0036879203603095594,-9.36069084955661,11.633236428533928,-6.908717777688669,3.41408492981963,1
0.32944568127033896,-0.07397895117610347,0.344925306790612,-2.4141860780745072,-3.7768044518320467,1.0427020144339152e-06,4.683439347317867,-0.0036879203603095555,-9.37069084955661,11.641812518256902,-6.915406276651879,3.4161213194497932,1
0.3297497616878674,-0.0741517458067288,0.34520722021649813,-2.4149876601365747,-3.7768044408607797,1.0191340899271068e-06,4.683439359914525,-0.0036879203603095577,-9.38069084955661,11.650327291637128,-6.922035865233984,3.4181478970269925,1
0.3300540670489878,-0.07432426706783907,0.3454875739420259,-2.415782833831566,-3.776804430226025,9.962890438255497e-07,4.683439372124816,-0.003687920360309559,-9.39069084955661,11.658780775962278,-6.928606761805901,3.420164584651269,1
0.33035859387989747,-0.07449651774357559,0.34576636902115093,-2.4165716132461235,-3.776804453680091,1.0466717704367236e-06,4.683439345196156,-0.0036879203603095594,-9.400690849556609,11.667173000641483,-6.935119185351229,3.422171305372496,1
0.33066333872417497,-0.07466850060342269,0.3460436065567421,-2.417354012607757,-3.7768044429387033,1.0235976604752249e-06,4.683439357528878,-0.003687920360309559,-9.410690849556609,11.675503997213557,-6.941573355464409,3.424167983195868,1
0.3309682981428636,-0.07484021840221804,0.3463192877006835,-2.4181300462850097,-3.776804432521937,1.0012208868379619e-06,4.683439369488886,-0.00368792036030956,-9.420690849556609,11.683773799351124,-6.947969492349079,3.426154543084965,1
0.3312734687146172,-0.07501167388010747,0.34659341365407265,-2.418899728787746,-3.7768044224184436,9.795170699573123e-07,4.683439381089209,-0.003687920360309565,-9.430690849556608,11.691982442868822,-6.954307816815966,3.428130910967343,1
0.3315788470358081,-0.07518286976253404,0.3468659856673655,-2.4196630747673806,-3.7768044447144917,1.0274122071928739e-06,4.68343935549012,-0.0036879203603095625,-9.440690849556608,11.70012996572921,-6.960588550281183,3.430097013738642,1
0.3318844297206697,-0.075353808760196,0.3471370050405707,-2.420420099017162,-3.7768044345211997,1.0055154896081033e-06,4.683439367193546,-0.003687920360309569,-9.450690849556608,11.708216408050802,-6.9668119147641585,3.4320527792680604,1
0.33219021340137855,-0.07552449356905948,0.3474064731233504,-2.4211708164723267,-3.7768044246300194,9.842677534787528e-07,4.683439378550101,-0.0036879203603095694,-9.460690849556608,11.716241812112077,-6.972978132886007,3.4339981364013488,1
0.33249619472818887,-0.07569492687032514,0.3476743913152182,-2.4219152422104226,-3.7768044464672585,1.0311773024247479e-06,4.683439353477792,-0.003687920360309572,-9.470690849556608,11.724206222359625,-6.979087427867981,3.435933014966126,1
0.33280237036956695,-0.0758651113303946,0.34794076106572486,-2.4226533914515787,-3.776804436496645,1.0097589309172958e-06,4.683439364925549,-0.003687920360309573,-9.480690849556607,11.73210968541573,-6.985140023529549,3.4378573457770374,1
0.33310873701227073,-0.0760350496008852,0.3482055838745506,-2.4233852795586377,-3.776804426817313,9.889662762572418e-07,4.683439376038872,-0.003687920360309575,-9.490690849556607,11.739952250082053,-6.991136144286639,3.439771060638611,1
0.3334152913614813,-0.07620474431860116,0.3484688612917103,-2.424110922037506,-3.7768044481961036,1.0348910108142795e-06,4.683439351492928,-0.00368792036030957,-9.500690849556607,11.747733967347997,-6.997076015150449,3.4416740923505498,1
0.3337220301409343,-0.07637419810550213,0.34873059491772385,-2.424830334537374,-3.7768044384473645,1.013949259179494e-06,4.683439362685941,-0.0036879203603095725,-9.510690849556607,11.755454890397656,-7.002959861725203,3.443566374712662,1
0.3340289500929971,-0.07654341356872289,0.3489907864037314,-2.425543532850934,-3.7768044289794007,9.93610654986374e-07,4.683439373556581,-0.003687920360309576,-9.520690849556606,11.763115074614387,-7.008787910207206,3.4454478425278787,1
0.33433604797879746,-0.07671239330054591,0.349249437451676,-2.4262505329146506,-3.7768044499001503,1.0385514509901345e-06,4.683439349536535,-0.0036879203603095716,-9.530690849556606,11.770714577588222,-7.0145603873830975,3.447318431607244,1
0.33464332057835167,-0.07688113987837494,0.34950654981448587,-2.4269513508090337,-3.776804440372471,1.0180845696885781e-06,4.683439360475737,-0.0036879203603095738,-9.540690849556606,11.778253459123276,-7.020277520628137,3.4491780787748687,1
0.3349507646906398,-0.07704965586475616,0.3497621252961817,-2.427646002758824,-3.7768044311153774,9.98198946566683e-07,4.683439371104266,-0.0036879203603095764,-9.550690849556606,11.785731781241958,-7.025939537905098,3.4510267218708286,1
0.3352583771337308,-0.07721794380735618,0.3500161657520712,-2.428334505133318,-3.7768044515785486,1.0421567969905046e-06,4.683439347609587,-0.003687920360309576,-9.560690849556606,11.79314960819284,-7.031546667763065,3.4528642997561616,1
0.3355661547449088,-0.07738600623893584,0.350268673088909,-2.4290168744465555,-3.7768044422711013,1.0221630060012163e-06,4.683439358295931,-0.00368792036030958,-9.570690849556605,11.800507006457122,-7.037099139335127,3.4546907523175583,1
0.3358740943807446,-0.07755384567737784,0.3505196492650294,-2.4296931273576083,-3.7768044332243593,1.002729249622255e-06,4.683439368682945,-0.0036879203603095816,-9.580690849556605,11.807804044753835,-7.042597182338212,3.456506020470404,1
0.3361821929172246,-0.07772146462565967,0.35076909629052117,-2.430363280670812,-3.7768044244298697,9.838373690579078e-07,4.683439378780336,-0.003687920360309585,-9.590690849556605,11.815040794046912,-7.048041027071084,3.4583100461636773,1
0.33649044724984506,-0.07788886557185941,0.35101701622737647,-2.4310273513360245,-3.7768044438806676,1.025620496756729e-06,4.683439356448006,-0.003687920360309585,-9.600690849556605,11.82221732755108,-7.053430904413411,3.4601027723837183,1
0.33679885429373724,-0.07805605098913287,0.3512634111896682,-2.4316853564488734,-3.776804435048576,1.0066478415767312e-06,4.68343936658857,-0.003687920360309589,-9.610690849556605,11.829333720739006,-7.058767045824022,3.4618841431590557,1
0.33710741098373925,-0.07822302333574144,0.35150828334368067,-2.4323373132510335,-3.776804426459452,9.881971170669617e-07,4.6834393764501705,-0.0036879203603095924,-9.620690849556604,11.836390051346397,-7.064049683340659,3.463654103563428,1
0.33741611427451323,-0.07838978505503547,0.35175163490806527,-2.432983239130415,-3.7768044454632634,1.0290200526477883e-06,4.683439354631046,-0.0036879203603095885,-9.630690849556604,11.843386399378208,-7.069279049577989,3.4654125997201852,1
0.33772496114066364,-0.07855633857544067,0.3519934681540389,-2.4336231516215148,-3.7768044368449654,1.0105066576152587e-06,4.683439364526143,-0.0036879203603095894,-9.640690849556604,11.850322847116605,-7.074455377726856,3.4671595788071548,1
0.33803394857680535,-0.07872268631048672,0.3522337854054786,-2.4342570684055564,-3.7768044284606384,9.924958679479726e-07,4.683439374152606,-0.003687920360309592,-9.650690849556604,11.857199479124557,-7.07957890155312,3.4688949890591956,1
0.3383430735976791,-0.07888883065879676,0.3524725890391207,-2.434885007310853,-3.7768044470181428,1.0323600712193156e-06,4.683439352845907,-0.0036879203603095924,-9.660690849556604,11.864016382253803,-7.084649855397075,3.4706187797729995,1
0.3386523332382662,-0.07905477400407412,0.35270988148471605,-2.435506986312995,-3.776804438612756,1.0143040415977295e-06,4.68343936249655,-0.0036879203603095967,-9.670690849556603,11.870773645651013,-7.089668474171577,3.47233090131141,1
0.3389606089363813,-0.07921997090622432,0.3529454027984779,-2.4361230235351203,-3.7768044304326267,9.967318984447283e-07,4.683439371888563,-0.003687920360309602,-9.68065468006379,11.877471360762677,-7.094634993361951,3.47403130510626,1
0.33926594255863435,-0.07938346363356427,0.3531786961041551,-2.4367331370443472,-3.7768044485445054,1.0356388329233999e-06,4.683439351093508,-0.0036879203603095993,-9.69051896383841,11.884109604265745,-7.099549658417944,3.4757199298907,1
0.33956834234413036,-0.07954526035745545,0.35340976720466327,-2.4373373447092352,-3.776804440351296,1.0180385922650866e-06,4.6834393605005396,-0.003687920360309601,-9.70028409650586,11.890688426038896,-7.104412731404721,3.477396691983178,1
0.3398678166286367,-0.07970536924644424,0.35363862198006496,-2.437935664566972,-3.7768044323751315,1.0009045962351412e-06,4.6834393696583705,-0.003687920360309605,-9.70995047501579,11.8972078798574,-7.109224474144759,3.47906151003179,1
0.34016437384443965,-0.07986379846647056,0.3538652663875713,-2.4385281148233404,-3.7768044246094816,9.842228177188484e-07,4.683439378574499,-0.0036879203603096045,-9.719518497644579,11.903668023382949,-7.113985148222636,3.480714305006428,1
0.34045802252021873,-0.08002055618112797,0.35408970646154064,-2.439114713852743,-3.7768044418106004,1.0211733093523593e-06,4.683439358825126,-0.003687920360309603,-9.728988563999376,11.910068918152845,-7.11869501499112,3.4823550001900117,1
0.34074877128087294,-0.08017565055186002,0.3543119483134517,-2.439695480198106,-3.776804434042638,1.0044865631721928e-06,4.68343936774391,-0.003687920360309605,-9.738361075019835,11.916410629568926,-7.12335433557571,3.4839835211702246,1
0.34103662884738134,-0.08032908973824601,0.3545319981318762,-2.4402704325708924,-3.7768044264774727,9.882354553979224e-07,4.6834393764298525,-0.0036879203603096067,-9.747636432982604,11.922693226885567,-7.127963370881396,3.485599795829783,1
0.3413216040366512,-0.08048088189821846,0.3547498621824614,-2.440839589851049,-3.776804443239374,1.0242424434372134e-06,4.683439357184765,-0.0036879203603096024,-9.756815041504126,11.92891678319872,-7.132522381597912,3.4872037543379295,1
0.34160370576139715,-0.0806310351883002,0.3549655468079336,-2.4414029710870104,-3.776804435679416,1.0080025217006335e-06,4.683439365864729,-0.003687920360309603,-9.765897305544575,11.935081375435477,-7.137031628205637,3.488795329141962,1
0.3418829430299681,-0.08077955776387581,0.35517905842803726,-2.441960595495643,-3.776804428314747,9.921821098989343e-07,4.683439374320471,-0.0036879203603096054,-9.774883631411571,11.941187084341035,-7.141491370982116,3.4903744549570015,1
0.3421593249462255,-0.08092645777943117,0.35539040353953344,-2.4425124824622433,-3.776804444636954,1.0272445717982636e-06,4.683439355580217,-0.003687920360309605,-9.783774426764309,11.94723399446804,-7.145901870008155,3.491941068757307,1
0.34243286070941964,-0.08107174338879417,0.3555995887161925,-2.4430586515405333,-3.776804437284685,1.011450797363525e-06,4.683439364021722,-0.003687920360309604,-9.792570100617729,11.953222194165745,-7.150263385174006,3.493495109767445,1
0.3427035596140317,-0.08121542274541842,0.35580662060873813,-2.4435991224526252,-3.7768044301204067,9.960608540699719e-07,4.683439372247387,-0.003687920360309606,-9.80127106334704,11.959151775567003,-7.154576176186447,3.4950365194518347,1
0.3429714310496327,-0.0813575040026182,0.35601150594482234,-2.4441339150889783,-3.7768044460027124,1.03017834366668e-06,4.683439354012203,-0.0036879203603096045,-9.80987772669156,11.96502283457683,-7.158840502574909,3.496565241505604,1
0.3432364845008025,-0.08149799531383624,0.3562142515290443,-2.4446630495084727,-3.7768044388576985,1.0148297836975242e-06,4.683439362215749,-0.003687920360309604,-9.818390503760588,11.970835470862204,-7.163056623698656,3.498081221845697,1
0.34349872954693633,-0.08163690483291272,0.3564148642428592,-2.4451865459382973,-3.7768044318935843,9.99869823663637e-07,4.683439370211595,-0.003687920360309605,-9.82680980903707,11.97658978783795,-7.167224798753599,3.499584408599905,1
0.3437581758621518,-0.08177424071435052,0.3566133510445828,-2.445704424773996,-3.7768044473360547,1.0330424835765158e-06,4.683439352481406,-0.0036879203603096037,-9.835136058383315,11.982285892656062,-7.17134528677951,3.501074752097683,1
0.3440148332151779,-0.08191001111357256,0.3568097189693795,-2.446216706579478,-3.7768044403977403,1.0181379452622316e-06,4.68343936044763,-0.0036879203603096054,-9.843369669046226,11.9879238961945,-7.17541834666705,3.502552204860751,1
0.344268711469193,-0.08204422418721073,0.35700397512918847,-2.4467234120869605,-3.7768044336334428,1.0036072209038133e-06,4.6834393682140565,-0.0036879203603096063,-9.851511059662261,11.9935039130435,-7.179444237165368,3.5040167215920333,1
0.34451982058172415,-0.08217688809336585,0.35719612671271656,-2.447224562196991,-3.776804427038281,9.894398263614936e-07,4.683439375786289,-0.0036879203603096067,-9.859560650263074,11.999026061494531,-7.183423216889361,3.505468259166244,1
0.34476817060453036,-0.08230801099189713,0.3573861809854041,-2.44772017797846,-3.7768044416672457,1.0208649581368305e-06,4.683439358990122,-0.0036879203603096054,-9.867518862281544,12.004490463527992,-7.187355544327604,3.5069067766194784,1
0.3450137716834956,-0.08243760104468288,0.3575741452894076,-2.4482102806686075,-3.7768044351055634,1.00676948158655e-06,4.683439366523916,-0.0036879203603096054,-9.875386118557426,12.009897244801806,-7.191241477849732,3.50833223513954,1
0.345256634058461,-0.08256566641590968,0.35776002704351295,-2.448694891672947,-3.7768044287065092,9.930233553657156e-07,4.683439373870988,-0.0036879203603096045,-9.883162843342477,12.015246534637264,-7.195081275714291,3.5097445980545046,1
0.345496768063179,-0.08269221527237407,0.3579438337431581,-2.449174032565393,-3.77680444290361,1.0235207814910592e-06,4.683439357570663,-0.003687920360309603,-9.890849462308392,12.020538466008638,-7.198875196077408,3.511143830823082,1
0.34573418412515616,-0.0828172557837258,0.35812557296036895,-2.449647725088165,-3.7768044365437117,1.0098587676891493e-06,4.683439364872778,-0.0036879203603096024,-9.898446402551238,12.02577317553029,-7.2026234969997835,3.512529901024262,1
0.3459688927655593,-0.08294079612280048,0.358305252343722,-2.450115991151855,-3.7768044303401345,9.96532555463002e-07,4.683439371995413,-0.003687920360309603,-9.905954092599247,12.030950803443845,-7.206326436455994,3.513902778346019,1
0.34620090459909775,-0.08306284446588656,0.35848287961830505,-2.4505788528354047,-3.7768044441063737,1.026104428640657e-06,4.683439356189779,-0.003687920360309604,-9.913372962418693,12.036071493605965,-7.2099842723422904,3.5152624345749888,1
0.34643023033394005,-0.08318340899301262,0.3586584625857024,-2.451036332386152,-3.7768044379473045,1.0128738260140982e-06,4.6834393632613125,-0.0036879203603096067,-9.920703443421008,12.041135393476779,-7.213597262485055,3.516608843586253,1
0.34665688077157447,-0.08330249788825773,0.35883200912391594,-2.4514884522198015,-3.776804431938448,9.999659024411033e-07,4.68343937016038,-0.003687920360309606,-9.927945968469317,12.046142654105825,-7.217165664649606,3.5179419813315422,1
0.34688086680672153,-0.0834201193400392,0.35900352718734263,-2.451935234920456,-3.776804445275119,1.0286150001624317e-06,4.683439354847953,-0.003687920360309604,-9.935100971885593,12.05109343012022,-7.220689736548762,3.519261825828816,1
0.34710219942725573,-0.08353628154140613,0.359173024806756,-2.452376703240671,-3.7768044393157987,1.0158134878664228e-06,4.683439361690144,-0.0036879203603096037,-9.942168889458179,12.05598787971292,-7.2241697358516355,3.520568357151803,1
0.34732088971406844,-0.08365099269035398,0.35934051008922324,-2.4528128801014195,-3.776804433500778,1.0033219536840493e-06,4.683439368366658,-0.0036879203603096037,-9.949150158448651,12.060826164628487,-7.2276059201927225,3.5218615574179855,1
0.3475369488409926,-0.08376426099011555,0.359505991218087,-2.4532437885921414,-3.7768044278262463,9.911322098223868e-07,4.68343937488187,-0.0036879203603096045,-9.956045217599456,12.06560845015141,-7.230998547180758,3.5231414107781385,1
0.34775038807469827,-0.08387609464947356,0.35966947645291053,-2.453669451970759,-3.776804440423748,1.0181934654290698e-06,4.683439360418117,-0.003687920360309606,-9.96285450714151,12.070334905092896,-7.2343478744080025,3.524407903404817,1
0.34796121877461733,-0.08398650188305541,0.35983097412945475,-2.454089893663722,-3.776804434804218,1.0061218735704843e-06,4.683439366870179,-0.003687920360309604,-9.969578468802023,12.075005701778993,-7.237654159459302,3.5256610234817,1
0.34816945239281705,-0.08409549091165394,0.35999049265959576,-2.454505137265987,-3.776804429319596,9.943400852616398e-07,4.683439373167345,-0.003687920360309604,-9.976217545811956,12.079621016036349,-7.240917659921575,3.526900761191398,1
0.3483751004739424,-0.08420306996254076,0.36014804053130883,-2.4549152065411013,-3.776804441497327,1.0204996118971345e-06,4.683439359185549,-0.003687920360309603,-9.98277218291472,12.084181027180403,-7.244138633393467,3.5281271087045782,1
0.3485781746551159,-0.08430924726975725,0.3603036263086183,-2.4553201254211987,-3.776804436071929,1.0088450450458535e-06,4.683439365414718,-0.0036879203603096045,-9.989242826373609,12.088685918002598,-7.247317337494384,3.529340060168802,1
0.34877868666584355,-0.08441403107445446,0.3604572586315331,-2.4557199180070373,-3.776804430776047,9.974686976210518e-07,4.683439371495183,-0.0036879203603096037,-9.99562992398046,12.093135874756628,-7.250454029874702,3.5305396116962995,1
0.3489766483279332,-0.084517429625196,0.3606089462160074,-2.45611460856803,-3.7768044425362644,1.022731344533939e-06,4.683439357992753,-0.0036879203603096037,-10.001933925063822,12.097531087145917,-7.253548968225243,3.5317257613527673,1
0.34917207155542596,-0.08461945117826965,0.36075869785390735,-2.4565042215422985,-3.7768044373035146,1.0114906141028055e-06,4.6834393640007335,-0.0036879203603096045,-10.008155280497622,12.101871748311268,-7.256602410287055,3.532898509146129,1
0.34936496835449243,-0.08472010399802321,0.3609065224129344,-2.456888781536686,-3.776804432195072,1.0005169150112078e-06,4.68343936986599,-0.0036879203603096054,-10.014294442709703,12.106158054816731,-7.259614613861638,3.5340578570140933,1
0.3495553508233679,-0.08481939635717543,0.36105242883659344,-2.4572683133268147,-3.7768044272078076,9.898035246558778e-07,4.683439375592116,-0.0036879203603096054,-10.020351865690658,12.110390206637316,-7.262585836820822,3.5352038088129065,1
0.3497432311522587,-0.08491733653713905,0.36119642614412684,-2.4576428418570986,-3.776804438284313,1.0135974606271364e-06,4.683439362874686,-0.0036879203603096032,-10.026328005002384,12.114568407145384,-7.2655163371168445,3.536336370305272,1
0.3499286216232965,-0.08501393282834406,0.36133852343049294,-2.4580123922408363,-3.776804433364115,1.0030281383537173e-06,4.68343936852381,-0.003687920360309604,-10.032223317787667,12.118692863098643,-7.268406372792672,3.537455549149075,1
0.3501115346104243,-0.08510919353056971,0.3614787298662743,-2.4583769897601964,-3.7768044285601854,9.92708578342377e-07,4.68343937403944,-0.003687920360309605,-10.038038262778624,12.122763784625546,-7.271256201992294,3.5385613548846444,1
0.35029198257935745,-0.08520312695327702,0.3616170546976559,-2.45873665986632,-3.7768044392304243,1.0156297948059268e-06,4.683439361788463,-0.003687920360309606,-10.043773300306722,12.126781385213217,-7.2740660829713715,3.5396537989232946,1
0.35046997808747615,-0.08529574141590482,0.36175350724634986,-2.4590914281792866,-3.776804434496711,1.005461069511016e-06,4.683439367223475,-0.0036879203603096076,-10.049428892310637,12.130745881693796,-7.276836274106836,3.5407328945354233,1
0.3506455337837931,-0.0853870452482481,0.36188809690955953,-2.459441320488259,-3.7768044298745305,9.955319341069464e-07,4.6834393725304295,-0.0036879203603096085,-10.055005502347514,12.134657494231456,-7.279567033908681,3.54179865683805,1
0.3508186624088647,-0.08547704679076404,0.3620208331599155,-2.4597863627514793,-3.7768044401417318,1.0175873670182756e-06,4.683439360742198,-0.0036879203603096098,-10.06050359560152,12.138516446309083,-7.282258621029949,3.5428511027829375,1
0.3509893767947246,-0.08556575439489406,0.3621517255454249,-2.4601265810963167,-3.776804435592618,1.0078151889310003e-06,4.683439365965262,-0.003687920360309612,-10.065923638893242,12.142322964715312,-7.2849112942772045,3.543890251144701,1
0.35115768986482526,-0.085653176423427,0.3622807836894121,-2.4604620018193484,-3.776804431150472,9.98272794361175e-07,4.68343937106551,-0.0036879203603096137,-10.071266100690206,12.146077279530873,-7.28752531262201,3.544916122508104,1
0.3513236146339572,-0.08573932125081361,0.362408017290454,-2.460792651386374,-3.7768044410181667,1.0194700296085554e-06,4.683439359735969,-0.0036879203603096132,-10.076531451115905,12.149779624115228,-7.290100935211254,3.545928739256003,1
0.3514871642082218,-0.08582419726350977,0.36253343612235506,-2.4611185564325315,-3.7768044366516413,1.0100900793944598e-06,4.683439364749394,-0.0036879203603096137,-10.081720161960579,12.153430235094337,-7.292638421378376,3.54692812555756,1
0.35164835178493736,-0.08590781286032151,0.36265705003405607,-2.461439743762307,-3.7768044323876855,1.0009304635316035e-06,4.683439369645054,-0.0036879203603096145,-10.08683270669074,12.157029352346104,-7.295138030654411,3.5479143073552004,1
0.351807190652591,-0.08599017645273496,0.3627788689495905,-2.4617562403496023,-3.7768044282238784,9.919859823302886e-07,4.683439374425728,-0.003687920360309615,-10.091869560459308,12.16057721898764,-7.2976000227789095,3.5488873123526674,1
0.35196369419078,-0.0860712964652636,0.3628989028680235,-2.462068073337802,-3.7768044374734275,1.0118553514474032e-06,4.683439363805908,-0.0036879203603096124,-10.096831200115966,12.164074081361782,-7.300024657711241,3.5498471700024816,1
0.35211787587017185,-0.08615118133578396,0.3630171618634112,-2.4623752700398556,-3.7768044333874244,1.0030780046734257e-06,4.683439368497251,-0.003687920360309612,-10.101718104217666,12.167520189024438,-7.302412195641747,3.550793911493944,1
0.3522697492524278,-0.08622983951588956,0.36313365608471726,-2.462677857938313,-3.776804429397427,9.945068935747545e-07,4.683439373078365,-0.0036879203603096132,-10.106530753038845,12.170915794730279,-7.304762897003197,3.5517275697400565,1
0.35241932799015124,-0.08630727947122394,0.36324839575575896,-2.462975864685386,-3.77680443826071,1.0135465076823432e-06,4.6834393629020346,-0.003687920360309613,-10.111269628581704,12.174261154419677,-7.307077022481909,3.552648179365307,1
0.3525666258268574,-0.08638350968182675,0.3633613911751683,-2.4632693181030496,-3.77680443435038,1.0051465324647254e-06,4.68343936739168,-0.003687920360309613,-10.115935214587246,12.177556527206074,-7.309354833029268,3.553555776693521,1
0.3527116565969064,-0.08645853864249158,0.36347265271631146,-2.4635582461830916,-3.7768044305320676,9.969442261192733e-07,4.683439371775674,-0.0036879203603096124,-10.120527996545865,12.180802175361785,-7.311596589873408,3.554450399734754,1
0.3528544342254499,-0.08653237486310014,0.3635821908272289,-2.4638426770871646,-3.7768044390135835,1.0151637490884372e-06,4.683439362037667,-0.0036879203603096115,-10.12504846170771,12.18399836430477,-7.313802554530443,3.5553320881729293,1
0.352994972728403,-0.08660502686896963,0.36369001603059414,-2.4641226391468902,-3.776804435276523,1.0071359839140759e-06,4.683439366328372,-0.0036879203603096124,-10.129497099093895,12.187145362585952,-7.315972988816123,3.556200883353607,1
0.35313328621238765,-0.08667650320121606,0.3637961389236364,-2.464398160863922,-3.776804431627643,9.9929764295439e-07,4.683439370517832,-0.003687920360309613,-10.133874399507496,12.190243441875145,-7.318108154857763,3.55705682827084,1
0.35326938887467035,-0.08674681241708414,0.36390057017807065,-2.4646692709099782,-3.7768044397321905,1.0167073834622603e-06,4.683439361212639,-0.003687920360309612,-10.13818085554375,12.193292876947561,-7.3202083151054325,3.557899967554673,1
0.35340329500317197,-0.08681596309031442,0.3640033205400804,-2.464935998127016,-3.7768044361658752,1.0090464044295003e-06,4.683439365307303,-0.003687920360309612,-10.142416961602525,12.196293945671849,-7.322273732344287,3.5587303474590404,1
0.3535350189763562,-0.08688396381147799,0.3641044008301954,-2.4651983715271792,-3.7768044326840475,1.0015669168073763e-06,4.683439369304963,-0.0036879203603096124,-10.146583213897681,12.199246928994755,-7.324304669705721,3.559548015848223,1
0.3536645752632528,-0.08695082318834746,0.3642038219432837,-2.4654564202929987,-3.7768044292848395,9.942649086768286e-07,4.683439373207763,-0.0036879203603096132,-10.150680110469967,12.202152110929498,-7.326301390679893,3.5603530221848527,1
0.3537919784233692,-0.08701654984622997,0.3643015948484496,-2.465710173777373,-3.7768044368337037,1.010480960842219e-06,4.683439364540575,-0.003687920360309613,-10.15470815119684,12.205009778541191,-7.3282641591269835,3.561145417516764,1
0.353917243106702,-0.08708115242833213,0.36439773058901387,-2.465959661503741,-3.7768044335177247,1.003357741781672e-06,4.683439368347815,-0.0036879203603096132,-10.15866783780504,12.20782022193491,-7.33019323928958,3.5619252544648767,1
0.35404038405365856,-0.0871446395961103,0.36449224028241267,-2.4662049131660915,-3.7768044302808867,9.964045289642456e-07,4.68343937206419,-0.003687920360309615,-10.16255967388106,12.210583734241016,-7.332088895804406,3.5626925872097934,1
0.3541614160950375,-0.08720702002962206,0.3645851351201506,-2.466445958629071,-3.776804437468066,1.0118436294020698e-06,4.683439363812269,-0.003687920360309615,-10.166384164882817,12.213300611602438,-7.3339513937143375,3.56344747147939,1
0.35428035415200215,-0.08726830242787632,0.3646764263677469,-2.4666828279280772,-3.7768044343151526,1.0050706989169072e-06,4.683439367432286,-0.0036879203603096163,-10.170141818151215,12.21597115316172,-7.335780998480361,3.564189964536296,1
0.3543972132360435,-0.08732849550920127,0.3647661253646631,-2.4669155512693455,-3.776804431238033,9.984605855590273e-07,4.68343937096528,-0.003687920360309617,-10.173833142921879,12.218595661047278,-7.337577975993933,3.564920125164763,1
0.3545120084489549,-0.08738760801159409,0.36485424352424806,-2.467144159030043,-3.776804438069272,1.0131350737660565e-06,4.68343936312203,-0.0036879203603096176,-10.177458650336751,12.221174440360477,-7.339342592588977,3.565638013658135,1
0.35462475498278107,-0.08744564869305638,0.3649407923336623,-2.467368681758309,-3.7768044350765217,1.0067061989178767e-06,4.683439366558155,-0.0036879203603096184,-10.181018853454866,12.223707799162108,-7.34107511505349,3.5663436918061646,1
0.35473546811982437,-0.08750262633198405,0.36502578335383584,-2.467589150173424,-3.7768044321563465,1.0004332249858462e-06,4.683439369910954,-0.0036879203603096193,-10.18451426726552,12.2261960484596,-7.342775810642601,3.567037222882113,1
0.35484416323258955,-0.08755854972749662,0.36510922821938857,-2.4678055951658386,-3.7768044293072167,9.943128676921737e-07,4.683439373182182,-0.0036879203603096206,-10.187945408698846,12.228639502193456,-7.34444494709005,3.5677186716300904,1
0.35495085578377633,-0.08761342769980811,0.3651911386385795,-2.468018047797304,-3.7768044356303214,1.0078958106450052e-06,4.683439365922344,-0.0036879203603096206,-10.19131279663831,12.231038477224384,-7.346082792620803,3.5683881042523065,1
0.35505556132624055,-0.08766726909056555,0.3652715263932374,-2.4682265393009337,-3.776804432865206,1.0019559287509075e-06,4.68343936909711,-0.0036879203603096206,-10.19461695193186,12.233393293320075,-7.347689615962827,3.569045588396473,1
0.3551582955029774,-0.0877200827632221,0.3653504033386981,-2.4684311010813182,-3.7768044301680983,9.961621375113217e-07,4.683439372193794,-0.0036879203603096215,-10.197858397404298,12.235704273141936,-7.349265686359743,3.5696911931428095,1
0.3552590740471125,-0.08777187760339325,0.3654277814037549,-2.468631764714644,-3.776804436152099,1.0090166368042658e-06,4.683439365323295,-0.0036879203603096215,-10.201037657869463,12.237971742232453,-7.3508112735831395,3.570324988991558,1
0.3553579127818618,-0.08782266251919474,0.3655036725905846,-2.468828561948748,-3.776804433538894,1.0034030809698938e-06,4.683439368323646,-0.003687920360309621,-10.204155260141363,12.240196029001908,-7.352326647944365,3.5709470478503396,1
0.35545482762051694,-0.08787244644161496,0.3655780889746838,-2.4690215247032343,-3.7768044309907722,9.979293338172466e-07,4.683439371249271,-0.003687920360309621,-10.207211733046615,12.242377464715158,-7.353812080307208,3.571557443021181,1
0.35554983456643546,-0.08792123832486881,0.3656510427048165,-2.469210685069588,-3.7768044366423297,1.0100696961837151e-06,4.683439364760466,-0.0036879203603096197,-10.210207607436578,12.244516383479013,-7.355267842100177,3.57215624918804,1
0.3556429497130222,-0.0879690471467438,0.3657225460029543,-2.4693960753112676,-3.776804434177773,1.004775459343569e-06,4.683439367590147,-0.00368792036030962,-10.213143416199133,12.246613122229448,-7.35669420532859,3.5727435424043334,1
0.355734189243699,-0.08801588190896363,0.3657926111641982,-2.469577727863788,-3.776804431775483,9.996149812797663e-07,4.683439370348335,-0.0036879203603096215,-10.216019694270633,12.248668020718057,-7.358091442587014,3.573319400079866,1
0.35582356943191734,-0.08806175163754805,0.36586125055674185,-2.469755675334875,-3.776804437101537,1.011056115318956e-06,4.683439364233255,-0.003687920360309621,-10.218836978648632,12.250681421500005,-7.35945982707179,3.57388390096859,1
0.3559111066411115,-0.08810666538314514,0.3659284766217872,-2.4699299505044974,-3.7768044347822562,1.0060739527678019e-06,4.6834393668961365,-0.003687920360309621,-10.221595808402808,12.252653669920601,-7.360799632592714,3.5744371251559333,1
0.35599681732472144,-0.08815063222141654,0.365994301873506,-2.4701005863250542,-3.7768044325225283,1.0012197190921907e-06,4.683439369490642,-0.003687920360309621,-10.224296724688482,12.254585114103042,-7.362111133586185,3.574979154046171,1
0.35608071802615837,-0.08819366125337014,0.3660587388989654,-2.4702676159214283,-3.7768044303211634,9.964908577827532e-07,4.683439372018139,-0.0036879203603096223,-10.2269402707578,12.256476104935377,-7.3633946051269445,3.5755100703499494,1
0.3561628253787917,-0.08823576160571613,0.3661218003580637,-2.4704310725910914,-3.776804435198809,1.006968745219748e-06,4.683439366417897,-0.0036879203603096228,-10.22952699197187,12.258326996057681,-7.364650322940434,3.576029958071671,1
0.3562431561059752,-0.08827694243123017,0.3661834989835007,-2.470590989804278,-3.7768044330789547,1.0024149811460098e-06,4.683439368851807,-0.0036879203603096228,-10.232057435813864,12.260138143850401,-7.365878563415453,3.5765389024974166,1
0.3563217270209883,-0.08831721290909009,0.3662438475806756,-2.4707474012040036,-3.7768044310148907,9.979810630684282e-07,4.683439371221661,-0.0036879203603096228,-10.234532151899797,12.261909907420412,-7.3670796036159105,3.577036990181951,1
0.3563985550270642,-0.08835658224524037,0.3663028590276559,-2.470900340606239,-3.7768044355859107,1.0078002749672062e-06,4.683439365973469,-0.003687920360309622,-10.236951691991685,12.263642648589391,-7.368253721293515,3.577524308936647,1
0.35647365711738044,-0.08839505967273499,0.3663605462751191,-2.4710498420000144,-3.7768044336023254,1.0035392366894054e-06,4.683439368250922,-0.003687920360309622,-10.239316610009451,12.265336731881424,-7.36940119489984,3.5780009478172388,1
0.3565470503750622,-0.08843265445210215,0.3664169223462958,-2.471195939547553,-3.7768044316720464,9.993927084842554e-07,4.6834393704671715,-0.0036879203603096223,-10.241627462043592,12.266992524510545,-7.37052230359893,3.5784669971113092,1
0.3566187519731405,-0.08846937587166878,0.3664720003368851,-2.4713386675843085,-3.776804435944248,1.00857001569069e-06,4.683439365562066,-0.0036879203603096228,-10.243884806366012,12.268610396367652,-7.371617327278817,3.5789225483258824,1
0.35668877917460223,-0.08850523324792953,0.3665257934150392,-2.4714780606191784,-3.7768044340932225,1.0045937358383817e-06,4.6834393676873205,-0.0036879203603096228,-10.246089203443693,12.270190720009541,-7.372686546564382,3.5793676941756556,1
0.3567571493323553,-0.08854023592588807,0.3665783148212775,-2.471614153334564,-3.7768044322931025,1.0007268084004999e-06,4.683439369754128,-0.0036879203603096228,-10.248241215950053,12.271733870645715,-7.3737302428292715,3.579802528570359,1
0.35682387988924175,-0.08857439327940336,0.3666295778684425,-2.4717469805865067,-3.7768044305428954,9.969671012901403e-07,4.683439371763628,-0.0036879203603096236,-10.250341408777345,12.273240226126681,-7.37474869820809,3.5802271466028515,1
0.35688898837803457,-0.08860771471153547,0.36667959594164085,-2.471876577404804,-3.776804434413015,1.0052806782077026e-06,4.683439367320171,-0.0036879203603096223,-10.25239034904873,12.274710166931747,-7.375742195608518,3.58064164453696,1
0.35695249242144805,-0.08864020965488825,0.36672838249819617,-2.472002978993139,-3.776804432739818,1.0016864003527328e-06,4.683439369241252,-0.0036879203603096223,-10.254388606130522,12.27614407615733,-7.376711018723396,3.5810461197956287,1
0.35701440973212845,-0.08867188757195585,0.366775951067582,-2.4721262207291845,-3.776804431114244,9.981944243729231e-07,4.683439371107654,-0.003687920360309622,-10.25633675164413,12.277542339504539,-7.3776554520428155,3.5814406709486493,1
0.357074758112674,-0.08870275795546681,0.366822315251382,-2.472246338164753,-3.7768044347059444,1.0059099157380065e-06,4.683439366983863,-0.003687920360309622,-10.258235359478501,12.278905345267818,-7.37857578086624,3.581825397700979,1
0.35713355545563785,-0.08873283032872065,0.3668674887232366,-2.472363367025912,-3.7768044331557427,1.0025798502257952e-06,4.683439368763726,-0.003687920360309622,-10.260085005802072,12.280233484323196,-7.379472291314396,3.582200400880941,1
0.3571908197435203,-0.08876211424592698,0.3669114852287766,-2.4724773432130855,-3.7768044316509437,9.993473171909419e-07,4.6834393704914605,-0.0036879203603096223,-10.261886269074505,12.281527150116107,-7.380345270341158,3.5825657824281794,1
0.35724656904879093,-0.08879061929254858,0.3669543185855842,-2.472588302801207,-3.7768044349728522,1.0064832572707144e-06,4.683439366677429,-0.0036879203603096223,-10.263639730059138,12.282786738650193,-7.381195005745614,3.58292164538209,1
0.35730082153390114,-0.08881835508563418,0.366996002683147,-2.472696282039848,-3.776804433541621,1.0034087584447514e-06,4.6834393683206965,-0.003687920360309622,-10.265345971834957,12.284012648475995,-7.382021786183858,3.583268093870316,1
0.35735359545129,-0.08884533127416099,0.36703655148280157,-2.4728013173533467,-3.7768044321536363,1.000427159555906e-06,4.683439369914311,-0.0036879203603096223,-10.26700557980867,12.285205280679225,-7.382825901180952,3.583605233096928,1
0.3574049091433775,-0.08887155753935327,0.367075979017673,-2.472903445340896,-3.776804430808055,9.975366494481108e-07,4.683439371459239,-0.0036879203603096223,-10.268619141725942,12.286365038869182,-7.383607641142279,3.5839331693309386,1
0.3574547810426153,-0.08889704359503695,0.36711429939265516,-2.473002702776751,-3.776804433774469,1.0039089357443342e-06,4.683439368053367,-0.0036879203603096223,-10.27018724768459,12.2874923291683,-7.384367297365913,3.584252009895044,1
0.35750322967147463,-0.08892179918795212,0.36715152678434587,-2.473099126610311,-3.7768044324995746,1.0011702714936363e-06,4.683439369517137,-0.003687920360309622,-10.27171049014554,12.288587560200568,-7.385105162053777,3.584561863154224,1
0.35755027364245523,-0.08894583409808646,0.36718767544099346,-2.47319275396624,-3.77680443126501,9.985182418622309e-07,4.683439370934602,-0.0036879203603096223,-10.273189463944671,12.289651143080185,-7.385821528323327,3.584862838504261,1
0.35759593165812686,-0.0889691581390122,0.3672227596824726,-2.4732836221446544,-3.776804433983517,1.004357987901496e-06,4.683439367813363,-0.003687920360309622,-10.274624766305338,12.290683491401284,-7.386516690219423,3.5851550463607866,1
0.3576402225111193,-0.08899178115819355,0.3672567939002206,-2.473371768621198,-3.776804432817483,1.0018531726861543e-06,4.683439369152144,-0.0036879203603096223,-10.276016996849204,12.291685021226575,-7.387190942725307,3.5854385981480954,1
0.3576831650841722,-0.08901371303733438,0.36728979255721594,-2.4734572310472513,-3.776804431689756,9.994306467068565e-07,4.683439370446943,-0.0036879203603096223,-10.277366757609132,12.292656151077173,-7.387844581774694,3.585713606288151,1
0.35772477835011546,-0.08903496369267475,0.36732177018790785,-2.473540047249984,-3.776804434169755,1.0047580424595835e-06,4.683439367599546,-0.0036879203603096223,-10.278674653039516,12.293597301921206,-7.3884779042624205,3.585980184189526,1
0.3577650813719208,-0.08905554307532546,0.36735274139819957,-2.4736202552325586,-3.7768044331082624,1.002477797487121e-06,4.6834393688182985,-0.003687920360309623,-10.279941290028868,12.29450889716405,-7.389091208056191,3.586238446236788,1
0.3578040933027141,-0.08907546117158552,0.3673827208653994,-2.4736978931742515,-3.7768044320830993,1.0002755935679244e-06,4.683439369995339,-0.0036879203603096236,-10.28116727791119,12.29539136263761,-7.389684792007757,3.586488507779592,1
0.3578418333857992,-0.08909472800325452,0.36741172333818406,-2.4737729994305973,-3.77680443109353,9.981498509712503e-07,4.683439371131513,-0.0036879203603096236,-10.282353228477447,12.296245126590161,-7.390258955964005,3.586730485122133,1
0.35787832095467115,-0.08911335362794257,0.36743976363655184,-2.473845612533509,-3.7768044332653266,1.0028151840973988e-06,4.683439368637976,-0.003687920360309623,-10.283499755986748,12.297070619675912,-7.390814000777908,3.586964495512485,1
0.3579135754330557,-0.08913134813938453,0.36746685665179873,-2.473915771191449,-3.776804432338573,1.0008243790279837e-06,4.683439369702028,-0.0036879203603096236,-10.28460747717809,12.297868274945381,-7.391350228319649,3.5871906571323513,1
0.3579476163349343,-0.0891487216677543,0.3674930173464798,-2.4739835142895727,-3.776804431445493,9.98905908892562e-07,4.683439370727418,-0.0036879203603096236,-10.285677011281805,12.298638527835333,-7.391867941487647,3.587409089086586,1
0.3579804632645654,-0.089165484379964,0.3675182607543717,-2.474048880889864,-3.7768044334021087,1.0031090023622815e-06,4.68343936848094,-0.0036879203603096236,-10.286708980030546,12.299381816158943,-7.392367444219212,3.5876199113930203,1
0.3580121359165153,-0.08918164647996801,0.3675426019804423,-2.4741119102312816,-3.7768044325692545,1.0013199067734032e-06,4.683439369437181,-0.003687920360309624,-10.287704007670547,12.300098580096241,-7.392849041501287,3.5878232449723937,1
0.35804265407568764,-0.08919721820906772,0.36756605620081717,-2.474172641729912,-3.7768044317681855,9.995990905773277e-07,4.683439370356928,-0.0036879203603096245,-10.288662720972814,12.300789262184493,-7.393313039381182,3.5880192116382728,1
0.35807203761735257,-0.0892122098462085,0.3675886386627486,-2.474231114979113,-3.7768044335197377,1.0033616782127303e-06,4.683439368345893,-0.0036879203603096245,-10.28958574924413,12.301454307308815,-7.393759744977087,3.5882079340871833,1
0.3581003065071918,-0.08922663170827862,0.36761036468459796,-2.4742873697496877,-3.776804432776189,1.0017644243362568e-06,4.683439369199599,-0.0036879203603096245,-10.290473724338348,12.302094162693308,-7.394189466488648,3.5883895358890197,1
0.35812748080131135,-0.08924049415039748,0.3676312496557905,-2.474341445989999,-3.7768044320625656,1.000231454409479e-06,4.683439370018945,-0.003687920360309625,-10.29132728066678,12.302709277891381,-7.394602513207142,3.5885641414771547,1
0.3581535806462951,-0.08925380756621344,0.3676513090368049,-2.4743933838261594,-3.776804431378204,9.987613431974624e-07,4.683439370804694,-0.003687920360309625,-10.292147055209567,12.303300104777284,-7.394999195525982,3.5887318761391103,1
0.3581786262792351,-0.08926658238818887,0.3676705583591441,-2.474443223562172,-3.7768044328699504,1.0019658301118128e-06,4.683439369091954,-0.003687920360309625,-10.292933687526256,12.30386709753718,-7.395379824950803,3.588892866007137,1
0.3582026380277553,-0.08927882908787749,0.36768901322530284,-2.4744910056800604,-3.7768044322392433,1.000610977007889e-06,4.6834393698161,-0.0036879203603096245,-10.293687819766031,12.304410712660214,-7.395744714109302,3.5890472380488965,1
0.35822563631006976,-0.08929055817621893,0.3677066893087599,-2.4745367708400665,-3.7768044316359712,9.993150577502416e-07,4.683439370508747,-0.0036879203603096245,-10.294410096678963,12.304931408930406,-7.396094176761557,3.5891951200584113,1
0.35824764163501344,-0.0893017802038117,0.3677236023539522,-2.4745805598807893,-3.776804432947376,1.0021321449323792e-06,4.6834393690030645,-0.0036879203603096245,-10.2951011656262,12.30542964741815,-7.396428527809707,3.5893366406470686,1
0.35826867460208994,-0.08931250576119165,0.3677397681762622,-2.474622413819357,-3.776804432394813,1.0009451574675768e-06,4.683439369637489,-0.0036879203603096245,-10.295761676590557,12.305905891472213,-7.396748083307772,3.589471929234839,1
0.3582887559015009,-0.08932274547910012,0.36775520266199024,-2.4746623738515656,-3.776804431867875,9.998132152855468e-07,4.6834393702424935,-0.0036879203603096245,-10.296392282186465,12.306360606711383,-7.397053160471124,3.589601116041453,1
0.3583079063141965,-0.08933251002875588,0.3677699217683454,-2.47470048135205,-3.776804433009723,1.0022660695097272e-06,4.683439368931487,-0.0036879203603096245,-10.296993637670376,12.306794261016806,-7.397344077686075,3.5897243320779166,1
0.3583261467119229,-0.08934181012212226,0.3677839415234342,-2.474736777874455,-3.7768044325304557,1.0012365315147278e-06,4.683439369481758,-0.0036879203603096245,-10.297566400950945,12.307207324524377,-7.397621154519289,3.5898417091381334,1
0.3583434980572711,-0.08935065651217232,0.36779727802625073,-2.474771305151606,-3.776804432075015,1.000258177034712e-06,4.683439370004672,-0.0036879203603096245,-10.29811123259915,12.307600269617273,-7.3978847117271105,3.5899533797906473,1
0.3583599814037206,-0.0893590599931457,0.36780994744666395,-2.4748041050956635,-3.7768044316427796,9.993296700441655e-07,4.683439370500944,-0.0036879203603096245,-10.298628795858058,12.307973570918548,-7.398135071264628,3.5900594773705303,1
0.3583756178956804,-0.08936703140080086,0.36782196602540335,-2.4748352197982793,-3.7768044325746692,1.0013315042424748e-06,4.6834393694309995,-0.0036879203603096245,-10.299119756652399,12.308327705283801,-7.398372556294569,3.590160135971383,1
0.35839042876855987,-0.08937458161267627,0.3678333500740692,-2.4748646915308017,-3.7768044321858714,1.0004963078779677e-06,4.683439369877398,-0.0036879203603096245,-10.29958478359886,12.308663151794716,-7.3985974911964565,3.5902554904377255,1
0.35840443534879957,-0.08938172154833066,0.3678441159751112,-2.474892562744407,-3.7768044318184923,9.997071229874906e-07,4.683439370299204,-0.0036879203603096245,-10.30002454801506,12.308980391751751,-7.398810201575086,3.5903456763571904,1
0.358417659053929,-0.0893884621695893,0.36785428018183,-2.4749188760702796,-3.7768044326068906,1.0014007167126174e-06,4.683439369394009,-0.0036879203603096245,-10.300439723929147,12.309279908667687,-7.399011014269179,3.5904308300531333,1
0.35843012139264196,-0.0893948144807941,0.3678638592183931,-2.4749436743198236,-3.7768044322797185,1.0006979023520913e-06,4.683439369769651,-0.0036879203603096245,-10.300830988089762,12.309562188261733,-7.399200257360132,3.5905110885775167,1
0.3584418439648286,-0.0894007895290314,0.3678728696798172,-2.4749670004847926,-3.7768044319721827,1.0000372697380687e-06,4.683439370122748,-0.0036879203603096245,-10.301199019974588,12.30982771845273,-7.399378260180038,3.590586589703595,1
0.3584528484616376,-0.08940639840436582,0.3678813282319758,-2.4749888977374743,-3.7768044316836753,9.994175128665995e-07,4.683439370453998,-0.0036879203603096245,-10.301544501799565,12.310076989353304,-7.3995453533199,3.5906574719190534,1
0.35846315666554845,-0.08941165224007672,0.36788925161161457,-2.4750094094308923,-3.7768044322980785,1.0007373393662287e-06,4.683439369748575,-0.0036879203603096245,-10.301868118528304,12.31031049326435,-7.399701868637874,3.5907238744193353,1
0.3584727904504184,-0.08941656221287624,0.36789665662634913,-2.4750285790989595,-3.7768044320453296,1.0001943971544222e-06,4.683439370038768,-0.0036879203603096245,-10.302170557880526,12.310528724669167,-7.39984813926694,3.5907859371009967,1
0.3584817717815398,-0.08942113954312814,0.3679035601546707,-2.4750464504566487,-3.776804431809826,9.996884998086819e-07,4.683439370309162,-0.0036879203603096245,-10.302452510340647,12.310732180227953,-7.399984499622567,3.590843800555288,1
0.35849012271574,-0.08942539549508337,0.3679099791459861,-2.4750630674002463,-3.776804432307707,1.00075801953067e-06,4.683439369737523,-0.0036879203603096245,-10.302714669167537,12.310921358773472,-7.400111285410843,3.590897606062193,1
0.35849786540139744,-0.0894293413770664,0.36791593062059447,-2.4750784740074385,-3.776804432104567,1.0003216451238845e-06,4.683439369970758,-0.0036879203603096245,-10.302957730401419,12.311096761305024,-7.40022883363512,3.5909474955841394,1
0.35850502207853857,-0.08943298854170001,0.3679214316697263,-2.4750927145375567,-3.776804431916884,9.999184732447073e-07,4.683439370186247,-0.0036879203603096245,-10.303182392873182,12.311258890984377,-7.400337482603754,3.590993611760363,1
0.3585116150789068,-0.08943634838610835,0.3679264994555629,-2.4751058334317637,-3.776804432310049,1.0007630487130815e-06,4.683439369734836,-0.0036879203603096245,-10.30338935821258,12.311408253131306,-7.400437571937183,3.5910360979013225,1
0.3585176668260151,-0.08943943235210698,0.367931151211244,-2.4751178753132077,-3.776804432151272,1.0004219718982924e-06,4.683439369917136,-0.0036879203603096245,-10.303579330855737,12.311545355218938,-7.400529442574583,3.5910750979831985,1
0.35852319983524694,-0.0894422519264125,0.3679354042409135,-2.4751288849872726,-3.7768044320061542,1.0001102371366907e-06,4.683439370083753,-0.0036879203603096245,-10.303753018053976,12.311670706870371,-7.400613436781065,3.591110756642875,1
0.3585282367138904,-0.08944481864081241,0.3679392759197149,-2.475138907441688,-3.7768044318740897,9.99826542980615e-07,4.683439370235383,-0.0036879203603096245,-10.303911129880372,12.311784819854003,-7.400689898153663,3.5911432191727064,1
0.3585328001612562,-0.08944714407237178,0.36794278369385275,-2.47514798784681,-3.776804432146201,1.0004110775601556e-06,4.68343936992296,-0.0036879203603096245,-10.304054379238702,12.311888208080934,-7.400759171628378,3.591172631516022,1
0.3585369129687137,-0.08944923984359181,0.3679459450805917,-2.475156171555734,-3.7768044320383325,1.000179360177379e-06,4.683439370046809,-0.0036879203603096245,-10.304183481869611,12.31198138760076,-7.400821603485766,3.591199140262326,1
0.3585405980198127,-0.08945111762260857,0.3679487776683229,-2.475163504104579,-3.7768044319417053,9.999717907185104e-07,4.6834393701577515,-0.0036879203603096245,-10.304299156359328,12.312064876599457,-7.400877541357668,3.5912228926432093,1
0.35854387829032597,-0.0894527891233427,0.3679512991165708,-2.4751700312126093,-3.7768044321373315,1.000392024373324e-06,4.6834393699331445,-0.0036879203603096245,-10.304402124145602,12.31213919539575,-7.400927334232465,3.5912440365280234,1
0.35854677684835945,-0.08945426610567866,0.36795352715605295,-2.4751757987824896,-3.776804432061311,1.0002287211370305e-06,4.6834393700204275,-0.0036879203603096245,-10.30449310952558,12.312204866439178,-7.400971332461164,3.591262720420172,1
0.35854931685441743,-0.08945556037561594,0.3679554795887063,-2.4751808529004524,-3.776804431994705,1.0000856418198829e-06,4.683439370096901,-0.0036879203603096245,-10.304572839662072,12.312262414307373,-7.4010098877626085,3.591279093453321,1
0.3585515215614941,-0.08945668378542547,0.3679571742877354,-2.475185239836511,-3.7768044319369,9.99961467707604e-07,4.68343937016327,-0.0036879203603096245,-10.304642044590373,12.312312365704177,-7.401043353228826,3.59129330538804,1
0.3585534143151828,-0.08945764823381114,0.3679586291976751,-2.4751890060447086,-3.7768044320497776,1.0002039452954186e-06,4.683439370033669,-0.0036879203603096245,-10.304701457225487,12.312355249458344,-7.40107208333046,3.591305506608728,1
0.35855501855372557,-0.08945846566603212,0.36795986233440897,-2.4751921981632474,-3.776804432007711,1.0001135801833779e-06,4.683439370081968,-0.0036879203603096245,-10.304751813367165,12.312391596521177,-7.4010964339210235,3.591315848120446,1
0.3585563578081417,-0.08945914807406044,0.3679608917852496,-2.4751948630147704,-3.776804431972596,1.00003814815025e-06,4.683439370122285,-0.0036879203603096245,-10.304793851707245,12.312421939966129,-7.401116762242148,3.591324481546442,1
0.3585574557023032,-0.08945970749670519,0.3679617357089789,-2.4751970476065366,-3.7768044319438117,9.999763151179984e-07,4.683439370155334,-0.0036879203603096245,-10.304828313835088,12.31244681498746,-7.401133426927795,3.5913315591255777,1
0.35855833595304587,-0.08946015601974658,0.36796241233591853,-2.4751987991306668,-3.776804431996308,1.0000890843940528e-06,4.68343937009506,-0.0036879203603096245,-10.304855944243862,12.312466758899971,-7.40114678800874,3.591337233710259,1
0.35855902237023374,-0.08946050577604102,0.3679629399679641,-2.4752001649642925,-3.7768044319783107,1.0000504236251046e-06,4.683439370115724,-0.0036879203603096245,-10.304877490335137,12.312482311137861,-7.401157206916128,3.5913416587642613,1
0.3585595388569041,-0.0894607689456599,0.367963336978684,-2.4752011926698634,-3.7768044319647696,1.0000213348980837e-06,4.683439370131271,-0.0036879203603096245,-10.30489370242578,12.31249401325571,-7.401165046486009,3.591344988361348,1
0.35855990940935295,-0.08946095775599072,0.36796362181337333,-2.475201929995335,-3.7768044319550547,1.0000004658474942e-06,4.683439370142425,-0.0036879203603096245,-10.304905333752693,12.312502408928335,-7.401170670962697,3.59134737718375,1
0.35856015811720804,-0.08946108448182513,0.3679638129890997,-2.4752024248743303,-3.7768044319485345,9.999864592234861e-07,4.6834393701499115,-0.0036879203603096245,-10.304913140476934,12.312508043950631,-7.4011744460017095,3.591348980520817,1
0.3585603091635934,-0.08946116144548677,0.3679639290948208,-2.475202725426477,-3.776804431957543,1.000005810041827e-06,4.683439370139569,-0.0036879203603096245,-10.304917881690459,12.312511466239727,-7.401176738673831,3.5913499542685083,1
0.3585603868251895,-0.08946120101689702,0.3679639887914237,-2.475202879957542,-3.7768044319555067,1.0000014363051282e-06,4.683439370141906,-0.0036879203603096245,-10.30492031941928,12.312513225835069,-7.401177917467305,3.5913504549285045,1
0.35856041547236794,-0.08946121561367452,0.367964010811822,-2.4752029369597044,-3.776804431954756,9.999998229637356e-07,4.683439370142769,-0.0036879203603096245,-10.304921218628778,12.3125138749004,-7.401178352290962,3.591350639607995,1
0.3585604190498098,-0.08946121540502382,0.3679640143102024,-2.4752029405371463,-3.7768044319552265,1.0000008343858233e-06,4.683439370142228,-0.0036879203603096245,-10.304921285090506,12.312514001280267,-7.401178360760476,3.5913507079956464,1
0.358566595231352,-0.0894553495643187,0.3679721172859064,-2.4752091167186885,-3.7767580290971132,-1.0869416978317312e-06,4.683395054226647,-0.0036879203603096245,-10.304912246373737,12.312855966360917,-7.401069202890287,3.591592553922877,1
0.3586076966726101,-0.08941631306146315,0.36802604170426145,-2.4752502181599465,-3.776449243245357,-1.4954679418818077e-05,4.6831001361126114,-0.0036879203603096245,-10.30485208040039,12.315131700852593,-7.400342760921809,3.5932020124194213,1
0.35871300641894915,-0.08931628850133644,0.36816421469918204,-2.4753555279062858,-3.775658369692744,-5.013706608152862e-05,4.6823444449466605,-0.003687920360309623,-10.304697670536472,12.320962820620597,-7.398481224643551,3.5973260057730876,1
0.3588846911059104,-0.08913764891872458,0.368407032397861,-2.4755486693790116,-3.7742092599501595,-0.00011303402623946504,4.680958232164234,-0.003687920360309617,-10.30441328808556,12.330962820620597,-7.3950659172663435,3.604890732427376,1
0.35903445096034264,-0.08891087311077846,0.3686729101811773,-2.475848189087876,-3.7719658759988106,-0.00020604092486642536,4.678807855111512,-0.0036879203603096167,-10.30396888857175,12.340962820620597,-7.38976614562989,3.6148907324273756,1
0.35924441999854984,-0.08864860076705425,0.3689226803434551,-2.4762681271642903,-3.76882875648139,-0.00032698259812804527,4.675791677267354,-0.003687920360309614,-10.303338458523504,12.350962820620596,-7.382328298342927,3.6248907324273754,1
0.3595196256364178,-0.08834763335824439,0.3691549152070892,-2.4768185384400265,-3.7647314106658323,-0.0004692205873975862,4.671836569441066,-0.00368792036030961,-10.30249860962517,12.360962820620596,-7.372565992974766,3.634890732427375,1
0.35979503049320144,-0.08803955819253477,0.36938397951384966,-2.477505943957965,-3.7596366611671086,-0.000622603801125109,4.666895203156069,-0.0036879203603096167,-10.301427524981944,12.370962820620596,-7.362565992974766,3.644890732427375,1
0.36006265836500934,-0.08772768951870669,0.36961138041951064,-2.478333704916282,-3.7535330211119873,-0.0007751671570680972,4.660944126456891,-0.003687920360309632,-10.300104302299506,12.380962820620596,-7.352565992974767,3.6548907324273747,1
0.3603218850128226,-0.08741171504436114,0.3698369773323669,-2.4793023191240637,-3.746431274647044,-0.0009152243697075184,4.653982437204587,-0.0036879203603096137,-10.298508703091768,12.390962820620596,-7.342565992974767,3.6648907324273745,1
0.3605721111434371,-0.08709133464140917,0.37006063521508376,-2.4804096451309627,-3.7383614807889907,-0.0010333449192561617,4.646030763896083,-0.003687920360309609,-10.296621297642218,12.400962820620595,-7.332565992974767,3.6748907324273743,1
0.3608127784660697,-0.08676626833430524,0.370282228157411,-2.4816510622461534,-3.7293706016305808,-0.0011237206384365908,4.637130260456853,-0.003687920360309615,-10.29442398557599,12.410962820620595,-7.322565992974767,3.684890732427374,1
0.3610433965383356,-0.08643626964909226,0.37050164536442765,-2.4830195764950154,-3.7195208602668295,-0.0011846182929765119,4.627341416747642,-0.003687920360309603,-10.291900866234718,12.420962820620595,-7.3125659929747675,3.694890732427374,1
0.3612635794383646,-0.08610114385012697,0.37071879934254737,-2.484505883794081,-3.7095208602668297,-0.0012179090550303439,4.617341416747642,-0.0036879203603095894,-10.28903942762513,12.430962820620595,-7.302565992974768,3.7048907324273737,1
0.3614732288202266,-0.08576083883168269,0.3709336668815926,-2.4860961849633676,-3.69952086026683,-0.001228643623024119,4.6073414167476425,-0.003687920360309596,-10.285836481268657,12.440962820620594,-7.292565992974768,3.7148907324273734,1
0.36167251841541076,-0.08541543755049286,0.37114628554333623,-2.4877737514051255,-3.68952086026683,-0.0012230171449484064,4.597341416747643,-0.0036879203603096297,-10.28229765972305,12.450962820620594,-7.282565992974768,3.7248907324273732,1
0.3618619162947581,-0.0850651691828585,0.37135675862771417,-2.4895196589750097,-3.6795208602668303,-0.0012067871250421094,4.587341416747643,-0.0036879203603096397,-10.27843813833768,12.460962820620594,-7.272565992974768,3.734890732427373,1
0.36204222518624835,-0.0847104292441126,0.37156526419742175,-2.491313110042387,-3.6695208602668306,-0.0011844815521284179,4.577341416747643,-0.0036879203603096137,-10.274283942398625,12.470962820620594,-7.262565992974769,3.744890732427373,1
0.3622146123359182,-0.08435179452459456,0.37177206178023303,-2.493131789734405,-3.6595208602668308,-0.001159211543386525,4.567341416747643,-0.003687920360309602,-10.26987291525108,12.480962820620594,-7.252565992974769,3.7548907324273726,1
0.3623806247827501,-0.08399003078781844,0.371977495827084,-2.494952256219586,-3.649520860266831,-0.001132877623902875,4.557341416747644,-0.0036879203603095677,-10.265255213527315,12.490962820620593,-7.242565992974769,3.7648907324273724,1
0.36254218625416007,-0.0836260913431857,0.37218199507573385,-2.4967503655443535,-3.639520860266831,-0.001106525444990485,4.547341416747644,-0.0036879203603095868,-10.260493206495132,12.500962820620593,-7.232565992974769,3.774890732427372,1
0.36270157241518053,-0.08326110486724275,0.37238606708377614,-2.4985017328766235,-3.6295208602668314,-0.0010806817770334174,4.537341416747644,-0.0036879203603096167,-10.255660673610322,12.510962820620593,-7.222565992974769,3.784890732427372,1
0.36286136193165935,-0.08289635120877625,0.3725902873540926,-2.5001822336887938,-3.6195208602668316,-0.0010555999649639034,4.527341416747644,-0.003687920360309628,-10.250841217934056,12.520962820620593,-7.21256599297477,3.7948907324273717,1
0.3630243617383163,-0.08253322437481833,0.37279528268218504,-2.5017685502341633,-3.609520860266832,-0.0010314123232019197,4.5173414167476444,-0.0036879203603096054,-10.246125843244618,12.530962820620593,-7.20256599297477,3.8048907324273715,1
0.36319350602169953,-0.08217318244924407,0.37300170860597415,-2.5032387706203894,-3.599520860266832,-0.0010082152677221208,4.507341416747645,-0.003687920360309578,-10.241609678958516,12.540962820620592,-7.19256599297477,3.8148907324273713,1
0.3633717297017369,-0.0818176848258136,0.3732102211277444,-2.5045730499295042,-3.5903918550637726,-0.0009861151513999064,4.498190311428263,-0.003687920360309569,-10.237387878269201,12.550962820620592,-7.18256599297477,3.824890732427371,1
0.3635620819573125,-0.08146824864120497,0.3734215019341063,-2.505751716319515,-3.5823491634385993,-0.000966161581569263,4.490127666233259,-0.003687920360309587,-10.233559298765757,12.560962820620592,-7.1725659929747705,3.834890732427371,1
0.3637672688107849,-0.08112622166469978,0.3736361562802011,-2.5067591890306082,-3.5754901244457593,-0.000948991972549865,4.4832514576313995,-0.0036879203603096106,-10.230211672541493,12.570962820620592,-7.162565992974771,3.8448907324273707,1
0.3639893690500457,-0.08079264112062805,0.3738546495221064,-2.5075857338550085,-3.5698732749420605,-0.0009349012297541347,4.4776205173849055,-0.0036879203603096124,-10.227412396088052,12.580962820620591,-7.152565992974771,3.8548907324273705,1
0.36422958798011684,-0.08046811117169113,0.3740772521403566,-2.5082288449179417,-3.5655093643535047,-0.0009239597364175174,4.473245665303013,-0.0036879203603096,-10.22520054666299,12.590962820620591,-7.142565992974771,3.8648907324273702,1
0.3644623939050899,-0.08016544561420016,0.37430970345006676,-2.5086944567678877,-3.562353397323531,-0.0009160579618424633,4.470081796498464,-0.003687920360309602,-10.223580084482496,12.600962820620591,-7.1333977176477825,3.87489073242737,1
0.36461410679526496,-0.07992016006543762,0.374567889750773,-2.508997882548238,-3.5602983596929407,-0.0009109197937039851,4.468021620699735,-0.0036879203603096054,-10.222515057989781,12.61096282062059,-7.127413999557814,3.88489073242737,1
0.3647806441930525,-0.07974804826721983,0.37479316315460265,-2.5091644199460257,-3.559171006254529,-0.0009081040007554536,4.466891451468375,-0.0036879203603096067,-10.221927281683202,12.620527776421815,-7.124126564381837,3.8917560293591946,1
0.3648458631577753,-0.0796806301453125,0.3748814071610018,-2.5092296389107482,-3.5587296359186666,-0.0009070022474932751,4.46644897937925,-0.0036879203603096067,-10.221696403696416,12.62427427528745,-7.122838452651124,3.8944452944809025,1
0.36485567507039546,-0.07967048642862455,0.3748946844472309,-2.5092394508233684,-3.558663240747551,-0.0009068365505875454,4.466382418511229,-0.0036879203603096067,-10.22166162816697,12.6248379608512,-7.122644620853941,3.8948499237769165,1
0.36485567507039546,-0.07967048642862455,0.3748946844472309,-2.5092394508233684,-3.558663240747551,-0.0009068365505875454,4.466382418511229,-0.0036879203603096067,-10.22166162816697,12.6248379608512,-7.122644620853941,3.8948499237769165,1
0.36485567507039546,-0.07967048642862455,0.3748946844472309,-2.5092394508233684,-3.558663240747551,-0.0009068365505875454,4.466382418511229,-0.0036879203603096067,-10.22166162816697,12.6248379608512,-7.122644620853941,3.8948499237769165,0
0.36485567507039546,-0.07967048642862455,0.3748946844472309,-2.5092394508233684,-3.558663240747551,-0.0009068365505875454,4.466382418511229,-0.0036879203603096067,-10.22166162816697,12.6248379608512,-7.122644620853941,3.8948499237769165,0
0.36485567507039546,-0.07967048642862455,0.3748946844472309,-2.5092394508233684,-3.558663240747551,-0.0009068365505875454,4.466382418511229,-0.0036879203603096067,-10.22166162816697,12.6248379608512,-7.122644620853941,3.8948499237769165,0
0.36485567507039546,-0.07967048642862455,0.3748946844472309,-2.5092394508233684,-3.558663240747551,-0.0009068365505875454,4.466382418511229,-0.0036879203603096067,-10.22166162816697,12.6248379608512,-7.122644620853941,3.8948499237769165,0
0.36485567507039546,-0.07967048642862455,0.3748946844472309,-2.5092394508233684,-3.558663240747551,-0.0009068365505875454,4.466382418511229,-0.0036879203603096067,-10.22166162816697,12.6248379608512,-7.122644620853941,3.8948499237769165,0
0.36485567507039546,-0.07967048642862455,0.3748946844472309,-2.5092394508233684,-3.558663240747551,-0.0009068365505875454,4.466382418511229,-0.0036879203603096067,-10.22166162816697,12.6248379608512,-7.122644620853941,3.8948499237769165,0
0.36485567507039546,-0.07967048642862455,0.3748946844472309,-2.5092394508233684,-3.558663240747551,-0.0009068365505875454,4.466382418511229,-0.0036879203603096067,-10.22166162816697,12.6248379608512,-7.122644620853941,3.8948499237769165,0
0.36485567507039546,-0.07967048642862455,0.3748946844472309,-2.5092394508233684,-3.558663240747551,-0.0009068365505875454,4.466382418511229,-0.0036879203603096067,-10.22166162816697,12.6248379608512,-7.122644620853941,3.8948499237769165,0
0.36485567507039546,-0.07967048642862455,0.3748946844472309,-2.5092394508233684,-3.558663240747551,-0.0009068365505875454,4.466382418511229,-0.0036879203603096067,-10.22166162816697,12.6248379608512,-7.122644620853941,3.8948499237769165,0
0.36485567507039546,-0.07967048642862455,0.3748946844472309,-2.5092394508233684,-3.558663240747551,-0.0009068365505875454,4.466382418511229,-0.0036879203603096067,-10.22166162816697,12.6248379608512,-7.122644620853941,3.8948499237769165,0
0.36485567507039546,-0.07967048642862455,0.3748946844472309,-2.5092394508233684,-3.558663240747551,-0.0009068365505875454,4.466382418511229,-0.0036879203603096067,-10.22166162816697,12.6248379608512,-7.122644620853941,3.8948499237769165,0
0.36485567507039546,-0.07967048642862455,0.3748946844472309,-2.5092394508233684,-3.558663240747551,-0.0009068365505875454,4.466382418511229,-0.0036879203603096067,-10.22166162816697,12.6248379608512,-7.122644620853941,3.8948499237769165,0
0.36485567507039546,-0.07967048642862455,0.3748946844472309,-2.5092394508233684,-3.558663240747551,-0.0009068365505875454,4.466382418511229,-0.0036879203603096067,-10.22166162816697,12.6248379608512,-7.122644620853941,3.8948499237769165,0
0.36485567507039546,-0.07967048642862455,0.3748946844472309,-2.5092394508233684,-3.558663240747551,-0.0009068365505875454,4.466382418511229,-0.0036879203603096067,-10.22166162816697,12.6248379608512,-7.122644620853941,3.8948499237769165,0
0.36485567507039546,-0.07967048642862455,0.3748946844472309,-2.5092394508233684,-3.558663240747551,-0.0009068365505875454,4.466382418511229,-0.0036879203603096067,-10.22166162816697,12.6248379608512,-7.122644620853941,3.8948499237769165,0
0.36485567507039546,-0.07967048642862455,0.3748946844472309,-2.5092394508233684,-3.558663240747551,-0.0009068365505875454,4.466382418511229,-0.0036879203603096067,-10.22166162816697,12.6248379608512,-7.122644620853941,3.8948499237769165,0
0.36485567507039546,-0.07967048642862455,0.3748946844472309,-2.5092394508233684,-3.558663240747551,-0.0009068365505875454,4.466382418511229,-0.0036879203603096067,-10.22166162816697,12.6248379608512,-7.122644620853941,3.8948499237769165,0
0.36485567507039546,-0.07967048642862455,0.3748946844472309,-2.5092394508233684,-3.558663240747551,-0.0009068365505875454,4.466382418511229,-0.0036879203603096067,-10.22166162816697,12.6248379608512,-7.122644620853941,3.8948499237769165,0
0.36485567507039546,-0.07967048642862455,0.3748946844472309,-2.5092394508233684,-3.558663240747551,-0.0009068365505875454,4.466382418511229,-0.0036879203603096067,-10.22166162816697,12.6248379608512,-7.122644620853941,3.8948499237769165,0
0.36485567507039546,-0.07967048642862455,0.3748946844472309,-2.5092394508233684,-3.558663240747551,-0.0009068365505875454,4.466382418511229,-0.0036879203603096067,-10.22166162816697,12.6248379608512,-7.122644620853941,3.8948499237769165,0
0.36485567507039546,-0.07967048642862455,0.3748946844472309,-2.5092394508233684,-3.558663240747551,-0.0009068365505875454,4.466382418511229,-0.0036879203603096067,-10.22166162816697,12.6248379608512,-7.122644620853941,3.8948499237769165,0
0.36485567507039546,-0.07967048642862455,0.3748946844472309,-2.5092394508233684,-3.558663240747551,-0.0009068365505875454,4.466382418511229,-0.0036879203603096067,-10.22166162816697,12.6248379608512,-7.122644620853941,3.8948499237769165,0
0.36485567507039546,-0.07967048642862455,0.3748946844472309,-2.5092394508233684,-3.558663240747551,-0.0009068365505875454,4.466382418511229,-0.0036879203603096067,-10.22166162816697,12.6248379608512,-7.122644620853941,3.8948499237769165,0
0.36485567507039546,-0.07967048642862455,0.3748946844472309,-2.5092394508233684,-3.558663240747551,-0.0009068365505875454,4.466382418511229,-0.0036879203603096067,-10.22166162816697,12.6248379608512,-7.122644620853941,3.8948499237769165,0
0.36485567507039546,-0.07967048642862455,0.3748946844472309,-2.5092394508233684,-3.558663240747551,-0.0009068365505875454,4.466382418511229,-0.0036879203603096067,-10.22166162816697,12.6248379608512,-7.122644620853941,3.8948499237769165,0
0.36485567507039546,-0.07967048642862455,0.3748946844472309,-2.5092394508233684,-3.558663240747551,-0.0009068365505875454,4.466382418511229,-0.0036879203603096067,-10.22166162816697,12.6248379608512,-7.122644620853941,3.8948499237769165,0
0.36485567507039546,-0.07967048642862455,0.3748946844472309,-2.5092394508233684,-3.558663240747551,-0.0009068365505875454,4.466382418511229,-0.0036879203603096067,-10.22166162816697,12.6248379608512,-7.122644620853941,3.8948499237769165,0
0.36485567507039546,-0.07967048642862455,0.3748946844472309,-2.5092394508233684,-3.558663240747551,-0.0009068365505875454,4.466382418511229,-0.0036879203603096067,-10.22166162816697,12.6248379608512,-7.122644620853941,3.8948499237769165,0
0.36485567507039546,-0.07967048642862455,0.3748946844472309,-2.5092394508233684,-3.558663240747551,-0.0009068365505875454,4.466382418511229,-0.0036879203603096067,-10.22166162816697,12.6248379608512,-7.122644620853941,3.8948499237769165,0
0.36485567507039546,-0.07967048642862455,0.3748946844472309,-2.5092394508233684,-3.558663240747551,-0.0009068365505875454,4.466382418511229,-0.0036879203603096067,-10.22166162816697,12.6248379608512,-7.122644620853941,3.8948499237769165,0
0.36485567507039546,-0.07967048642862455,0.3748946844472309,-2.5092394508233684,-3.558663240747551,-0.0009068365505875454,4.466382418511229,-0.0036879203603096067,-10.22166162816697,12.6248379608512,-7.122644620853941,3.8948499237769165,0
0.36485567507039546,-0.07967048642862455,0.3748946844472309,-2.5092394508233684,-3.558663240747551,-0.0009068365505875454,4.466382418511229,-0.0036879203603096067,-10.22166162816697,12.6248379608512,-7.122644620853941,3.8948499237769165,0
0.36485567507039546,-0.07967048642862455,0.3748946844472309,-2.5092394508233684,-3.558663240747551,-0.0009068365505875454,4.466382418511229,-0.0036879203603096067,-10.22166162816697,12.6248379608512,-7.122644620853941,3.8948499237769165,0
0.36485567507039546,-0.07967048642862455,0.3748946844472309,-2.5092394508233684,-3.558663240747551,-0.0009068365505875454,4.466382418511229,-0.0036879203603096067,-10.22166162816697,12.6248379608512,-7.122644620853941,3.8948499237769165,0
0.36485567507039546,-0.07967048642862455,0.3748946844472309,-2.5092394508233684,-3.558663240747551,-0.0009068365505875454,4.466382418511229,-0.0036879203603096067,-10.22166162816697,12.6248379608512,-7.122644620853941,3.8948499237769165,0
0.36485567507039546,-0.07967048642862455,0.3748946844472309,-2.5092394508233684,-3.558663240747551,-0.0009068365505875454,4.466382418511229,-0.0036879203603096067,-10.22166162816697,12.6248379608512,-7.122644620853941,3.8948499237769165,0
0.36485567507039546,-0.07967048642862455,0.3748946844472309,-2.5092394508233684,-3.558663240747551,-0.0009068365505875454,4.466382418511229,-0.0036879203603096067,-10.22166162816697,12.6248379608512,-7.122644620853941,3.8948499237769165,0
0.36485567507039546,-0.07967048642862455,0.3748946844472309,-2.5092394508233684,-3.558663240747551,-0.0009068365505875454,4.466382418511229,-0.0036879203603096067,-10.22166162816697,12.6248379608512,-7.122644620853941,3.8948499237769165,0
0.36485567507039546,-0.07967048642862455,0.3748946844472309,-2.5092394508233684,-3.558663240747551,-0.0009068365505875454,4.466382418511229,-0.0036879203603096067,-10.22166162816697,12.6248379608512,-7.122644620853941,3.8948499237769165,0
0.36485567507039546,-0.07967048642862455,0.3748946844472309,-2.5092394508233684,-3.558663240747551,-0.0009068365505875454,4.466382418511229,-0.0036879203603096067,-10.22166162816697,12.6248379608512,-7.122644620853941,3.8948499237769165,0
0.36485567507039546,-0.07967048642862455,0.3748946844472309,-2.5092394508233684,-3.558663240747551,-0.0009068365505875454,4.466382418511229,-0.0036879203603096067,-10.22166162816697,12.6248379608512,-7.122644620853941,3.8948499237769165,0
0.36485567507039546,-0.07967048642862455,0.3748946844472309,-2.5092394508233684,-3.558663240747551,-0.0009068365505875454,4.466382418511229,-0.0036879203603096067,-10.22166162816697,12.6248379608512,-7.122644620853941,3.8948499237769165,0
0.36485567507039546,-0.07967048642862455,0.3748946844472309,-2.5092394508233684,-3.558663240747551,-0.0009068365505875454,4.466382418511229,-0.0036879203603096067,-10.22166162816697,12.6248379608512,-7.122644620853941,3.8948499237769165,0
0.36485567507039546,-0.07967048642862455,0.3748946844472309,-2.5092394508233684,-3.558663240747551,-0.0009068365505875454,4.466382418511229,-0.0036879203603096067,-10.22166162816697,12.6248379608512,-7.122644620853941,3.8948499237769165,0
0.36485567507039546,-0.07967048642862455,0.3748946844472309,-2.5092394508233684,-3.558663240747551,-0.0009068365505875454,4.466382418511229,-0.0036879203603096067,-10.22166162816697,12.6248379608512,-7.122644620853941,3.8948499237769165,0
0.36485567507039546,-0.07967048642862455,0.3748946844472309,-2.5092394508233684,-3.558663240747551,-0.0009068365505875454,4.466382418511229,-0.0036879203603096067,-10.22166162816697,12.6248379608512,-7.122644620853941,3.8948499237769165,0
0.36485567507039546,-0.07967048642862455,0.3748946844472309,-2.5092394508233684,-3.558663240747551,-0.0009068365505875454,4.466382418511229,-0.0036879203603096067,-10.22166162816697,12.6248379608512,-7.122644620853941,3.8948499237769165,0
0.36485567507039546,-0.07967048642862455,0.3748946844472309,-2.5092394508233684,-3.558663240747551,-0.0009068365505875454,4.466382418511229,-0.0036879203603096067,-10.22166162816697,12.6248379608512,-7.122644620853941,3.8948499237769165,0
0.36485567507039546,-0.07967048642862455,0.3748946844472309,-2.5092394508233684,-3.558663240747551,-0.0009068365505875454,4.466382418511229,-0.0036879203603096067,-10.22166162816697,12.6248379608512,-7.122644620853941,3.8948499237769165,0
0.36485567507039546,-0.07967048642862455,0.3748946844472309,-2.5092394508233684,-3.558663240747551,-0.0009068365505875454,4.466382418511229,-0.0036879203603096067,-10.22166162816697,12.6248379608512,-7.122644620853941,3.8948499237769165,0
0.36485567507039546,-0.07967048642862455,0.3748946844472309,-2.5092394508233684,-3.558663240747551,-0.0009068365505875454,4.466382418511229,-0.0036879203603096067,-10.22166162816697,12.6248379608512,-7.122644620853941,3.8948499237769165,0
0.36485567507039546,-0.07967048642862455,0.3748946844472309,-2.5092394508233684,-3.558663240747551,-0.0009068365505875454,4.466382418511229,-0.0036879203603096067,-10.22166162816697,12.6248379608512,-7.122644620853941,3.8948499237769165,0
0.36485567507039546,-0.07967048642862455,0.3748946844472309,-2.5092394508233684,-3.558663240747551,-0.0009068365505875454,4.466382418511229,-0.0036879203603096067,-10.22166162816697,12.6248379608512,-7.122644620853941,3.8948499237769165,0
0.36485567507039546,-0.07967048642862455,0.3748946844472309,-2.5092394508233684,-3.558663240747551,-0.0009068365505875454,4.466382418511229,-0.0036879203603096067,-10.22166162816697,12.6248379608512,-7.122644620853941,3.8948499237769165,0
0.36485567507039546,-0.07967048642862455,0.3748946844472309,-2.5092394508233684,-3.558663240747551,-0.0009068365505875454,4.466382418511229,-0.0036879203603096067,-10.22166162816697,12.6248379608512,-7.122644620853941,3.8948499237769165,0
0.36485567507039546,-0.07967048642862455,0.3748946844472309,-2.5092394508233684,-3.558663240747551,-0.0009068365505875454,4.466382418511229,-0.0036879203603096067,-10.22166162816697,12.6248379608512,-7.122644620853941,3.8948499237769165,0
0.36485567507039546,-0.07967048642862455,0.3748946844472309,-2.5092394508233684,-3.558663240747551,-0.0009068365505875454,4.466382418511229,-0.0036879203603096067,-10.22166162816697,12.6248379608512,-7.122644620853941,3.8948499237769165,0
0.36485567507039546,-0.07967048642862455,0.3748946844472309,-2.5092394508233684,-3.558663240747551,-0.0009068365505875454,4.466382418511229,-0.0036879203603096067,-10.22166162816697,12.6248379608512,-7.122644620853941,3.8948499237769165,0
0.36485567507039546,-0.07967048642862455,0.3748946844472309,-2.5092394508233684,-3.558663240747551,-0.0009068365505875454,4.466382418511229,-0.0036879203603096067,-10.22166162816697,12.6248379608512,-7.122644620853941,3.8948499237769165,0
0.36485567507039546,-0.07967048642862455,0.3748946844472309,-2.5092394508233684,-3.558663240747551,-0.0009068365505875454,4.466382418511229,-0.0036879203603096067,-10.22166162816697,12.6248379608512,-7.122644620853941,3.8948499237769165,0
0.36485567507039546,-0.07967048642862455,0.3748946844472309,-2.5092394508233684,-3.558663240747551,-0.0009068365505875454,4.466382418511229,-0.0036879203603096067,-10.22166162816697,12.6248379608512,-7.122644620853941,3.8948499237769165,0
0.36485567507039546,-0.07967048642862455,0.3748946844472309,-2.5092394508233684,-3.558663240747551,-0.0009068365505875454,4.466382418511229,-0.0036879203603096067,-10.22166162816697,12.6248379608512,-7.122644620853941,3.8948499237769165,0
0.36485567507039546,-0.07967048642862455,0.3748946844472309,-2.5092394508233684,-3.558663240747551,-0.0009068365505875454,4.466382418511229,-0.0036879203603096067,-10.22166162816697,12.6248379608512,-7.122644620853941,3.8948499237769165,0
0.36485567507039546,-0.07967048642862455,0.3748946844472309,-2.5092394508233684,-3.558663240747551,-0.0009068365505875454,4.466382418511229,-0.0036879203603096067,-10.22166162816697,12.6248379608512,-7.122644620853941,3.8948499237769165,0
0.36485567507039546,-0.07967048642862455,0.3748946844472309,-2.5092394508233684,-3.558663240747551,-0.0009068365505875454,4.466382418511229,-0.0036879203603096067,-10.22166162816697,12.6248379608512,-7.122644620853941,3.8948499237769165,0
0.36485567507039546,-0.07967048642862455,0.3748946844472309,-2.5092394508233684,-3.558663240747551,-0.0009068365505875454,4.466382418511229,-0.0036879203603096067,-10.22166162816697,12.6248379608512,-7.122644620853941,3.8948499237769165,0
0.36485567507039546,-0.07967048642862455,0.3748946844472309,-2.5092394508233684,-3.558663240747551,-0.0009068365505875454,4.466382418511229,-0.0036879203603096067,-10.22166162816697,12.6248379608512,-7.122644620853941,3.8948499237769165,0
0.36485567507039546,-0.07967048642862455,0.3748946844472309,-2.5092394508233684,-3.558663240747551,-0.0009068365505875454,4.466382418511229,-0.0036879203603096067,-10.22166162816697,12.6248379608512,-7.122644620853941,3.8948499237769165,0
0.36485567507039546,-0.07967048642862455,0.3748946844472309,-2.5092394508233684,-3.558663240747551,-0.0009068365505875454,4.466382418511229,-0.0036879203603096067,-10.22166162816697,12.6248379608512,-7.122644620853941,3.8948499237769165,0
0.36485567507039546,-0.07967048642862455,0.3748946844472309,-2.5092394508233684,-3.558663240747551,-0.0009068365505875454,4.466382418511229,-0.0036879203603096067,-10.22166162816697,12.6248379608512,-7.122644620853941,3.8948499237769165,0
0.36485567507039546,-0.07967048642862455,0.3748946844472309,-2.5092394508233684,-3.558663240747551,-0.0009068365505875454,4.466382418511229,-0.0036879203603096067,-10.22166162816697,12.6248379608512,-7.122644620853941,3.8948499237769165,0
0.36485567507039546,-0.07967048642862455,0.3748946844472309,-2.5092394508233684,-3.558663240747551,-0.0009068365505875454,4.466382418511229,-0.0036879203603096067,-10.22166162816697,12.6248379608512,-7.122644620853941,3.8948499237769165,0
0.36485567507039546,-0.07967048642862455,0.3748946844472309,-2.5092394508233684,-3.558663240747551,-0.0009068365505875454,4.466382418511229,-0.0036879203603096067,-10.22166162816697,12.6248379608512,-7.122644620853941,3.8948499237769165,0
0.36485567507039546,-0.07967048642862455,0.3748946844472309,-2.5092394508233684,-3.558663240747551,-0.0009068365505875454,4.466382418511229,-0.0036879203603096067,-10.22166162816697,12.6248379608512,-7.122644620853941,3.8948499237769165,0
0.36485567507039546,-0.07967048642862455,0.3748946844472309,-2.5092394508233684,-3.558663240747551,-0.0009068365505875454,4.466382418511229,-0.0036879203603096067,-10.22166162816697,12.6248379608512,-7.122644620853941,3.8948499237769165,0
0.36485567507039546,-0.07967048642862455,0.3748946844472309,-2.5092394508233684,-3.558663240747551,-0.0009068365505875454,4.466382418511229,-0.0036879203603096067,-10.22166162816697,12.6248379608512,-7.122644620853941,3.8948499237769165,0
0.36485567507039546,-0.07967048642862455,0.3748946844472309,-2.5092394508233684,-3.558663240747551,-0.0009068365505875454,4.466382418511229,-0.0036879203603096067,-10.22166162816697,12.6248379608512,-7.122644620853941,3.8948499237769165,0
0.36485567507039546,-0.07967048642862455,0.3748946844472309,-2.5092394508233684,-3.558663240747551,-0.0009068365505875454,4.466382418511229,-0.0036879203603096067,-10.22166162816697,12.6248379608512,-7.122644620853941,3.8948499237769165,0
0.36485567507039546,-0.07967048642862455,0.3748946844472309,-2.5092394508233684,-3.558663240747551,-0.0009068365505875454,4.466382418511229,-0.0036879203603096067,-10.22166162816697,12.6248379608512,-7.122644620853941,3.8948499237769165,0
0.36485567507039546,-0.07967048642862455,0.3748946844472309,-2.5092394508233684,-3.558663240747551,-0.0009068365505875454,4.466382418511229,-0.0036879203603096067,-10.22166162816697,12.6248379608512,-7.122644620853941,3.8948499237769165,0
0.36485567507039546,-0.07967048642862455,0.3748946844472309,-2.5092394508233684,-3.558663240747551,-0.0009068365505875454,4.466382418511229,-0.0036879203603096067,-10.22166162816697,12.6248379608512,-7.122644620853941,3.8948499237769165,0
0.36485567507039546,-0.07967048642862455,0.3748946844472309,-2.5092394508233684,-3.558663240747551,-0.0009068365505875454,4.466382418511229,-0.0036879203603096067,-10.22166162816697,12.6248379608512,-7.122644620853941,3.8948499237769165,0
0.36485567507039546,-0.07967048642862455,0.3748946844472309,-2.5092394508233684,-3.558663240747551,-0.0009068365505875454,4.466382418511229,-0.0036879203603096067,-10.22166162816697,12.6248379608512,-7.122644620853941,3.8948499237769165,0
0.36485567507039546,-0.07967048642862455,0.3748946844472309,-2.5092394508233684,-3.558663240747551,-0.0009068365505875454,4.466382418511229,-0.0036879203603096067,-10.22166162816697,12.6248379608512,-7.122644620853941,3.8948499237769165,0
0.36485567507039546,-0.07967048642862455,0.3748946844472309,-2.5092394508233684,-3.558663240747551,-0.0009068365505875454,4.466382418511229,-0.0036879203603096067,-10.22166162816697,12.6248379608512,-7.122644620853941,3.8948499237769165,0
0.36485567507039546,-0.07967048642862455,0.3748946844472309,-2.5092394508233684,-3.558663240747551,-0.0009068365505875454,4.466382418511229,-0.0036879203603096067,-10.22166162816697,12.6248379608512,-7.122644620853941,3.8948499237769165,0
0.36485567507039546,-0.07967048642862455,0.3748946844472309,-2.5092394508233684,-3.558663240747551,-0.0009068365505875454,4.466382418511229,-0.0036879203603096067,-10.22166162816697,12.6248379608512,-7.122644620853941,3.8948499237769165,0
0.36485567507039546,-0.07967048642862455,0.3748946844472309,-2.5092394508233684,-3.558663240747551,-0.0009068365505875454,4.466382418511229,-0.0036879203603096067,-10.22166162816697,12.6248379608512,-7.122644620853941,3.8948499237769165,0
0.36485567507039546,-0.07967048642862455,0.3748946844472309,-2.5092394508233684,-3.558663240747551,-0.0009068365505875454,4.466382418511229,-0.0036879203603096067,-10.22166162816697,12.6248379608512,-7.122644620853941,3.8948499237769165,0
0.36485567507039546,-0.07967048642862455,0.3748946844472309,-2.5092394508233684,-3.558663240747551,-0.0009068365505875454,4.466382418511229,-0.0036879203603096067,-10.22166162816697,12.6248379608512,-7.122644620853941,3.8948499237769165,0
0.36485567507039546,-0.07967048642862455,0.3748946844472309,-2.5092394508233684,-3.558663240747551,-0.0009068365505875454,4.466382418511229,-0.0036879203603096067,-10.22166162816697,12.6248379608512,-7.122644620853941,3.8948499237769165,0
0.36485567507039546,-0.07967048642862455,0.3748946844472309,-2.5092394508233684,-3.558663240747551,-0.0009068365505875454,4.466382418511229,-0.0036879203603096067,-10.22166162816697,12.6248379608512,-7.122644620853941,3.8948499237769165,0
0.36485567507039546,-0.07967048642862455,0.3748946844472309,-2.5092394508233684,-3.558663240747551,-0.0009068365505875454,4.466382418511229,-0.0036879203603096067,-10.22166162816697,12.6248379608512,-7.122644620853941,3.8948499237769165,0
0.36485567507039546,-0.07967048642862455,0.3748946844472309,-2.5092394508233684,-3.558663240747551,-0.0009068365505875454,4.466382418511229,-0.0036879203603096067,-10.22166162816697,12.6248379608512,-7.122644620853941,3.8948499237769165,0
0.36485567507039546,-0.07967048642862455,0.3748946844472309,-2.5092394508233684,-3.558663240747551,-0.0009068365505875454,4.466382418511229,-0.0036879203603096067,-10.22166162816697,12.6248379608512,-7.122644620853941,3.8948499237769165,0
0.36485567507039546,-0.07967048642862455,0.3748946844472309,-2.5092394508233684,-3.558663240747551,-0.0009068365505875454,4.466382418511229,-0.0036879203603096067,-10.22166162816697,12.6248379608512,-7.122644620853941,3.8948499237769165,0
0.36485567507039546,-0.07967048642862455,0.3748946844472309,-2.5092394508233684,-3.558663240747551,-0.0009068365505875454,4.466382418511229,-0.0036879203603096067,-10.22166162816697,12.6248379608512,-7.122644620853941,3.8948499237769165,0
0.36485567507039546,-0.07967048642862455,0.3748946844472309,-2.5092394508233684,-3.558663240747551,-0.0009068365505875454,4.466382418511229,-0.0036879203603096067,-10.22166162816697,12.6248379608512,-7.122644620853941,3.8948499237769165,0
0.36485567507039546,-0.07967048642862455,0.3748946844472309,-2.5092394508233684,-3.558663240747551,-0.0009068365505875454,4.466382418511229,-0.0036879203603096067,-10.22166162816697,12.6248379608512,-7.122644620853941,3.8948499237769165,0
0.36485567507039546,-0.07967048642862455,0.3748946844472309,-2.5092394508233684,-3.558663240747551,-0.0009068365505875454,4.466382418511229,-0.0036879203603096067,-10.22166162816697,12.6248379608512,-7.122644620853941,3.8948499237769165,0
0.36485567507039546,-0.07967048642862455,0.3748946844472309,-2.5092394508233684,-3.558663240747551,-0.0009068365505875454,4.466382418511229,-0.0036879203603096067,-10.22166162816697,12.6248379608512,-7.122644620853941,3.8948499237769165,0
0.36485567507039546,-0.07967048642862455,0.3748946844472309,-2.5092394508233684,-3.558663240747551,-0.0009068365505875454,4.466382418511229,-0.0036879203603096067,-10.22166162816697,12.6248379608512,-7.122644620853941,3.8948499237769165,0
0.36485567507039546,-0.07967048642862455,0.3748946844472309,-2.5092394508233684,-3.558663240747551,-0.0009068365505875454,4.466382418511229,-0.0036879203603096067,-10.22166162816697,12.6248379608512,-7.122644620853941,3.8948499237769165,0
0.36485567507039546,-0.07967048642862455,0.3748946844472309,-2.5092394508233684,-3.558663240747551,-0.0009068365505875454,4.466382418511229,-0.0036879203603096067,-10.22166162816697,12.6248379608512,-7.122644620853941,3.8948499237769165,0
0.36485567507039546,-0.07967048642862455,0.3748946844472309,-2.5092394508233684,-3.558663240747551,-0.0009068365505875454,4.466382418511229,-0.0036879203603096067,-10.22166162816697,12.6248379608512,-7.122644620853941,3.8948499237769165,0
0.36485567507039546,-0.07967048642862455,0.3748946844472309,-2.5092394508233684,-3.558663240747551,-0.0009068365505875454,4.466382418511229,-0.0036879203603096067,-10.22166162816697,12.6248379608512,-7.122644620853941,3.8948499237769165,0
0.36485567507039546,-0.07967048642862455,0.3748946844472309,-2.5092394508233684,-3.558663240747551,-0.0009068365505875454,4.466382418511229,-0.0036879203603096067,-10.22166162816697,12.6248379608512,-7.122644620853941,3.8948499237769165,0
0.36485567507039546,-0.07967048642862455,0.3748946844472309,-2.5092394508233684,-3.558663240747551,-0.0009068365505875454,4.466382418511229,-0.0036879203603096067,-10.22166162816697,12.6248379608512,-7.122644620853941,3.8948499237769165,0
0.36485567507039546,-0.07967048642862455,0.3748946844472309,-2.5092394508233684,-3.558663240747551,-0.0009068365505875454,4.466382418511229,-0.0036879203603096067,-10.22166162816697,12.6248379608512,-7.122644620853941,3.8948499237769165,0
0.36485567507039546,-0.07967048642862455,0.3748946844472309,-2.5092394508233684,-3.558663240747551,-0.0009068365505875454,4.466382418511229,-0.0036879203603096067,-10.22166162816697,12.6248379608512,-7.122644620853941,3.8948499237769165,0
0.36485567507039546,-0.07967048642862455,0.3748946844472309,-2.5092394508233684,-3.558663240747551,-0.0009068365505875454,4.466382418511229,-0.0036879203603096067,-10.22166162816697,12.6248379608512,-7.122644620853941,3.8948499237769165,0
0.36485567507039546,-0.07967048642862455,0.3748946844472309,-2.5092394508233684,-3.558663240747551,-0.0009068365505875454,4.466382418511229,-0.0036879203603096067,-10.22166162816697,12.6248379608512,-7.122644620853941,3.8948499237769165,0
0.36485567507039546,-0.07967048642862455,0.3748946844472309,-2.5092394508233684,-3.558663240747551,-0.0009068365505875454,4.466382418511229,-0.0036879203603096067,-10.22166162816697,12.6248379608512,-7.122644620853941,3.8948499237769165,0
0.36485567507039546,-0.07967048642862455,0.3748946844472309,-2.5092394508233684,-3.558663240747551,-0.0009068365505875454,4.466382418511229,-0.0036879203603096067,-10.22166162816697,12.6248379608512,-7.122644620853941,3.8948499237769165,0
0.36485567507039546,-0.07967048642862455,0.3748946844472309,-2.5092394508233684,-3.558663240747551,-0.0009068365505875454,4.466382418511229,-0.0036879203603096067,-10.22166162816697,12.6248379608512,-7.122644620853941,3.8948499237769165,0
0.36485567507039546,-0.07967048642862455,0.3748946844472309,-2.5092394508233684,-3.558663240747551,-0.0009068365505875454,4.466382418511229,-0.0036879203603096067,-10.22166162816697,12.6248379608512,-7.122644620853941,3.8948499237769165,0
0.36485567507039546,-0.07967048642862455,0.3748946844472309,-2.5092394508233684,-3.558663240747551,-0.0009068365505875454,4.466382418511229,-0.0036879203603096067,-10.22166162816697,12.6248379608512,-7.122644620853941,3.8948499237769165,0
0.36485567507039546,-0.07967048642862455,0.3748946844472309,-2.5092394508233684,-3.558663240747551,-0.0009068365505875454,4.466382418511229,-0.0036879203603096067,-10.22166162816697,12.6248379608512,-7.122644620853941,3.8948499237769165,0
0.36485567507039546,-0.07967048642862455,0.3748946844472309,-2.5092394508233684,-3.558663240747551,-0.0009068365505875454,4.466382418511229,-0.0036879203603096067,-10.22166162816697,12.6248379608512,-7.122644620853941,3.8948499237769165,0
0.36485567507039546,-0.07967048642862455,0.3748946844472309,-2.5092394508233684,-3.558663240747551,-0.0009068365505875454,4.466382418511229,-0.0036879203603096067,-10.22166162816697,12.6248379608512,-7.122644620853941,3.8948499237769165,0
0.36485567507039546,-0.07967048642862455,0.3748946844472309,-2.5092394508233684,-3.558663240747551,-0.0009068365505875454,4.466382418511229,-0.0036879203603096067,-10.22166162816697,12.6248379608512,-7.122644620853941,3.8948499237769165,0
0.36485567507039546,-0.07967048642862455,0.3748946844472309,-2.5092394508233684,-3.558663240747551,-0.0009068365505875454,4.466382418511229,-0.0036879203603096067,-10.22166162816697,12.6248379608512,-7.122644620853941,3.8948499237769165,0
0.36485567507039546,-0.07967048642862455,0.3748946844472309,-2.5092394508233684,-3.558663240747551,-0.0009068365505875454,4.466382418511229,-0.0036879203603096067,-10.22166162816697,12.6248379608512,-7.122644620853941,3.8948499237769165,0
0.36485567507039546,-0.07967048642862455,0.3748946844472309,-2.5092394508233684,-3.558663240747551,-0.0009068365505875454,4.466382418511229,-0.0036879203603096067,-10.22166162816697,12.6248379608512,-7.122644620853941,3.8948499237769165,0
0.36485567507039546,-0.07967048642862455,0.3748946844472309,-2.5092394508233684,-3.558663240747551,-0.0009068365505875454,4.466382418511229,-0.0036879203603096067,-10.22166162816697,12.6248379608512,-7.122644620853941,3.8948499237769165,0
0.36485567507039546,-0.07967048642862455,0.3748946844472309,-2.5092394508233684,-3.558663240747551,-0.0009068365505875454,4.466382418511229,-0.0036879203603096067,-10.22166162816697,12.6248379608512,-7.122644620853941,3.8948499237769165,0
0.36485567507039546,-0.07967048642862455,0.3748946844472309,-2.5092394508233684,-3.558663240747551,-0.0009068365505875454,4.466382418511229,-0.0036879203603096067,-10.22166162816697,12.6248379608512,-7.122644620853941,3.8948499237769165,0
0.36485567507039546,-0.07967048642862455,0.3748946844472309,-2.5092394508233684,-3.558663240747551,-0.0009068365505875454,4.466382418511229,-0.0036879203603096067,-10.22166162816697,12.6248379608512,-7.122644620853941,3.8948499237769165,0
0.36485567507039546,-0.07967048642862455,0.3748946844472309,-2.5092394508233684,-3.558663240747551,-0.0009068365505875454,4.466382418511229,-0.0036879203603096067,-10.22166162816697,12.6248379608512,-7.122644620853941,3.8948499237769165,0
0.36485567507039546,-0.07967048642862455,0.3748946844472309,-2.5092394508233684,-3.558663240747551,-0.0009068365505875454,4.466382418511229,-0.0036879203603096067,-10.22166162816697,12.6248379608512,-7.122644620853941,3.8948499237769165,0
0.36485567507039546,-0.07967048642862455,0.3748946844472309,-2.5092394508233684,-3.558663240747551,-0.0009068365505875454,4.466382418511229,-0.0036879203603096067,-10.22166162816697,12.6248379608512,-7.122644620853941,3.8948499237769165,0
0.36485567507039546,-0.07967048642862455,0.3748946844472309,-2.5092394508233684,-3.558663240747551,-0.0009068365505875454,4.466382418511229,-0.0036879203603096067,-10.22166162816697,12.6248379608512,-7.122644620853941,3.8948499237769165,0
0.36485567507039546,-0.07967048642862455,0.3748946844472309,-2.5092394508233684,-3.558663240747551,-0.0009068365505875454,4.466382418511229,-0.0036879203603096067,-10.22166162816697,12.6248379608512,-7.122644620853941,3.8948499237769165,0
0.36485567507039546,-0.07967048642862455,0.3748946844472309,-2.5092394508233684,-3.558663240747551,-0.0009068365505875454,4.466382418511229,-0.0036879203603096067,-10.22166162816697,12.6248379608512,-7.122644620853941,3.8948499237769165,0
0.36485567507039546,-0.07967048642862455,0.3748946844472309,-2.5092394508233684,-3.558663240747551,-0.0009068365505875454,4.466382418511229,-0.0036879203603096067,-10.22166162816697,12.6248379608512,-7.122644620853941,3.8948499237769165,0
0.36485567507039546,-0.07967048642862455,0.3748946844472309,-2.5092394508233684,-3.558663240747551,-0.0009068365505875454,4.466382418511229,-0.0036879203603096067,-10.22166162816697,12.6248379608512,-7.122644620853941,3.8948499237769165,0
0.36485567507039546,-0.07967048642862455,0.3748946844472309,-2.5092394508233684,-3.558663240747551,-0.0009068365505875454,4.466382418511229,-0.0036879203603096067,-10.22166162816697,12.6248379608512,-7.122644620853941,3.8948499237769165,0
0.36485567507039546,-0.07967048642862455,0.3748946844472309,-2.5092394508233684,-3.558663240747551,-0.0009068365505875454,4.466382418511229,-0.0036879203603096067,-10.22166162816697,12.6248379608512,-7.122644620853941,3.8948499237769165,0
0.36485567507039546,-0.07967048642862455,0.3748946844472309,-2.5092394508233684,-3.558663240747551,-0.0009068365505875454,4.466382418511229,-0.0036879203603096067,-10.22166162816697,12.6248379608512,-7.122644620853941,3.8948499237769165,0
0.36485567507039546,-0.07967048642862455,0.3748946844472309,-2.5092394508233684,-3.558663240747551,-0.0009068365505875454,4.466382418511229,-0.0036879203603096067,-10.22166162816697,12.6248379608512,-7.122644620853941,3.8948499237769165,0
0.36485567507039546,-0.07967048642862455,0.3748946844472309,-2.5092394508233684,-3.558663240747551,-0.0009068365505875454,4.466382418511229,-0.0036879203603096067,-10.22166162816697,12.6248379608512,-7.122644620853941,3.8948499237769165,0
0.36485567507039546,-0.07967048642862455,0.3748946844472309,-2.5092394508233684,-3.558663240747551,-0.0009068365505875454,4.466382418511229,-0.0036879203603096067,-10.22166162816697,12.6248379608512,-7.122644620853941,3.8948499237769165,0
0.36485567507039546,-0.07967048642862455,0.3748946844472309,-2.5092394508233684,-3.558663240747551,-0.0009068365505875454,4.466382418511229,-0.0036879203603096067,-10.22166162816697,12.6248379608512,-7.122644620853941,3.8948499237769165,0
0.36485567507039546,-0.07967048642862455,0.3748946844472309,-2.5092394508233684,-3.558663240747551,-0.0009068365505875454,4.466382418511229,-0.0036879203603096067,-10.22166162816697,12.6248379608512,-7.122644620853941,3.8948499237769165,0
0.36485567507039546,-0.07967048642862455,0.3748946844472309,-2.5092394508233684,-3.558663240747551,-0.0009068365505875454,4.466382418511229,-0.0036879203603096067,-10.22166162816697,12.6248379608512,-7.122644620853941,3.8948499237769165,0
0.36485567507039546,-0.07967048642862455,0.3748946844472309,-2.5092394508233684,-3.558663240747551,-0.0009068365505875454,4.466382418511229,-0.0036879203603096067,-10.22166162816697,12.6248379608512,-7.122644620853941,3.8948499237769165,0
0.36485567507039546,-0.07967048642862455,0.3748946844472309,-2.5092394508233684,-3.558663240747551,-0.0009068365505875454,4.466382418511229,-0.0036879203603096067,-10.22166162816697,12.6248379608512,-7.122644620853941,3.8948499237769165,0
0.36485567507039546,-0.07967048642862455,0.3748946844472309,-2.5092394508233684,-3.558663240747551,-0.0009068365505875454,4.466382418511229,-0.0036879203603096067,-10.22166162816697,12.6248379608512,-7.122644620853941,3.8948499237769165,0
0.36485567507039546,-0.07967048642862455,0.3748946844472309,-2.5092394508233684,-3.558663240747551,-0.0009068365505875454,4.466382418511229,-0.0036879203603096067,-10.22166162816697,12.6248379608512,-7.122644620853941,3.8948499237769165,0
0.36485567507039546,-0.07967048642862455,0.3748946844472309,-2.5092394508233684,-3.558663240747551,-0.0009068365505875454,4.466382418511229,-0.0036879203603096067,-10.22166162816697,12.6248379608512,-7.122644620853941,3.8948499237769165,0
0.36485567507039546,-0.07967048642862455,0.3748946844472309,-2.5092394508233684,-3.558663240747551,-0.0009068365505875454,4.466382418511229,-0.0036879203603096067,-10.22166162816697,12.6248379608512,-7.122644620853941,3.8948499237769165,0
0.36485567507039546,-0.07967048642862455,0.3748946844472309,-2.5092394508233684,-3.558663240747551,-0.0009068365505875454,4.466382418511229,-0.0036879203603096067,-10.22166162816697,12.6248379608512,-7.122644620853941,3.8948499237769165,0
0.36485567507039546,-0.07967048642862455,0.3748946844472309,-2.5092394508233684,-3.558663240747551,-0.0009068365505875454,4.466382418511229,-0.0036879203603096067,-10.22166162816697,12.6248379608512,-7.122644620853941,3.8948499237769165,0
0.36485567507039546,-0.07967048642862455,0.3748946844472309,-2.5092394508233684,-3.558663240747551,-0.0009068365505875454,4.466382418511229,-0.0036879203603096067,-10.22166162816697,12.6248379608512,-7.122644620853941,3.8948499237769165,0
0.36485567507039546,-0.07967048642862455,0.3748946844472309,-2.5092394508233684,-3.558663240747551,-0.0009068365505875454,4.466382418511229,-0.0036879203603096067,-10.22166162816697,12.6248379608512,-7.122644620853941,3.8948499237769165,0
0.36485567507039546,-0.07967048642862455,0.3748946844472309,-2.5092394508233684,-3.558663240747551,-0.0009068365505875454,4.466382418511229,-0.0036879203603096067,-10.22166162816697,12.6248379608512,-7.122644620853941,3.8948499237769165,0
0.36485567507039546,-0.07967048642862455,0.3748946844472309,-2.5092394508233684,-3.558663240747551,-0.0009068365505875454,4.466382418511229,-0.0036879203603096067,-10.22166162816697,12.6248379608512,-7.122644620853941,3.8948499237769165,0
0.36485567507039546,-0.07967048642862455,0.3748946844472309,-2.5092394508233684,-3.558663240747551,-0.0009068365505875454,4.466382418511229,-0.0036879203603096067,-10.22166162816697,12.6248379608512,-7.122644620853941,3.8948499237769165,0
0.36485567507039546,-0.07967048642862455,0.3748946844472309,-2.5092394508233684,-3.558663240747551,-0.0009068365505875454,4.466382418511229,-0.0036879203603096067,-10.22166162816697,12.6248379608512,-7.122644620853941,3.8948499237769165,0
0.36485567507039546,-0.07967048642862455,0.3748946844472309,-2.5092394508233684,-3.558663240747551,-0.0009068365505875454,4.466382418511229,-0.0036879203603096067,-10.22166162816697,12.6248379608512,-7.122644620853941,3.8948499237769165,0
0.36485567507039546,-0.07967048642862455,0.3748946844472309,-2.5092394508233684,-3.558663240747551,-0.0009068365505875454,4.466382418511229,-0.0036879203603096067,-10.22166162816697,12.6248379608512,-7.122644620853941,3.8948499237769165,0
0.36485567507039546,-0.07967048642862455,0.3748946844472309,-2.5092394508233684,-3.558663240747551,-0.0009068365505875454,4.466382418511229,-0.0036879203603096067,-10.22166162816697,12.6248379608512,-7.122644620853941,3.8948499237769165,0
0.36485567507039546,-0.07967048642862455,0.3748946844472309,-2.5092394508233684,-3.558663240747551,-0.0009068365505875454,4.466382418511229,-0.0036879203603096067,-10.22166162816697,12.6248379608512,-7.122644620853941,3.8948499237769165,0
0.36485567507039546,-0.07967048642862455,0.3748946844472309,-2.5092394508233684,-3.558663240747551,-0.0009068365505875454,4.466382418511229,-0.0036879203603096067,-10.22166162816697,12.6248379608512,-7.122644620853941,3.8948499237769165,0
0.36485567507039546,-0.07967048642862455,0.3748946844472309,-2.5092394508233684,-3.558663240747551,-0.0009068365505875454,4.466382418511229,-0.0036879203603096067,-10.22166162816697,12.6248379608512,-7.122644620853941,3.8948499237769165,0
0.36485567507039546,-0.07967048642862455,0.3748946844472309,-2.5092394508233684,-3.558663240747551,-0.0009068365505875454,4.466382418511229,-0.0036879203603096067,-10.22166162816697,12.6248379608512,-7.122644620853941,3.8948499237769165,0
0.36485567507039546,-0.07967048642862455,0.3748946844472309,-2.5092394508233684,-3.558663240747551,-0.0009068365505875454,4.466382418511229,-0.0036879203603096067,-10.22166162816697,12.6248379608512,-7.122644620853941,3.8948499237769165,0
0.36485567507039546,-0.07967048642862455,0.3748946844472309,-2.5092394508233684,-3.558663240747551,-0.0009068365505875454,4.466382418511229,-0.0036879203603096067,-10.22166162816697,12.6248379608512,-7.122644620853941,3.8948499237769165,0
0.36485567507039546,-0.07967048642862455,0.3748946844472309,-2.5092394508233684,-3.558663240747551,-0.0009068365505875454,4.466382418511229,-0.0036879203603096067,-10.22166162816697,12.6248379608512,-7.122644620853941,3.8948499237769165,0
0.36485567507039546,-0.07967048642862455,0.3748946844472309,-2.5092394508233684,-3.558663240747551,-0.0009068365505875454,4.466382418511229,-0.0036879203603096067,-10.22166162816697,12.6248379608512,-7.122644620853941,3.8948499237769165,0
0.36485567507039546,-0.07967048642862455,0.3748946844472309,-2.5092394508233684,-3.558663240747551,-0.0009068365505875454,4.466382418511229,-0.0036879203603096067,-10.22166162816697,12.6248379608512,-7.122644620853941,3.8948499237769165,0
0.36485567507039546,-0.07967048642862455,0.3748946844472309,-2.5092394508233684,-3.558663240747551,-0.0009068365505875454,4.466382418511229,-0.0036879203603096067,-10.22166162816697,12.6248379608512,-7.122644620853941,3.8948499237769165,0
0.36485567507039546,-0.07967048642862455,0.3748946844472309,-2.5092394508233684,-3.558663240747551,-0.0009068365505875454,4.466382418511229,-0.0036879203603096067,-10.22166162816697,12.6248379608512,-7.122644620853941,3.8948499237769165,0
0.36485567507039546,-0.07967048642862455,0.3748946844472309,-2.5092394508233684,-3.558663240747551,-0.0009068365505875454,4.466382418511229,-0.0036879203603096067,-10.22166162816697,12.6248379608512,-7.122644620853941,3.8948499237769165,0
0.36485567507039546,-0.07967048642862455,0.3748946844472309,-2.5092394508233684,-3.558663240747551,-0.0009068365505875454,4.466382418511229,-0.0036879203603096067,-10.22166162816697,12.6248379608512,-7.122644620853941,3.8948499237769165,0
0.36485567507039546,-0.07967048642862455,0.3748946844472309,-2.5092394508233684,-3.558663240747551,-0.0009068365505875454,4.466382418511229,-0.0036879203603096067,-10.22166162816697,12.6248379608512,-7.122644620853941,3.8948499237769165,0
0.36485567507039546,-0.07967048642862455,0.3748946844472309,-2.5092394508233684,-3.558663240747551,-0.0009068365505875454,4.466382418511229,-0.0036879203603096067,-10.22166162816697,12.6248379608512,-7.122644620853941,3.8948499237769165,0
0.36485567507039546,-0.07967048642862455,0.3748946844472309,-2.5092394508233684,-3.558663240747551,-0.0009068365505875454,4.466382418511229,-0.0036879203603096067,-10.22166162816697,12.6248379608512,-7.122644620853941,3.8948499237769165,0
0.36485567507039546,-0.07967048642862455,0.3748946844472309,-2.5092394508233684,-3.558663240747551,-0.0009068365505875454,4.466382418511229,-0.0036879203603096067,-10.22166162816697,12.6248379608512,-7.122644620853941,3.8948499237769165,0
0.36485567507039546,-0.07967048642862455,0.3748946844472309,-2.5092394508233684,-3.558663240747551,-0.0009068365505875454,4.466382418511229,-0.0036879203603096067,-10.22166162816697,12.6248379608512,-7.122644620853941,3.8948499237769165,0
0.36485567507039546,-0.07967048642862455,0.3748946844472309,-2.5092394508233684,-3.558663240747551,-0.0009068365505875454,4.466382418511229,-0.0036879203603096067,-10.22166162816697,12.6248379608512,-7.122644620853941,3.8948499237769165,0
0.36485567507039546,-0.07967048642862455,0.3748946844472309,-2.5092394508233684,-3.558663240747551,-0.0009068365505875454,4.466382418511229,-0.0036879203603096067,-10.22166162816697,12.6248379608512,-7.122644620853941,3.8948499237769165,0
0.36485567507039546,-0.07967048642862455,0.3748946844472309,-2.5092394508233684,-3.558663240747551,-0.0009068365505875454,4.466382418511229,-0.0036879203603096067,-10.22166162816697,12.6248379608512,-7.122644620853941,3.8948499237769165,0
0.36485567507039546,-0.07967048642862455,0.3748946844472309,-2.5092394508233684,-3.558663240747551,-0.0009068365505875454,4.466382418511229,-0.0036879203603096067,-10.22166162816697,12.6248379608512,-7.122644620853941,3.8948499237769165,0
0.36485567507039546,-0.07967048642862455,0.3748946844472309,-2.5092394508233684,-3.558663240747551,-0.0009068365505875454,4.466382418511229,-0.0036879203603096067,-10.22166162816697,12.6248379608512,-7.122644620853941,3.8948499237769165,0
0.36485567507039546,-0.07967048642862455,0.3748946844472309,-2.5092394508233684,-3.558663240747551,-0.0009068365505875454,4.466382418511229,-0.0036879203603096067,-10.22166162816697,12.6248379608512,-7.122644620853941,3.8948499237769165,0
0.36485567507039546,-0.07967048642862455,0.3748946844472309,-2.5092394508233684,-3.558663240747551,-0.0009068365505875454,4.466382418511229,-0.0036879203603096067,-10.22166162816697,12.6248379608512,-7.122644620853941,3.8948499237769165,0
0.36485567507039546,-0.07967048642862455,0.3748946844472309,-2.5092394508233684,-3.558663240747551,-0.0009068365505875454,4.466382418511229,-0.0036879203603096067,-10.22166162816697,12.6248379608512,-7.122644620853941,3.8948499237769165,0
0.36485567507039546,-0.07967048642862455,0.3748946844472309,-2.5092394508233684,-3.558663240747551,-0.0009068365505875454,4.466382418511229,-0.0036879203603096067,-10.22166162816697,12.6248379608512,-7.122644620853941,3.8948499237769165,0
0.36485567507039546,-0.07967048642862455,0.3748946844472309,-2.5092394508233684,-3.558663240747551,-0.0009068365505875454,4.466382418511229,-0.0036879203603096067,-10.22166162816697,12.6248379608512,-7.122644620853941,3.8948499237769165,0
0.36485567507039546,-0.07967048642862455,0.3748946844472309,-2.5092394508233684,-3.558663240747551,-0.0009068365505875454,4.466382418511229,-0.0036879203603096067,-10.22166162816697,12.6248379608512,-7.122644620853941,3.8948499237769165,0
0.36485567507039546,-0.07967048642862455,0.3748946844472309,-2.5092394508233684,-3.558663240747551,-0.0009068365505875454,4.466382418511229,-0.0036879203603096067,-10.22166162816697,12.6248379608512,-7.122644620853941,3.8948499237769165,0
0.36485567507039546,-0.07967048642862455,0.3748946844472309,-2.5092394508233684,-3.558663240747551,-0.0009068365505875454,4.466382418511229,-0.0036879203603096067,-10.22166162816697,12.6248379608512,-7.122644620853941,3.8948499237769165,0
0.36485567507039546,-0.07967048642862455,0.3748946844472309,-2.5092394508233684,-3.558663240747551,-0.0009068365505875454,4.466382418511229,-0.0036879203603096067,-10.22166162816697,12.6248379608512,-7.122644620853941,3.8948499237769165,0
0.36485567507039546,-0.07967048642862455,0.3748946844472309,-2.5092394508233684,-3.558663240747551,-0.0009068365505875454,4.466382418511229,-0.0036879203603096067,-10.22166162816697,12.6248379608512,-7.122644620853941,3.8948499237769165,0
0.36485567507039546,-0.07967048642862455,0.3748946844472309,-2.5092394508233684,-3.558663240747551,-0.0009068365505875454,4.466382418511229,-0.0036879203603096067,-10.22166162816697,12.6248379608512,-7.122644620853941,3.8948499237769165,0
0.36485567507039546,-0.07967048642862455,0.3748946844472309,-2.5092394508233684,-3.558663240747551,-0.0009068365505875454,4.466382418511229,-0.0036879203603096067,-10.22166162816697,12.6248379608512,-7.122644620853941,3.8948499237769165,0
0.36485567507039546,-0.07967048642862455,0.3748946844472309,-2.5092394508233684,-3.558663240747551,-0.0009068365505875454,4.466382418511229,-0.0036879203603096067,-10.22166162816697,12.6248379608512,-7.122644620853941,3.8948499237769165,0
0.3648458615294363,-0.07968063197172957,0.3748814047536276,-2.5092296372824094,-3.558729645871128,-0.0009070022663953499,4.466448989350614,-0.0036879203603096067,-10.221696415626957,12.624274175581482,-7.122838490977896,3.8944452211711673,0
0.36478057061713864,-0.07974813079084196,0.3747930543817805,-2.509164346370112,-3.5591714558904646,-0.0009081048547756925,4.466891901958331,-0.0036879203603096067,-10.221927820661255,12.620523271342488,-7.124128296064178,3.8917527169841573,0
0.36461356443515486,-0.07992076833567456,0.37456708800900196,-2.5089973401881283,-3.5603016728872063,-0.0009109260987220552,4.468024940199019,-0.0036879203603096024,-10.222519029061889,12.610929613688409,-7.1274267625727585,3.884866317438025,0
0.3644610754595185,-0.08016674853374961,0.37430919296434917,-2.5086923622368555,-3.562366183419602,-0.0009160824221606908,4.470094607054853,-0.0036879203603096045,-10.223595406231427,12.60092961368841,-7.133446992847138,3.874866317438025,0
0.3642264515317502,-0.08047107725948342,0.3740774402870015,-2.5082231143813187,-3.565544308059575,-0.0009240273997995567,4.473280676672465,-0.003687920360309604,-10.225242406525565,12.59092961368841,-7.14270074785208,3.8648663174380253,0
0.36398777674577193,-0.08079632169555406,0.373855104455876,-2.507573124661617,-3.5699500453674253,-0.0009350538329515898,4.4776974404134675,-0.0036879203603096063,-10.227504318727533,12.58092961368841,-7.15270074785208,3.8548663174380255,0
0.36376818719943654,-0.08113110145953242,0.3736370968315898,-2.506735351963396,-3.575634964417038,-0.0009492958695271048,4.483396601499656,-0.0036879203603096054,-10.23038499448845,12.57092961368841,-7.16270074785208,3.8448663174380258,0
0.3635666547463201,-0.08147489965337935,0.37342318628566534,-2.5057114539975953,-3.58259319531494,-0.0009667303094004754,4.490372266837431,-0.0036879203603095876,-10.23385110021899,12.56092961368841,-7.17270074785208,3.834866317438026,0
0.3633811798358636,-0.08182671743988539,0.3732129246487088,-2.504510726852438,-3.5907684489247966,-0.0009871747057638572,4.498567964843652,-0.003687920360309576,-10.237837808385242,12.55092961368841,-7.1827007478520795,3.824866317438026,0
0.3632090236698797,-0.08218518967565398,0.37300569856897015,-2.5031487923030804,-3.6000625670850486,-0.0010102783209273022,4.507885186619067,-0.0036879203603095967,-10.242256324267029,12.54092961368841,-7.192700747852079,3.8148663174380264,0
0.3630469688245742,-0.08254871454725388,0.372800787830769,-2.5016461498523137,-3.6100625670850484,-0.0010355007199992943,4.517885186619067,-0.003687920360309624,-10.247002335598177,12.53092961368841,-7.202700747852079,3.8048663174380266,0
0.36289168555558315,-0.08291563557655632,0.37259744730372546,-2.5000255853680224,-3.620062567085048,-0.0010624635608474998,4.527885186619066,-0.0036879203603095894,-10.251967888561415,12.520929613688411,-7.212700747852079,3.794866317438027,0
0.3627400667798107,-0.08328440794043575,0.3723949818892684,-2.498309493374672,-3.630062567085048,-0.0010915550604679123,4.537885186619066,-0.003687920360309606,-10.25705224825216,12.510929613688411,-7.222700747852079,3.784866317438027,0
0.3625891127176927,-0.08365354106762943,0.3721927208437306,-2.4965216632298364,-3.6400625670850477,-0.001123406894626018,4.547885186619066,-0.0036879203603095664,-10.262158158659282,12.500929613688411,-7.232700747852078,3.7748663174380273,0
0.36243604297817783,-0.0840216542340061,0.3719900428593963,-2.4946866751457826,-3.6500625670850475,-0.0011589735390911302,4.557885186619066,-0.0036879203603095794,-10.26719547657817,12.490929613688412,-7.242700747852078,3.7648663174380275,0
0.3622783822488252,-0.08438751903135402,0.3717863952029894,-2.492829351546812,-3.6600625670850473,-0.0011996255105890064,4.5678851866190655,-0.003687920360309541,-10.272083949773894,12.480929613688412,-7.252700747852078,3.7548663174380277,0
0.3621140194207879,-0.08475008863087236,0.37158130688255575,-2.490974255579951,-3.670062567085047,-0.001247240004195107,4.577885186619065,-0.0036879203603095503,-10.27675513387542,12.470929613688412,-7.262700747852078,3.744866317438028,0
0.3619412412240327,-0.08510851437909275,0.3713743960963509,-2.489145230550514,-3.680062567085047,-0.0013042574832385738,4.587885186619065,-0.00368792036030954,-10.28115348286483,12.460929613688412,-7.2727007478520775,3.734866317438028,0
0.36175874251859536,-0.08546215079475787,0.37116537245716713,-2.4873649756884024,-3.6900625670850467,-0.001373655393319387,4.597885186619065,-0.0036879203603095807,-10.285236682730652,12.450929613688412,-7.282700747852077,3.7248663174380283,0
0.36156561625650835,-0.08581055046674228,0.37095403467750715,-2.4856546549983913,-3.7000625670850464,-0.0014587767824002,4.607885186619065,-0.003687920360309575,-10.288975326022989,12.440929613688413,-7.292700747852077,3.7148663174380285,0
0.36136132678068444,-0.08615345067722999,0.3707402645428523,-2.484033537066394,-3.7100625670850462,-0.0015629533353763026,4.617885186619064,-0.003687920360309546,-10.292352046175225,12.430929613688413,-7.302700747852077,3.7048663174380287,0
0.3611456705548038,-0.08649075378728349,0.37052401809166025,-2.482518664659088,-3.720062567085046,-0.0016888926124970225,4.627885186619064,-0.003687920360309544,-10.29536024432562,12.420929613688413,-7.312700747852077,3.694866317438029,0
0.3609187286235515,-0.08682250352400382,0.37030531496295366,-2.4811245538331606,-3.729949895800176,-0.0018378670896933044,4.637885186619064,-0.0036879203603095638,-10.298002548028178,12.410929613688413,-7.3227007478520765,3.684866317438029,0
0.36068083229468195,-0.08714886783791675,0.37008423072504354,-2.4798626153965895,-3.738926193301267,-0.002009014006423293,4.647032631036885,-0.003687920360309566,-10.300289698629038,12.400929613688414,-7.332700747852076,3.6748663174380294,0
0.36043258904482744,-0.08747015164345168,0.3698609027302202,-2.4787394079422103,-3.7469341295132854,-0.0021996869340477378,4.655231240176528,-0.00368792036030958,-10.30224139116007,12.390929613688414,-7.342700747852076,3.6648663174380296,0
0.36017468441594813,-0.08778669841921201,0.3696354857111403,-2.4777590156928087,-3.7539353723842415,-0.002404208937431063,4.662437005050867,-0.003687920360309593,-10.303879851613246,12.380929613688414,-7.352700747852076,3.65486631743803,0
0.35990784894133054,-0.08809887375412004,0.3694081443985008,-2.476922972131413,-3.759911817622582,-0.002613948556149033,4.668623189907925,-0.003687920360309578,-10.305228764646696,12.370929613688414,-7.362700747852076,3.64486631743803,0
0.35963283638302324,-0.08840705451919385,0.3691790486723622,-2.476230131150581,-3.7648668199725828,-0.0028180541118088464,4.6737822978135855,-0.0036879203603095746,-10.30631256801947,12.360929613688414,-7.372700747852075,3.6348663174380302,0
0.3593560088233314,-0.08870884962540353,0.368947113209183,-2.4756764760311976,-3.7688264594024656,-0.0030048429774576853,4.677928726109117,-0.0036879203603095837,-10.307156133040822,12.350929613688415,-7.382519353756067,3.6248663174380304,0
0.35914519979690346,-0.08897140556758959,0.3686974238887473,-2.4752548579783418,-3.7718409596368447,-0.0031636506734264783,4.681102034039466,-0.0036879203603095863,-10.307784845278327,12.340929613688415,-7.389982716534606,3.6148663174380307,0
0.3589950999060312,-0.08919815371082906,0.3684315059306131,-2.474954658196597,-3.7739864474298335,-0.0032867747852933513,4.683370645944321,-0.0036879203603095876,-10.308225093101997,12.330929613688415,-7.3952893608202395,3.604866317438031,0
0.3588233784897075,-0.0893766369621539,0.3681885764131627,-2.4747613712345626,-3.7753672608396465,-0.003371074243408932,4.68483575881225,-0.0036879203603095885,-10.308505159080216,12.320929613688415,-7.398702710183016,3.5973004231300716,0
0.3587181206676425,-0.0894764486522908,0.3680505001555385,-2.4746561134124976,-3.7761189548074374,-0.0034188565629883223,4.68563523509962,-0.003687920360309589,-10.308656485203022,12.315104376633613,-7.400560321000349,3.5931814707697973,0
0.35867707681523947,-0.08951536330403136,0.3679966675065182,-2.4746150695600946,-3.776412006954357,-0.0034379035321672005,4.685947334215719,-0.0036879203603095894,-10.308715240431352,12.312833157207637,-7.401284418678162,3.5915755937933023,0
0.35867091233243514,-0.08952120767134865,0.3679885827273892,-2.4746089050772904,-3.776456017424722,-0.0034407891022040426,4.685994230256121,-0.0036879203603095894,-10.308724050256627,12.312492051637616,-7.401393158014159,3.591334417734004,0
