1.0,0.0,0.0,0.0,1.0,0.0,0.0,0.0,1.0,0.5,0.0,0.5,0.0
1.0,0.0,0.0,0.0,1.0,0.0,0.0,0.0,1.0,0.499999974832141,0.0,0.4999999848992846,0.0
1.0,0.0,0.0,0.0,1.0,0.0,0.0,0.0,1.0,0.4999997991754288,0.0,0.49999987950525726,0.0
1.0,0.0,0.0,0.0,1.0,0.0,0.0,0.0,1.0,0.4999993239639334,0.0,0.49999959437836,0.0
1.0,0.0,0.0,0.0,1.0,0.0,0.0,0.0,1.0,0.4999984016791448,0.0,0.4999990410074869,0.0
1.0,0.0,0.0,0.0,1.0,0.0,0.0,0.0,1.0,0.49999688634462836,0.0,0.499998131806777,0.0
1.0,0.0,0.0,0.0,1.0,0.0,0.0,0.0,1.0,0.4999946335206794,0.0,0.49999678011240767,0.0
1.0,0.0,0.0,0.0,1.0,0.0,0.0,0.0,1.0,0.49999150029897815,0.0,0.49999490017938686,0.0
1.0,0.0,0.0,0.0,1.0,0.0,0.0,0.0,1.0,0.4999873452972445,0.0,0.4999924071783467,0.0
1.0,0.0,0.0,0.0,1.0,0.0,0.0,0.0,1.0,0.4999820286538929,0.0,0.49998921719233574,0.0
1.0,0.0,0.0,0.0,1.0,0.0,0.0,0.0,1.0,0.49997541202268736,0.0,0.4999852472136124,0.0
1.0,0.0,0.0,0.0,1.0,0.0,0.0,0.0,1.0,0.49996735856739616,0.0,0.4999804151404377,0.0
1.0,0.0,0.0,0.0,1.0,0.0,0.0,0.0,1.0,0.4999577329564465,0.0,0.4999746397738679,0.0
1.0,0.0,0.0,0.0,1.0,0.0,0.0,0.0,1.0,0.49994640135757984,0.0,0.4999678408145479,0.0
1.0,0.0,0.0,0.0,1.0,0.0,0.0,0.0,1.0,0.49993323143250634,0.0,0.4999599388595038,0.0
1.0,0.0,0.0,0.0,1.0,0.0,0.0,0.0,1.0,0.49991809233155987,0.0,0.4999508553989359,0.0
1.0,0.0,0.0,0.0,1.0,0.0,0.0,0.0,1.0,0.4999008546883528,0.0,0.49994051281301166,0.0
1.0,0.0,0.0,0.0,1.0,0.0,0.0,0.0,1.0,0.499881390614431,0.0,0.4999288343686586,0.0
1.0,0.0,0.0,0.0,1.0,0.0,0.0,0.0,1.0,0.49985957369392847,0.0,0.4999157442163571,0.0
1.0,0.0,0.0,0.0,1.0,0.0,0.0,0.0,1.0,0.49983527897822244,0.0,0.49990116738693346,0.0
1.0,0.0,0.0,0.0,1.0,0.0,0.0,0.0,1.0,0.499808382980588,0.0,0.4998850297883528,0.0
1.0,0.0,0.0,0.0,1.0,0.0,0.0,0.0,1.0,0.49977876367085305,0.0,0.4998672582025118,0.0
1.0,0.0,0.0,0.0,1.0,0.0,0.0,0.0,1.0,0.49974630047005314,0.0,0.49984778028203186,0.0
1.0,0.0,0.0,0.0,1.0,0.0,0.0,0.0,1.0,0.49971087424508637,0.0,0.49982652454705184,0.0
1.0,0.0,0.0,0.0,1.0,0.0,0.0,0.0,1.0,0.49967236730336817,0.0,0.4998034203820209,0.0
1.0,0.0,0.0,0.0,1.0,0.0,0.0,0.0,1.0,0.49963066338748624,0.0,0.49977839803249174,0.0
1.0,0.0,0.0,0.0,1.0,0.0,0.0,0.0,1.0,0.49958564766985525,0.0,0.49975138860191315,0.0
1.0,0.0,0.0,0.0,1.0,0.0,0.0,0.0,1.0,0.49953720674737184,0.0,0.4997223240484231,0.0
1.0,0.0,0.0,0.0,1.0,0.0,0.0,0.0,1.0,0.4994852286360694,0.0,0.49969113718164165,0.0
1.0,0.0,0.0,0.0,1.0,0.0,0.0,0.0,1.0,0.499429602765773,0.0,0.4996577616594638,0.0
1.0,0.0,0.0,0.0,1.0,0.0,0.0,0.0,1.0,0.49937021997475406,0.0,0.49962213198485245,0.0
1.0,0.0,0.0,0.0,1.0,0.0,0.0,0.0,1.0,0.49930697250438544,0.0,0.4995841835026313,0.0
1.0,0.0,0.0,0.0,1.0,0.0,0.0,0.0,1.0,0.49923975399379616,0.0,0.4995438523962777,0.0
1.0,0.0,0.0,0.0,1.0,0.0,0.0,0.0,1.0,0.4991684594745262,0.0,0.4995010756847157,0.0
1.0,0.0,0.0,0.0,1.0,0.0,0.0,0.0,1.0,0.4990929853651815,0.0,0.4994557912191089,0.0
1.0,0.0,0.0,0.0,1.0,0.0,0.0,0.0,1.0,0.49901322946608867,0.0,0.4994079376796532,0.0
1.0,0.0,0.0,0.0,1.0,0.0,0.0,0.0,1.0,0.49892909095394994,0.0,0.49935745457236996,0.0
1.0,0.0,0.0,0.0,1.0,0.0,0.0,0.0,1.0,0.49884047037649804,0.0,0.49930428222589884,0.0
1.0,0.0,0.0,0.0,1.0,0.0,0.0,0.0,1.0,0.4987472696471508,0.0,0.4992483617882905,0.0
1.0,0.0,0.0,0.0,1.0,0.0,0.0,0.0,1.0,0.49864939203966646,0.0,0.4991896352237999,0.0
1.0,0.0,0.0,0.0,1.0,0.0,0.0,0.0,1.0,0.498546742182798,0.0,0.4991280453096788,0.0
1.0,0.0,0.0,0.0,1.0,0.0,0.0,0.0,1.0,0.4984392260549484,0.0,0.499063535632969,0.0
1.0,0.0,0.0,0.0,1.0,0.0,0.0,0.0,1.0,0.49832675097882523,0.0,0.4989960505872951,0.0
1.0,0.0,0.0,0.0,1.0,0.0,0.0,0.0,1.0,0.4982092256160957,0.0,0.49892553536965745,0.0
1.0,0.0,0.0,0.0,1.0,0.0,0.0,0.0,1.0,0.4980865599620415,0.0,0.4988519359772249,0.0
1.0,0.0,0.0,0.0,1.0,0.0,0.0,0.0,1.0,0.4979586653402133,0.0,0.498775199204128,0.0
1.0,0.0,0.0,0.0,1.0,0.0,0.0,0.0,1.0,0.4978254543970862,0.0,0.4986952726382517,0.0
1.0,0.0,0.0,0.0,1.0,0.0,0.0,0.0,1.0,0.49768684109671396,0.0,0.49861210465802835,0.0
1.0,0.0,0.0,0.0,1.0,0.0,0.0,0.0,1.0,0.4975427407153844,0.0,0.49852564442923064,0.0
1.0,0.0,0.0,0.0,1.0,0.0,0.0,0.0,1.0,0.4973930698362738,0.0,0.49843584190176426,0.0
1.0,0.0,0.0,0.0,1.0,0.0,0.0,0.0,1.0,0.49723774634410217,0.0,0.4983426478064613,0.0
1.0,0.0,0.0,0.0,1.0,0.0,0.0,0.0,1.0,0.49707668941978767,0.0,0.4982460136518726,0.0
1.0,0.0,0.0,0.0,1.0,0.0,0.0,0.0,1.0,0.4969098195351018,0.0,0.4981458917210611,0.0
1.0,0.0,0.0,0.0,1.0,0.0,0.0,0.0,1.0,0.49673705844732413,0.0,0.49804223506839446,0.0
1.0,0.0,0.0,0.0,1.0,0.0,0.0,0.0,1.0,0.49655832919389714,0.0,0.4979349975163383,0.0
1.0,0.0,0.0,0.0,1.0,0.0,0.0,0.0,1.0,0.496373556087081,0.0,0.4978241336522486,0.0
1.0,0.0,0.0,0.0,1.0,0.0,0.0,0.0,1.0,0.4961826647086087,0.0,0.49770959882516524,0.0
1.0,0.0,0.0,0.0,1.0,0.0,0.0,0.0,1.0,0.4959855819043405,0.0,0.4975913491426043,0.0
1.0,0.0,0.0,0.0,1.0,0.0,0.0,0.0,1.0,0.4957822357789191,0.0,0.49746934146735144,0.0
1.0,0.0,0.0,0.0,1.0,0.0,0.0,0.0,1.0,0.4955725556904244,0.0,0.49734353341425463,0.0
1.0,0.0,0.0,0.0,1.0,0.0,0.0,0.0,1.0,0.49535647224502827,0.0,0.49721388334701694,0.0
1.0,0.0,0.0,0.0,1.0,0.0,0.0,0.0,1.0,0.4951339172916495,0.0,0.4970803503749897,0.0
1.0,0.0,0.0,0.0,1.0,0.0,0.0,0.0,1.0,0.49490482391660867,0.0,0.4969428943499652,0.0
1.0,0.0,0.0,0.0,1.0,0.0,0.0,0.0,1.0,0.4946691264382828,0.0,0.4968014758629697,0.0
1.0,0.0,0.0,0.0,1.0,0.0,0.0,0.0,1.0,0.4944267604017606,0.0,0.49665605624105635,0.0
1.0,0.0,0.0,0.0,1.0,0.0,0.0,0.0,1.0,0.4941776625734968,0.0,0.4965065975440981,0.0
1.0,0.0,0.0,0.0,1.0,0.0,0.0,0.0,1.0,0.4939217709359675,0.0,0.4963530625615805,0.0
1.0,0.0,0.0,0.0,1.0,0.0,0.0,0.0,1.0,0.49365902468232464,0.0,0.4961954148093948,0.0
1.0,0.0,0.0,0.0,1.0,0.0,0.0,0.0,1.0,0.4933893642110512,0.0,0.4960336185266307,0.0
1.0,0.0,0.0,0.0,1.0,0.0,0.0,0.0,1.0,0.4931127311206156,0.0,0.4958676386723693,0.0
1.0,0.0,0.0,0.0,1.0,0.0,0.0,0.0,1.0,0.49282906820412703,0.0,0.4956974409224762,0.0
1.0,0.0,0.0,0.0,1.0,0.0,0.0,0.0,1.0,0.49253831944399007,0.0,0.495522991666394,0.0
1.0,0.0,0.0,0.0,1.0,0.0,0.0,0.0,1.0,0.4922404300065594,0.0,0.49534425800393567,0.0
1.0,0.0,0.0,0.0,1.0,0.0,0.0,0.0,1.0,0.4919353462367951,0.0,0.49516120774207706,0.0
1.0,0.0,0.0,0.0,1.0,0.0,0.0,0.0,1.0,0.49162301565291683,0.0,0.4949738093917501,0.0
1.0,0.0,0.0,0.0,1.0,0.0,0.0,0.0,1.0,0.49130338694105946,0.0,0.4947820321646357,0.0
1.0,0.0,0.0,0.0,1.0,0.0,0.0,0.0,1.0,0.49097640994992725,0.0,0.49458584596995636,0.0
1.0,0.0,0.0,0.0,1.0,0.0,0.0,0.0,1.0,0.4906420356854492,0.0,0.4943852214112695,0.0
1.0,0.0,0.0,0.0,1.0,0.0,0.0,0.0,1.0,0.49030021630543336,0.0,0.49418012978326004,0.0
1.0,0.0,0.0,0.0,1.0,0.0,0.0,0.0,1.0,0.48995090511422235,0.0,0.4939705430685334,0.0
1.0,0.0,0.0,0.0,1.0,0.0,0.0,0.0,1.0,0.4895940565573477,0.0,0.4937564339344086,0.0
1.0,0.0,0.0,0.0,1.0,0.0,0.0,0.0,1.0,0.4892296262161849,0.0,0.4935377757297109,0.0
1.0,0.0,0.0,0.0,1.0,0.0,0.0,0.0,1.0,0.4888575708026082,0.0,0.4933145424815649,0.0
1.0,0.0,0.0,0.0,1.0,0.0,0.0,0.0,1.0,0.48847784815364553,0.0,0.4930867088921873,0.0
1.0,0.0,0.0,0.0,1.0,0.0,0.0,0.0,1.0,0.4880904172261333,0.0,0.49285425033568,0.0
1.0,0.0,0.0,0.0,1.0,0.0,0.0,0.0,1.0,0.4876952380913711,0.0,0.49261714285482266,0.0
1.0,0.0,0.0,0.0,1.0,0.0,0.0,0.0,1.0,0.487292271929777,0.0,0.4923753631578662,0.0
1.0,0.0,0.0,0.0,1.0,0.0,0.0,0.0,1.0,0.4868814810255419,0.0,0.4921288886153251,0.0
1.0,0.0,0.0,0.0,1.0,0.0,0.0,0.0,1.0,0.4864628287612846,0.0,0.4918776972567708,0.0
1.0,0.0,0.0,0.0,1.0,0.0,0.0,0.0,1.0,0.4860362796127068,0.0,0.4916217677676241,0.0
1.0,0.0,0.0,0.0,1.0,0.0,0.0,0.0,1.0,0.48560179914324764,0.0,0.4913610794859486,0.0
1.0,0.0,0.0,0.0,1.0,0.0,0.0,0.0,1.0,0.4851593539987388,0.0,0.49109561239924326,0.0
1.0,0.0,0.0,0.0,1.0,0.0,0.0,0.0,1.0,0.48470891190205917,0.0,0.4908253471412355,0.0
1.0,0.0,0.0,0.0,1.0,0.0,0.0,0.0,1.0,0.4842504416477899,0.0,0.49055026498867393,0.0
1.0,0.0,0.0,0.0,1.0,0.0,0.0,0.0,1.0,0.4837839130968691,0.0,0.49027034785812146,0.0
1.0,0.0,0.0,0.0,1.0,0.0,0.0,0.0,1.0,0.4833092971712467,0.0,0.489985578302748,0.0
1.0,0.0,0.0,0.0,1.0,0.0,0.0,0.0,1.0,0.48282656584853945,0.0,0.4896959395091237,0.0
1.0,0.0,0.0,0.0,1.0,0.0,0.0,0.0,1.0,0.4823356921566856,0.0,0.4894014152940114,0.0
1.0,0.0,0.0,0.0,1.0,0.0,0.0,0.0,1.0,0.4818366501685997,0.0,0.48910199010115984,0.0
1.0,0.0,0.0,0.0,1.0,0.0,0.0,0.0,1.0,0.4813294149968278,0.0,0.4887976489980967,0.0
1.0,0.0,0.0,0.0,1.0,0.0,0.0,0.0,1.0,0.4808139627882019,0.0,0.48848837767292114,0.0
1.0,0.0,0.0,0.0,1.0,0.0,0.0,0.0,1.0,0.480290270718495,0.0,0.488174162431097,0.0
1.0,0.0,0.0,0.0,1.0,0.0,0.0,0.0,1.0,0.479758316987076,0.0,0.4878549901922456,0.0
1.0,0.0,0.0,0.0,1.0,0.0,0.0,0.0,1.0,0.47921808081156436,0.0,0.4875308484869386,0.0
1.0,0.0,0.0,0.0,1.0,0.0,0.0,0.0,1.0,0.47866954242248516,0.0,0.4872017254534911,0.0
1.0,0.0,0.0,0.0,1.0,0.0,0.0,0.0,1.0,0.47811268305792376,0.0,0.4868676098347543,0.0
1.0,0.0,0.0,0.0,1.0,0.0,0.0,0.0,1.0,0.47754748495818095,0.0,0.4865284909749086,0.0
1.0,0.0,0.0,0.0,1.0,0.0,0.0,0.0,1.0,0.4769739313604274,0.0,0.48618435881625643,0.0
1.0,0.0,0.0,0.0,1.0,0.0,0.0,0.0,1.0,0.4763920064933587,0.0,0.48583520389601526,0.0
1.0,0.0,0.0,0.0,1.0,0.0,0.0,0.0,1.0,0.4758016955718505,0.0,0.4854810173431103,0.0
1.0,0.0,0.0,0.0,1.0,0.0,0.0,0.0,1.0,0.47520298479161277,0.0,0.48512179087496765,0.0
1.0,0.0,0.0,0.0,1.0,0.0,0.0,0.0,1.0,0.4745958613238451,0.0,0.4847575167943071,0.0
1.0,0.0,0.0,0.0,1.0,0.0,0.0,0.0,1.0,0.4739803133098916,0.0,0.48438818798593497,0.0
1.0,0.0,0.0,0.0,1.0,0.0,0.0,0.0,1.0,0.47335632985589526,0.0,0.48401379791353716,0.0
1.0,0.0,0.0,0.0,1.0,0.0,0.0,0.0,1.0,0.4727239010274533,0.0,0.483634340616472,0.0
1.0,0.0,0.0,0.0,1.0,0.0,0.0,0.0,1.0,0.4720830178442718,0.0,0.4832498107065631,0.0
1.0,0.0,0.0,0.0,1.0,0.0,0.0,0.0,1.0,0.47143367227482064,0.0,0.4828602033648924,0.0
1.0,0.0,0.0,0.0,1.0,0.0,0.0,0.0,1.0,0.4707758572309883,0.0,0.48246551433859297,0.0
1.0,0.0,0.0,0.0,1.0,0.0,0.0,0.0,1.0,0.4701095665627366,0.0,0.48206573993764196,0.0
1.0,0.0,0.0,0.0,1.0,0.0,0.0,0.0,1.0,0.4694347950527558,0.0,0.4816608770316535,0.0
1.0,0.0,0.0,0.0,1.0,0.0,0.0,0.0,1.0,0.46875153841111933,0.0,0.4812509230466716,0.0
1.0,0.0,0.0,0.0,1.0,0.0,0.0,0.0,1.0,0.46805979326993846,0.0,0.4808358759619631,0.0
1.0,0.0,0.0,0.0,1.0,0.0,0.0,0.0,1.0,0.4673595571780176,0.0,0.48041573430681056,0.0
1.0,0.0,0.0,0.0,1.0,0.0,0.0,0.0,1.0,0.46665082859550855,0.0,0.47999049715730513,0.0
1.0,0.0,0.0,0.0,1.0,0.0,0.0,0.0,1.0,0.465933606888566,0.0,0.4795601641331396,0.0
1.0,0.0,0.0,0.0,1.0,0.0,0.0,0.0,1.0,0.46520789232400184,0.0,0.4791247353944011,0.0
1.0,0.0,0.0,0.0,1.0,0.0,0.0,0.0,1.0,0.46447368606394035,0.0,0.4786842116383642,0.0
1.0,0.0,0.0,0.0,1.0,0.0,0.0,0.0,1.0,0.46373099016047287,0.0,0.4782385940962837,0.0
1.0,0.0,0.0,0.0,1.0,0.0,0.0,0.0,1.0,0.46297980755031276,0.0,0.47778788453018767,0.0
1.0,0.0,0.0,0.0,1.0,0.0,0.0,0.0,1.0,0.46222014204945017,0.0,0.47733208522967013,0.0
1.0,0.0,0.0,0.0,1.0,0.0,0.0,0.0,1.0,0.46145199834780704,0.0,0.4768711990086842,0.0
1.0,0.0,0.0,0.0,1.0,0.0,0.0,0.0,1.0,0.46067538200389163,0.0,0.47640522920233497,0.0
1.0,0.0,0.0,0.0,1.0,0.0,0.0,0.0,1.0,0.4598902994394538,0.0,0.4759341796636723,0.0
1.0,0.0,0.0,0.0,1.0,0.0,0.0,0.0,1.0,0.45909675793413957,0.0,0.47545805476048375,0.0
1.0,0.0,0.0,0.0,1.0,0.0,0.0,0.0,1.0,0.458294765620146,0.0,0.4749768593720876,0.0
1.0,0.0,0.0,0.0,1.0,0.0,0.0,0.0,1.0,0.45748433147687617,0.0,0.4744905988861257,0.0
1.0,0.0,0.0,0.0,1.0,0.0,0.0,0.0,1.0,0.45666546532559393,0.0,0.47399927919535634,0.0
1.0,0.0,0.0,0.0,1.0,0.0,0.0,0.0,1.0,0.45583817782407876,0.0,0.4735029066944473,0.0
1.0,0.0,0.0,0.0,1.0,0.0,0.0,0.0,1.0,0.45500248046128067,0.0,0.4730014882767684,0.0
1.0,0.0,0.0,0.0,1.0,0.0,0.0,0.0,1.0,0.454158385551975,0.0,0.472495031331185,0.0
1.0,0.0,0.0,0.0,1.0,0.0,0.0,0.0,1.0,0.4533059062314173,0.0,0.4719835437388504,0.0
1.0,0.0,0.0,0.0,1.0,0.0,0.0,0.0,1.0,0.4524450564499981,0.0,0.4714670338699989,0.0
1.0,0.0,0.0,0.0,1.0,0.0,0.0,0.0,1.0,0.45157585096789804,0.0,0.4709455105807388,0.0
1.0,0.0,0.0,0.0,1.0,0.0,0.0,0.0,1.0,0.45069830534974226,0.0,0.4704189832098453,0.0
1.0,0.0,0.0,0.0,1.0,0.0,0.0,0.0,1.0,0.4498124359592557,0.0,0.46988746157555344,0.0
1.0,0.0,0.0,0.0,1.0,0.0,0.0,0.0,1.0,0.44891825995391776,0.0,0.46935095597235066,0.0
1.0,0.0,0.0,0.0,1.0,0.0,0.0,0.0,1.0,0.448015795279617,0.0,0.46880947716777016,0.0
1.0,0.0,0.0,0.0,1.0,0.0,0.0,0.0,1.0,0.44710506066530625,0.0,0.46826303639918376,0.0
1.0,0.0,0.0,0.0,1.0,0.0,0.0,0.0,1.0,0.4461860756176574,0.0,0.46771164537059445,0.0
1.0,0.0,0.0,0.0,1.0,0.0,0.0,0.0,1.0,0.4452588604157162,0.0,0.46715531624942974,0.0
1.0,0.0,0.0,0.0,1.0,0.0,0.0,0.0,1.0,0.444323436105557,0.0,0.4665940616633342,0.0
1.0,0.0,0.0,0.0,1.0,0.0,0.0,0.0,1.0,0.44337982449493796,0.0,0.4660278946969628,0.0
1.0,0.0,0.0,0.0,1.0,0.0,0.0,0.0,1.0,0.44242804814795544,0.0,0.46545682888877327,0.0
1.0,0.0,0.0,0.0,1.0,0.0,0.0,0.0,1.0,0.4414681303796992,0.0,0.4648808782278195,0.0
1.0,0.0,0.0,0.0,1.0,0.0,0.0,0.0,1.0,0.440500095250907,0.0,0.4643000571505442,0.0
1.0,0.0,0.0,0.0,1.0,0.0,0.0,0.0,1.0,0.4395239675626198,0.0,0.46371438053757186,0.0
1.0,0.0,0.0,0.0,1.0,0.0,0.0,0.0,1.0,0.4385397728508363,0.0,0.46312386371050174,0.0
1.0,0.0,0.0,0.0,1.0,0.0,0.0,0.0,1.0,0.4375475373811677,0.0,0.46252852242870063,0.0
1.0,0.0,0.0,0.0,1.0,0.0,0.0,0.0,1.0,0.43654728814349314,0.0,0.4619283728860959,0.0
1.0,0.0,0.0,0.0,1.0,0.0,0.0,0.0,1.0,0.4355390528466138,0.0,0.4613234317079683,0.0
1.0,0.0,0.0,0.0,1.0,0.0,0.0,0.0,1.0,0.4345228599129083,0.0,0.46071371594774496,0.0
1.0,0.0,0.0,0.0,1.0,0.0,0.0,0.0,1.0,0.4334987384729872,0.0,0.4600992430837923,0.0
1.0,0.0,0.0,0.0,1.0,0.0,0.0,0.0,1.0,0.43246671836034817,0.0,0.4594800310162089,0.0
1.0,0.0,0.0,0.0,1.0,0.0,0.0,0.0,1.0,0.43142683010603056,0.0,0.4588560980636183,0.0
1.0,0.0,0.0,0.0,1.0,0.0,0.0,0.0,1.0,0.4303791049332705,0.0,0.4582274629599623,0.0
1.0,0.0,0.0,0.0,1.0,0.0,0.0,0.0,1.0,0.42932357475215543,0.0,0.4575941448512933,0.0
1.0,0.0,0.0,0.0,1.0,0.0,0.0,0.0,1.0,0.4282602721542794,0.0,0.45695616329256766,0.0
1.0,0.0,0.0,0.0,1.0,0.0,0.0,0.0,1.0,0.4271892304073975,0.0,0.4563135382444385,0.0
1.0,0.0,0.0,0.0,1.0,0.0,0.0,0.0,1.0,0.42611048345008085,0.0,0.4556662900700485,0.0
1.0,0.0,0.0,0.0,1.0,0.0,0.0,0.0,1.0,0.4250240658863716,0.0,0.45501443953182297,0.0
1.0,0.0,0.0,0.0,1.0,0.0,0.0,0.0,1.0,0.42393001298043764,0.0,0.4543580077882626,0.0
1.0,0.0,0.0,0.0,1.0,0.0,0.0,0.0,1.0,0.4228283606512274,0.0,0.45369701639073645,0.0
1.0,0.0,0.0,0.0,1.0,0.0,0.0,0.0,1.0,0.42171914546712497,0.0,0.453031487280275,0.0
1.0,0.0,0.0,0.0,1.0,0.0,0.0,0.0,1.0,0.42060240464060444,0.0,0.45236144278436263,0.0
1.0,0.0,0.0,0.0,1.0,0.0,0.0,0.0,1.0,0.4194781760228854,0.0,0.45168690561373126,0.0
1.0,0.0,0.0,0.0,1.0,0.0,0.0,0.0,1.0,0.41834649809858726,0.0,0.4510078988591524,0.0
1.0,0.0,0.0,0.0,1.0,0.0,0.0,0.0,1.0,0.4172074099803845,0.0,0.45032444598823074,0.0
1.0,0.0,0.0,0.0,1.0,0.0,0.0,0.0,1.0,0.41606095140366106,0.0,0.44963657084219666,0.0
1.0,0.0,0.0,0.0,1.0,0.0,0.0,0.0,1.0,0.41490716272116573,0.0,0.44894429763269944,0.0
1.0,0.0,0.0,0.0,1.0,0.0,0.0,0.0,1.0,0.4137460848976665,0.0,0.4482476509385999,0.0
1.0,0.0,0.0,0.0,1.0,0.0,0.0,0.0,1.0,0.41257775950460596,0.0,0.4475466557027636,0.0
1.0,0.0,0.0,0.0,1.0,0.0,0.0,0.0,1.0,0.4114022287147554,0.0,0.4468413372288533,0.0
1.0,0.0,0.0,0.0,1.0,0.0,0.0,0.0,1.0,0.41021953529687055,0.0,0.44613172117812233,0.0
1.0,0.0,0.0,0.0,1.0,0.0,0.0,0.0,1.0,0.40902972261034565,0.0,0.4454178335662074,0.0
1.0,0.0,0.0,0.0,1.0,0.0,0.0,0.0,1.0,0.4078328345998689,0.0,0.4446997007599214,0.0
1.0,0.0,0.0,0.0,1.0,0.0,0.0,0.0,1.0,0.40662891579007676,0.0,0.4439773494740461,0.0
1.0,0.0,0.0,0.0,1.0,0.0,0.0,0.0,1.0,0.40541801128020943,0.0,0.44325080676812567,0.0
1.0,0.0,0.0,0.0,1.0,0.0,0.0,0.0,1.0,0.40420016673876497,0.0,0.442520100043259,0.0
1.0,0.0,0.0,0.0,1.0,0.0,0.0,0.0,1.0,0.40297542839815487,0.0,0.44178525703889293,0.0
1.0,0.0,0.0,0.0,1.0,0.0,0.0,0.0,1.0,0.4017438430493584,0.0,0.44104630582961507,0.0
1.0,0.0,0.0,0.0,1.0,0.0,0.0,0.0,1.0,0.4005054580365778,0.0,0.44030327482194664,0.0
1.0,0.0,0.0,0.0,1.0,0.0,0.0,0.0,1.0,0.39926032125189265,0.0,0.4395561927511356,0.0
1.0,0.0,0.0,0.0,1.0,0.0,0.0,0.0,1.0,0.39800848112991555,0.0,0.4388050886779493,0.0
1.0,0.0,0.0,0.0,1.0,0.0,0.0,0.0,1.0,0.39674998664244593,0.0,0.43804999198546757,0.0
1.0,0.0,0.0,0.0,1.0,0.0,0.0,0.0,1.0,0.39548488729312575,0.0,0.43729093237587546,0.0
1.0,0.0,0.0,0.0,1.0,0.0,0.0,0.0,1.0,0.394213233112094,0.0,0.4365279398672564,0.0
1.0,0.0,0.0,0.0,1.0,0.0,0.0,0.0,1.0,0.3929350746506416,0.0,0.43576104479038497,0.0
1.0,0.0,0.0,0.0,1.0,0.0,0.0,0.0,1.0,0.3916504629758661,0.0,0.4349902777855197,0.0
1.0,0.0,0.0,0.0,1.0,0.0,0.0,0.0,1.0,0.39035944966532676,0.0,0.43421566979919607,0.0
1.0,0.0,0.0,0.0,1.0,0.0,0.0,0.0,1.0,0.3890620868016994,0.0,0.43343725208101963,0.0
1.0,0.0,0.0,0.0,1.0,0.0,0.0,0.0,1.0,0.38775842696743107,0.0,0.43265505618045863,0.0
1.0,0.0,0.0,0.0,1.0,0.0,0.0,0.0,1.0,0.38644852323939505,0.0,0.43186911394363703,0.0
1.0,0.0,0.0,0.0,1.0,0.0,0.0,0.0,1.0,0.3851324291835456,0.0,0.4310794575101274,0.0
1.0,0.0,0.0,0.0,1.0,0.0,0.0,0.0,1.0,0.383810198849573,0.0,0.4302861193097438,0.0
1.0,0.0,0.0,0.0,1.0,0.0,0.0,0.0,1.0,0.382481886765558,0.0,0.4294891320593348,0.0
1.0,0.0,0.0,0.0,1.0,0.0,0.0,0.0,1.0,0.3811475479326273,0.0,0.42868852875957636,0.0
1.0,0.0,0.0,0.0,1.0,0.0,0.0,0.0,1.0,0.3798072378196077,0.0,0.42788434269176456,0.0
1.0,0.0,0.0,0.0,1.0,0.0,0.0,0.0,1.0,0.37846101235768137,0.0,0.42707660741460884,0.0
1.0,0.0,0.0,0.0,1.0,0.0,0.0,0.0,1.0,0.3771089279350409,0.0,0.42626535676102456,0.0
1.0,0.0,0.0,0.0,1.0,0.0,0.0,0.0,1.0,0.37575104139154364,0.0,0.4254506248349262,0.0
1.0,0.0,0.0,0.0,1.0,0.0,0.0,0.0,1.0,0.37438741001336673,0.0,0.4246324460080201,0.0
1.0,0.0,0.0,0.0,1.0,0.0,0.0,0.0,1.0,0.3730180915276622,0.0,0.4238108549165973,0.0
1.0,0.0,0.0,0.0,1.0,0.0,0.0,0.0,1.0,0.37164314409721144,0.0,0.42298588645832685,0.0
1.0,0.0,0.0,0.0,1.0,0.0,0.0,0.0,1.0,0.3702626263150804,0.0,0.4221575757890482,0.0
1.0,0.0,0.0,0.0,1.0,0.0,0.0,0.0,1.0,0.3688765971992743,0.0,0.4213259583195646,0.0
1.0,0.0,0.0,0.0,1.0,0.0,0.0,0.0,1.0,0.3674851161873923,0.0,0.4204910697124354,0.0
1.0,0.0,0.0,0.0,1.0,0.0,0.0,0.0,1.0,0.36608824313128274,0.0,0.41965294587876967,0.0
1.0,0.0,0.0,0.0,1.0,0.0,0.0,0.0,1.0,0.36468603829169755,0.0,0.4188116229750185,0.0
1.0,0.0,0.0,0.0,1.0,0.0,0.0,0.0,1.0,0.3632785623329475,0.0,0.4179671373997685,0.0
1.0,0.0,0.0,0.0,1.0,0.0,0.0,0.0,1.0,0.36186587631755684,0.0,0.4171195257905341,0.0
1.0,0.0,0.0,0.0,1.0,0.0,0.0,0.0,1.0,0.36044804170091804,0.0,0.41626882502055085,0.0
1.0,0.0,0.0,0.0,1.0,0.0,0.0,0.0,1.0,0.3590251203259472,0.0,0.41541507219556834,0.0
1.0,0.0,0.0,0.0,1.0,0.0,0.0,0.0,1.0,0.357597174417738,0.0,0.41455830465064275,0.0
1.0,0.0,0.0,0.0,1.0,0.0,0.0,0.0,1.0,0.3561642665782172,0.0,0.41369855994693033,0.0
1.0,0.0,0.0,0.0,1.0,0.0,0.0,0.0,1.0,0.3547264597807997,0.0,0.4128358758684798,0.0
1.0,0.0,0.0,0.0,1.0,0.0,0.0,0.0,1.0,0.35328381736504244,0.0,0.41197029041902544,0.0
1.0,0.0,0.0,0.0,1.0,0.0,0.0,0.0,1.0,0.35183640303130026,0.0,0.4111018418187802,0.0
1.0,0.0,0.0,0.0,1.0,0.0,0.0,0.0,1.0,0.3503842808353802,0.0,0.41023056850122813,0.0
1.0,0.0,0.0,0.0,1.0,0.0,0.0,0.0,1.0,0.34892751518319665,0.0,0.40935650910991794,0.0
1.0,0.0,0.0,0.0,1.0,0.0,0.0,0.0,1.0,0.34746617082542564,0.0,0.4084797024952554,0.0
1.0,0.0,0.0,0.0,1.0,0.0,0.0,0.0,1.0,0.3460003128521605,0.0,0.4076001877112963,0.0
1.0,0.0,0.0,0.0,1.0,0.0,0.0,0.0,1.0,0.34453000668756617,0.0,0.4067180040125397,0.0
1.0,0.0,0.0,0.0,1.0,0.0,0.0,0.0,1.0,0.34305531808453404,0.0,0.40583319085072045,0.0
1.0,0.0,0.0,0.0,1.0,0.0,0.0,0.0,1.0,0.3415763131193372,0.0,0.4049457878716023,0.0
1.0,0.0,0.0,0.0,1.0,0.0,0.0,0.0,1.0,0.3400930581862849,0.0,0.40405583491177094,0.0
1.0,0.0,0.0,0.0,1.0,0.0,0.0,0.0,1.0,0.3386056199923775,0.0,0.4031633719954265,0.0
1.0,0.0,0.0,0.0,1.0,0.0,0.0,0.0,1.0,0.33711406555196133,0.0,0.40226843933117684,0.0
1.0,0.0,0.0,0.0,1.0,0.0,0.0,0.0,1.0,0.33561846218138397,0.0,0.40137107730883037,0.0
1.0,0.0,0.0,0.0,1.0,0.0,0.0,0.0,1.0,0.3341188774936481,0.0,0.4004713264961889,0.0
1.0,0.0,0.0,0.0,1.0,0.0,0.0,0.0,1.0,0.3326153793930674,0.0,0.39956922763584046,0.0
1.0,0.0,0.0,0.0,1.0,0.0,0.0,0.0,1.0,0.3311080360699209,0.0,0.3986648216419525,0.0
1.0,0.0,0.0,0.0,1.0,0.0,0.0,0.0,1.0,0.32959691599510765,0.0,0.39775814959706457,0.0
1.0,0.0,0.0,0.0,1.0,0.0,0.0,0.0,1.0,0.32808208791480215,0.0,0.3968492527488813,0.0
1.0,0.0,0.0,0.0,1.0,0.0,0.0,0.0,1.0,0.3265636208451086,0.0,0.39593817250706514,0.0
1.0,0.0,0.0,0.0,1.0,0.0,0.0,0.0,1.0,0.32504158406671624,0.0,0.3950249504400297,0.0
1.0,0.0,0.0,0.0,1.0,0.0,0.0,0.0,1.0,0.3235160471195538,0.0,0.3941096282717323,0.0
1.0,0.0,0.0,0.0,1.0,0.0,0.0,0.0,1.0,0.32198707979744456,0.0,0.39319224787846674,0.0
1.0,0.0,0.0,0.0,1.0,0.0,0.0,0.0,1.0,0.32045475214276137,0.0,0.3922728512856568,0.0
1.0,0.0,0.0,0.0,1.0,0.0,0.0,0.0,1.0,0.31891913444108105,0.0,0.39135148066464864,0.0
1.0,0.0,0.0,0.0,1.0,0.0,0.0,0.0,1.0,0.3173802972158398,0.0,0.3904281783295039,0.0
1.0,0.0,0.0,0.0,1.0,0.0,0.0,0.0,1.0,0.3158383112229873,0.0,0.38950298673379236,0.0
1.0,0.0,0.0,0.0,1.0,0.0,0.0,0.0,1.0,0.31429324744564247,0.0,0.3885759484673855,0.0
1.0,0.0,0.0,0.0,1.0,0.0,0.0,0.0,1.0,0.3127451770887477,0.0,0.38764710625324866,0.0
1.0,0.0,0.0,0.0,1.0,0.0,0.0,0.0,1.0,0.31119417157372387,0.0,0.3867165029442343,0.0
1.0,0.0,0.0,0.0,1.0,0.0,0.0,0.0,1.0,0.309640302533125,0.0,0.38578418151987504,0.0
1.0,0.0,0.0,0.0,1.0,0.0,0.0,0.0,1.0,0.3080836418052937,0.0,0.3848501850831762,0.0
1.0,0.0,0.0,0.0,1.0,0.0,0.0,0.0,1.0,0.30652426142901523,0.0,0.38391455685740916,0.0
1.0,0.0,0.0,0.0,1.0,0.0,0.0,0.0,1.0,0.30496223363817326,0.0,0.38297734018290397,0.0
1.0,0.0,0.0,0.0,1.0,0.0,0.0,0.0,1.0,0.30339763085640364,0.0,0.3820385785138422,0.0
1.0,0.0,0.0,0.0,1.0,0.0,0.0,0.0,1.0,0.30183052569175006,0.0,0.38109831541505007,0.0
1.0,0.0,0.0,0.0,1.0,0.0,0.0,0.0,1.0,0.30026099093131875,0.0,0.38015659455879125,0.0
1.0,0.0,0.0,0.0,1.0,0.0,0.0,0.0,1.0,0.29868909953593314,0.0,0.3792134597215599,0.0
1.0,0.0,0.0,0.0,1.0,0.0,0.0,0.0,1.0,0.29711492463478906,0.0,0.3782689547808734,0.0
1.0,0.0,0.0,0.0,1.0,0.0,0.0,0.0,1.0,0.2955385395201088,0.0,0.3773231237120653,0.0
1.0,0.0,0.0,0.0,1.0,0.0,0.0,0.0,1.0,0.293960017641797,0.0,0.37637601058507825,0.0
1.0,0.0,0.0,0.0,1.0,0.0,0.0,0.0,1.0,0.29237943260209504,0.0,0.375427659561257,0.0
1.0,0.0,0.0,0.0,1.0,0.0,0.0,0.0,1.0,0.2907968581502355,0.0,0.37447811489014127,0.0
1.0,0.0,0.0,0.0,1.0,0.0,0.0,0.0,1.0,0.2892123681770976,0.0,0.37352742090625857,0.0
1.0,0.0,0.0,0.0,1.0,0.0,0.0,0.0,1.0,0.2876260367098619,0.0,0.37257562202591715,0.0
1.0,0.0,0.0,0.0,1.0,0.0,0.0,0.0,1.0,0.286037937906665,0.0,0.37162276274399897,0.0
1.0,0.0,0.0,0.0,1.0,0.0,0.0,0.0,1.0,0.28444814605125435,0.0,0.3706688876307526,0.0
1.0,0.0,0.0,0.0,1.0,0.0,0.0,0.0,1.0,0.2828567355476434,0.0,0.36971404132858604,0.0
1.0,0.0,0.0,0.0,1.0,0.0,0.0,0.0,1.0,0.28126378091476634,0.0,0.36875826854885985,0.0
1.0,0.0,0.0,0.0,1.0,0.0,0.0,0.0,1.0,0.2796693567811326,0.0,0.3678016140686795,0.0
1.0,0.0,0.0,0.0,1.0,0.0,0.0,0.0,1.0,0.27807353787948236,0.0,0.3668441227276894,0.0
1.0,0.0,0.0,0.0,1.0,0.0,0.0,0.0,1.0,0.27647639904144067,0.0,0.3658858394248644,0.0
1.0,0.0,0.0,0.0,1.0,0.0,0.0,0.0,1.0,0.27487801519217303,0.0,0.36492680911530384,0.0
1.0,0.0,0.0,0.0,1.0,0.0,0.0,0.0,1.0,0.27327846134503947,0.0,0.36396707680702367,0.0
1.0,0.0,0.0,0.0,1.0,0.0,0.0,0.0,1.0,0.2716778125962504,0.0,0.36300668755775023,0.0
1.0,0.0,0.0,0.0,1.0,0.0,0.0,0.0,1.0,0.27007614411952013,0.0,0.3620456864717121,0.0
1.0,0.0,0.0,0.0,1.0,0.0,0.0,0.0,1.0,0.26847353116072314,0.0,0.36108411869643386,0.0
1.0,0.0,0.0,0.0,1.0,0.0,0.0,0.0,1.0,0.2668700490325477,0.0,0.36012202941952864,0.0
1.0,0.0,0.0,0.0,1.0,0.0,0.0,0.0,1.0,0.26526577310915184,0.0,0.35915946386549114,0.0
1.0,0.0,0.0,0.0,1.0,0.0,0.0,0.0,1.0,0.2636607788208173,0.0,0.35819646729249033,0.0
1.0,0.0,0.0,0.0,1.0,0.0,0.0,0.0,1.0,0.2620551416486045,0.0,0.35723308498916273,0.0
1.0,0.0,0.0,0.0,1.0,0.0,0.0,0.0,1.0,0.2604489371190082,0.0,0.35626936227140493,0.0
1.0,0.0,0.0,0.0,1.0,0.0,0.0,0.0,1.0,0.25884224079861134,0.0,0.35530534447916684,0.0
1.0,0.0,0.0,0.0,1.0,0.0,0.0,0.0,1.0,0.2572351282887405,0.0,0.35434107697324435,0.0
1.0,0.0,0.0,0.0,1.0,0.0,0.0,0.0,1.0,0.25562767522012064,0.0,0.35337660513207236,0.0
1.0,0.0,0.0,0.0,1.0,0.0,0.0,0.0,1.0,0.2540199572475297,0.0,0.3524119743485178,0.0
1.0,0.0,0.0,0.0,1.0,0.0,0.0,0.0,1.0,0.25241205004445344,0.0,0.3514472300266721,0.0
1.0,0.0,0.0,0.0,1.0,0.0,0.0,0.0,1.0,0.25080402929774104,0.0,0.3504824175786446,0.0
1.0,0.0,0.0,0.0,1.0,0.0,0.0,0.0,1.0,0.24919597070225907,0.0,0.34951758242135544,0.0
1.0,0.0,0.0,0.0,1.0,0.0,0.0,0.0,1.0,0.24758794995554678,0.0,0.34855276997332807,0.0
1.0,0.0,0.0,0.0,1.0,0.0,0.0,0.0,1.0,0.24598004275247043,0.0,0.3475880256514823,0.0
1.0,0.0,0.0,0.0,1.0,0.0,0.0,0.0,1.0,0.24437232477987952,0.0,0.3466233948679277,0.0
1.0,0.0,0.0,0.0,1.0,0.0,0.0,0.0,1.0,0.24276487171125938,0.0,0.3456589230267556,0.0
1.0,0.0,0.0,0.0,1.0,0.0,0.0,0.0,1.0,0.2411577592013885,0.0,0.3446946555208331,0.0
1.0,0.0,0.0,0.0,1.0,0.0,0.0,0.0,1.0,0.23955106288099193,0.0,0.34373063772859513,0.0
1.0,0.0,0.0,0.0,1.0,0.0,0.0,0.0,1.0,0.23794485835139556,0.0,0.34276691501083734,0.0
1.0,0.0,0.0,0.0,1.0,0.0,0.0,0.0,1.0,0.23633922117918282,0.0,0.34180353270750974,0.0
1.0,0.0,0.0,0.0,1.0,0.0,0.0,0.0,1.0,0.23473422689084839,0.0,0.34084053613450904,0.0
1.0,0.0,0.0,0.0,1.0,0.0,0.0,0.0,1.0,0.23312995096745232,0.0,0.3398779705804714,0.0
1.0,0.0,0.0,0.0,1.0,0.0,0.0,0.0,1.0,0.23152646883927708,0.0,0.33891588130356626,0.0
1.0,0.0,0.0,0.0,1.0,0.0,0.0,0.0,1.0,0.22992385588047992,0.0,0.337954313528288,0.0
1.0,0.0,0.0,0.0,1.0,0.0,0.0,0.0,1.0,0.22832218740374977,0.0,0.33699331244224984,0.0
1.0,0.0,0.0,0.0,1.0,0.0,0.0,0.0,1.0,0.22672153865496053,0.0,0.3360329231929763,0.0
1.0,0.0,0.0,0.0,1.0,0.0,0.0,0.0,1.0,0.22512198480782708,0.0,0.3350731908846962,0.0
1.0,0.0,0.0,0.0,1.0,0.0,0.0,0.0,1.0,0.2235236009585594,0.0,0.33411416057513565,0.0
1.0,0.0,0.0,0.0,1.0,0.0,0.0,0.0,1.0,0.22192646212051792,0.0,0.3331558772723108,0.0
1.0,0.0,0.0,0.0,1.0,0.0,0.0,0.0,1.0,0.22033064321886742,0.0,0.33219838593132045,0.0
1.0,0.0,0.0,0.0,1.0,0.0,0.0,0.0,1.0,0.21873621908523372,0.0,0.3312417314511402,0.0
1.0,0.0,0.0,0.0,1.0,0.0,0.0,0.0,1.0,0.21714326445235682,0.0,0.3302859586714141,0.0
1.0,0.0,0.0,0.0,1.0,0.0,0.0,0.0,1.0,0.21555185394874565,0.0,0.3293311123692474,0.0
1.0,0.0,0.0,0.0,1.0,0.0,0.0,0.0,1.0,0.21396206209333507,0.0,0.32837723725600104,0.0
1.0,0.0,0.0,0.0,1.0,0.0,0.0,0.0,1.0,0.21237396329013813,0.0,0.32742437797408286,0.0
1.0,0.0,0.0,0.0,1.0,0.0,0.0,0.0,1.0,0.2107876318229024,0.0,0.32647257909374144,0.0
1.0,0.0,0.0,0.0,1.0,0.0,0.0,0.0,1.0,0.2092031418497648,0.0,0.3255218851098589,0.0
1.0,0.0,0.0,0.0,1.0,0.0,0.0,0.0,1.0,0.20762056739790524,0.0,0.32457234043874317,0.0
1.0,0.0,0.0,0.0,1.0,0.0,0.0,0.0,1.0,0.20603998235820292,0.0,0.32362398941492176,0.0
1.0,0.0,0.0,0.0,1.0,0.0,0.0,0.0,1.0,0.20446146047989122,0.0,0.32267687628793473,0.0
1.0,0.0,0.0,0.0,1.0,0.0,0.0,0.0,1.0,0.2028850753652111,0.0,0.32173104521912665,0.0
1.0,0.0,0.0,0.0,1.0,0.0,0.0,0.0,1.0,0.20131090046406697,0.0,0.3207865402784402,0.0
1.0,0.0,0.0,0.0,1.0,0.0,0.0,0.0,1.0,0.19973900906868125,0.0,0.31984340544120876,0.0
1.0,0.0,0.0,0.0,1.0,0.0,0.0,0.0,1.0,0.19816947430825,0.0,0.31890168458495,0.0
1.0,0.0,0.0,0.0,1.0,0.0,0.0,0.0,1.0,0.1966023691435964,0.0,0.31796142148615786,0.0
1.0,0.0,0.0,0.0,1.0,0.0,0.0,0.0,1.0,0.19503776636182674,0.0,0.31702265981709604,0.0
1.0,0.0,0.0,0.0,1.0,0.0,0.0,0.0,1.0,0.19347573857098477,0.0,0.3160854431425909,0.0
1.0,0.0,0.0,0.0,1.0,0.0,0.0,0.0,1.0,0.19191635819470643,0.0,0.31514981491682387,0.0
1.0,0.0,0.0,0.0,1.0,0.0,0.0,0.0,1.0,0.1903596974668751,0.0,0.31421581848012503,0.0
1.0,0.0,0.0,0.0,1.0,0.0,0.0,0.0,1.0,0.18880582842627636,0.0,0.31328349705576586,0.0
1.0,0.0,0.0,0.0,1.0,0.0,0.0,0.0,1.0,0.1872548229112524,0.0,0.31235289374675146,0.0
1.0,0.0,0.0,0.0,1.0,0.0,0.0,0.0,1.0,0.18570675255435753,0.0,0.31142405153261454,0.0
1.0,0.0,0.0,0.0,1.0,0.0,0.0,0.0,1.0,0.18416168877701267,0.0,0.3104970132662076,0.0
1.0,0.0,0.0,0.0,1.0,0.0,0.0,0.0,1.0,0.18261970278416018,0.0,0.30957182167049613,0.0
1.0,0.0,0.0,0.0,1.0,0.0,0.0,0.0,1.0,0.18108086555891895,0.0,0.30864851933535137,0.0
1.0,0.0,0.0,0.0,1.0,0.0,0.0,0.0,1.0,0.1795452478572387,0.0,0.30772714871434326,0.0
1.0,0.0,0.0,0.0,1.0,0.0,0.0,0.0,1.0,0.17801292020255538,0.0,0.3068077521215332,0.0
1.0,0.0,0.0,0.0,1.0,0.0,0.0,0.0,1.0,0.17648395288044633,0.0,0.30589037172826783,0.0
1.0,0.0,0.0,0.0,1.0,0.0,0.0,0.0,1.0,0.17495841593328398,0.0,0.3049750495599704,0.0
1.0,0.0,0.0,0.0,1.0,0.0,0.0,0.0,1.0,0.17343637915489135,0.0,0.3040618274929348,0.0
1.0,0.0,0.0,0.0,1.0,0.0,0.0,0.0,1.0,0.1719179120851978,0.0,0.3031507472511187,0.0
1.0,0.0,0.0,0.0,1.0,0.0,0.0,0.0,1.0,0.17040308400489235,0.0,0.3022418504029354,0.0
1.0,0.0,0.0,0.0,1.0,0.0,0.0,0.0,1.0,0.16889196393007927,0.0,0.3013351783580476,0.0
1.0,0.0,0.0,0.0,1.0,0.0,0.0,0.0,1.0,0.16738462060693277,0.0,0.30043077236415966,0.0
1.0,0.0,0.0,0.0,1.0,0.0,0.0,0.0,1.0,0.16588112250635184,0.0,0.29952867350381107,0.0
1.0,0.0,0.0,0.0,1.0,0.0,0.0,0.0,1.0,0.16438153781861625,0.0,0.29862892269116975,0.0
1.0,0.0,0.0,0.0,1.0,0.0,0.0,0.0,1.0,0.1628859344480389,0.0,0.29773156066882334,0.0
1.0,0.0,0.0,0.0,1.0,0.0,0.0,0.0,1.0,0.16139438000762268,0.0,0.2968366280045736,0.0
1.0,0.0,0.0,0.0,1.0,0.0,0.0,0.0,1.0,0.15990694181371523,0.0,0.2959441650882292,0.0
1.0,0.0,0.0,0.0,1.0,0.0,0.0,0.0,1.0,0.15842368688066305,0.0,0.29505421212839783,0.0
1.0,0.0,0.0,0.0,1.0,0.0,0.0,0.0,1.0,0.15694468191546618,0.0,0.29416680914927973,0.0
1.0,0.0,0.0,0.0,1.0,0.0,0.0,0.0,1.0,0.155469993312434,0.0,0.2932819959874604,0.0
1.0,0.0,0.0,0.0,1.0,0.0,0.0,0.0,1.0,0.15399968714783951,0.0,0.2923998122887037,0.0
1.0,0.0,0.0,0.0,1.0,0.0,0.0,0.0,1.0,0.1525338291745746,0.0,0.29152029750474473,0.0
1.0,0.0,0.0,0.0,1.0,0.0,0.0,0.0,1.0,0.15107248481680335,0.0,0.290643490890082,0.0
1.0,0.0,0.0,0.0,1.0,0.0,0.0,0.0,1.0,0.1496157191646198,0.0,0.2897694314987719,0.0
1.0,0.0,0.0,0.0,1.0,0.0,0.0,0.0,1.0,0.14816359696869985,0.0,0.2888981581812199,0.0
1.0,0.0,0.0,0.0,1.0,0.0,0.0,0.0,1.0,0.14671618263495767,0.0,0.2880297095809746,0.0
1.0,0.0,0.0,0.0,1.0,0.0,0.0,0.0,1.0,0.14527354021920041,0.0,0.28716412413152026,0.0
1.0,0.0,0.0,0.0,1.0,0.0,0.0,0.0,1.0,0.14383573342178313,0.0,0.2863014400530699,0.0
1.0,0.0,0.0,0.0,1.0,0.0,0.0,0.0,1.0,0.1424028255822622,0.0,0.2854416953493573,0.0
1.0,0.0,0.0,0.0,1.0,0.0,0.0,0.0,1.0,0.14097487967405298,0.0,0.2845849278044318,0.0
1.0,0.0,0.0,0.0,1.0,0.0,0.0,0.0,1.0,0.13955195829908185,0.0,0.2837311749794491,0.0
1.0,0.0,0.0,0.0,1.0,0.0,0.0,0.0,1.0,0.13813412368244316,0.0,0.28288047420946594,0.0
1.0,0.0,0.0,0.0,1.0,0.0,0.0,0.0,1.0,0.13672143766705264,0.0,0.2820328626002316,0.0
1.0,0.0,0.0,0.0,1.0,0.0,0.0,0.0,1.0,0.1353139617083024,0.0,0.28118837702498145,0.0
1.0,0.0,0.0,0.0,1.0,0.0,0.0,0.0,1.0,0.13391175686871748,0.0,0.2803470541212305,0.0
1.0,0.0,0.0,0.0,1.0,0.0,0.0,0.0,1.0,0.1325148838126079,0.0,0.27950893028756474,0.0
1.0,0.0,0.0,0.0,1.0,0.0,0.0,0.0,1.0,0.13112340280072565,0.0,0.2786740416804354,0.0
1.0,0.0,0.0,0.0,1.0,0.0,0.0,0.0,1.0,0.12973737368491967,0.0,0.27784242421095184,0.0
1.0,0.0,0.0,0.0,1.0,0.0,0.0,0.0,1.0,0.12835685590278878,0.0,0.27701411354167327,0.0
1.0,0.0,0.0,0.0,1.0,0.0,0.0,0.0,1.0,0.12698190847233815,0.0,0.27618914508340286,0.0
1.0,0.0,0.0,0.0,1.0,0.0,0.0,0.0,1.0,0.12561258998663333,0.0,0.27536755399198,0.0
1.0,0.0,0.0,0.0,1.0,0.0,0.0,0.0,1.0,0.12424895860845664,0.0,0.274549375165074,0.0
1.0,0.0,0.0,0.0,1.0,0.0,0.0,0.0,1.0,0.1228910720649592,0.0,0.27373464323897556,0.0
1.0,0.0,0.0,0.0,1.0,0.0,0.0,0.0,1.0,0.12153898764231891,0.0,0.27292339258539133,0.0
1.0,0.0,0.0,0.0,1.0,0.0,0.0,0.0,1.0,0.12019276218039238,0.0,0.27211565730823545,0.0
1.0,0.0,0.0,0.0,1.0,0.0,0.0,0.0,1.0,0.11885245206737294,0.0,0.27131147124042376,0.0
1.0,0.0,0.0,0.0,1.0,0.0,0.0,0.0,1.0,0.11751811323444217,0.0,0.2705108679406653,0.0
1.0,0.0,0.0,0.0,1.0,0.0,0.0,0.0,1.0,0.11618980115042726,0.0,0.26971388069025637,0.0
1.0,0.0,0.0,0.0,1.0,0.0,0.0,0.0,1.0,0.11486757081645449,0.0,0.26892054248987274,0.0
1.0,0.0,0.0,0.0,1.0,0.0,0.0,0.0,1.0,0.11355147676060484,0.0,0.2681308860563629,0.0
1.0,0.0,0.0,0.0,1.0,0.0,0.0,0.0,1.0,0.11224157303256876,0.0,0.26734494381954127,0.0
1.0,0.0,0.0,0.0,1.0,0.0,0.0,0.0,1.0,0.11093791319830082,0.0,0.2665627479189805,0.0
1.0,0.0,0.0,0.0,1.0,0.0,0.0,0.0,1.0,0.10964055033467313,0.0,0.2657843302008039,0.0
1.0,0.0,0.0,0.0,1.0,0.0,0.0,0.0,1.0,0.10834953702413397,0.0,0.2650097222144804,0.0
1.0,0.0,0.0,0.0,1.0,0.0,0.0,0.0,1.0,0.10706492534935846,0.0,0.2642389552096151,0.0
1.0,0.0,0.0,0.0,1.0,0.0,0.0,0.0,1.0,0.10578676688790595,0.0,0.2634720601327436,0.0
1.0,0.0,0.0,0.0,1.0,0.0,0.0,0.0,1.0,0.10451511270687441,0.0,0.26270906762412466,0.0
1.0,0.0,0.0,0.0,1.0,0.0,0.0,0.0,1.0,0.10325001335755402,0.0,0.2619500080145324,0.0
1.0,0.0,0.0,0.0,1.0,0.0,0.0,0.0,1.0,0.10199151887008434,0.0,0.26119491132205064,0.0
1.0,0.0,0.0,0.0,1.0,0.0,0.0,0.0,1.0,0.10073967874810735,0.0,0.2604438072488644,0.0
1.0,0.0,0.0,0.0,1.0,0.0,0.0,0.0,1.0,0.09949454196342222,0.0,0.2596967251780533,0.0
1.0,0.0,0.0,0.0,1.0,0.0,0.0,0.0,1.0,0.09825615695064172,0.0,0.25895369417038505,0.0
1.0,0.0,0.0,0.0,1.0,0.0,0.0,0.0,1.0,0.09702457160184513,0.0,0.2582147429611071,0.0
1.0,0.0,0.0,0.0,1.0,0.0,0.0,0.0,1.0,0.09579983326123509,0.0,0.25747989995674103,0.0
1.0,0.0,0.0,0.0,1.0,0.0,0.0,0.0,1.0,0.09458198871979057,0.0,0.25674919323187434,0.0
1.0,0.0,0.0,0.0,1.0,0.0,0.0,0.0,1.0,0.09337108420992307,0.0,0.25602265052595385,0.0
1.0,0.0,0.0,0.0,1.0,0.0,0.0,0.0,1.0,0.09216716540013103,0.0,0.25530029924007863,0.0
1.0,0.0,0.0,0.0,1.0,0.0,0.0,0.0,1.0,0.09097027738965424,0.0,0.25458216643379256,0.0
1.0,0.0,0.0,0.0,1.0,0.0,0.0,0.0,1.0,0.08978046470312961,0.0,0.2538682788218778,0.0
1.0,0.0,0.0,0.0,1.0,0.0,0.0,0.0,1.0,0.08859777128524449,0.0,0.25315866277114674,0.0
1.0,0.0,0.0,0.0,1.0,0.0,0.0,0.0,1.0,0.08742224049539404,0.0,0.2524533442972364,0.0
1.0,0.0,0.0,0.0,1.0,0.0,0.0,0.0,1.0,0.08625391510233349,0.0,0.2517523490614001,0.0
1.0,0.0,0.0,0.0,1.0,0.0,0.0,0.0,1.0,0.08509283727883443,0.0,0.2510557023673007,0.0
1.0,0.0,0.0,0.0,1.0,0.0,0.0,0.0,1.0,0.08393904859633894,0.0,0.2503634291578034,0.0
1.0,0.0,0.0,0.0,1.0,0.0,0.0,0.0,1.0,0.08279259001961564,0.0,0.24967555401176939,0.0
1.0,0.0,0.0,0.0,1.0,0.0,0.0,0.0,1.0,0.08165350190141263,0.0,0.24899210114084758,0.0
1.0,0.0,0.0,0.0,1.0,0.0,0.0,0.0,1.0,0.0805218239771146,0.0,0.24831309438626875,0.0
1.0,0.0,0.0,0.0,1.0,0.0,0.0,0.0,1.0,0.07939759535939561,0.0,0.24763855721563738,0.0
1.0,0.0,0.0,0.0,1.0,0.0,0.0,0.0,1.0,0.07828085453287525,0.0,0.24696851271972514,0.0
1.0,0.0,0.0,0.0,1.0,0.0,0.0,0.0,1.0,0.0771716393487728,0.0,0.24630298360926367,0.0
1.0,0.0,0.0,0.0,1.0,0.0,0.0,0.0,1.0,0.07606998701956214,0.0,0.24564199221173727,0.0
1.0,0.0,0.0,0.0,1.0,0.0,0.0,0.0,1.0,0.07497593411362824,0.0,0.24498556046817693,0.0
1.0,0.0,0.0,0.0,1.0,0.0,0.0,0.0,1.0,0.07388951654991938,0.0,0.24433370992995163,0.0
1.0,0.0,0.0,0.0,1.0,0.0,0.0,0.0,1.0,0.07281076959260258,0.0,0.24368646175556158,0.0
1.0,0.0,0.0,0.0,1.0,0.0,0.0,0.0,1.0,0.07173972784572036,0.0,0.24304383670743224,0.0
1.0,0.0,0.0,0.0,1.0,0.0,0.0,0.0,1.0,0.07067642524784445,0.0,0.24240585514870666,0.0
1.0,0.0,0.0,0.0,1.0,0.0,0.0,0.0,1.0,0.06962089506672964,0.0,0.24177253704003782,0.0
1.0,0.0,0.0,0.0,1.0,0.0,0.0,0.0,1.0,0.06857316989396955,0.0,0.24114390193638174,0.0
1.0,0.0,0.0,0.0,1.0,0.0,0.0,0.0,1.0,0.067533281639652,0.0,0.2405199689837912,0.0
1.0,0.0,0.0,0.0,1.0,0.0,0.0,0.0,1.0,0.06650126152701263,0.0,0.2399007569162076,0.0
1.0,0.0,0.0,0.0,1.0,0.0,0.0,0.0,1.0,0.06547714008709193,0.0,0.23928628405225516,0.0
1.0,0.0,0.0,0.0,1.0,0.0,0.0,0.0,1.0,0.0644609471533859,0.0,0.23867656829203154,0.0
1.0,0.0,0.0,0.0,1.0,0.0,0.0,0.0,1.0,0.06345271185650703,0.0,0.23807162711390423,0.0
1.0,0.0,0.0,0.0,1.0,0.0,0.0,0.0,1.0,0.06245246261883175,0.0,0.23747147757129905,0.0
1.0,0.0,0.0,0.0,1.0,0.0,0.0,0.0,1.0,0.061460227149164104,0.0,0.2368761362894985,0.0
1.0,0.0,0.0,0.0,1.0,0.0,0.0,0.0,1.0,0.06047603243738009,0.0,0.23628561946242804,0.0
1.0,0.0,0.0,0.0,1.0,0.0,0.0,0.0,1.0,0.059499904749092836,0.0,0.23569994284945572,0.0
1.0,0.0,0.0,0.0,1.0,0.0,0.0,0.0,1.0,0.05853186962030077,0.0,0.23511912177218047,0.0
1.0,0.0,0.0,0.0,1.0,0.0,0.0,0.0,1.0,0.057571951852044556,0.0,0.23454317111122674,0.0
1.0,0.0,0.0,0.0,1.0,0.0,0.0,0.0,1.0,0.056620175505062265,0.0,0.23397210530303736,0.0
1.0,0.0,0.0,0.0,1.0,0.0,0.0,0.0,1.0,0.055676563894442976,0.0,0.23340593833666579,0.0
1.0,0.0,0.0,0.0,1.0,0.0,0.0,0.0,1.0,0.054741139584283616,0.0,0.23284468375057016,0.0
1.0,0.0,0.0,0.0,1.0,0.0,0.0,0.0,1.0,0.05381392438234234,0.0,0.2322883546294054,0.0
1.0,0.0,0.0,0.0,1.0,0.0,0.0,0.0,1.0,0.05289493933469358,0.0,0.23173696360081614,0.0
1.0,0.0,0.0,0.0,1.0,0.0,0.0,0.0,1.0,0.05198420472038279,0.0,0.23119052283222968,0.0
1.0,0.0,0.0,0.0,1.0,0.0,0.0,0.0,1.0,0.05108174004608235,0.0,0.2306490440276494,0.0
1.0,0.0,0.0,0.0,1.0,0.0,0.0,0.0,1.0,0.05018756404074387,0.0,0.23011253842444634,0.0
1.0,0.0,0.0,0.0,1.0,0.0,0.0,0.0,1.0,0.04930169465025769,0.0,0.22958101679015464,0.0
1.0,0.0,0.0,0.0,1.0,0.0,0.0,0.0,1.0,0.04842414903210179,0.0,0.2290544894192611,0.0
1.0,0.0,0.0,0.0,1.0,0.0,0.0,0.0,1.0,0.047554943550002005,0.0,0.22853296613000124,0.0
1.0,0.0,0.0,0.0,1.0,0.0,0.0,0.0,1.0,0.046694093768583134,0.0,0.2280164562611499,0.0
1.0,0.0,0.0,0.0,1.0,0.0,0.0,0.0,1.0,0.045841614448024925,0.0,0.22750496866881498,0.0
1.0,0.0,0.0,0.0,1.0,0.0,0.0,0.0,1.0,0.044997519538719444,0.0,0.22699851172323166,0.0
1.0,0.0,0.0,0.0,1.0,0.0,0.0,0.0,1.0,0.04416182217592113,0.0,0.22649709330555268,0.0
1.0,0.0,0.0,0.0,1.0,0.0,0.0,0.0,1.0,0.04333453467440607,0.0,0.22600072080464367,0.0
1.0,0.0,0.0,0.0,1.0,0.0,0.0,0.0,1.0,0.04251566852312416,0.0,0.22550940111387452,0.0
1.0,0.0,0.0,0.0,1.0,0.0,0.0,0.0,1.0,0.04170523437985396,0.0,0.2250231406279124,0.0
1.0,0.0,0.0,0.0,1.0,0.0,0.0,0.0,1.0,0.04090324206586082,0.0,0.22454194523951648,0.0
1.0,0.0,0.0,0.0,1.0,0.0,0.0,0.0,1.0,0.040109700560546524,0.0,0.22406582033632794,0.0
1.0,0.0,0.0,0.0,1.0,0.0,0.0,0.0,1.0,0.0393246179961082,0.0,0.22359477079766493,0.0
1.0,0.0,0.0,0.0,1.0,0.0,0.0,0.0,1.0,0.03854800165219363,0.0,0.2231288009913162,0.0
1.0,0.0,0.0,0.0,1.0,0.0,0.0,0.0,1.0,0.037779857950549944,0.0,0.22266791477033,0.0
1.0,0.0,0.0,0.0,1.0,0.0,0.0,0.0,1.0,0.037020192449687794,0.0,0.22221211546981268,0.0
1.0,0.0,0.0,0.0,1.0,0.0,0.0,0.0,1.0,0.03626900983952697,0.0,0.22176140590371618,0.0
1.0,0.0,0.0,0.0,1.0,0.0,0.0,0.0,1.0,0.03552631393605998,0.0,0.221315788361636,0.0
1.0,0.0,0.0,0.0,1.0,0.0,0.0,0.0,1.0,0.03479210767599805,0.0,0.22087526460559886,0.0
1.0,0.0,0.0,0.0,1.0,0.0,0.0,0.0,1.0,0.034066393111434,0.0,0.2204398358668604,0.0
1.0,0.0,0.0,0.0,1.0,0.0,0.0,0.0,1.0,0.03334917140449134,0.0,0.22000950284269483,0.0
1.0,0.0,0.0,0.0,1.0,0.0,0.0,0.0,1.0,0.03264044282198286,0.0,0.21958426569318973,0.0
1.0,0.0,0.0,0.0,1.0,0.0,0.0,0.0,1.0,0.031940206730061815,0.0,0.2191641240380371,0.0
1.0,0.0,0.0,0.0,1.0,0.0,0.0,0.0,1.0,0.031248461588880616,0.0,0.2187490769533284,0.0
1.0,0.0,0.0,0.0,1.0,0.0,0.0,0.0,1.0,0.03056520494724413,0.0,0.2183391229683465,0.0
1.0,0.0,0.0,0.0,1.0,0.0,0.0,0.0,1.0,0.029890433437263608,0.0,0.21793426006235816,0.0
1.0,0.0,0.0,0.0,1.0,0.0,0.0,0.0,1.0,0.02922414276901153,0.0,0.21753448566140693,0.0
1.0,0.0,0.0,0.0,1.0,0.0,0.0,0.0,1.0,0.02856632772517964,0.0,0.2171397966351078,0.0
1.0,0.0,0.0,0.0,1.0,0.0,0.0,0.0,1.0,0.027916982155728354,0.0,0.21675018929343703,0.0
1.0,0.0,0.0,0.0,1.0,0.0,0.0,0.0,1.0,0.02727609897254668,0.0,0.21636565938352803,0.0
1.0,0.0,0.0,0.0,1.0,0.0,0.0,0.0,1.0,0.026643670144104847,0.0,0.2159862020864629,0.0
1.0,0.0,0.0,0.0,1.0,0.0,0.0,0.0,1.0,0.02601968669010879,0.0,0.21561181201406526,0.0
1.0,0.0,0.0,0.0,1.0,0.0,0.0,0.0,1.0,0.025404138676154764,0.0,0.2152424832056929,0.0
1.0,0.0,0.0,0.0,1.0,0.0,0.0,0.0,1.0,0.024797015208387396,0.0,0.21487820912503247,0.0
1.0,0.0,0.0,0.0,1.0,0.0,0.0,0.0,1.0,0.02419830442814952,0.0,0.21451898265688973,0.0
1.0,0.0,0.0,0.0,1.0,0.0,0.0,0.0,1.0,0.023607993506641334,0.0,0.2141647961039848,0.0
1.0,0.0,0.0,0.0,1.0,0.0,0.0,0.0,1.0,0.023026068639572905,0.0,0.21381564118374374,0.0
1.0,0.0,0.0,0.0,1.0,0.0,0.0,0.0,1.0,0.022452515041819332,0.0,0.2134715090250916,0.0
1.0,0.0,0.0,0.0,1.0,0.0,0.0,0.0,1.0,0.02188731694207635,0.0,0.21313239016524582,0.0
1.0,0.0,0.0,0.0,1.0,0.0,0.0,0.0,1.0,0.02133045757751506,0.0,0.21279827454650907,0.0
1.0,0.0,0.0,0.0,1.0,0.0,0.0,0.0,1.0,0.02078191918843575,0.0,0.21246915151306145,0.0
1.0,0.0,0.0,0.0,1.0,0.0,0.0,0.0,1.0,0.020241683012924394,0.0,0.21214500980775464,0.0
1.0,0.0,0.0,0.0,1.0,0.0,0.0,0.0,1.0,0.019709729281504718,0.0,0.21182583756890283,0.0
1.0,0.0,0.0,0.0,1.0,0.0,0.0,0.0,1.0,0.01918603721179757,0.0,0.21151162232707854,0.0
1.0,0.0,0.0,0.0,1.0,0.0,0.0,0.0,1.0,0.018670585003172313,0.0,0.21120235100190338,0.0
1.0,0.0,0.0,0.0,1.0,0.0,0.0,0.0,1.0,0.018163349831400444,0.0,0.21089800989884028,0.0
1.0,0.0,0.0,0.0,1.0,0.0,0.0,0.0,1.0,0.017664307843314297,0.0,0.21059858470598858,0.0
1.0,0.0,0.0,0.0,1.0,0.0,0.0,0.0,1.0,0.017173434151460887,0.0,0.21030406049087652,0.0
1.0,0.0,0.0,0.0,1.0,0.0,0.0,0.0,1.0,0.01669070282875329,0.0,0.21001442169725199,0.0
1.0,0.0,0.0,0.0,1.0,0.0,0.0,0.0,1.0,0.0162160869031307,0.0,0.20972965214187844,0.0
1.0,0.0,0.0,0.0,1.0,0.0,0.0,0.0,1.0,0.015749558352210258,0.0,0.2094497350113262,0.0
1.0,0.0,0.0,0.0,1.0,0.0,0.0,0.0,1.0,0.015291088097940664,0.0,0.2091746528587644,0.0
1.0,0.0,0.0,0.0,1.0,0.0,0.0,0.0,1.0,0.014840646001261337,0.0,0.2089043876007568,0.0
1.0,0.0,0.0,0.0,1.0,0.0,0.0,0.0,1.0,0.014398200856752918,0.0,0.20863892051405175,0.0
1.0,0.0,0.0,0.0,1.0,0.0,0.0,0.0,1.0,0.013963720387293321,0.0,0.208378232232376,0.0
1.0,0.0,0.0,0.0,1.0,0.0,0.0,0.0,1.0,0.013537171238715562,0.0,0.20812230274322935,0.0
1.0,0.0,0.0,0.0,1.0,0.0,0.0,0.0,1.0,0.013118518974457816,0.0,0.20787111138467468,0.0
1.0,0.0,0.0,0.0,1.0,0.0,0.0,0.0,1.0,0.012707728070222135,0.0,0.20762463684213328,0.0
1.0,0.0,0.0,0.0,1.0,0.0,0.0,0.0,1.0,0.01230476190862917,0.0,0.2073828571451775,0.0
1.0,0.0,0.0,0.0,1.0,0.0,0.0,0.0,1.0,0.011909582773866445,0.0,0.20714574966431987,0.0
1.0,0.0,0.0,0.0,1.0,0.0,0.0,0.0,1.0,0.011522151846353967,0.0,0.20691329110781237,0.0
1.0,0.0,0.0,0.0,1.0,0.0,0.0,0.0,1.0,0.011142429197391834,0.0,0.2066854575184351,0.0
1.0,0.0,0.0,0.0,1.0,0.0,0.0,0.0,1.0,0.010770373783814957,0.0,0.20646222427028899,0.0
1.0,0.0,0.0,0.0,1.0,0.0,0.0,0.0,1.0,0.010405943442652,0.0,0.2062435660655912,0.0
1.0,0.0,0.0,0.0,1.0,0.0,0.0,0.0,1.0,0.010049094885778098,0.0,0.20602945693146685,0.0
1.0,0.0,0.0,0.0,1.0,0.0,0.0,0.0,1.0,0.009699783694566477,0.0,0.20581987021673992,0.0
1.0,0.0,0.0,0.0,1.0,0.0,0.0,0.0,1.0,0.009357964314551381,0.0,0.20561477858873084,0.0
1.0,0.0,0.0,0.0,1.0,0.0,0.0,0.0,1.0,0.009023590050073027,0.0,0.20541415403004382,0.0
1.0,0.0,0.0,0.0,1.0,0.0,0.0,0.0,1.0,0.008696613058940539,0.0,0.20521796783536433,0.0
1.0,0.0,0.0,0.0,1.0,0.0,0.0,0.0,1.0,0.008376984347083116,0.0,0.2050261906082499,0.0
1.0,0.0,0.0,0.0,1.0,0.0,0.0,0.0,1.0,0.008064653763204976,0.0,0.204838792257923,0.0
1.0,0.0,0.0,0.0,1.0,0.0,0.0,0.0,1.0,0.007759569993440074,0.0,0.20465574199606407,0.0
1.0,0.0,0.0,0.0,1.0,0.0,0.0,0.0,1.0,0.007461680556009043,0.0,0.20447700833360544,0.0
1.0,0.0,0.0,0.0,1.0,0.0,0.0,0.0,1.0,0.007170931795873026,0.0,0.20430255907752382,0.0
1.0,0.0,0.0,0.0,1.0,0.0,0.0,0.0,1.0,0.006887268879384623,0.0,0.2041323613276308,0.0
1.0,0.0,0.0,0.0,1.0,0.0,0.0,0.0,1.0,0.006610635788949715,0.0,0.20396638147336982,0.0
1.0,0.0,0.0,0.0,1.0,0.0,0.0,0.0,1.0,0.0063409753176757455,0.0,0.20380458519060546,0.0
1.0,0.0,0.0,0.0,1.0,0.0,0.0,0.0,1.0,0.006078229064032659,0.0,0.2036469374384196,0.0
1.0,0.0,0.0,0.0,1.0,0.0,0.0,0.0,1.0,0.005822337426503843,0.0,0.2034934024559023,0.0
1.0,0.0,0.0,0.0,1.0,0.0,0.0,0.0,1.0,0.005573239598238633,0.0,0.2033439437589432,0.0
1.0,0.0,0.0,0.0,1.0,0.0,0.0,0.0,1.0,0.00533087356171702,0.0,0.2031985241370302,0.0
1.0,0.0,0.0,0.0,1.0,0.0,0.0,0.0,1.0,0.005095176083390829,0.0,0.2030571056500345,0.0
1.0,0.0,0.0,0.0,1.0,0.0,0.0,0.0,1.0,0.004866082708350428,0.0,0.20291964962501025,0.0
1.0,0.0,0.0,0.0,1.0,0.0,0.0,0.0,1.0,0.004643527754971233,0.0,0.20278611665298274,0.0
1.0,0.0,0.0,0.0,1.0,0.0,0.0,0.0,1.0,0.0044274443095759786,0.0,0.2026564665857456,0.0
1.0,0.0,0.0,0.0,1.0,0.0,0.0,0.0,1.0,0.004217764221080111,0.0,0.20253065853264807,0.0
1.0,0.0,0.0,0.0,1.0,0.0,0.0,0.0,1.0,0.004014418095660055,0.0,0.20240865085739607,0.0
1.0,0.0,0.0,0.0,1.0,0.0,0.0,0.0,1.0,0.0038173352913917213,0.0,0.20229040117483504,0.0
1.0,0.0,0.0,0.0,1.0,0.0,0.0,0.0,1.0,0.0036264439129189974,0.0,0.20217586634775142,0.0
1.0,0.0,0.0,0.0,1.0,0.0,0.0,0.0,1.0,0.0034416708061035806,0.0,0.20206500248366216,0.0
1.0,0.0,0.0,0.0,1.0,0.0,0.0,0.0,1.0,0.0032629415526761463,0.0,0.20195776493160572,0.0
1.0,0.0,0.0,0.0,1.0,0.0,0.0,0.0,1.0,0.0030901804648979514,0.0,0.2018541082789388,0.0
1.0,0.0,0.0,0.0,1.0,0.0,0.0,0.0,1.0,0.002923310580212446,0.0,0.20175398634812747,0.0
1.0,0.0,0.0,0.0,1.0,0.0,0.0,0.0,1.0,0.002762253655898217,0.0,0.20165735219353892,0.0
1.0,0.0,0.0,0.0,1.0,0.0,0.0,0.0,1.0,0.002606930163726151,0.0,0.2015641580982357,0.0
1.0,0.0,0.0,0.0,1.0,0.0,0.0,0.0,1.0,0.0024572592846157093,0.0,0.20147435557076943,0.0
1.0,0.0,0.0,0.0,1.0,0.0,0.0,0.0,1.0,0.0023131589032860944,0.0,0.20138789534197166,0.0
1.0,0.0,0.0,0.0,1.0,0.0,0.0,0.0,1.0,0.0021745456029143018,0.0,0.2013047273617486,0.0
1.0,0.0,0.0,0.0,1.0,0.0,0.0,0.0,1.0,0.002041334659787175,0.0,0.2012248007958723,0.0
1.0,0.0,0.0,0.0,1.0,0.0,0.0,0.0,1.0,0.0019134400379581251,0.0,0.2011480640227749,0.0
1.0,0.0,0.0,0.0,1.0,0.0,0.0,0.0,1.0,0.0017907743839047363,0.0,0.20107446463034284,0.0
1.0,0.0,0.0,0.0,1.0,0.0,0.0,0.0,1.0,0.0016732490211746054,0.0,0.20100394941270477,0.0
1.0,0.0,0.0,0.0,1.0,0.0,0.0,0.0,1.0,0.001560773945052052,0.0,0.20093646436703122,0.0
1.0,0.0,0.0,0.0,1.0,0.0,0.0,0.0,1.0,0.0014532578172010702,0.0,0.20087195469032065,0.0
1.0,0.0,0.0,0.0,1.0,0.0,0.0,0.0,1.0,0.0013506079603340382,0.0,0.20081036477620046,0.0
1.0,0.0,0.0,0.0,1.0,0.0,0.0,0.0,1.0,0.0012527303528493405,0.0,0.2007516382117096,0.0
1.0,0.0,0.0,0.0,1.0,0.0,0.0,0.0,1.0,0.0011595296235018537,0.0,0.2006957177741011,0.0
1.0,0.0,0.0,0.0,1.0,0.0,0.0,0.0,1.0,0.001070909046049895,0.0,0.20064254542762994,0.0
1.0,0.0,0.0,0.0,1.0,0.0,0.0,0.0,1.0,0.0009867705339119404,0.0,0.20059206232034715,0.0
1.0,0.0,0.0,0.0,1.0,0.0,0.0,0.0,1.0,0.0009070146348184593,0.0,0.20054420878089108,0.0
1.0,0.0,0.0,0.0,1.0,0.0,0.0,0.0,1.0,0.0008315405254739616,0.0,0.20049892431528438,0.0
1.0,0.0,0.0,0.0,1.0,0.0,0.0,0.0,1.0,0.0007602460062039462,0.0,0.20045614760372238,0.0
1.0,0.0,0.0,0.0,1.0,0.0,0.0,0.0,1.0,0.0006930274956147287,0.0,0.20041581649736884,0.0
1.0,0.0,0.0,0.0,1.0,0.0,0.0,0.0,1.0,0.0006297800252452745,0.0,0.20037786801514718,0.0
1.0,0.0,0.0,0.0,1.0,0.0,0.0,0.0,1.0,0.0005703972342265828,0.0,0.20034223834053594,0.0
1.0,0.0,0.0,0.0,1.0,0.0,0.0,0.0,1.0,0.0005147713639299667,0.0,0.20030886281835797,0.0
1.0,0.0,0.0,0.0,1.0,0.0,0.0,0.0,1.0,0.0004627932526291012,0.0,0.20027767595157747,0.0
1.0,0.0,0.0,0.0,1.0,0.0,0.0,0.0,1.0,0.0004143523301447516,0.0,0.20024861139808686,0.0
1.0,0.0,0.0,0.0,1.0,0.0,0.0,0.0,1.0,0.00036933661251348227,0.0,0.2002216019675081,0.0
1.0,0.0,0.0,0.0,1.0,0.0,0.0,0.0,1.0,0.00032763269663149686,0.0,0.20019657961797893,0.0
1.0,0.0,0.0,0.0,1.0,0.0,0.0,0.0,1.0,0.00028912575491446546,0.0,0.20017347545294867,0.0
1.0,0.0,0.0,0.0,1.0,0.0,0.0,0.0,1.0,0.00025369952994713785,0.0,0.20015221971796832,0.0
1.0,0.0,0.0,0.0,1.0,0.0,0.0,0.0,1.0,0.00022123632914672342,0.0,0.20013274179748802,0.0
1.0,0.0,0.0,0.0,1.0,0.0,0.0,0.0,1.0,0.00019161701941117215,0.0,0.2001149702116467,0.0
1.0,0.0,0.0,0.0,1.0,0.0,0.0,0.0,1.0,0.00016472102177811365,0.0,0.20009883261306688,0.0
1.0,0.0,0.0,0.0,1.0,0.0,0.0,0.0,1.0,0.00014042630607136175,0.0,0.2000842557836428,0.0
1.0,0.0,0.0,0.0,1.0,0.0,0.0,0.0,1.0,0.00011860938557006762,0.0,0.20007116563134203,0.0
1.0,0.0,0.0,0.0,1.0,0.0,0.0,0.0,1.0,9.914531164767482e-05,0.0,0.20005948718698863,0.0
1.0,0.0,0.0,0.0,1.0,0.0,0.0,0.0,1.0,8.190766844018427e-05,0.0,0.2000491446010641,0.0
1.0,0.0,0.0,0.0,1.0,0.0,0.0,0.0,1.0,6.676856749354698e-05,0.0,0.20004006114049616,0.0
1.0,0.0,0.0,0.0,1.0,0.0,0.0,0.0,1.0,5.3598642419938614e-05,0.0,0.20003215918545197,0.0
1.0,0.0,0.0,0.0,1.0,0.0,0.0,0.0,1.0,4.22670435535899e-05,0.0,0.20002536022613215,0.0
1.0,0.0,0.0,0.0,1.0,0.0,0.0,0.0,1.0,3.264143260350849e-05,0.0,0.20001958485956212,0.0
1.0,0.0,0.0,0.0,1.0,0.0,0.0,0.0,1.0,2.4587977312862108e-05,0.0,0.20001475278638775,0.0
1.0,0.0,0.0,0.0,1.0,0.0,0.0,0.0,1.0,1.79713461063713e-05,0.0,0.20001078280766382,0.0
1.0,0.0,0.0,0.0,1.0,0.0,0.0,0.0,1.0,1.2654702755465763e-05,0.0,0.2000075928216533,0.0
1.0,0.0,0.0,0.0,1.0,0.0,0.0,0.0,1.0,8.499701021680295e-06,0.0,0.20000509982061304,0.0
1.0,0.0,0.0,0.0,1.0,0.0,0.0,0.0,1.0,5.366479320034756e-06,0.0,0.200003219887592,0.0
1.0,0.0,0.0,0.0,1.0,0.0,0.0,0.0,1.0,3.113655371755897e-06,0.0,0.20000186819322308,0.0
1.0,0.0,0.0,0.0,1.0,0.0,0.0,0.0,1.0,1.5983208561110018e-06,0.0,0.2000009589925137,0.0
1.0,0.0,0.0,0.0,1.0,0.0,0.0,0.0,1.0,6.760360662383391e-07,0.0,0.20000040562163973,0.0
1.0,0.0,0.0,0.0,1.0,0.0,0.0,0.0,1.0,2.0082457119485753e-07,0.0,0.20000012049474275,0.0
1.0,0.0,0.0,0.0,1.0,0.0,0.0,0.0,1.0,2.51678589080484e-08,0.0,0.20000001510071536,0.0
1.0,0.0,0.0,0.0,1.0,0.0,0.0,0.0,1.0,0.0,0.0,0.2,0.0
1.0,0.0,0.0,0.0,1.0,0.0,0.0,0.0,1.0,0.0,0.0,0.1999989849420611,0.0
1.0,0.0,0.0,0.0,1.0,0.0,0.0,0.0,1.0,0.0,0.0,0.19999200294471978,0.0
1.0,0.0,0.0,0.0,1.0,0.0,0.0,0.0,1.0,0.0,0.0,0.19997342303423402,0.0
1.0,0.0,0.0,0.0,1.0,0.0,0.0,0.0,1.0,0.0,0.0,0.19993797386207543,0.0
1.0,0.0,0.0,0.0,1.0,0.0,0.0,0.0,1.0,0.0,0.0,0.19988073613387236,0.0
1.0,0.0,0.0,0.0,1.0,0.0,0.0,0.0,1.0,0.0,0.0,0.19979713503835264,0.0
1.0,0.0,0.0,0.0,1.0,0.0,0.0,0.0,1.0,0.0,0.0,0.19968293267628648,0.0
1.0,0.0,0.0,0.0,1.0,0.0,0.0,0.0,1.0,0.0,0.0,0.19953422048942934,0.0
1.0,0.0,0.0,0.0,1.0,0.0,0.0,0.0,1.0,0.0,0.0,0.19934741168946485,0.0
1.0,0.0,0.0,0.0,1.0,0.0,0.0,0.0,1.0,0.0,0.0,0.19911923368694756,0.0
1.0,0.0,0.0,0.0,1.0,0.0,0.0,0.0,1.0,0.0,0.0,0.1988467205202459,0.0
1.0,0.0,0.0,0.0,1.0,0.0,0.0,0.0,1.0,0.0,0.0,0.1985272052844851,0.0
1.0,0.0,0.0,0.0,1.0,0.0,0.0,0.0,1.0,0.0,0.0,0.19815831256048982,0.0
1.0,0.0,0.0,0.0,1.0,0.0,0.0,0.0,1.0,0.0,0.0,0.19773795084372733,0.0
1.0,0.0,0.0,0.0,1.0,0.0,0.0,0.0,1.0,0.0,0.0,0.19726430497325018,0.0
1.0,0.0,0.0,0.0,1.0,0.0,0.0,0.0,1.0,0.0,0.0,0.1967358285606391,0.0
1.0,0.0,0.0,0.0,1.0,0.0,0.0,0.0,1.0,0.0,0.0,0.19615123641894586,0.0
1.0,0.0,0.0,0.0,1.0,0.0,0.0,0.0,1.0,0.0,0.0,0.1955094969916362,0.0
1.0,0.0,0.0,0.0,1.0,0.0,0.0,0.0,1.0,0.0,0.0,0.19480982478153266,0.0
1.0,0.0,0.0,0.0,1.0,0.0,0.0,0.0,1.0,0.0,0.0,0.19405167277975746,0.0
1.0,0.0,0.0,0.0,1.0,0.0,0.0,0.0,1.0,0.0,0.0,0.19323472489467527,0.0
1.0,0.0,0.0,0.0,1.0,0.0,0.0,0.0,1.0,0.0,0.0,0.19235888838083626,0.0
1.0,0.0,0.0,0.0,1.0,0.0,0.0,0.0,1.0,0.0,0.0,0.19142428626791883,0.0
1.0,0.0,0.0,0.0,1.0,0.0,0.0,0.0,1.0,0.0,0.0,0.1904312497896725,0.0
1.0,0.0,0.0,0.0,1.0,0.0,0.0,0.0,1.0,0.0,0.0,0.1893803108128608,0.0
1.0,0.0,0.0,0.0,1.0,0.0,0.0,0.0,1.0,0.0,0.0,0.18827219426620417,0.0
1.0,0.0,0.0,0.0,1.0,0.0,0.0,0.0,1.0,0.0,0.0,0.18710781056932277,0.0
1.0,0.0,0.0,0.0,1.0,0.0,0.0,0.0,1.0,0.0,0.0,0.18588824806167933,0.0
1.0,0.0,0.0,0.0,1.0,0.0,0.0,0.0,1.0,0.0,0.0,0.1846147654315221,0.0
1.0,0.0,0.0,0.0,1.0,0.0,0.0,0.0,1.0,0.0,0.0,0.1832887841448277,0.0
1.0,0.0,0.0,0.0,1.0,0.0,0.0,0.0,1.0,0.0,0.0,0.18191188087424384,0.0
1.0,0.0,0.0,0.0,1.0,0.0,0.0,0.0,1.0,0.0,0.0,0.18048577992803247,0.0
1.0,0.0,0.0,0.0,1.0,0.0,0.0,0.0,1.0,0.0,0.0,0.17901234567901236,0.0
1.0,0.0,0.0,0.0,1.0,0.0,0.0,0.0,1.0,0.0,0.0,0.17749357499350216,0.0
1.0,0.0,0.0,0.0,1.0,0.0,0.0,0.0,1.0,0.0,0.0,0.17593158966026318,0.0
1.0,0.0,0.0,0.0,1.0,0.0,0.0,0.0,1.0,0.0,0.0,0.17432862881944228,0.0
1.0,0.0,0.0,0.0,1.0,0.0,0.0,0.0,1.0,0.0,0.0,0.17268704139151478,0.0
1.0,0.0,0.0,0.0,1.0,0.0,0.0,0.0,1.0,0.0,0.0,0.1710092785062272,0.0
1.0,0.0,0.0,0.0,1.0,0.0,0.0,0.0,1.0,0.0,0.0,0.16929788593154027,0.0
1.0,0.0,0.0,0.0,1.0,0.0,0.0,0.0,1.0,0.0,0.0,0.16755549650257176,0.0
1.0,0.0,0.0,0.0,1.0,0.0,0.0,0.0,1.0,0.0,0.0,0.16578482255053928,0.0
1.0,0.0,0.0,0.0,1.0,0.0,0.0,0.0,1.0,0.0,0.0,0.16398864833170324,0.0
1.0,0.0,0.0,0.0,1.0,0.0,0.0,0.0,1.0,0.0,0.0,0.1621698224563096,0.0
1.0,0.0,0.0,0.0,1.0,0.0,0.0,0.0,1.0,0.0,0.0,0.1603312503175329,0.0
1.0,0.0,0.0,0.0,1.0,0.0,0.0,0.0,1.0,0.0,0.0,0.158475886520419,0.0
1.0,0.0,0.0,0.0,1.0,0.0,0.0,0.0,1.0,0.0,0.0,0.15660672731082798,0.0
1.0,0.0,0.0,0.0,1.0,0.0,0.0,0.0,1.0,0.0,0.0,0.15472680300437705,0.0
1.0,0.0,0.0,0.0,1.0,0.0,0.0,0.0,1.0,0.0,0.0,0.15283917041538334,0.0
1.0,0.0,0.0,0.0,1.0,0.0,0.0,0.0,1.0,0.0,0.0,0.15094690528580681,0.0
1.0,0.0,0.0,0.0,1.0,0.0,0.0,0.0,1.0,0.0,0.0,0.1490530947141932,0.0
1.0,0.0,0.0,0.0,1.0,0.0,0.0,0.0,1.0,0.0,0.0,0.14716082958461665,0.0
1.0,0.0,0.0,0.0,1.0,0.0,0.0,0.0,1.0,0.0,0.0,0.14527319699562297,0.0
1.0,0.0,0.0,0.0,1.0,0.0,0.0,0.0,1.0,0.0,0.0,0.143393272689172,0.0
1.0,0.0,0.0,0.0,1.0,0.0,0.0,0.0,1.0,0.0,0.0,0.141524113479581,0.0
1.0,0.0,0.0,0.0,1.0,0.0,0.0,0.0,1.0,0.0,0.0,0.1396687496824671,0.0
1.0,0.0,0.0,0.0,1.0,0.0,0.0,0.0,1.0,0.0,0.0,0.13783017754369042,0.0
1.0,0.0,0.0,0.0,1.0,0.0,0.0,0.0,1.0,0.0,0.0,0.13601135166829675,0.0
1.0,0.0,0.0,0.0,1.0,0.0,0.0,0.0,1.0,0.0,0.0,0.13421517744946074,0.0
1.0,0.0,0.0,0.0,1.0,0.0,0.0,0.0,1.0,0.0,0.0,0.13244450349742823,0.0
1.0,0.0,0.0,0.0,1.0,0.0,0.0,0.0,1.0,0.0,0.0,0.13070211406845972,0.0
1.0,0.0,0.0,0.0,1.0,0.0,0.0,0.0,1.0,0.0,0.0,0.12899072149377283,0.0
1.0,0.0,0.0,0.0,1.0,0.0,0.0,0.0,1.0,0.0,0.0,0.12731295860848524,0.0
1.0,0.0,0.0,0.0,1.0,0.0,0.0,0.0,1.0,0.0,0.0,0.1256713711805577,0.0
1.0,0.0,0.0,0.0,1.0,0.0,0.0,0.0,1.0,0.0,0.0,0.12406841033973684,0.0
1.0,0.0,0.0,0.0,1.0,0.0,0.0,0.0,1.0,0.0,0.0,0.12250642500649789,0.0
1.0,0.0,0.0,0.0,1.0,0.0,0.0,0.0,1.0,0.0,0.0,0.12098765432098771,0.0
1.0,0.0,0.0,0.0,1.0,0.0,0.0,0.0,1.0,0.0,0.0,0.1195142200719676,0.0
1.0,0.0,0.0,0.0,1.0,0.0,0.0,0.0,1.0,0.0,0.0,0.11808811912575617,0.0
1.0,0.0,0.0,0.0,1.0,0.0,0.0,0.0,1.0,0.0,0.0,0.11671121585517232,0.0
1.0,0.0,0.0,0.0,1.0,0.0,0.0,0.0,1.0,0.0,0.0,0.11538523456847792,0.0
1.0,0.0,0.0,0.0,1.0,0.0,0.0,0.0,1.0,0.0,0.0,0.11411175193832064,0.0
1.0,0.0,0.0,0.0,1.0,0.0,0.0,0.0,1.0,0.0,0.0,0.11289218943067719,0.0
1.0,0.0,0.0,0.0,1.0,0.0,0.0,0.0,1.0,0.0,0.0,0.11172780573379582,0.0
1.0,0.0,0.0,0.0,1.0,0.0,0.0,0.0,1.0,0.0,0.0,0.11061968918713921,0.0
1.0,0.0,0.0,0.0,1.0,0.0,0.0,0.0,1.0,0.0,0.0,0.10956875021032747,0.0
1.0,0.0,0.0,0.0,1.0,0.0,0.0,0.0,1.0,0.0,0.0,0.10857571373208115,0.0
1.0,0.0,0.0,0.0,1.0,0.0,0.0,0.0,1.0,0.0,0.0,0.10764111161916375,0.0
1.0,0.0,0.0,0.0,1.0,0.0,0.0,0.0,1.0,0.0,0.0,0.10676527510532477,0.0
1.0,0.0,0.0,0.0,1.0,0.0,0.0,0.0,1.0,0.0,0.0,0.10594832722024253,0.0
1.0,0.0,0.0,0.0,1.0,0.0,0.0,0.0,1.0,0.0,0.0,0.10519017521846732,0.0
1.0,0.0,0.0,0.0,1.0,0.0,0.0,0.0,1.0,0.0,0.0,0.10449050300836378,0.0
1.0,0.0,0.0,0.0,1.0,0.0,0.0,0.0,1.0,0.0,0.0,0.10384876358105428,0.0
1.0,0.0,0.0,0.0,1.0,0.0,0.0,0.0,1.0,0.0,0.0,0.10326417143936091,0.0
1.0,0.0,0.0,0.0,1.0,0.0,0.0,0.0,1.0,0.0,0.0,0.10273569502674991,0.0
1.0,0.0,0.0,0.0,1.0,0.0,0.0,0.0,1.0,0.0,0.0,0.10226204915627274,0.0
1.0,0.0,0.0,0.0,1.0,0.0,0.0,0.0,1.0,0.0,0.0,0.10184168743951015,0.0
1.0,0.0,0.0,0.0,1.0,0.0,0.0,0.0,1.0,0.0,0.0,0.10147279471551492,0.0
1.0,0.0,0.0,0.0,1.0,0.0,0.0,0.0,1.0,0.0,0.0,0.10115327947975411,0.0
1.0,0.0,0.0,0.0,1.0,0.0,0.0,0.0,1.0,0.0,0.0,0.10088076631305248,0.0
1.0,0.0,0.0,0.0,1.0,0.0,0.0,0.0,1.0,0.0,0.0,0.10065258831053524,0.0
1.0,0.0,0.0,0.0,1.0,0.0,0.0,0.0,1.0,0.0,0.0,0.10046577951057066,0.0
1.0,0.0,0.0,0.0,1.0,0.0,0.0,0.0,1.0,0.0,0.0,0.10031706732371354,0.0
1.0,0.0,0.0,0.0,1.0,0.0,0.0,0.0,1.0,0.0,0.0,0.10020286496164738,0.0
1.0,0.0,0.0,0.0,1.0,0.0,0.0,0.0,1.0,0.0,0.0,0.10011926386612782,0.0
1.0,0.0,0.0,0.0,1.0,0.0,0.0,0.0,1.0,0.0,0.0,0.10006202613792459,0.0
1.0,0.0,0.0,0.0,1.0,0.0,0.0,0.0,1.0,0.0,0.0,0.10002657696576583,0.0
1.0,0.0,0.0,0.0,1.0,0.0,0.0,0.0,1.0,0.0,0.0,0.1000079970552803,0.0
1.0,0.0,0.0,0.0,1.0,0.0,0.0,0.0,1.0,0.0,0.0,0.10000101505793878,0.0
1.0,0.0,0.0,0.0,1.0,0.0,0.0,0.0,1.0,0.0,0.0,0.1,0.0
1.0,0.0,0.0,0.0,1.0,0.0,0.0,0.0,1.0,0.0,0.0,0.1,1.0
1.0,0.0,0.0,0.0,1.0,0.0,0.0,0.0,1.0,0.0,0.0,0.1,1.0
1.0,0.0,0.0,0.0,1.0,0.0,0.0,0.0,1.0,0.0,0.0,0.1,1.0
1.0,0.0,0.0,0.0,1.0,0.0,0.0,0.0,1.0,0.0,0.0,0.1,1.0
1.0,0.0,0.0,0.0,1.0,0.0,0.0,0.0,1.0,0.0,0.0,0.1,1.0
1.0,0.0,0.0,0.0,1.0,0.0,0.0,0.0,1.0,0.0,0.0,0.1,1.0
1.0,0.0,0.0,0.0,1.0,0.0,0.0,0.0,1.0,0.0,0.0,0.1,1.0
1.0,0.0,0.0,0.0,1.0,0.0,0.0,0.0,1.0,0.0,0.0,0.1,1.0
1.0,0.0,0.0,0.0,1.0,0.0,0.0,0.0,1.0,0.0,0.0,0.1,1.0
1.0,0.0,0.0,0.0,1.0,0.0,0.0,0.0,1.0,0.0,0.0,0.1,1.0
1.0,0.0,0.0,0.0,1.0,0.0,0.0,0.0,1.0,0.0,0.0,0.1,1.0
1.0,0.0,0.0,0.0,1.0,0.0,0.0,0.0,1.0,0.0,0.0,0.1,1.0
1.0,0.0,0.0,0.0,1.0,0.0,0.0,0.0,1.0,0.0,0.0,0.1,1.0
1.0,0.0,0.0,0.0,1.0,0.0,0.0,0.0,1.0,0.0,0.0,0.1,1.0
1.0,0.0,0.0,0.0,1.0,0.0,0.0,0.0,1.0,0.0,0.0,0.1,1.0
1.0,0.0,0.0,0.0,1.0,0.0,0.0,0.0,1.0,0.0,0.0,0.1,1.0
1.0,0.0,0.0,0.0,1.0,0.0,0.0,0.0,1.0,0.0,0.0,0.1,1.0
1.0,0.0,0.0,0.0,1.0,0.0,0.0,0.0,1.0,0.0,0.0,0.1,1.0
1.0,0.0,0.0,0.0,1.0,0.0,0.0,0.0,1.0,0.0,0.0,0.1,1.0
1.0,0.0,0.0,0.0,1.0,0.0,0.0,0.0,1.0,0.0,0.0,0.1,1.0
1.0,0.0,0.0,0.0,1.0,0.0,0.0,0.0,1.0,0.0,0.0,0.1,1.0
1.0,0.0,0.0,0.0,1.0,0.0,0.0,0.0,1.0,0.0,0.0,0.1,1.0
1.0,0.0,0.0,0.0,1.0,0.0,0.0,0.0,1.0,0.0,0.0,0.1,1.0
1.0,0.0,0.0,0.0,1.0,0.0,0.0,0.0,1.0,0.0,0.0,0.1,1.0
1.0,0.0,0.0,0.0,1.0,0.0,0.0,0.0,1.0,0.0,0.0,0.1,1.0
1.0,0.0,0.0,0.0,1.0,0.0,0.0,0.0,1.0,0.0,0.0,0.1,1.0
1.0,0.0,0.0,0.0,1.0,0.0,0.0,0.0,1.0,0.0,0.0,0.1,1.0
1.0,0.0,0.0,0.0,1.0,0.0,0.0,0.0,1.0,0.0,0.0,0.1,1.0
1.0,0.0,0.0,0.0,1.0,0.0,0.0,0.0,1.0,0.0,0.0,0.1,1.0
1.0,0.0,0.0,0.0,1.0,0.0,0.0,0.0,1.0,0.0,0.0,0.1,1.0
1.0,0.0,0.0,0.0,1.0,0.0,0.0,0.0,1.0,0.0,0.0,0.1,1.0
1.0,0.0,0.0,0.0,1.0,0.0,0.0,0.0,1.0,0.0,0.0,0.1,1.0
1.0,0.0,0.0,0.0,1.0,0.0,0.0,0.0,1.0,0.0,0.0,0.1,1.0
1.0,0.0,0.0,0.0,1.0,0.0,0.0,0.0,1.0,0.0,0.0,0.1,1.0
1.0,0.0,0.0,0.0,1.0,0.0,0.0,0.0,1.0,0.0,0.0,0.1,1.0
1.0,0.0,0.0,0.0,1.0,0.0,0.0,0.0,1.0,0.0,0.0,0.1,1.0
1.0,0.0,0.0,0.0,1.0,0.0,0.0,0.0,1.0,0.0,0.0,0.1,1.0
1.0,0.0,0.0,0.0,1.0,0.0,0.0,0.0,1.0,0.0,0.0,0.1,1.0
1.0,0.0,0.0,0.0,1.0,0.0,0.0,0.0,1.0,0.0,0.0,0.1,1.0
1.0,0.0,0.0,0.0,1.0,0.0,0.0,0.0,1.0,0.0,0.0,0.1,1.0
1.0,0.0,0.0,0.0,1.0,0.0,0.0,0.0,1.0,0.0,0.0,0.1,1.0
1.0,0.0,0.0,0.0,1.0,0.0,0.0,0.0,1.0,0.0,0.0,0.1,1.0
1.0,0.0,0.0,0.0,1.0,0.0,0.0,0.0,1.0,0.0,0.0,0.1,1.0
1.0,0.0,0.0,0.0,1.0,0.0,0.0,0.0,1.0,0.0,0.0,0.1,1.0
1.0,0.0,0.0,0.0,1.0,0.0,0.0,0.0,1.0,0.0,0.0,0.1,1.0
1.0,0.0,0.0,0.0,1.0,0.0,0.0,0.0,1.0,0.0,0.0,0.1,1.0
1.0,0.0,0.0,0.0,1.0,0.0,0.0,0.0,1.0,0.0,0.0,0.1,1.0
1.0,0.0,0.0,0.0,1.0,0.0,0.0,0.0,1.0,0.0,0.0,0.1,1.0
1.0,0.0,0.0,0.0,1.0,0.0,0.0,0.0,1.0,0.0,0.0,0.1,1.0
1.0,0.0,0.0,0.0,1.0,0.0,0.0,0.0,1.0,0.0,0.0,0.1,1.0
1.0,0.0,0.0,0.0,1.0,0.0,0.0,0.0,1.0,0.0,0.0,0.1,1.0
1.0,0.0,0.0,0.0,1.0,0.0,0.0,0.0,1.0,0.0,0.0,0.1,1.0
1.0,0.0,0.0,0.0,1.0,0.0,0.0,0.0,1.0,0.0,0.0,0.1,1.0
1.0,0.0,0.0,0.0,1.0,0.0,0.0,0.0,1.0,0.0,0.0,0.1,1.0
1.0,0.0,0.0,0.0,1.0,0.0,0.0,0.0,1.0,0.0,0.0,0.1,1.0
1.0,0.0,0.0,0.0,1.0,0.0,0.0,0.0,1.0,0.0,0.0,0.1,1.0
1.0,0.0,0.0,0.0,1.0,0.0,0.0,0.0,1.0,0.0,0.0,0.1,1.0
1.0,0.0,0.0,0.0,1.0,0.0,0.0,0.0,1.0,0.0,0.0,0.1,1.0
1.0,0.0,0.0,0.0,1.0,0.0,0.0,0.0,1.0,0.0,0.0,0.1,1.0
1.0,0.0,0.0,0.0,1.0,0.0,0.0,0.0,1.0,0.0,0.0,0.1,1.0
1.0,0.0,0.0,0.0,1.0,0.0,0.0,0.0,1.0,0.0,0.0,0.1,1.0
1.0,0.0,0.0,0.0,1.0,0.0,0.0,0.0,1.0,0.0,0.0,0.1,1.0
1.0,0.0,0.0,0.0,1.0,0.0,0.0,0.0,1.0,0.0,0.0,0.1,1.0
1.0,0.0,0.0,0.0,1.0,0.0,0.0,0.0,1.0,0.0,0.0,0.1,1.0
1.0,0.0,0.0,0.0,1.0,0.0,0.0,0.0,1.0,0.0,0.0,0.1,1.0
1.0,0.0,0.0,0.0,1.0,0.0,0.0,0.0,1.0,0.0,0.0,0.1,1.0
1.0,0.0,0.0,0.0,1.0,0.0,0.0,0.0,1.0,0.0,0.0,0.1,1.0
1.0,0.0,0.0,0.0,1.0,0.0,0.0,0.0,1.0,0.0,0.0,0.1,1.0
1.0,0.0,0.0,0.0,1.0,0.0,0.0,0.0,1.0,0.0,0.0,0.1,1.0
1.0,0.0,0.0,0.0,1.0,0.0,0.0,0.0,1.0,0.0,0.0,0.1,1.0
1.0,0.0,0.0,0.0,1.0,0.0,0.0,0.0,1.0,0.0,0.0,0.1,1.0
1.0,0.0,0.0,0.0,1.0,0.0,0.0,0.0,1.0,0.0,0.0,0.1,1.0
1.0,0.0,0.0,0.0,1.0,0.0,0.0,0.0,1.0,0.0,0.0,0.1,1.0
1.0,0.0,0.0,0.0,1.0,0.0,0.0,0.0,1.0,0.0,0.0,0.1,1.0
1.0,0.0,0.0,0.0,1.0,0.0,0.0,0.0,1.0,0.0,0.0,0.1,1.0
1.0,0.0,0.0,0.0,1.0,0.0,0.0,0.0,1.0,0.0,0.0,0.1,1.0
1.0,0.0,0.0,0.0,1.0,0.0,0.0,0.0,1.0,0.0,0.0,0.1,1.0
1.0,0.0,0.0,0.0,1.0,0.0,0.0,0.0,1.0,0.0,0.0,0.1,1.0
1.0,0.0,0.0,0.0,1.0,0.0,0.0,0.0,1.0,0.0,0.0,0.1,1.0
1.0,0.0,0.0,0.0,1.0,0.0,0.0,0.0,1.0,0.0,0.0,0.1,1.0
1.0,0.0,0.0,0.0,1.0,0.0,0.0,0.0,1.0,0.0,0.0,0.1,1.0
1.0,0.0,0.0,0.0,1.0,0.0,0.0,0.0,1.0,0.0,0.0,0.1,1.0
1.0,0.0,0.0,0.0,1.0,0.0,0.0,0.0,1.0,0.0,0.0,0.1,1.0
1.0,0.0,0.0,0.0,1.0,0.0,0.0,0.0,1.0,0.0,0.0,0.1,1.0
1.0,0.0,0.0,0.0,1.0,0.0,0.0,0.0,1.0,0.0,0.0,0.1,1.0
1.0,0.0,0.0,0.0,1.0,0.0,0.0,0.0,1.0,0.0,0.0,0.1,1.0
1.0,0.0,0.0,0.0,1.0,0.0,0.0,0.0,1.0,0.0,0.0,0.1,1.0
1.0,0.0,0.0,0.0,1.0,0.0,0.0,0.0,1.0,0.0,0.0,0.1,1.0
1.0,0.0,0.0,0.0,1.0,0.0,0.0,0.0,1.0,0.0,0.0,0.1,1.0
1.0,0.0,0.0,0.0,1.0,0.0,0.0,0.0,1.0,0.0,0.0,0.1,1.0
1.0,0.0,0.0,0.0,1.0,0.0,0.0,0.0,1.0,0.0,0.0,0.1,1.0
1.0,0.0,0.0,0.0,1.0,0.0,0.0,0.0,1.0,0.0,0.0,0.1,1.0
1.0,0.0,0.0,0.0,1.0,0.0,0.0,0.0,1.0,0.0,0.0,0.1,1.0
1.0,0.0,0.0,0.0,1.0,0.0,0.0,0.0,1.0,0.0,0.0,0.1,1.0
1.0,0.0,0.0,0.0,1.0,0.0,0.0,0.0,1.0,0.0,0.0,0.1,1.0
1.0,0.0,0.0,0.0,1.0,0.0,0.0,0.0,1.0,0.0,0.0,0.1,1.0
1.0,0.0,0.0,0.0,1.0,0.0,0.0,0.0,1.0,0.0,0.0,0.1,1.0
1.0,0.0,0.0,0.0,1.0,0.0,0.0,0.0,1.0,0.0,0.0,0.1,1.0
1.0,0.0,0.0,0.0,1.0,0.0,0.0,0.0,1.0,0.0,0.0,0.1,1.0
1.0,0.0,0.0,0.0,1.0,0.0,0.0,0.0,1.0,0.0,0.0,0.1,1.0
1.0,0.0,0.0,0.0,1.0,0.0,0.0,0.0,1.0,0.0,0.0,0.1,1.0
1.0,0.0,0.0,0.0,1.0,0.0,0.0,0.0,1.0,0.0,0.0,0.1,1.0
1.0,0.0,0.0,0.0,1.0,0.0,0.0,0.0,1.0,0.0,0.0,0.1,1.0
1.0,0.0,0.0,0.0,1.0,0.0,0.0,0.0,1.0,0.0,0.0,0.1,1.0
1.0,0.0,0.0,0.0,1.0,0.0,0.0,0.0,1.0,0.0,0.0,0.1,1.0
1.0,0.0,0.0,0.0,1.0,0.0,0.0,0.0,1.0,0.0,0.0,0.1,1.0
1.0,0.0,0.0,0.0,1.0,0.0,0.0,0.0,1.0,0.0,0.0,0.1,1.0
1.0,0.0,0.0,0.0,1.0,0.0,0.0,0.0,1.0,0.0,0.0,0.1,1.0
1.0,0.0,0.0,0.0,1.0,0.0,0.0,0.0,1.0,0.0,0.0,0.1,1.0
1.0,0.0,0.0,0.0,1.0,0.0,0.0,0.0,1.0,0.0,0.0,0.1,1.0
1.0,0.0,0.0,0.0,1.0,0.0,0.0,0.0,1.0,0.0,0.0,0.1,1.0
1.0,0.0,0.0,0.0,1.0,0.0,0.0,0.0,1.0,0.0,0.0,0.1,1.0
1.0,0.0,0.0,0.0,1.0,0.0,0.0,0.0,1.0,0.0,0.0,0.1,1.0
1.0,0.0,0.0,0.0,1.0,0.0,0.0,0.0,1.0,0.0,0.0,0.1,1.0
1.0,0.0,0.0,0.0,1.0,0.0,0.0,0.0,1.0,0.0,0.0,0.1,1.0
1.0,0.0,0.0,0.0,1.0,0.0,0.0,0.0,1.0,0.0,0.0,0.1,1.0
1.0,0.0,0.0,0.0,1.0,0.0,0.0,0.0,1.0,0.0,0.0,0.1,1.0
1.0,0.0,0.0,0.0,1.0,0.0,0.0,0.0,1.0,0.0,0.0,0.1,1.0
1.0,0.0,0.0,0.0,1.0,0.0,0.0,0.0,1.0,0.0,0.0,0.1,1.0
1.0,0.0,0.0,0.0,1.0,0.0,0.0,0.0,1.0,0.0,0.0,0.1,1.0
1.0,0.0,0.0,0.0,1.0,0.0,0.0,0.0,1.0,0.0,0.0,0.1,1.0
1.0,0.0,0.0,0.0,1.0,0.0,0.0,0.0,1.0,0.0,0.0,0.1,1.0
1.0,0.0,0.0,0.0,1.0,0.0,0.0,0.0,1.0,0.0,0.0,0.1,1.0
1.0,0.0,0.0,0.0,1.0,0.0,0.0,0.0,1.0,0.0,0.0,0.1,1.0
1.0,0.0,0.0,0.0,1.0,0.0,0.0,0.0,1.0,0.0,0.0,0.1,1.0
1.0,0.0,0.0,0.0,1.0,0.0,0.0,0.0,1.0,0.0,0.0,0.1,1.0
1.0,0.0,0.0,0.0,1.0,0.0,0.0,0.0,1.0,0.0,0.0,0.1,1.0
1.0,0.0,0.0,0.0,1.0,0.0,0.0,0.0,1.0,0.0,0.0,0.1,1.0
1.0,0.0,0.0,0.0,1.0,0.0,0.0,0.0,1.0,0.0,0.0,0.1,1.0
1.0,0.0,0.0,0.0,1.0,0.0,0.0,0.0,1.0,0.0,0.0,0.1,1.0
1.0,0.0,0.0,0.0,1.0,0.0,0.0,0.0,1.0,0.0,0.0,0.1,1.0
1.0,0.0,0.0,0.0,1.0,0.0,0.0,0.0,1.0,0.0,0.0,0.1,1.0
1.0,0.0,0.0,0.0,1.0,0.0,0.0,0.0,1.0,0.0,0.0,0.1,1.0
1.0,0.0,0.0,0.0,1.0,0.0,0.0,0.0,1.0,0.0,0.0,0.1,1.0
1.0,0.0,0.0,0.0,1.0,0.0,0.0,0.0,1.0,0.0,0.0,0.1,1.0
1.0,0.0,0.0,0.0,1.0,0.0,0.0,0.0,1.0,0.0,0.0,0.1,1.0
1.0,0.0,0.0,0.0,1.0,0.0,0.0,0.0,1.0,0.0,0.0,0.1,1.0
1.0,0.0,0.0,0.0,1.0,0.0,0.0,0.0,1.0,0.0,0.0,0.1,1.0
1.0,0.0,0.0,0.0,1.0,0.0,0.0,0.0,1.0,0.0,0.0,0.1,1.0
1.0,0.0,0.0,0.0,1.0,0.0,0.0,0.0,1.0,0.0,0.0,0.1,1.0
1.0,0.0,0.0,0.0,1.0,0.0,0.0,0.0,1.0,0.0,0.0,0.1,1.0
1.0,0.0,0.0,0.0,1.0,0.0,0.0,0.0,1.0,0.0,0.0,0.1,1.0
1.0,0.0,0.0,0.0,1.0,0.0,0.0,0.0,1.0,0.0,0.0,0.1,1.0
1.0,0.0,0.0,0.0,1.0,0.0,0.0,0.0,1.0,0.0,0.0,0.1,1.0
1.0,0.0,0.0,0.0,1.0,0.0,0.0,0.0,1.0,0.0,0.0,0.1,1.0
1.0,0.0,0.0,0.0,1.0,0.0,0.0,0.0,1.0,0.0,0.0,0.1,1.0
1.0,0.0,0.0,0.0,1.0,0.0,0.0,0.0,1.0,0.0,0.0,0.1,1.0
1.0,0.0,0.0,0.0,1.0,0.0,0.0,0.0,1.0,0.0,0.0,0.1,1.0
1.0,0.0,0.0,0.0,1.0,0.0,0.0,0.0,1.0,0.0,0.0,0.1,1.0
1.0,0.0,0.0,0.0,1.0,0.0,0.0,0.0,1.0,0.0,0.0,0.1,1.0
1.0,0.0,0.0,0.0,1.0,0.0,0.0,0.0,1.0,0.0,0.0,0.1,1.0
1.0,0.0,0.0,0.0,1.0,0.0,0.0,0.0,1.0,0.0,0.0,0.1,1.0
1.0,0.0,0.0,0.0,1.0,0.0,0.0,0.0,1.0,0.0,0.0,0.1,1.0
1.0,0.0,0.0,0.0,1.0,0.0,0.0,0.0,1.0,0.0,0.0,0.1,1.0
1.0,0.0,0.0,0.0,1.0,0.0,0.0,0.0,1.0,0.0,0.0,0.1,1.0
1.0,0.0,0.0,0.0,1.0,0.0,0.0,0.0,1.0,0.0,0.0,0.1,1.0
1.0,0.0,0.0,0.0,1.0,0.0,0.0,0.0,1.0,0.0,0.0,0.1,1.0
1.0,0.0,0.0,0.0,1.0,0.0,0.0,0.0,1.0,0.0,0.0,0.1,1.0
1.0,0.0,0.0,0.0,1.0,0.0,0.0,0.0,1.0,0.0,0.0,0.1,1.0
1.0,0.0,0.0,0.0,1.0,0.0,0.0,0.0,1.0,0.0,0.0,0.1,1.0
1.0,0.0,0.0,0.0,1.0,0.0,0.0,0.0,1.0,0.0,0.0,0.1,1.0
1.0,0.0,0.0,0.0,1.0,0.0,0.0,0.0,1.0,0.0,0.0,0.1,1.0
1.0,0.0,0.0,0.0,1.0,0.0,0.0,0.0,1.0,0.0,0.0,0.1,1.0
1.0,0.0,0.0,0.0,1.0,0.0,0.0,0.0,1.0,0.0,0.0,0.1,1.0
1.0,0.0,0.0,0.0,1.0,0.0,0.0,0.0,1.0,0.0,0.0,0.1,1.0
1.0,0.0,0.0,0.0,1.0,0.0,0.0,0.0,1.0,0.0,0.0,0.1,1.0
1.0,0.0,0.0,0.0,1.0,0.0,0.0,0.0,1.0,0.0,0.0,0.1,1.0
1.0,0.0,0.0,0.0,1.0,0.0,0.0,0.0,1.0,0.0,0.0,0.1,1.0
1.0,0.0,0.0,0.0,1.0,0.0,0.0,0.0,1.0,0.0,0.0,0.1,1.0
1.0,0.0,0.0,0.0,1.0,0.0,0.0,0.0,1.0,0.0,0.0,0.1,1.0
1.0,0.0,0.0,0.0,1.0,0.0,0.0,0.0,1.0,0.0,0.0,0.1,1.0
1.0,0.0,0.0,0.0,1.0,0.0,0.0,0.0,1.0,0.0,0.0,0.1,1.0
1.0,0.0,0.0,0.0,1.0,0.0,0.0,0.0,1.0,0.0,0.0,0.1,1.0
1.0,0.0,0.0,0.0,1.0,0.0,0.0,0.0,1.0,0.0,0.0,0.1,1.0
1.0,0.0,0.0,0.0,1.0,0.0,0.0,0.0,1.0,0.0,0.0,0.1,1.0
1.0,0.0,0.0,0.0,1.0,0.0,0.0,0.0,1.0,0.0,0.0,0.1,1.0
1.0,0.0,0.0,0.0,1.0,0.0,0.0,0.0,1.0,0.0,0.0,0.1,1.0
1.0,0.0,0.0,0.0,1.0,0.0,0.0,0.0,1.0,0.0,0.0,0.1,1.0
1.0,0.0,0.0,0.0,1.0,0.0,0.0,0.0,1.0,0.0,0.0,0.1,1.0
1.0,0.0,0.0,0.0,1.0,0.0,0.0,0.0,1.0,0.0,0.0,0.1,1.0
1.0,0.0,0.0,0.0,1.0,0.0,0.0,0.0,1.0,0.0,0.0,0.1,1.0
1.0,0.0,0.0,0.0,1.0,0.0,0.0,0.0,1.0,0.0,0.0,0.1,1.0
1.0,0.0,0.0,0.0,1.0,0.0,0.0,0.0,1.0,0.0,0.0,0.1,1.0
1.0,0.0,0.0,0.0,1.0,0.0,0.0,0.0,1.0,0.0,0.0,0.1,1.0
1.0,0.0,0.0,0.0,1.0,0.0,0.0,0.0,1.0,0.0,0.0,0.1,1.0
1.0,0.0,0.0,0.0,1.0,0.0,0.0,0.0,1.0,0.0,0.0,0.1,1.0
1.0,0.0,0.0,0.0,1.0,0.0,0.0,0.0,1.0,0.0,0.0,0.1,1.0
1.0,0.0,0.0,0.0,1.0,0.0,0.0,0.0,1.0,0.0,0.0,0.1,1.0
1.0,0.0,0.0,0.0,1.0,0.0,0.0,0.0,1.0,0.0,0.0,0.1,1.0
1.0,0.0,0.0,0.0,1.0,0.0,0.0,0.0,1.0,0.0,0.0,0.1,1.0
1.0,0.0,0.0,0.0,1.0,0.0,0.0,0.0,1.0,0.0,0.0,0.1,1.0
1.0,0.0,0.0,0.0,1.0,0.0,0.0,0.0,1.0,0.0,0.0,0.1,1.0
1.0,0.0,0.0,0.0,1.0,0.0,0.0,0.0,1.0,0.0,0.0,0.1,1.0
1.0,0.0,0.0,0.0,1.0,0.0,0.0,0.0,1.0,0.0,0.0,0.1,1.0
1.0,0.0,0.0,0.0,1.0,0.0,0.0,0.0,1.0,0.0,0.0,0.1,1.0
1.0,0.0,0.0,0.0,1.0,0.0,0.0,0.0,1.0,0.0,0.0,0.1,1.0
1.0,0.0,0.0,0.0,1.0,0.0,0.0,0.0,1.0,0.0,0.0,0.1,1.0
1.0,0.0,0.0,0.0,1.0,0.0,0.0,0.0,1.0,0.0,0.0,0.1,1.0
1.0,0.0,0.0,0.0,1.0,0.0,0.0,0.0,1.0,0.0,0.0,0.1,1.0
1.0,0.0,0.0,0.0,1.0,0.0,0.0,0.0,1.0,0.0,0.0,0.10000101505793894,1.0
1.0,0.0,0.0,0.0,1.0,0.0,0.0,0.0,1.0,0.0,0.0,0.10000799705528024,1.0
1.0,0.0,0.0,0.0,1.0,0.0,0.0,0.0,1.0,0.0,0.0,0.100026576965766,1.0
1.0,0.0,0.0,0.0,1.0,0.0,0.0,0.0,1.0,0.0,0.0,0.10006202613792459,1.0
1.0,0.0,0.0,0.0,1.0,0.0,0.0,0.0,1.0,0.0,0.0,0.10011926386612766,1.0
1.0,0.0,0.0,0.0,1.0,0.0,0.0,0.0,1.0,0.0,0.0,0.10020286496164738,1.0
1.0,0.0,0.0,0.0,1.0,0.0,0.0,0.0,1.0,0.0,0.0,0.10031706732371355,1.0
1.0,0.0,0.0,0.0,1.0,0.0,0.0,0.0,1.0,0.0,0.0,0.10046577951057067,1.0
1.0,0.0,0.0,0.0,1.0,0.0,0.0,0.0,1.0,0.0,0.0,0.10065258831053518,1.0
1.0,0.0,0.0,0.0,1.0,0.0,0.0,0.0,1.0,0.0,0.0,0.10088076631305247,1.0
1.0,0.0,0.0,0.0,1.0,0.0,0.0,0.0,1.0,0.0,0.0,0.10115327947975411,1.0
1.0,0.0,0.0,0.0,1.0,0.0,0.0,0.0,1.0,0.0,0.0,0.10147279471551493,1.0
1.0,0.0,0.0,0.0,1.0,0.0,0.0,0.0,1.0,0.0,0.0,0.10184168743951019,1.0
1.0,0.0,0.0,0.0,1.0,0.0,0.0,0.0,1.0,0.0,0.0,0.10226204915627268,1.0
1.0,0.0,0.0,0.0,1.0,0.0,0.0,0.0,1.0,0.0,0.0,0.10273569502674984,1.0
1.0,0.0,0.0,0.0,1.0,0.0,0.0,0.0,1.0,0.0,0.0,0.10326417143936092,1.0
1.0,0.0,0.0,0.0,1.0,0.0,0.0,0.0,1.0,0.0,0.0,0.10384876358105417,1.0
1.0,0.0,0.0,0.0,1.0,0.0,0.0,0.0,1.0,0.0,0.0,0.10449050300836382,1.0
1.0,0.0,0.0,0.0,1.0,0.0,0.0,0.0,1.0,0.0,0.0,0.10519017521846735,1.0
1.0,0.0,0.0,0.0,1.0,0.0,0.0,0.0,1.0,0.0,0.0,0.10594832722024257,1.0
1.0,0.0,0.0,0.0,1.0,0.0,0.0,0.0,1.0,0.0,0.0,0.10676527510532474,1.0
1.0,0.0,0.0,0.0,1.0,0.0,0.0,0.0,1.0,0.0,0.0,0.10764111161916375,1.0
1.0,0.0,0.0,0.0,1.0,0.0,0.0,0.0,1.0,0.0,0.0,0.10857571373208119,1.0
1.0,0.0,0.0,0.0,1.0,0.0,0.0,0.0,1.0,0.0,0.0,0.10956875021032753,1.0
1.0,0.0,0.0,0.0,1.0,0.0,0.0,0.0,1.0,0.0,0.0,0.11061968918713921,1.0
1.0,0.0,0.0,0.0,1.0,0.0,0.0,0.0,1.0,0.0,0.0,0.11172780573379584,1.0
1.0,0.0,0.0,0.0,1.0,0.0,0.0,0.0,1.0,0.0,0.0,0.11289218943067725,1.0
1.0,0.0,0.0,0.0,1.0,0.0,0.0,0.0,1.0,0.0,0.0,0.11411175193832068,1.0
1.0,0.0,0.0,0.0,1.0,0.0,0.0,0.0,1.0,0.0,0.0,0.1153852345684779,1.0
1.0,0.0,0.0,0.0,1.0,0.0,0.0,0.0,1.0,0.0,0.0,0.11671121585517233,1.0
1.0,0.0,0.0,0.0,1.0,0.0,0.0,0.0,1.0,0.0,0.0,0.11808811912575617,1.0
1.0,0.0,0.0,0.0,1.0,0.0,0.0,0.0,1.0,0.0,0.0,0.11951422007196756,1.0
1.0,0.0,0.0,0.0,1.0,0.0,0.0,0.0,1.0,0.0,0.0,0.12098765432098765,1.0
1.0,0.0,0.0,0.0,1.0,0.0,0.0,0.0,1.0,0.0,0.0,0.12250642500649786,1.0
1.0,0.0,0.0,0.0,1.0,0.0,0.0,0.0,1.0,0.0,0.0,0.12406841033973684,1.0
1.0,0.0,0.0,0.0,1.0,0.0,0.0,0.0,1.0,0.0,0.0,0.1256713711805577,1.0
1.0,0.0,0.0,0.0,1.0,0.0,0.0,0.0,1.0,0.0,0.0,0.12731295860848524,1.0
1.0,0.0,0.0,0.0,1.0,0.0,0.0,0.0,1.0,0.0,0.0,0.12899072149377283,1.0
1.0,0.0,0.0,0.0,1.0,0.0,0.0,0.0,1.0,0.0,0.0,0.13070211406845972,1.0
1.0,0.0,0.0,0.0,1.0,0.0,0.0,0.0,1.0,0.0,0.0,0.13244450349742826,1.0
1.0,0.0,0.0,0.0,1.0,0.0,0.0,0.0,1.0,0.0,0.0,0.13421517744946074,1.0
1.0,0.0,0.0,0.0,1.0,0.0,0.0,0.0,1.0,0.0,0.0,0.13601135166829678,1.0
1.0,0.0,0.0,0.0,1.0,0.0,0.0,0.0,1.0,0.0,0.0,0.13783017754369042,1.0
1.0,0.0,0.0,0.0,1.0,0.0,0.0,0.0,1.0,0.0,0.0,0.13966874968246712,1.0
1.0,0.0,0.0,0.0,1.0,0.0,0.0,0.0,1.0,0.0,0.0,0.14152411347958102,1.0
1.0,0.0,0.0,0.0,1.0,0.0,0.0,0.0,1.0,0.0,0.0,0.14339327268917204,1.0
1.0,0.0,0.0,0.0,1.0,0.0,0.0,0.0,1.0,0.0,0.0,0.14527319699562297,1.0
1.0,0.0,0.0,0.0,1.0,0.0,0.0,0.0,1.0,0.0,0.0,0.14716082958461668,1.0
1.0,0.0,0.0,0.0,1.0,0.0,0.0,0.0,1.0,0.0,0.0,0.1490530947141932,1.0
1.0,0.0,0.0,0.0,1.0,0.0,0.0,0.0,1.0,0.0,0.0,0.15094690528580684,1.0
1.0,0.0,0.0,0.0,1.0,0.0,0.0,0.0,1.0,0.0,0.0,0.15283917041538336,1.0
1.0,0.0,0.0,0.0,1.0,0.0,0.0,0.0,1.0,0.0,0.0,0.15472680300437705,1.0
1.0,0.0,0.0,0.0,1.0,0.0,0.0,0.0,1.0,0.0,0.0,0.156606727310828,1.0
1.0,0.0,0.0,0.0,1.0,0.0,0.0,0.0,1.0,0.0,0.0,0.15847588652041902,1.0
1.0,0.0,0.0,0.0,1.0,0.0,0.0,0.0,1.0,0.0,0.0,0.16033125031753293,1.0
1.0,0.0,0.0,0.0,1.0,0.0,0.0,0.0,1.0,0.0,0.0,0.16216982245630962,1.0
1.0,0.0,0.0,0.0,1.0,0.0,0.0,0.0,1.0,0.0,0.0,0.16398864833170324,1.0
1.0,0.0,0.0,0.0,1.0,0.0,0.0,0.0,1.0,0.0,0.0,0.16578482255053928,1.0
1.0,0.0,0.0,0.0,1.0,0.0,0.0,0.0,1.0,0.0,0.0,0.1675554965025718,1.0
1.0,0.0,0.0,0.0,1.0,0.0,0.0,0.0,1.0,0.0,0.0,0.1692978859315403,1.0
1.0,0.0,0.0,0.0,1.0,0.0,0.0,0.0,1.0,0.0,0.0,0.1710092785062272,1.0
1.0,0.0,0.0,0.0,1.0,0.0,0.0,0.0,1.0,0.0,0.0,0.1726870413915148,1.0
1.0,0.0,0.0,0.0,1.0,0.0,0.0,0.0,1.0,0.0,0.0,0.17432862881944233,1.0
1.0,0.0,0.0,0.0,1.0,0.0,0.0,0.0,1.0,0.0,0.0,0.17593158966026318,1.0
1.0,0.0,0.0,0.0,1.0,0.0,0.0,0.0,1.0,0.0,0.0,0.17749357499350213,1.0
1.0,0.0,0.0,0.0,1.0,0.0,0.0,0.0,1.0,0.0,0.0,0.1790123456790123,1.0
1.0,0.0,0.0,0.0,1.0,0.0,0.0,0.0,1.0,0.0,0.0,0.1804857799280324,1.0
1.0,0.0,0.0,0.0,1.0,0.0,0.0,0.0,1.0,0.0,0.0,0.18191188087424384,1.0
1.0,0.0,0.0,0.0,1.0,0.0,0.0,0.0,1.0,0.0,0.0,0.1832887841448277,1.0
1.0,0.0,0.0,0.0,1.0,0.0,0.0,0.0,1.0,0.0,0.0,0.1846147654315221,1.0
1.0,0.0,0.0,0.0,1.0,0.0,0.0,0.0,1.0,0.0,0.0,0.18588824806167936,1.0
1.0,0.0,0.0,0.0,1.0,0.0,0.0,0.0,1.0,0.0,0.0,0.18710781056932282,1.0
1.0,0.0,0.0,0.0,1.0,0.0,0.0,0.0,1.0,0.0,0.0,0.1882721942662042,1.0
1.0,0.0,0.0,0.0,1.0,0.0,0.0,0.0,1.0,0.0,0.0,0.1893803108128608,1.0
1.0,0.0,0.0,0.0,1.0,0.0,0.0,0.0,1.0,0.0,0.0,0.19043124978967255,1.0
1.0,0.0,0.0,0.0,1.0,0.0,0.0,0.0,1.0,0.0,0.0,0.19142428626791885,1.0
1.0,0.0,0.0,0.0,1.0,0.0,0.0,0.0,1.0,0.0,0.0,0.19235888838083626,1.0
1.0,0.0,0.0,0.0,1.0,0.0,0.0,0.0,1.0,0.0,0.0,0.19323472489467525,1.0
1.0,0.0,0.0,0.0,1.0,0.0,0.0,0.0,1.0,0.0,0.0,0.1940516727797575,1.0
1.0,0.0,0.0,0.0,1.0,0.0,0.0,0.0,1.0,0.0,0.0,0.1948098247815327,1.0
1.0,0.0,0.0,0.0,1.0,0.0,0.0,0.0,1.0,0.0,0.0,0.19550949699163622,1.0
1.0,0.0,0.0,0.0,1.0,0.0,0.0,0.0,1.0,0.0,0.0,0.19615123641894572,1.0
1.0,0.0,0.0,0.0,1.0,0.0,0.0,0.0,1.0,0.0,0.0,0.1967358285606391,1.0
1.0,0.0,0.0,0.0,1.0,0.0,0.0,0.0,1.0,0.0,0.0,0.1972643049732501,1.0
1.0,0.0,0.0,0.0,1.0,0.0,0.0,0.0,1.0,0.0,0.0,0.19773795084372728,1.0
1.0,0.0,0.0,0.0,1.0,0.0,0.0,0.0,1.0,0.0,0.0,0.19815831256048988,1.0
1.0,0.0,0.0,0.0,1.0,0.0,0.0,0.0,1.0,0.0,0.0,0.1985272052844851,1.0
1.0,0.0,0.0,0.0,1.0,0.0,0.0,0.0,1.0,0.0,0.0,0.1988467205202459,1.0
1.0,0.0,0.0,0.0,1.0,0.0,0.0,0.0,1.0,0.0,0.0,0.19911923368694753,1.0
1.0,0.0,0.0,0.0,1.0,0.0,0.0,0.0,1.0,0.0,0.0,0.1993474116894648,1.0
1.0,0.0,0.0,0.0,1.0,0.0,0.0,0.0,1.0,0.0,0.0,0.19953422048942937,1.0
1.0,0.0,0.0,0.0,1.0,0.0,0.0,0.0,1.0,0.0,0.0,0.19968293267628648,1.0
1.0,0.0,0.0,0.0,1.0,0.0,0.0,0.0,1.0,0.0,0.0,0.19979713503835264,1.0
1.0,0.0,0.0,0.0,1.0,0.0,0.0,0.0,1.0,0.0,0.0,0.1998807361338722,1.0
1.0,0.0,0.0,0.0,1.0,0.0,0.0,0.0,1.0,0.0,0.0,0.19993797386207543,1.0
1.0,0.0,0.0,0.0,1.0,0.0,0.0,0.0,1.0,0.0,0.0,0.19997342303423418,1.0
1.0,0.0,0.0,0.0,1.0,0.0,0.0,0.0,1.0,0.0,0.0,0.19999200294471972,1.0
1.0,0.0,0.0,0.0,1.0,0.0,0.0,0.0,1.0,0.0,0.0,0.19999898494206125,1.0
1.0,0.0,0.0,0.0,1.0,0.0,0.0,0.0,1.0,0.0,0.0,0.2,1.0
1.0,0.0,0.0,0.0,1.0,0.0,0.0,0.0,1.0,1.0015005979939895e-08,0.0,0.2,1.0
1.0,0.0,0.0,0.0,1.0,0.0,0.0,0.0,1.0,7.999971135928e-08,0.0,0.2,1.0
1.0,0.0,0.0,0.0,1.0,0.0,0.0,0.0,1.0,2.695932158416342e-07,0.0,0.2,1.0
1.0,0.0,0.0,0.0,1.0,0.0,0.0,0.0,1.0,6.380746227450543e-07,0.0,0.2,1.0
1.0,0.0,0.0,0.0,1.0,0.0,0.0,0.0,1.0,1.2443637626128552e-06,0.0,0.2,1.0
1.0,0.0,0.0,0.0,1.0,0.0,0.0,0.0,1.0,2.1470219168244403e-06,0.0,0.2,1.0
1.0,0.0,0.0,0.0,1.0,0.0,0.0,0.0,1.0,3.4042525412061257e-06,0.0,0.2,1.0
1.0,0.0,0.0,0.0,1.0,0.0,0.0,0.0,1.0,5.073901989641968e-06,0.0,0.2,1.0
1.0,0.0,0.0,0.0,1.0,0.0,0.0,0.0,1.0,7.213460237684588e-06,0.0,0.2,1.0
1.0,0.0,0.0,0.0,1.0,0.0,0.0,0.0,1.0,9.880061606165995e-06,0.0,0.2,1.0
1.0,0.0,0.0,0.0,1.0,0.0,0.0,0.0,1.0,1.3130485484808408e-05,0.0,0.2,1.0
1.0,0.0,0.0,0.0,1.0,0.0,0.0,0.0,1.0,1.70211570558351e-05,0.0,0.2,1.0
1.0,0.0,0.0,0.0,1.0,0.0,0.0,0.0,1.0,2.1608148017581194e-05,0.0,0.2,1.0
1.0,0.0,0.0,0.0,1.0,0.0,0.0,0.0,1.0,2.6947177308104503e-05,0.0,0.2,1.0
1.0,0.0,0.0,0.0,1.0,0.0,0.0,0.0,1.0,3.3093611828796377e-05,0.0,0.2,1.0
1.0,0.0,0.0,0.0,1.0,0.0,0.0,0.0,1.0,4.010246716799248e-05,0.0,0.2,1.0
1.0,0.0,0.0,0.0,1.0,0.0,0.0,0.0,1.0,4.802840832458364e-05,0.0,0.2,1.0
1.0,0.0,0.0,0.0,1.0,0.0,0.0,0.0,1.0,5.6925750431626746e-05,0.0,0.2,1.0
1.0,0.0,0.0,0.0,1.0,0.0,0.0,0.0,1.0,6.684845947995538e-05,0.0,0.2,1.0
1.0,0.0,0.0,0.0,1.0,0.0,0.0,0.0,1.0,7.78501530417909e-05,0.0,0.2,1.0
1.0,0.0,0.0,0.0,1.0,0.0,0.0,0.0,1.0,8.998410099435301e-05,0.0,0.2,1.0
1.0,0.0,0.0,0.0,1.0,0.0,0.0,0.0,1.0,0.00010330322624347076,0.0,0.2,1.0
1.0,0.0,0.0,0.0,1.0,0.0,0.0,0.0,1.0,0.00011786010544719339,0.0,0.2,1.0
1.0,0.0,0.0,0.0,1.0,0.0,0.0,0.0,1.0,0.0001337069697394009,0.0,0.2,1.0
1.0,0.0,0.0,0.0,1.0,0.0,0.0,0.0,1.0,0.00015089570545341529,0.0,0.2,1.0
1.0,0.0,0.0,0.0,1.0,0.0,0.0,0.0,1.0,0.00016947785484561098,0.0,0.2,1.0
1.0,0.0,0.0,0.0,1.0,0.0,0.0,0.0,1.0,0.0001895046168190258,0.0,0.2,1.0
1.0,0.0,0.0,0.0,1.0,0.0,0.0,0.0,1.0,0.0002110268476469719,0.0,0.2,1.0
1.0,0.0,0.0,0.0,1.0,0.0,0.0,0.0,1.0,0.00023409506169664668,0.0,0.2,1.0
1.0,0.0,0.0,0.0,1.0,0.0,0.0,0.0,1.0,0.00025875943215274296,0.0,0.2,1.0
1.0,0.0,0.0,0.0,1.0,0.0,0.0,0.0,1.0,0.0002850697917410607,0.0,0.2,1.0
1.0,0.0,0.0,0.0,1.0,0.0,0.0,0.0,1.0,0.0003130756334521173,0.0,0.2,1.0
1.0,0.0,0.0,0.0,1.0,0.0,0.0,0.0,1.0,0.00034282611126475843,0.0,0.2,1.0
1.0,0.0,0.0,0.0,1.0,0.0,0.0,0.0,1.0,0.00037437004086976895,0.0,0.2,1.0
1.0,0.0,0.0,0.0,1.0,0.0,0.0,0.0,1.0,0.00040775590039348426,0.0,0.2,1.0
1.0,0.0,0.0,0.0,1.0,0.0,0.0,0.0,1.0,0.0004430318311213994,0.0,0.2,1.0
1.0,0.0,0.0,0.0,1.0,0.0,0.0,0.0,1.0,0.00048024563822178225,0.0,0.2,1.0
1.0,0.0,0.0,0.0,1.0,0.0,0.0,0.0,1.0,0.0005194447914692829,0.0,0.2,1.0
1.0,0.0,0.0,0.0,1.0,0.0,0.0,0.0,1.0,0.0005606764259685443,0.0,0.2,1.0
1.0,0.0,0.0,0.0,1.0,0.0,0.0,0.0,1.0,0.0006039873428778144,0.0,0.2,1.0
1.0,0.0,0.0,0.0,1.0,0.0,0.0,0.0,1.0,0.0006494240101325553,0.0,0.2,1.0
1.0,0.0,0.0,0.0,1.0,0.0,0.0,0.0,1.0,0.0006970325631690549,0.0,0.2,1.0
1.0,0.0,0.0,0.0,1.0,0.0,0.0,0.0,1.0,0.0007468588056480383,0.0,0.2,1.0
1.0,0.0,0.0,0.0,1.0,0.0,0.0,0.0,1.0,0.0007989482101782776,0.0,0.2,1.0
1.0,0.0,0.0,0.0,1.0,0.0,0.0,0.0,1.0,0.0008533459190402037,0.0,0.2,1.0
1.0,0.0,0.0,0.0,1.0,0.0,0.0,0.0,1.0,0.0009100967449095166,0.0,0.2,1.0
1.0,0.0,0.0,0.0,1.0,0.0,0.0,0.0,1.0,0.0009692451715807948,0.0,0.2,1.0
1.0,0.0,0.0,0.0,1.0,0.0,0.0,0.0,1.0,0.001030835354691109,0.0,0.2,1.0
1.0,0.0,0.0,0.0,1.0,0.0,0.0,0.0,1.0,0.0010949111224436315,0.0,0.2,1.0
1.0,0.0,0.0,0.0,1.0,0.0,0.0,0.0,1.0,0.0011615159763312464,0.0,0.2,1.0
1.0,0.0,0.0,0.0,1.0,0.0,0.0,0.0,1.0,0.001230693091860161,0.0,0.2,1.0
1.0,0.0,0.0,0.0,1.0,0.0,0.0,0.0,1.0,0.0013024853192735173,0.0,0.2,1.0
1.0,0.0,0.0,0.0,1.0,0.0,0.0,0.0,1.0,0.0013769351842750014,0.0,0.2,1.0
1.0,0.0,0.0,0.0,1.0,0.0,0.0,0.0,1.0,0.0014540848887524547,0.0,0.2,1.0
1.0,0.0,0.0,0.0,1.0,0.0,0.0,0.0,1.0,0.0015339763115014874,0.0,0.2,1.0
1.0,0.0,0.0,0.0,1.0,0.0,0.0,0.0,1.0,0.0016166510089490843,0.0,0.2,1.0
1.0,0.0,0.0,0.0,1.0,0.0,0.0,0.0,1.0,0.0017021502158772208,0.0,0.2,1.0
1.0,0.0,0.0,0.0,1.0,0.0,0.0,0.0,1.0,0.001790514846146469,0.0,0.2,1.0
1.0,0.0,0.0,0.0,1.0,0.0,0.0,0.0,1.0,0.001881785493419612,0.0,0.2,1.0
1.0,0.0,0.0,0.0,1.0,0.0,0.0,0.0,1.0,0.001976002431885254,0.0,0.2,1.0
1.0,0.0,0.0,0.0,1.0,0.0,0.0,0.0,1.0,0.0020732056169814293,0.0,0.2,1.0
1.0,0.0,0.0,0.0,1.0,0.0,0.0,0.0,1.0,0.0021734346861192167,0.0,0.2,1.0
1.0,0.0,0.0,0.0,1.0,0.0,0.0,0.0,1.0,0.002276728959406345,0.0,0.2,1.0
1.0,0.0,0.0,0.0,1.0,0.0,0.0,0.0,1.0,0.002383127440370811,0.0,0.2,1.0
1.0,0.0,0.0,0.0,1.0,0.0,0.0,0.0,1.0,0.0024926688166844835,0.0,0.2,1.0
1.0,0.0,0.0,0.0,1.0,0.0,0.0,0.0,1.0,0.0026053914608867145,0.0,0.2,1.0
1.0,0.0,0.0,0.0,1.0,0.0,0.0,0.0,1.0,0.0027213334311079595,0.0,0.2,1.0
1.0,0.0,0.0,0.0,1.0,0.0,0.0,0.0,1.0,0.002840532471793373,0.0,0.2,1.0
1.0,0.0,0.0,0.0,1.0,0.0,0.0,0.0,1.0,0.0029630260144264354,0.0,0.2,1.0
1.0,0.0,0.0,0.0,1.0,0.0,0.0,0.0,1.0,0.0030888511782525517,0.0,0.2,1.0
1.0,0.0,0.0,0.0,1.0,0.0,0.0,0.0,1.0,0.0032180447710026625,0.0,0.2,1.0
1.0,0.0,0.0,0.0,1.0,0.0,0.0,0.0,1.0,0.0033506432896168712,0.0,0.2,1.0
1.0,0.0,0.0,0.0,1.0,0.0,0.0,0.0,1.0,0.0034866829209680285,0.0,0.2,1.0
1.0,0.0,0.0,0.0,1.0,0.0,0.0,0.0,1.0,0.0036261995425853682,0.0,0.2,1.0
1.0,0.0,0.0,0.0,1.0,0.0,0.0,0.0,1.0,0.0037692287233781017,0.0,0.2,1.0
1.0,0.0,0.0,0.0,1.0,0.0,0.0,0.0,1.0,0.003915805724359033,0.0,0.2,1.0
1.0,0.0,0.0,0.0,1.0,0.0,0.0,0.0,1.0,0.004065965499368176,0.0,0.2,1.0
1.0,0.0,0.0,0.0,1.0,0.0,0.0,0.0,1.0,0.004219742695796355,0.0,0.2,1.0
1.0,0.0,0.0,0.0,1.0,0.0,0.0,0.0,1.0,0.0043771716553088254,0.0,0.2,1.0
1.0,0.0,0.0,0.0,1.0,0.0,0.0,0.0,1.0,0.004538286414568876,0.0,0.2,1.0
1.0,0.0,0.0,0.0,1.0,0.0,0.0,0.0,1.0,0.004703120705961445,0.0,0.2,1.0
1.0,0.0,0.0,0.0,1.0,0.0,0.0,0.0,1.0,0.004871707958316728,0.0,0.2,1.0
1.0,0.0,0.0,0.0,1.0,0.0,0.0,0.0,1.0,0.005044081297633791,0.0,0.2,1.0
1.0,0.0,0.0,0.0,1.0,0.0,0.0,0.0,1.0,0.005220273547804183,0.0,0.2,1.0
1.0,0.0,0.0,0.0,1.0,0.0,0.0,0.0,1.0,0.00540031723133554,0.0,0.2,1.0
1.0,0.0,0.0,0.0,1.0,0.0,0.0,0.0,1.0,0.005584244570075206,0.0,0.2,1.0
1.0,0.0,0.0,0.0,1.0,0.0,0.0,0.0,1.0,0.005772087485933831,0.0,0.2,1.0
1.0,0.0,0.0,0.0,1.0,0.0,0.0,0.0,1.0,0.005963877601608991,0.0,0.2,1.0
1.0,0.0,0.0,0.0,1.0,0.0,0.0,0.0,1.0,0.006159646241308802,0.0,0.2,1.0
1.0,0.0,0.0,0.0,1.0,0.0,0.0,0.0,1.0,0.006359424431475514,0.0,0.2,1.0
1.0,0.0,0.0,0.0,1.0,0.0,0.0,0.0,1.0,0.006563242901509151,0.0,0.2,1.0
1.0,0.0,0.0,0.0,1.0,0.0,0.0,0.0,1.0,0.006771132084491084,0.0,0.2,1.0
1.0,0.0,0.0,0.0,1.0,0.0,0.0,0.0,1.0,0.006983122117907672,0.0,0.2,1.0
1.0,0.0,0.0,0.0,1.0,0.0,0.0,0.0,1.0,0.007199242844373866,0.0,0.2,1.0
1.0,0.0,0.0,0.0,1.0,0.0,0.0,0.0,1.0,0.007419523812356808,0.0,0.2,1.0
1.0,0.0,0.0,0.0,1.0,0.0,0.0,0.0,1.0,0.0076439942768994585,0.0,0.2,1.0
1.0,0.0,0.0,0.0,1.0,0.0,0.0,0.0,1.0,0.007872683200344194,0.0,0.2,1.0
1.0,0.0,0.0,0.0,1.0,0.0,0.0,0.0,1.0,0.008105619253056424,0.0,0.2,1.0
1.0,0.0,0.0,0.0,1.0,0.0,0.0,0.0,1.0,0.008342830814148203,0.0,0.2,1.0
1.0,0.0,0.0,0.0,1.0,0.0,0.0,0.0,1.0,0.008584345972201835,0.0,0.2,1.0
1.0,0.0,0.0,0.0,1.0,0.0,0.0,0.0,1.0,0.008830192525993492,0.0,0.2,1.0
1.0,0.0,0.0,0.0,1.0,0.0,0.0,0.0,1.0,0.009080397985216818,0.0,0.2,1.0
1.0,0.0,0.0,0.0,1.0,0.0,0.0,0.0,1.0,0.009334989571206553,0.0,0.2,1.0
1.0,0.0,0.0,0.0,1.0,0.0,0.0,0.0,1.0,0.009593994217662117,0.0,0.2,1.0
1.0,0.0,0.0,0.0,1.0,0.0,0.0,0.0,1.0,0.009857438571371254,0.0,0.2,1.0
1.0,0.0,0.0,0.0,1.0,0.0,0.0,0.0,1.0,0.010125348992933617,0.0,0.2,1.0
1.0,0.0,0.0,0.0,1.0,0.0,0.0,0.0,1.0,0.010397751557484384,0.0,0.2,1.0
1.0,0.0,0.0,0.0,1.0,0.0,0.0,0.0,1.0,0.010674672055417894,0.0,0.2,1.0
1.0,0.0,0.0,0.0,1.0,0.0,0.0,0.0,1.0,0.010956135993111219,0.0,0.2,1.0
1.0,0.0,0.0,0.0,1.0,0.0,0.0,0.0,1.0,0.011242168593647791,0.0,0.2,1.0
1.0,0.0,0.0,0.0,1.0,0.0,0.0,0.0,1.0,0.011532794797541029,0.0,0.2,1.0
1.0,0.0,0.0,0.0,1.0,0.0,0.0,0.0,1.0,0.011828039263457919,0.0,0.2,1.0
1.0,0.0,0.0,0.0,1.0,0.0,0.0,0.0,1.0,0.01212792636894266,0.0,0.2,1.0
1.0,0.0,0.0,0.0,1.0,0.0,0.0,0.0,1.0,0.012432480211140243,0.0,0.2,1.0
1.0,0.0,0.0,0.0,1.0,0.0,0.0,0.0,1.0,0.012741724607520075,0.0,0.2,1.0
1.0,0.0,0.0,0.0,1.0,0.0,0.0,0.0,1.0,0.013055683096599602,0.0,0.2,1.0
1.0,0.0,0.0,0.0,1.0,0.0,0.0,0.0,1.0,0.013374378938667884,0.0,0.2,1.0
1.0,0.0,0.0,0.0,1.0,0.0,0.0,0.0,1.0,0.013697835116509259,0.0,0.2,1.0
1.0,0.0,0.0,0.0,1.0,0.0,0.0,0.0,1.0,0.014026074336126904,0.0,0.2,1.0
1.0,0.0,0.0,0.0,1.0,0.0,0.0,0.0,1.0,0.014359119027466467,0.0,0.2,1.0
1.0,0.0,0.0,0.0,1.0,0.0,0.0,0.0,1.0,0.014696991345139689,0.0,0.2,1.0
1.0,0.0,0.0,0.0,1.0,0.0,0.0,0.0,1.0,0.015039713169147994,0.0,0.2,1.0
1.0,0.0,0.0,0.0,1.0,0.0,0.0,0.0,1.0,0.015387306105606114,0.0,0.2,1.0
1.0,0.0,0.0,0.0,1.0,0.0,0.0,0.0,1.0,0.015739791487465685,0.0,0.2,1.0
1.0,0.0,0.0,0.0,1.0,0.0,0.0,0.0,1.0,0.01609719037523888,0.0,0.2,1.0
1.0,0.0,0.0,0.0,1.0,0.0,0.0,0.0,1.0,0.016459523557721983,0.0,0.2,1.0
1.0,0.0,0.0,0.0,1.0,0.0,0.0,0.0,1.0,0.016826811552719066,0.0,0.2,1.0
1.0,0.0,0.0,0.0,1.0,0.0,0.0,0.0,1.0,0.017199074607765517,0.0,0.2,1.0
1.0,0.0,0.0,0.0,1.0,0.0,0.0,0.0,1.0,0.017576332700851717,0.0,0.2,1.0
1.0,0.0,0.0,0.0,1.0,0.0,0.0,0.0,1.0,0.017958605541146606,0.0,0.2,1.0
1.0,0.0,0.0,0.0,1.0,0.0,0.0,0.0,1.0,0.018345912569721318,0.0,0.2,1.0
1.0,0.0,0.0,0.0,1.0,0.0,0.0,0.0,1.0,0.018738272960272816,0.0,0.2,1.0
1.0,0.0,0.0,0.0,1.0,0.0,0.0,0.0,1.0,0.019135705619847433,0.0,0.2,1.0
1.0,0.0,0.0,0.0,1.0,0.0,0.0,0.0,1.0,0.019538229189564552,0.0,0.2,1.0
1.0,0.0,0.0,0.0,1.0,0.0,0.0,0.0,1.0,0.019945862045340164,0.0,0.2,1.0
1.0,0.0,0.0,0.0,1.0,0.0,0.0,0.0,1.0,0.02035862229861051,0.0,0.2,1.0
1.0,0.0,0.0,0.0,1.0,0.0,0.0,0.0,1.0,0.020776527797055723,0.0,0.2,1.0
1.0,0.0,0.0,0.0,1.0,0.0,0.0,0.0,1.0,0.021199596125323347,0.0,0.2,1.0
1.0,0.0,0.0,0.0,1.0,0.0,0.0,0.0,1.0,0.021627844605752032,0.0,0.2,1.0
1.0,0.0,0.0,0.0,1.0,0.0,0.0,0.0,1.0,0.02206129029909511,0.0,0.2,1.0
1.0,0.0,0.0,0.0,1.0,0.0,0.0,0.0,1.0,0.022499950005244185,0.0,0.2,1.0
1.0,0.0,0.0,0.0,1.0,0.0,0.0,0.0,1.0,0.02294384026395282,0.0,0.2,1.0
1.0,0.0,0.0,0.0,1.0,0.0,0.0,0.0,1.0,0.023392977355560077,0.0,0.2,1.0
1.0,0.0,0.0,0.0,1.0,0.0,0.0,0.0,1.0,0.023847377301714115,0.0,0.2,1.0
1.0,0.0,0.0,0.0,1.0,0.0,0.0,0.0,1.0,0.024307055866095863,0.0,0.2,1.0
1.0,0.0,0.0,0.0,1.0,0.0,0.0,0.0,1.0,0.0247720285551426,0.0,0.2,1.0
1.0,0.0,0.0,0.0,1.0,0.0,0.0,0.0,1.0,0.025242310618771583,0.0,0.2,1.0
1.0,0.0,0.0,0.0,1.0,0.0,0.0,0.0,1.0,0.025717917051103607,0.0,0.2,1.0
1.0,0.0,0.0,0.0,1.0,0.0,0.0,0.0,1.0,0.026198862591186683,0.0,0.2,1.0
1.0,0.0,0.0,0.0,1.0,0.0,0.0,0.0,1.0,0.026685161723719576,0.0,0.2,1.0
1.0,0.0,0.0,0.0,1.0,0.0,0.0,0.0,1.0,0.0271768286797755,0.0,0.2,1.0
1.0,0.0,0.0,0.0,1.0,0.0,0.0,0.0,1.0,0.027673877437525685,0.0,0.2,1.0
1.0,0.0,0.0,0.0,1.0,0.0,0.0,0.0,1.0,0.028176321722962944,0.0,0.2,1.0
1.0,0.0,0.0,0.0,1.0,0.0,0.0,0.0,1.0,0.028684175010625375,0.0,0.2,1.0
1.0,0.0,0.0,0.0,1.0,0.0,0.0,0.0,1.0,0.0291974505243199,0.0,0.2,1.0
1.0,0.0,0.0,0.0,1.0,0.0,0.0,0.0,1.0,0.0297161612378459,0.0,0.2,1.0
1.0,0.0,0.0,0.0,1.0,0.0,0.0,0.0,1.0,0.03024031987571886,0.0,0.2,1.0
1.0,0.0,0.0,0.0,1.0,0.0,0.0,0.0,1.0,0.030769938913893898,0.0,0.2,1.0
1.0,0.0,0.0,0.0,1.0,0.0,0.0,0.0,1.0,0.031305030580489446,0.0,0.2,1.0
1.0,0.0,0.0,0.0,1.0,0.0,0.0,0.0,1.0,0.03184560685651086,0.0,0.2,1.0
1.0,0.0,0.0,0.0,1.0,0.0,0.0,0.0,1.0,0.03239167947657397,0.0,0.2,1.0
1.0,0.0,0.0,0.0,1.0,0.0,0.0,0.0,1.0,0.03294325992962877,0.0,0.2,1.0
1.0,0.0,0.0,0.0,1.0,0.0,0.0,0.0,1.0,0.03350035945968295,0.0,0.2,1.0
1.0,0.0,0.0,0.0,1.0,0.0,0.0,0.0,1.0,0.03406298906652558,0.0,0.2,1.0
1.0,0.0,0.0,0.0,1.0,0.0,0.0,0.0,1.0,0.03463115950645067,0.0,0.2,1.0
1.0,0.0,0.0,0.0,1.0,0.0,0.0,0.0,1.0,0.0352048812929808,0.0,0.2,1.0
1.0,0.0,0.0,0.0,1.0,0.0,0.0,0.0,1.0,0.03578416469759074,0.0,0.2,1.0
1.0,0.0,0.0,0.0,1.0,0.0,0.0,0.0,1.0,0.03636901975043104,0.0,0.2,1.0
1.0,0.0,0.0,0.0,1.0,0.0,0.0,0.0,1.0,0.03695945624105166,0.0,0.2,1.0
1.0,0.0,0.0,0.0,1.0,0.0,0.0,0.0,1.0,0.03755548371912553,0.0,0.2,1.0
1.0,0.0,0.0,0.0,1.0,0.0,0.0,0.0,1.0,0.03815711149517228,0.0,0.2,1.0
1.0,0.0,0.0,0.0,1.0,0.0,0.0,0.0,1.0,0.0387643486412817,0.0,0.2,1.0
1.0,0.0,0.0,0.0,1.0,0.0,0.0,0.0,1.0,0.03937720399183748,0.0,0.2,1.0
1.0,0.0,0.0,0.0,1.0,0.0,0.0,0.0,1.0,0.03999568614424069,0.0,0.2,1.0
1.0,0.0,0.0,0.0,1.0,0.0,0.0,0.0,1.0,0.04061980345963354,0.0,0.2,1.0
1.0,0.0,0.0,0.0,1.0,0.0,0.0,0.0,1.0,0.04124956406362291,0.0,0.2,1.0
1.0,0.0,0.0,0.0,1.0,0.0,0.0,0.0,1.0,0.04188497584700393,0.0,0.2,1.0
1.0,0.0,0.0,0.0,1.0,0.0,0.0,0.0,1.0,0.042526046466483634,0.0,0.2,1.0
1.0,0.0,0.0,0.0,1.0,0.0,0.0,0.0,1.0,0.04317278334540459,0.0,0.2,1.0
1.0,0.0,0.0,0.0,1.0,0.0,0.0,0.0,1.0,0.04382519367446844,0.0,0.2,1.0
1.0,0.0,0.0,0.0,1.0,0.0,0.0,0.0,1.0,0.04448328441245964,0.0,0.2,1.0
1.0,0.0,0.0,0.0,1.0,0.0,0.0,0.0,1.0,0.04514706228696891,0.0,0.2,1.0
1.0,0.0,0.0,0.0,1.0,0.0,0.0,0.0,1.0,0.04581653379511694,0.0,0.2,1.0
1.0,0.0,0.0,0.0,1.0,0.0,0.0,0.0,1.0,0.046491705204278,0.0,0.2,1.0
1.0,0.0,0.0,0.0,1.0,0.0,0.0,0.0,1.0,0.0471725825528035,0.0,0.2,1.0
1.0,0.0,0.0,0.0,1.0,0.0,0.0,0.0,1.0,0.04785917165074569,0.0,0.2,1.0
1.0,0.0,0.0,0.0,1.0,0.0,0.0,0.0,1.0,0.048551478080581176,0.0,0.2,1.0
1.0,0.0,0.0,0.0,1.0,0.0,0.0,0.0,1.0,0.04924950719793457,0.0,0.2,1.0
1.0,0.0,0.0,0.0,1.0,0.0,0.0,0.0,1.0,0.04995326413230212,0.0,0.2,1.0
1.0,0.0,0.0,0.0,1.0,0.0,0.0,0.0,1.0,0.050662753787775267,0.0,0.2,1.0
1.0,0.0,0.0,0.0,1.0,0.0,0.0,0.0,1.0,0.05137798084376435,0.0,0.2,1.0
1.0,0.0,0.0,0.0,1.0,0.0,0.0,0.0,1.0,0.05209894975572211,0.0,0.2,1.0
1.0,0.0,0.0,0.0,1.0,0.0,0.0,0.0,1.0,0.05282566475586735,0.0,0.2,1.0
1.0,0.0,0.0,0.0,1.0,0.0,0.0,0.0,1.0,0.05355812985390857,0.0,0.2,1.0
1.0,0.0,0.0,0.0,1.0,0.0,0.0,0.0,1.0,0.05429634883776751,0.0,0.2,1.0
1.0,0.0,0.0,0.0,1.0,0.0,0.0,0.0,1.0,0.05504032527430287,0.0,0.2,1.0
1.0,0.0,0.0,0.0,1.0,0.0,0.0,0.0,1.0,0.055790062510033794,0.0,0.2,1.0
1.0,0.0,0.0,0.0,1.0,0.0,0.0,0.0,1.0,0.05654556367186357,0.0,0.2,1.0
1.0,0.0,0.0,0.0,1.0,0.0,0.0,0.0,1.0,0.05730683166780319,0.0,0.2,1.0
1.0,0.0,0.0,0.0,1.0,0.0,0.0,0.0,1.0,0.058073869187694985,0.0,0.2,1.0
1.0,0.0,0.0,0.0,1.0,0.0,0.0,0.0,1.0,0.05884667870393626,0.0,0.2,1.0
1.0,0.0,0.0,0.0,1.0,0.0,0.0,0.0,1.0,0.05962526247220286,0.0,0.2,1.0
1.0,0.0,0.0,0.0,1.0,0.0,0.0,0.0,1.0,0.060409622532172816,0.0,0.2,1.0
1.0,0.0,0.0,0.0,1.0,0.0,0.0,0.0,1.0,0.06119976070824983,0.0,0.2,1.0
1.0,0.0,0.0,0.0,1.0,0.0,0.0,0.0,1.0,0.0619956786102872,0.0,0.2,1.0
1.0,0.0,0.0,0.0,1.0,0.0,0.0,0.0,1.0,0.06279737763431108,0.0,0.2,1.0
1.0,0.0,0.0,0.0,1.0,0.0,0.0,0.0,1.0,0.06360485896324423,0.0,0.2,1.0
1.0,0.0,0.0,0.0,1.0,0.0,0.0,0.0,1.0,0.06441812356762969,0.0,0.2,1.0
1.0,0.0,0.0,0.0,1.0,0.0,0.0,0.0,1.0,0.0652371722063543,0.0,0.2,1.0
1.0,0.0,0.0,0.0,1.0,0.0,0.0,0.0,1.0,0.06606200542737242,0.0,0.2,1.0
1.0,0.0,0.0,0.0,1.0,0.0,0.0,0.0,1.0,0.0668926235684293,0.0,0.2,1.0
1.0,0.0,0.0,0.0,1.0,0.0,0.0,0.0,1.0,0.06772902675778507,0.0,0.2,1.0
1.0,0.0,0.0,0.0,1.0,0.0,0.0,0.0,1.0,0.06857121491493792,0.0,0.2,1.0
1.0,0.0,0.0,0.0,1.0,0.0,0.0,0.0,1.0,0.06941918775134807,0.0,0.2,1.0
1.0,0.0,0.0,0.0,1.0,0.0,0.0,0.0,1.0,0.07027294477116125,0.0,0.2,1.0
1.0,0.0,0.0,0.0,1.0,0.0,0.0,0.0,1.0,0.0711324852719322,0.0,0.2,1.0
1.0,0.0,0.0,0.0,1.0,0.0,0.0,0.0,1.0,0.07199780834534847,0.0,0.2,1.0
1.0,0.0,0.0,0.0,1.0,0.0,0.0,0.0,1.0,0.07286891287795386,0.0,0.2,1.0
1.0,0.0,0.0,0.0,1.0,0.0,0.0,0.0,1.0,0.07374579755187217,0.0,0.2,1.0
1.0,0.0,0.0,0.0,1.0,0.0,0.0,0.0,1.0,0.07462846084553075,0.0,0.2,1.0
1.0,0.0,0.0,0.0,1.0,0.0,0.0,0.0,1.0,0.07551690103438408,0.0,0.2,1.0
1.0,0.0,0.0,0.0,1.0,0.0,0.0,0.0,1.0,0.07641111619163746,0.0,0.2,1.0
1.0,0.0,0.0,0.0,1.0,0.0,0.0,0.0,1.0,0.07731110418897055,0.0,0.2,1.0
1.0,0.0,0.0,0.0,1.0,0.0,0.0,0.0,1.0,0.07821686269726096,0.0,0.2,1.0
1.0,0.0,0.0,0.0,1.0,0.0,0.0,0.0,1.0,0.079128389187308,0.0,0.2,1.0
1.0,0.0,0.0,0.0,1.0,0.0,0.0,0.0,1.0,0.08004568093055613,0.0,0.2,1.0
1.0,0.0,0.0,0.0,1.0,0.0,0.0,0.0,1.0,0.0809687349998187,0.0,0.2,1.0
1.0,0.0,0.0,0.0,1.0,0.0,0.0,0.0,1.0,0.0818975482700014,0.0,0.2,1.0
1.0,0.0,0.0,0.0,1.0,0.0,0.0,0.0,1.0,0.08283211741882605,0.0,0.2,1.0
1.0,0.0,0.0,0.0,1.0,0.0,0.0,0.0,1.0,0.08377243892755411,0.0,0.2,1.0
1.0,0.0,0.0,0.0,1.0,0.0,0.0,0.0,1.0,0.08471850908171033,0.0,0.2,1.0
1.0,0.0,0.0,0.0,1.0,0.0,0.0,0.0,1.0,0.08567032397180632,0.0,0.2,1.0
1.0,0.0,0.0,0.0,1.0,0.0,0.0,0.0,1.0,0.08662787949406411,0.0,0.2,1.0
1.0,0.0,0.0,0.0,1.0,0.0,0.0,0.0,1.0,0.08759117135114003,0.0,0.2,1.0
1.0,0.0,0.0,0.0,1.0,0.0,0.0,0.0,1.0,0.08856019505284796,0.0,0.2,1.0
1.0,0.0,0.0,0.0,1.0,0.0,0.0,0.0,1.0,0.08953494591688314,0.0,0.2,1.0
1.0,0.0,0.0,0.0,1.0,0.0,0.0,0.0,1.0,0.09051541906954576,0.0,0.2,1.0
1.0,0.0,0.0,0.0,1.0,0.0,0.0,0.0,1.0,0.09150160944646456,0.0,0.2,1.0
1.0,0.0,0.0,0.0,1.0,0.0,0.0,0.0,1.0,0.0924935117933204,0.0,0.2,1.0
1.0,0.0,0.0,0.0,1.0,0.0,0.0,0.0,1.0,0.09349112066657003,0.0,0.2,1.0
1.0,0.0,0.0,0.0,1.0,0.0,0.0,0.0,1.0,0.09449443043416943,0.0,0.2,1.0
1.0,0.0,0.0,0.0,1.0,0.0,0.0,0.0,1.0,0.09550343527629765,0.0,0.2,1.0
1.0,0.0,0.0,0.0,1.0,0.0,0.0,0.0,1.0,0.09651812918608035,0.0,0.2,1.0
1.0,0.0,0.0,0.0,1.0,0.0,0.0,0.0,1.0,0.09753850597031331,0.0,0.2,1.0
1.0,0.0,0.0,0.0,1.0,0.0,0.0,0.0,1.0,0.0985645592501863,0.0,0.2,1.0
1.0,0.0,0.0,0.0,1.0,0.0,0.0,0.0,1.0,0.09959628246200636,0.0,0.2,1.0
1.0,0.0,0.0,0.0,1.0,0.0,0.0,0.0,1.0,0.10063366885792165,0.0,0.2,1.0
1.0,0.0,0.0,0.0,1.0,0.0,0.0,0.0,1.0,0.10167671150664499,0.0,0.2,1.0
1.0,0.0,0.0,0.0,1.0,0.0,0.0,0.0,1.0,0.10272540329417745,0.0,0.2,1.0
1.0,0.0,0.0,0.0,1.0,0.0,0.0,0.0,1.0,0.10377973692453202,0.0,0.2,1.0
1.0,0.0,0.0,0.0,1.0,0.0,0.0,0.0,1.0,0.10483970492045705,0.0,0.2,1.0
1.0,0.0,0.0,0.0,1.0,0.0,0.0,0.0,1.0,0.10590529962416009,0.0,0.2,1.0
1.0,0.0,0.0,0.0,1.0,0.0,0.0,0.0,1.0,0.10697651319803153,0.0,0.2,1.0
1.0,0.0,0.0,0.0,1.0,0.0,0.0,0.0,1.0,0.1080533376253678,0.0,0.2,1.0
1.0,0.0,0.0,0.0,1.0,0.0,0.0,0.0,1.0,0.10913576471109546,0.0,0.2,1.0
1.0,0.0,0.0,0.0,1.0,0.0,0.0,0.0,1.0,0.11022378608249449,0.0,0.2,1.0
1.0,0.0,0.0,0.0,1.0,0.0,0.0,0.0,1.0,0.11131739318992212,0.0,0.2,1.0
1.0,0.0,0.0,0.0,1.0,0.0,0.0,0.0,1.0,0.11241657730753644,0.0,0.2,1.0
1.0,0.0,0.0,0.0,1.0,0.0,0.0,0.0,1.0,0.11352132953401955,0.0,0.2,1.0
1.0,0.0,0.0,0.0,1.0,0.0,0.0,0.0,1.0,0.11463164079330196,0.0,0.2,1.0
1.0,0.0,0.0,0.0,1.0,0.0,0.0,0.0,1.0,0.11574750183528547,0.0,0.2,1.0
1.0,0.0,0.0,0.0,1.0,0.0,0.0,0.0,1.0,0.11686890323656722,0.0,0.2,1.0
1.0,0.0,0.0,0.0,1.0,0.0,0.0,0.0,1.0,0.1179958354011633,0.0,0.2,1.0
1.0,0.0,0.0,0.0,1.0,0.0,0.0,0.0,1.0,0.1191282885612319,0.0,0.2,1.0
1.0,0.0,0.0,0.0,1.0,0.0,0.0,0.0,1.0,0.12026625277779752,0.0,0.2,1.0
1.0,0.0,0.0,0.0,1.0,0.0,0.0,0.0,1.0,0.12140971794147419,0.0,0.2,1.0
1.0,0.0,0.0,0.0,1.0,0.0,0.0,0.0,1.0,0.12255867377318924,0.0,0.2,1.0
1.0,0.0,0.0,0.0,1.0,0.0,0.0,0.0,1.0,0.12371310982490696,0.0,0.2,1.0
1.0,0.0,0.0,0.0,1.0,0.0,0.0,0.0,1.0,0.12487301548035185,0.0,0.2,1.0
1.0,0.0,0.0,0.0,1.0,0.0,0.0,0.0,1.0,0.12603837995573286,0.0,0.2,1.0
1.0,0.0,0.0,0.0,1.0,0.0,0.0,0.0,1.0,0.12720919230046634,0.0,0.2,1.0
1.0,0.0,0.0,0.0,1.0,0.0,0.0,0.0,1.0,0.1283854413979001,0.0,0.2,1.0
1.0,0.0,0.0,0.0,1.0,0.0,0.0,0.0,1.0,0.12956711596603698,0.0,0.2,1.0
1.0,0.0,0.0,0.0,1.0,0.0,0.0,0.0,1.0,0.1307542045582581,0.0,0.2,1.0
1.0,0.0,0.0,0.0,1.0,0.0,0.0,0.0,1.0,0.13194669556404695,0.0,0.2,1.0
1.0,0.0,0.0,0.0,1.0,0.0,0.0,0.0,1.0,0.13314457720971262,0.0,0.2,1.0
1.0,0.0,0.0,0.0,1.0,0.0,0.0,0.0,1.0,0.13434783755911373,0.0,0.2,1.0
1.0,0.0,0.0,0.0,1.0,0.0,0.0,0.0,1.0,0.13555646451438175,0.0,0.2,1.0
1.0,0.0,0.0,0.0,1.0,0.0,0.0,0.0,1.0,0.1367704458166448,0.0,0.2,1.0
1.0,0.0,0.0,0.0,1.0,0.0,0.0,0.0,1.0,0.1379897690467512,0.0,0.2,1.0
1.0,0.0,0.0,0.0,1.0,0.0,0.0,0.0,1.0,0.13921442162599298,0.0,0.2,1.0
1.0,0.0,0.0,0.0,1.0,0.0,0.0,0.0,1.0,0.14044439081682977,0.0,0.2,1.0
1.0,0.0,0.0,0.0,1.0,0.0,0.0,0.0,1.0,0.14167966372361224,0.0,0.2,1.0
1.0,0.0,0.0,0.0,1.0,0.0,0.0,0.0,1.0,0.14292022729330534,0.0,0.2,1.0
1.0,0.0,0.0,0.0,1.0,0.0,0.0,0.0,1.0,0.1441660683162129,0.0,0.2,1.0
1.0,0.0,0.0,0.0,1.0,0.0,0.0,0.0,1.0,0.14541717342670002,0.0,0.2,1.0
1.0,0.0,0.0,0.0,1.0,0.0,0.0,0.0,1.0,0.1466735291039176,0.0,0.2,1.0
1.0,0.0,0.0,0.0,1.0,0.0,0.0,0.0,1.0,0.1479351216725256,0.0,0.2,1.0
1.0,0.0,0.0,0.0,1.0,0.0,0.0,0.0,1.0,0.14920193730341652,0.0,0.2,1.0
1.0,0.0,0.0,0.0,1.0,0.0,0.0,0.0,1.0,0.15047396201443944,0.0,0.2,1.0
1.0,0.0,0.0,0.0,1.0,0.0,0.0,0.0,1.0,0.1517511816711231,0.0,0.2,1.0
1.0,0.0,0.0,0.0,1.0,0.0,0.0,0.0,1.0,0.15303358198739989,0.0,0.2,1.0
1.0,0.0,0.0,0.0,1.0,0.0,0.0,0.0,1.0,0.15432114852632942,0.0,0.2,1.0
1.0,0.0,0.0,0.0,1.0,0.0,0.0,0.0,1.0,0.15561386670082183,0.0,0.2,1.0
1.0,0.0,0.0,0.0,1.0,0.0,0.0,0.0,1.0,0.15691172177436186,0.0,0.2,1.0
1.0,0.0,0.0,0.0,1.0,0.0,0.0,0.0,1.0,0.1582146988617321,0.0,0.2,1.0
1.0,0.0,0.0,0.0,1.0,0.0,0.0,0.0,1.0,0.15952278292973673,0.0,0.2,1.0
1.0,0.0,0.0,0.0,1.0,0.0,0.0,0.0,1.0,0.16083595879792523,0.0,0.2,1.0
1.0,0.0,0.0,0.0,1.0,0.0,0.0,0.0,1.0,0.16215421113931566,0.0,0.2,1.0
1.0,0.0,0.0,0.0,1.0,0.0,0.0,0.0,1.0,0.16347752448111882,0.0,0.2,1.0
1.0,0.0,0.0,0.0,1.0,0.0,0.0,0.0,1.0,0.1648058832054612,0.0,0.2,1.0
1.0,0.0,0.0,0.0,1.0,0.0,0.0,0.0,1.0,0.16613927155010919,0.0,0.2,1.0
1.0,0.0,0.0,0.0,1.0,0.0,0.0,0.0,1.0,0.1674776736091924,0.0,0.2,1.0
1.0,0.0,0.0,0.0,1.0,0.0,0.0,0.0,1.0,0.1688210733339271,0.0,0.2,1.0
1.0,0.0,0.0,0.0,1.0,0.0,0.0,0.0,1.0,0.17016945453334023,0.0,0.2,1.0
1.0,0.0,0.0,0.0,1.0,0.0,0.0,0.0,1.0,0.17152280087499278,0.0,0.2,1.0
1.0,0.0,0.0,0.0,1.0,0.0,0.0,0.0,1.0,0.17288109588570333,0.0,0.2,1.0
1.0,0.0,0.0,0.0,1.0,0.0,0.0,0.0,1.0,0.174244322952272,0.0,0.2,1.0
1.0,0.0,0.0,0.0,1.0,0.0,0.0,0.0,1.0,0.17561246532220348,0.0,0.2,1.0
1.0,0.0,0.0,0.0,1.0,0.0,0.0,0.0,1.0,0.17698550610443142,0.0,0.2,1.0
1.0,0.0,0.0,0.0,1.0,0.0,0.0,0.0,1.0,0.17836342827004112,0.0,0.2,1.0
1.0,0.0,0.0,0.0,1.0,0.0,0.0,0.0,1.0,0.179746214652994,0.0,0.2,1.0
1.0,0.0,0.0,0.0,1.0,0.0,0.0,0.0,1.0,0.18113384795085072,0.0,0.2,1.0
1.0,0.0,0.0,0.0,1.0,0.0,0.0,0.0,1.0,0.18252631072549486,0.0,0.2,1.0
1.0,0.0,0.0,0.0,1.0,0.0,0.0,0.0,1.0,0.18392358540385664,0.0,0.2,1.0
1.0,0.0,0.0,0.0,1.0,0.0,0.0,0.0,1.0,0.1853256542786365,0.0,0.2,1.0
1.0,0.0,0.0,0.0,1.0,0.0,0.0,0.0,1.0,0.1867324995090285,0.0,0.2,1.0
1.0,0.0,0.0,0.0,1.0,0.0,0.0,0.0,1.0,0.1881441031214445,0.0,0.2,1.0
1.0,0.0,0.0,0.0,1.0,0.0,0.0,0.0,1.0,0.18956044701023692,0.0,0.2,1.0
1.0,0.0,0.0,0.0,1.0,0.0,0.0,0.0,1.0,0.19098151293842314,0.0,0.2,1.0
1.0,0.0,0.0,0.0,1.0,0.0,0.0,0.0,1.0,0.1924072825384087,0.0,0.2,1.0
1.0,0.0,0.0,0.0,1.0,0.0,0.0,0.0,1.0,0.19383773731271078,0.0,0.2,1.0
1.0,0.0,0.0,0.0,1.0,0.0,0.0,0.0,1.0,0.19527285863468252,0.0,0.2,1.0
1.0,0.0,0.0,0.0,1.0,0.0,0.0,0.0,1.0,0.19671262774923567,0.0,0.2,1.0
1.0,0.0,0.0,0.0,1.0,0.0,0.0,0.0,1.0,0.19815702577356478,0.0,0.2,1.0
1.0,0.0,0.0,0.0,1.0,0.0,0.0,0.0,1.0,0.1996060336978709,0.0,0.2,1.0
1.0,0.0,0.0,0.0,1.0,0.0,0.0,0.0,1.0,0.20105963238608485,0.0,0.2,1.0
1.0,0.0,0.0,0.0,1.0,0.0,0.0,0.0,1.0,0.20251780257659086,0.0,0.2,1.0
1.0,0.0,0.0,0.0,1.0,0.0,0.0,0.0,1.0,0.2039805248829505,0.0,0.2,1.0
1.0,0.0,0.0,0.0,1.0,0.0,0.0,0.0,1.0,0.20544777979462597,0.0,0.2,1.0
1.0,0.0,0.0,0.0,1.0,0.0,0.0,0.0,1.0,0.20691954767770385,0.0,0.2,1.0
1.0,0.0,0.0,0.0,1.0,0.0,0.0,0.0,1.0,0.20839580877561867,0.0,0.2,1.0
1.0,0.0,0.0,0.0,1.0,0.0,0.0,0.0,1.0,0.20987654320987653,0.0,0.2,1.0
1.0,0.0,0.0,0.0,1.0,0.0,0.0,0.0,1.0,0.21136173098077882,0.0,0.2,1.0
1.0,0.0,0.0,0.0,1.0,0.0,0.0,0.0,1.0,0.2128513519681455,0.0,0.2,1.0
1.0,0.0,0.0,0.0,1.0,0.0,0.0,0.0,1.0,0.21434538593203925,0.0,0.2,1.0
1.0,0.0,0.0,0.0,1.0,0.0,0.0,0.0,1.0,0.21584381251348836,0.0,0.2,1.0
1.0,0.0,0.0,0.0,1.0,0.0,0.0,0.0,1.0,0.21734661123521135,0.0,0.2,1.0
1.0,0.0,0.0,0.0,1.0,0.0,0.0,0.0,1.0,0.21885376150233923,0.0,0.2,1.0
1.0,0.0,0.0,0.0,1.0,0.0,0.0,0.0,1.0,0.22036524260314047,0.0,0.2,1.0
1.0,0.0,0.0,0.0,1.0,0.0,0.0,0.0,1.0,0.22188103370974382,0.0,0.2,1.0
1.0,0.0,0.0,0.0,1.0,0.0,0.0,0.0,1.0,0.22340111387886188,0.0,0.2,1.0
1.0,0.0,0.0,0.0,1.0,0.0,0.0,0.0,1.0,0.22492546205251535,0.0,0.2,1.0
1.0,0.0,0.0,0.0,1.0,0.0,0.0,0.0,1.0,0.22645405705875574,0.0,0.2,1.0
1.0,0.0,0.0,0.0,1.0,0.0,0.0,0.0,1.0,0.2279868776123899,0.0,0.2,1.0
1.0,0.0,0.0,0.0,1.0,0.0,0.0,0.0,1.0,0.22952390231570308,0.0,0.2,1.0
1.0,0.0,0.0,0.0,1.0,0.0,0.0,0.0,1.0,0.23106510965918226,0.0,0.2,1.0
1.0,0.0,0.0,0.0,1.0,0.0,0.0,0.0,1.0,0.23261047802224097,0.0,0.2,1.0
1.0,0.0,0.0,0.0,1.0,0.0,0.0,0.0,1.0,0.2341599856739413,0.0,0.2,1.0
1.0,0.0,0.0,0.0,1.0,0.0,0.0,0.0,1.0,0.23571361077371863,0.0,0.2,1.0
1.0,0.0,0.0,0.0,1.0,0.0,0.0,0.0,1.0,0.23727133137210504,0.0,0.2,1.0
1.0,0.0,0.0,0.0,1.0,0.0,0.0,0.0,1.0,0.2388331254114524,0.0,0.2,1.0
1.0,0.0,0.0,0.0,1.0,0.0,0.0,0.0,1.0,0.24039897072665697,0.0,0.2,1.0
1.0,0.0,0.0,0.0,1.0,0.0,0.0,0.0,1.0,0.24196884504588181,0.0,0.2,1.0
1.0,0.0,0.0,0.0,1.0,0.0,0.0,0.0,1.0,0.24354272599128124,0.0,0.2,1.0
1.0,0.0,0.0,0.0,1.0,0.0,0.0,0.0,1.0,0.2451205910797244,0.0,0.2,1.0
1.0,0.0,0.0,0.0,1.0,0.0,0.0,0.0,1.0,0.24670241772351825,0.0,0.2,1.0
1.0,0.0,0.0,0.0,1.0,0.0,0.0,0.0,1.0,0.24828818323113203,0.0,0.2,1.0
1.0,0.0,0.0,0.0,1.0,0.0,0.0,0.0,1.0,0.24987786480792007,0.0,0.2,1.0
1.0,0.0,0.0,0.0,1.0,0.0,0.0,0.0,1.0,0.25147143955684587,0.0,0.2,1.0
1.0,0.0,0.0,0.0,1.0,0.0,0.0,0.0,1.0,0.253068884479206,0.0,0.2,1.0
1.0,0.0,0.0,0.0,1.0,0.0,0.0,0.0,1.0,0.2546701764753526,0.0,0.2,1.0
1.0,0.0,0.0,0.0,1.0,0.0,0.0,0.0,1.0,0.25627529234541846,0.0,0.2,1.0
1.0,0.0,0.0,0.0,1.0,0.0,0.0,0.0,1.0,0.25788420879003926,0.0,0.2,1.0
1.0,0.0,0.0,0.0,1.0,0.0,0.0,0.0,1.0,0.25949690241107803,0.0,0.2,1.0
1.0,0.0,0.0,0.0,1.0,0.0,0.0,0.0,1.0,0.2611133497123488,0.0,0.2,1.0
1.0,0.0,0.0,0.0,1.0,0.0,0.0,0.0,1.0,0.26273352710033954,0.0,0.2,1.0
1.0,0.0,0.0,0.0,1.0,0.0,0.0,0.0,1.0,0.2643574108849365,0.0,0.2,1.0
1.0,0.0,0.0,0.0,1.0,0.0,0.0,0.0,1.0,0.2659849772801471,0.0,0.2,1.0
1.0,0.0,0.0,0.0,1.0,0.0,0.0,0.0,1.0,0.2676162024048243,0.0,0.2,1.0
1.0,0.0,0.0,0.0,1.0,0.0,0.0,0.0,1.0,0.2692510622833898,0.0,0.2,1.0
1.0,0.0,0.0,0.0,1.0,0.0,0.0,0.0,1.0,0.27088953284655753,0.0,0.2,1.0
1.0,0.0,0.0,0.0,1.0,0.0,0.0,0.0,1.0,0.2725315899320575,0.0,0.2,1.0
1.0,0.0,0.0,0.0,1.0,0.0,0.0,0.0,1.0,0.2741772092853595,0.0,0.2,1.0
1.0,0.0,0.0,0.0,1.0,0.0,0.0,0.0,1.0,0.27582636656039616,0.0,0.2,1.0
1.0,0.0,0.0,0.0,1.0,0.0,0.0,0.0,1.0,0.2774790373202875,0.0,0.2,1.0
1.0,0.0,0.0,0.0,1.0,0.0,0.0,0.0,1.0,0.2791351970380634,0.0,0.2,1.0
1.0,0.0,0.0,0.0,1.0,0.0,0.0,0.0,1.0,0.2807948210973885,0.0,0.2,1.0
1.0,0.0,0.0,0.0,1.0,0.0,0.0,0.0,1.0,0.2824578847932844,0.0,0.2,1.0
1.0,0.0,0.0,0.0,1.0,0.0,0.0,0.0,1.0,0.2841243633328542,0.0,0.2,1.0
1.0,0.0,0.0,0.0,1.0,0.0,0.0,0.0,1.0,0.28579423183600633,0.0,0.2,1.0
1.0,0.0,0.0,0.0,1.0,0.0,0.0,0.0,1.0,0.28746746533617706,0.0,0.2,1.0
1.0,0.0,0.0,0.0,1.0,0.0,0.0,0.0,1.0,0.2891440387810555,0.0,0.2,1.0
1.0,0.0,0.0,0.0,1.0,0.0,0.0,0.0,1.0,0.2908239270333056,0.0,0.2,1.0
1.0,0.0,0.0,0.0,1.0,0.0,0.0,0.0,1.0,0.2925071048712915,0.0,0.2,1.0
1.0,0.0,0.0,0.0,1.0,0.0,0.0,0.0,1.0,0.2941935469897999,0.0,0.2,1.0
1.0,0.0,0.0,0.0,1.0,0.0,0.0,0.0,1.0,0.29588322800076394,0.0,0.2,1.0
1.0,0.0,0.0,0.0,1.0,0.0,0.0,0.0,1.0,0.29757612243398723,0.0,0.2,1.0
1.0,0.0,0.0,0.0,1.0,0.0,0.0,0.0,1.0,0.2992722047378669,0.0,0.2,1.0
1.0,0.0,0.0,0.0,1.0,0.0,0.0,0.0,1.0,0.3009714492801177,0.0,0.2,1.0
1.0,0.0,0.0,0.0,1.0,0.0,0.0,0.0,1.0,0.30267383034849527,0.0,0.2,1.0
1.0,0.0,0.0,0.0,1.0,0.0,0.0,0.0,1.0,0.30437932215151975,0.0,0.2,1.0
1.0,0.0,0.0,0.0,1.0,0.0,0.0,0.0,1.0,0.3060878988191996,0.0,0.2,1.0
1.0,0.0,0.0,0.0,1.0,0.0,0.0,0.0,1.0,0.3077995344037553,0.0,0.2,1.0
1.0,0.0,0.0,0.0,1.0,0.0,0.0,0.0,1.0,0.3095142028803427,0.0,0.2,1.0
1.0,0.0,0.0,0.0,1.0,0.0,0.0,0.0,1.0,0.31123187814777636,0.0,0.2,1.0
1.0,0.0,0.0,0.0,1.0,0.0,0.0,0.0,1.0,0.31295253402925377,0.0,0.2,1.0
1.0,0.0,0.0,0.0,1.0,0.0,0.0,0.0,1.0,0.31467614427307916,0.0,0.2,1.0
1.0,0.0,0.0,0.0,1.0,0.0,0.0,0.0,1.0,0.31640268255338555,0.0,0.2,1.0
1.0,0.0,0.0,0.0,1.0,0.0,0.0,0.0,1.0,0.3181321224708605,0.0,0.2,1.0
1.0,0.0,0.0,0.0,1.0,0.0,0.0,0.0,1.0,0.3198644375534684,0.0,0.2,1.0
1.0,0.0,0.0,0.0,1.0,0.0,0.0,0.0,1.0,0.32159960125717363,0.0,0.2,1.0
1.0,0.0,0.0,0.0,1.0,0.0,0.0,0.0,1.0,0.3233375869666661,0.0,0.2,1.0
1.0,0.0,0.0,0.0,1.0,0.0,0.0,0.0,1.0,0.32507836799608303,0.0,0.2,1.0
1.0,0.0,0.0,0.0,1.0,0.0,0.0,0.0,1.0,0.3268219175897332,0.0,0.2,1.0
1.0,0.0,0.0,0.0,1.0,0.0,0.0,0.0,1.0,0.3285682089228207,0.0,0.2,1.0
1.0,0.0,0.0,0.0,1.0,0.0,0.0,0.0,1.0,0.3303172151021678,0.0,0.2,1.0
1.0,0.0,0.0,0.0,1.0,0.0,0.0,0.0,1.0,0.3320689091669401,0.0,0.2,1.0
1.0,0.0,0.0,0.0,1.0,0.0,0.0,0.0,1.0,0.3338232640893688,0.0,0.2,1.0
1.0,0.0,0.0,0.0,1.0,0.0,0.0,0.0,1.0,0.33558025277547454,0.0,0.2,1.0
1.0,0.0,0.0,0.0,1.0,0.0,0.0,0.0,1.0,0.33733984806579154,0.0,0.2,1.0
1.0,0.0,0.0,0.0,1.0,0.0,0.0,0.0,1.0,0.3391020227360902,0.0,0.2,1.0
1.0,0.0,0.0,0.0,1.0,0.0,0.0,0.0,1.0,0.3408667494981021,0.0,0.2,1.0
1.0,0.0,0.0,0.0,1.0,0.0,0.0,0.0,1.0,0.34263400100024244,0.0,0.2,1.0
1.0,0.0,0.0,0.0,1.0,0.0,0.0,0.0,1.0,0.34440374982833416,0.0,0.2,1.0
1.0,0.0,0.0,0.0,1.0,0.0,0.0,0.0,1.0,0.3461759685063317,0.0,0.2,1.0
1.0,0.0,0.0,0.0,1.0,0.0,0.0,0.0,1.0,0.3479506294970442,0.0,0.2,1.0
1.0,0.0,0.0,0.0,1.0,0.0,0.0,0.0,1.0,0.349727705202859,0.0,0.2,1.0
1.0,0.0,0.0,0.0,1.0,0.0,0.0,0.0,1.0,0.3515071679664661,0.0,0.2,1.0
1.0,0.0,0.0,0.0,1.0,0.0,0.0,0.0,1.0,0.3532889900715811,0.0,0.2,1.0
1.0,0.0,0.0,0.0,1.0,0.0,0.0,0.0,1.0,0.35507314374366844,0.0,0.2,1.0
1.0,0.0,0.0,0.0,1.0,0.0,0.0,0.0,1.0,0.35685960115066584,0.0,0.2,1.0
1.0,0.0,0.0,0.0,1.0,0.0,0.0,0.0,1.0,0.3586483344037079,0.0,0.2,1.0
1.0,0.0,0.0,0.0,1.0,0.0,0.0,0.0,1.0,0.36043931555784914,0.0,0.2,1.0
1.0,0.0,0.0,0.0,1.0,0.0,0.0,0.0,1.0,0.36223251661278727,0.0,0.2,1.0
1.0,0.0,0.0,0.0,1.0,0.0,0.0,0.0,1.0,0.3640279095135882,0.0,0.2,1.0
1.0,0.0,0.0,0.0,1.0,0.0,0.0,0.0,1.0,0.3658254661514085,0.0,0.2,1.0
1.0,0.0,0.0,0.0,1.0,0.0,0.0,0.0,1.0,0.3676251583642193,0.0,0.2,1.0
1.0,0.0,0.0,0.0,1.0,0.0,0.0,0.0,1.0,0.3694269579375302,0.0,0.2,1.0
1.0,0.0,0.0,0.0,1.0,0.0,0.0,0.0,1.0,0.37123083660511214,0.0,0.2,1.0
1.0,0.0,0.0,0.0,1.0,0.0,0.0,0.0,1.0,0.373036766049722,0.0,0.2,1.0
1.0,0.0,0.0,0.0,1.0,0.0,0.0,0.0,1.0,0.37484471790382534,0.0,0.2,1.0
1.0,0.0,0.0,0.0,1.0,0.0,0.0,0.0,1.0,0.37665466375032086,0.0,0.2,1.0
1.0,0.0,0.0,0.0,1.0,0.0,0.0,0.0,1.0,0.37846657512326287,0.0,0.2,1.0
1.0,0.0,0.0,0.0,1.0,0.0,0.0,0.0,1.0,0.3802804235085861,0.0,0.2,1.0
1.0,0.0,0.0,0.0,1.0,0.0,0.0,0.0,1.0,0.3820961803448284,0.0,0.2,1.0
1.0,0.0,0.0,0.0,1.0,0.0,0.0,0.0,1.0,0.383913817023855,0.0,0.2,1.0
1.0,0.0,0.0,0.0,1.0,0.0,0.0,0.0,1.0,0.38573330489158186,0.0,0.2,1.0
1.0,0.0,0.0,0.0,1.0,0.0,0.0,0.0,1.0,0.38755461524869883,0.0,0.2,1.0
1.0,0.0,0.0,0.0,1.0,0.0,0.0,0.0,1.0,0.3893777193513942,0.0,0.2,1.0
1.0,0.0,0.0,0.0,1.0,0.0,0.0,0.0,1.0,0.39120258841207756,0.0,0.2,1.0
1.0,0.0,0.0,0.0,1.0,0.0,0.0,0.0,1.0,0.3930291936001037,0.0,0.2,1.0
1.0,0.0,0.0,0.0,1.0,0.0,0.0,0.0,1.0,0.39485750604249603,0.0,0.2,1.0
1.0,0.0,0.0,0.0,1.0,0.0,0.0,0.0,1.0,0.3966874968246711,0.0,0.2,1.0
1.0,0.0,0.0,0.0,1.0,0.0,0.0,0.0,1.0,0.39851913699116015,0.0,0.2,1.0
1.0,0.0,0.0,0.0,1.0,0.0,0.0,0.0,1.0,0.40035239754633495,0.0,0.2,1.0
1.0,0.0,0.0,0.0,1.0,0.0,0.0,0.0,1.0,0.40218724945513007,0.0,0.2,1.0
1.0,0.0,0.0,0.0,1.0,0.0,0.0,0.0,1.0,0.4040236636437673,0.0,0.2,1.0
1.0,0.0,0.0,0.0,1.0,0.0,0.0,0.0,1.0,0.4058616110004786,0.0,0.2,1.0
1.0,0.0,0.0,0.0,1.0,0.0,0.0,0.0,1.0,0.40770106237622983,0.0,0.2,1.0
1.0,0.0,0.0,0.0,1.0,0.0,0.0,0.0,1.0,0.40954198858544516,0.0,0.2,1.0
1.0,0.0,0.0,0.0,1.0,0.0,0.0,0.0,1.0,0.4113843604067286,0.0,0.2,1.0
1.0,0.0,0.0,0.0,1.0,0.0,0.0,0.0,1.0,0.41322814858359075,0.0,0.2,1.0
1.0,0.0,0.0,0.0,1.0,0.0,0.0,0.0,1.0,0.4150733238251699,0.0,0.2,1.0
1.0,0.0,0.0,0.0,1.0,0.0,0.0,0.0,1.0,0.41691985680695615,0.0,0.2,1.0
1.0,0.0,0.0,0.0,1.0,0.0,0.0,0.0,1.0,0.4187677181715157,0.0,0.2,1.0
1.0,0.0,0.0,0.0,1.0,0.0,0.0,0.0,1.0,0.4206168785292139,0.0,0.2,1.0
1.0,0.0,0.0,0.0,1.0,0.0,0.0,0.0,1.0,0.4224673084589393,0.0,0.2,1.0
1.0,0.0,0.0,0.0,1.0,0.0,0.0,0.0,1.0,0.42431897850882666,0.0,0.2,1.0
1.0,0.0,0.0,0.0,1.0,0.0,0.0,0.0,1.0,0.42617185919698114,0.0,0.2,1.0
1.0,0.0,0.0,0.0,1.0,0.0,0.0,0.0,1.0,0.4280259210122015,0.0,0.2,1.0
1.0,0.0,0.0,0.0,1.0,0.0,0.0,0.0,1.0,0.4298811344147039,0.0,0.2,1.0
1.0,0.0,0.0,0.0,1.0,0.0,0.0,0.0,1.0,0.4317374698368452,0.0,0.2,1.0
1.0,0.0,0.0,0.0,1.0,0.0,0.0,0.0,1.0,0.433594897683848,0.0,0.2,1.0
1.0,0.0,0.0,0.0,1.0,0.0,0.0,0.0,1.0,0.4354533883345214,0.0,0.2,1.0
1.0,0.0,0.0,0.0,1.0,0.0,0.0,0.0,1.0,0.4373129121419874,0.0,0.2,1.0
1.0,0.0,0.0,0.0,1.0,0.0,0.0,0.0,1.0,0.4391734394344037,0.0,0.2,1.0
1.0,0.0,0.0,0.0,1.0,0.0,0.0,0.0,1.0,0.441034940515686,0.0,0.2,1.0
1.0,0.0,0.0,0.0,1.0,0.0,0.0,0.0,1.0,0.44289738566623343,0.0,0.2,1.0
1.0,0.0,0.0,0.0,1.0,0.0,0.0,0.0,1.0,0.444760745143651,0.0,0.2,1.0
1.0,0.0,0.0,0.0,1.0,0.0,0.0,0.0,1.0,0.44662498918347365,0.0,0.2,1.0
1.0,0.0,0.0,0.0,1.0,0.0,0.0,0.0,1.0,0.44849008799989043,0.0,0.2,1.0
1.0,0.0,0.0,0.0,1.0,0.0,0.0,0.0,1.0,0.4503560117864661,0.0,0.2,1.0
1.0,0.0,0.0,0.0,1.0,0.0,0.0,0.0,1.0,0.4522227307168679,0.0,0.2,1.0
1.0,0.0,0.0,0.0,1.0,0.0,0.0,0.0,1.0,0.45409021494558555,0.0,0.2,1.0
1.0,0.0,0.0,0.0,1.0,0.0,0.0,0.0,1.0,0.45595843460865837,0.0,0.2,1.0
1.0,0.0,0.0,0.0,1.0,0.0,0.0,0.0,1.0,0.4578273598243958,0.0,0.2,1.0
1.0,0.0,0.0,0.0,1.0,0.0,0.0,0.0,1.0,0.4596969606941031,0.0,0.2,1.0
1.0,0.0,0.0,0.0,1.0,0.0,0.0,0.0,1.0,0.46156720730280476,0.0,0.2,1.0
1.0,0.0,0.0,0.0,1.0,0.0,0.0,0.0,1.0,0.46343806971996665,0.0,0.2,1.0
1.0,0.0,0.0,0.0,1.0,0.0,0.0,0.0,1.0,0.46530951800022136,0.0,0.2,1.0
1.0,0.0,0.0,0.0,1.0,0.0,0.0,0.0,1.0,0.46718152218409026,0.0,0.2,1.0
1.0,0.0,0.0,0.0,1.0,0.0,0.0,0.0,1.0,0.4690540522987092,0.0,0.2,1.0
1.0,0.0,0.0,0.0,1.0,0.0,0.0,0.0,1.0,0.4709270783585497,0.0,0.2,1.0
1.0,0.0,0.0,0.0,1.0,0.0,0.0,0.0,1.0,0.4728005703661442,0.0,0.2,1.0
1.0,0.0,0.0,0.0,1.0,0.0,0.0,0.0,1.0,0.47467449831280906,0.0,0.2,1.0
1.0,0.0,0.0,0.0,1.0,0.0,0.0,0.0,1.0,0.47654883217936805,0.0,0.2,1.0
1.0,0.0,0.0,0.0,1.0,0.0,0.0,0.0,1.0,0.4784235419368768,0.0,0.2,1.0
1.0,0.0,0.0,0.0,1.0,0.0,0.0,0.0,1.0,0.48029859754734516,0.0,0.2,1.0
1.0,0.0,0.0,0.0,1.0,0.0,0.0,0.0,1.0,0.482173968964462,0.0,0.2,1.0
1.0,0.0,0.0,0.0,1.0,0.0,0.0,0.0,1.0,0.4840496261343178,0.0,0.2,1.0
1.0,0.0,0.0,0.0,1.0,0.0,0.0,0.0,1.0,0.485925538996129,0.0,0.2,1.0
1.0,0.0,0.0,0.0,1.0,0.0,0.0,0.0,1.0,0.4878016774829613,0.0,0.2,1.0
1.0,0.0,0.0,0.0,1.0,0.0,0.0,0.0,1.0,0.48967801152245327,0.0,0.2,1.0
1.0,0.0,0.0,0.0,1.0,0.0,0.0,0.0,1.0,0.49155451103754005,0.0,0.2,1.0
1.0,0.0,0.0,0.0,1.0,0.0,0.0,0.0,1.0,0.49343114594717713,0.0,0.2,1.0
1.0,0.0,0.0,0.0,1.0,0.0,0.0,0.0,1.0,0.49530788616706345,0.0,0.2,1.0
1.0,0.0,0.0,0.0,1.0,0.0,0.0,0.0,1.0,0.4971847016103653,0.0,0.2,1.0
1.0,0.0,0.0,0.0,1.0,0.0,0.0,0.0,1.0,0.4990615621884402,0.0,0.2,1.0
1.0,0.0,0.0,0.0,1.0,0.0,0.0,0.0,1.0,0.50093843781156,0.0,0.2,1.0
1.0,0.0,0.0,0.0,1.0,0.0,0.0,0.0,1.0,0.5028152983896346,0.0,0.2,1.0
1.0,0.0,0.0,0.0,1.0,0.0,0.0,0.0,1.0,0.5046921138329366,0.0,0.2,1.0
1.0,0.0,0.0,0.0,1.0,0.0,0.0,0.0,1.0,0.506568854052823,0.0,0.2,1.0
1.0,0.0,0.0,0.0,1.0,0.0,0.0,0.0,1.0,0.5084454889624597,0.0,0.2,1.0
1.0,0.0,0.0,0.0,1.0,0.0,0.0,0.0,1.0,0.5103219884775468,0.0,0.2,1.0
1.0,0.0,0.0,0.0,1.0,0.0,0.0,0.0,1.0,0.5121983225170388,0.0,0.2,1.0
1.0,0.0,0.0,0.0,1.0,0.0,0.0,0.0,1.0,0.5140744610038711,0.0,0.2,1.0
1.0,0.0,0.0,0.0,1.0,0.0,0.0,0.0,1.0,0.5159503738656823,0.0,0.2,1.0
1.0,0.0,0.0,0.0,1.0,0.0,0.0,0.0,1.0,0.5178260310355378,0.0,0.2,1.0
1.0,0.0,0.0,0.0,1.0,0.0,0.0,0.0,1.0,0.5197014024526547,0.0,0.2,1.0
1.0,0.0,0.0,0.0,1.0,0.0,0.0,0.0,1.0,0.5215764580631234,0.0,0.2,1.0
1.0,0.0,0.0,0.0,1.0,0.0,0.0,0.0,1.0,0.5234511678206318,0.0,0.2,1.0
1.0,0.0,0.0,0.0,1.0,0.0,0.0,0.0,1.0,0.525325501687191,0.0,0.2,1.0
1.0,0.0,0.0,0.0,1.0,0.0,0.0,0.0,1.0,0.5271994296338555,0.0,0.2,1.0
1.0,0.0,0.0,0.0,1.0,0.0,0.0,0.0,1.0,0.5290729216414503,0.0,0.2,1.0
1.0,0.0,0.0,0.0,1.0,0.0,0.0,0.0,1.0,0.530945947701291,0.0,0.2,1.0
1.0,0.0,0.0,0.0,1.0,0.0,0.0,0.0,1.0,0.5328184778159093,0.0,0.2,1.0
1.0,0.0,0.0,0.0,1.0,0.0,0.0,0.0,1.0,0.5346904819997789,0.0,0.2,1.0
1.0,0.0,0.0,0.0,1.0,0.0,0.0,0.0,1.0,0.5365619302800333,0.0,0.2,1.0
1.0,0.0,0.0,0.0,1.0,0.0,0.0,0.0,1.0,0.5384327926971955,0.0,0.2,1.0
1.0,0.0,0.0,0.0,1.0,0.0,0.0,0.0,1.0,0.5403030393058968,0.0,0.2,1.0
1.0,0.0,0.0,0.0,1.0,0.0,0.0,0.0,1.0,0.5421726401756044,0.0,0.2,1.0
1.0,0.0,0.0,0.0,1.0,0.0,0.0,0.0,1.0,0.5440415653913415,0.0,0.2,1.0
1.0,0.0,0.0,0.0,1.0,0.0,0.0,0.0,1.0,0.5459097850544141,0.0,0.2,1.0
1.0,0.0,0.0,0.0,1.0,0.0,0.0,0.0,1.0,0.5477772692831324,0.0,0.2,1.0
1.0,0.0,0.0,0.0,1.0,0.0,0.0,0.0,1.0,0.5496439882135338,0.0,0.2,1.0
1.0,0.0,0.0,0.0,1.0,0.0,0.0,0.0,1.0,0.5515099120001097,0.0,0.2,1.0
1.0,0.0,0.0,0.0,1.0,0.0,0.0,0.0,1.0,0.5533750108165262,0.0,0.2,1.0
1.0,0.0,0.0,0.0,1.0,0.0,0.0,0.0,1.0,0.555239254856349,0.0,0.2,1.0
1.0,0.0,0.0,0.0,1.0,0.0,0.0,0.0,1.0,0.5571026143337666,0.0,0.2,1.0
1.0,0.0,0.0,0.0,1.0,0.0,0.0,0.0,1.0,0.5589650594843142,0.0,0.2,1.0
1.0,0.0,0.0,0.0,1.0,0.0,0.0,0.0,1.0,0.5608265605655962,0.0,0.2,1.0
1.0,0.0,0.0,0.0,1.0,0.0,0.0,0.0,1.0,0.5626870878580124,0.0,0.2,1.0
1.0,0.0,0.0,0.0,1.0,0.0,0.0,0.0,1.0,0.5645466116654786,0.0,0.2,1.0
1.0,0.0,0.0,0.0,1.0,0.0,0.0,0.0,1.0,0.566405102316152,0.0,0.2,1.0
1.0,0.0,0.0,0.0,1.0,0.0,0.0,0.0,1.0,0.568262530163155,0.0,0.2,1.0
1.0,0.0,0.0,0.0,1.0,0.0,0.0,0.0,1.0,0.570118865585296,0.0,0.2,1.0
1.0,0.0,0.0,0.0,1.0,0.0,0.0,0.0,1.0,0.5719740789877984,0.0,0.2,1.0
1.0,0.0,0.0,0.0,1.0,0.0,0.0,0.0,1.0,0.5738281408030188,0.0,0.2,1.0
1.0,0.0,0.0,0.0,1.0,0.0,0.0,0.0,1.0,0.5756810214911734,0.0,0.2,1.0
1.0,0.0,0.0,0.0,1.0,0.0,0.0,0.0,1.0,0.5775326915410608,0.0,0.2,1.0
1.0,0.0,0.0,0.0,1.0,0.0,0.0,0.0,1.0,0.5793831214707862,0.0,0.2,1.0
1.0,0.0,0.0,0.0,1.0,0.0,0.0,0.0,1.0,0.5812322818284841,0.0,0.2,1.0
1.0,0.0,0.0,0.0,1.0,0.0,0.0,0.0,1.0,0.5830801431930438,0.0,0.2,1.0
1.0,0.0,0.0,0.0,1.0,0.0,0.0,0.0,1.0,0.5849266761748302,0.0,0.2,1.0
1.0,0.0,0.0,0.0,1.0,0.0,0.0,0.0,1.0,0.5867718514164093,0.0,0.2,1.0
1.0,0.0,0.0,0.0,1.0,0.0,0.0,0.0,1.0,0.5886156395932712,0.0,0.2,1.0
1.0,0.0,0.0,0.0,1.0,0.0,0.0,0.0,1.0,0.5904580114145549,0.0,0.2,1.0
1.0,0.0,0.0,0.0,1.0,0.0,0.0,0.0,1.0,0.5922989376237701,0.0,0.2,1.0
1.0,0.0,0.0,0.0,1.0,0.0,0.0,0.0,1.0,0.5941383889995213,0.0,0.2,1.0
1.0,0.0,0.0,0.0,1.0,0.0,0.0,0.0,1.0,0.5959763363562325,0.0,0.2,1.0
1.0,0.0,0.0,0.0,1.0,0.0,0.0,0.0,1.0,0.5978127505448698,0.0,0.2,1.0
1.0,0.0,0.0,0.0,1.0,0.0,0.0,0.0,1.0,0.5996476024536652,0.0,0.2,1.0
1.0,0.0,0.0,0.0,1.0,0.0,0.0,0.0,1.0,0.6014808630088399,0.0,0.2,1.0
1.0,0.0,0.0,0.0,1.0,0.0,0.0,0.0,1.0,0.6033125031753293,0.0,0.2,1.0
1.0,0.0,0.0,0.0,1.0,0.0,0.0,0.0,1.0,0.6051424939575039,0.0,0.2,1.0
1.0,0.0,0.0,0.0,1.0,0.0,0.0,0.0,1.0,0.6069708063998962,0.0,0.2,1.0
1.0,0.0,0.0,0.0,1.0,0.0,0.0,0.0,1.0,0.6087974115879224,0.0,0.2,1.0
1.0,0.0,0.0,0.0,1.0,0.0,0.0,0.0,1.0,0.6106222806486057,0.0,0.2,1.0
1.0,0.0,0.0,0.0,1.0,0.0,0.0,0.0,1.0,0.6124453847513016,0.0,0.2,1.0
1.0,0.0,0.0,0.0,1.0,0.0,0.0,0.0,1.0,0.6142666951084182,0.0,0.2,1.0
1.0,0.0,0.0,0.0,1.0,0.0,0.0,0.0,1.0,0.616086182976145,0.0,0.2,1.0
1.0,0.0,0.0,0.0,1.0,0.0,0.0,0.0,1.0,0.6179038196551715,0.0,0.2,1.0
1.0,0.0,0.0,0.0,1.0,0.0,0.0,0.0,1.0,0.6197195764914138,0.0,0.2,1.0
1.0,0.0,0.0,0.0,1.0,0.0,0.0,0.0,1.0,0.6215334248767374,0.0,0.2,1.0
1.0,0.0,0.0,0.0,1.0,0.0,0.0,0.0,1.0,0.6233453362496792,0.0,0.2,1.0
1.0,0.0,0.0,0.0,1.0,0.0,0.0,0.0,1.0,0.6251552820961745,0.0,0.2,1.0
1.0,0.0,0.0,0.0,1.0,0.0,0.0,0.0,1.0,0.6269632339502776,0.0,0.2,1.0
1.0,0.0,0.0,0.0,1.0,0.0,0.0,0.0,1.0,0.628769163394888,0.0,0.2,1.0
1.0,0.0,0.0,0.0,1.0,0.0,0.0,0.0,1.0,0.6305730420624697,0.0,0.2,1.0
1.0,0.0,0.0,0.0,1.0,0.0,0.0,0.0,1.0,0.6323748416357806,0.0,0.2,1.0
1.0,0.0,0.0,0.0,1.0,0.0,0.0,0.0,1.0,0.6341745338485916,0.0,0.2,1.0
1.0,0.0,0.0,0.0,1.0,0.0,0.0,0.0,1.0,0.6359720904864119,0.0,0.2,1.0
1.0,0.0,0.0,0.0,1.0,0.0,0.0,0.0,1.0,0.6377674833872129,0.0,0.2,1.0
1.0,0.0,0.0,0.0,1.0,0.0,0.0,0.0,1.0,0.6395606844421512,0.0,0.2,1.0
1.0,0.0,0.0,0.0,1.0,0.0,0.0,0.0,1.0,0.6413516655962919,0.0,0.2,1.0
1.0,0.0,0.0,0.0,1.0,0.0,0.0,0.0,1.0,0.6431403988493342,0.0,0.2,1.0
1.0,0.0,0.0,0.0,1.0,0.0,0.0,0.0,1.0,0.6449268562563314,0.0,0.2,1.0
1.0,0.0,0.0,0.0,1.0,0.0,0.0,0.0,1.0,0.6467110099284189,0.0,0.2,1.0
1.0,0.0,0.0,0.0,1.0,0.0,0.0,0.0,1.0,0.6484928320335335,0.0,0.2,1.0
1.0,0.0,0.0,0.0,1.0,0.0,0.0,0.0,1.0,0.6502722947971411,0.0,0.2,1.0
1.0,0.0,0.0,0.0,1.0,0.0,0.0,0.0,1.0,0.6520493705029557,0.0,0.2,1.0
1.0,0.0,0.0,0.0,1.0,0.0,0.0,0.0,1.0,0.6538240314936681,0.0,0.2,1.0
1.0,0.0,0.0,0.0,1.0,0.0,0.0,0.0,1.0,0.6555962501716657,0.0,0.2,1.0
1.0,0.0,0.0,0.0,1.0,0.0,0.0,0.0,1.0,0.6573659989997575,0.0,0.2,1.0
1.0,0.0,0.0,0.0,1.0,0.0,0.0,0.0,1.0,0.659133250501898,0.0,0.2,1.0
1.0,0.0,0.0,0.0,1.0,0.0,0.0,0.0,1.0,0.6608979772639096,0.0,0.2,1.0
1.0,0.0,0.0,0.0,1.0,0.0,0.0,0.0,1.0,0.6626601519342086,0.0,0.2,1.0
1.0,0.0,0.0,0.0,1.0,0.0,0.0,0.0,1.0,0.6644197472245252,0.0,0.2,1.0
1.0,0.0,0.0,0.0,1.0,0.0,0.0,0.0,1.0,0.6661767359106311,0.0,0.2,1.0
1.0,0.0,0.0,0.0,1.0,0.0,0.0,0.0,1.0,0.6679310908330598,0.0,0.2,1.0
1.0,0.0,0.0,0.0,1.0,0.0,0.0,0.0,1.0,0.6696827848978322,0.0,0.2,1.0
1.0,0.0,0.0,0.0,1.0,0.0,0.0,0.0,1.0,0.6714317910771794,0.0,0.2,1.0
1.0,0.0,0.0,0.0,1.0,0.0,0.0,0.0,1.0,0.6731780824102669,0.0,0.2,1.0
1.0,0.0,0.0,0.0,1.0,0.0,0.0,0.0,1.0,0.6749216320039169,0.0,0.2,1.0
1.0,0.0,0.0,0.0,1.0,0.0,0.0,0.0,1.0,0.6766624130333339,0.0,0.2,1.0
1.0,0.0,0.0,0.0,1.0,0.0,0.0,0.0,1.0,0.6784003987428264,0.0,0.2,1.0
1.0,0.0,0.0,0.0,1.0,0.0,0.0,0.0,1.0,0.6801355624465321,0.0,0.2,1.0
1.0,0.0,0.0,0.0,1.0,0.0,0.0,0.0,1.0,0.6818678775291397,0.0,0.2,1.0
1.0,0.0,0.0,0.0,1.0,0.0,0.0,0.0,1.0,0.6835973174466147,0.0,0.2,1.0
1.0,0.0,0.0,0.0,1.0,0.0,0.0,0.0,1.0,0.6853238557269206,0.0,0.2,1.0
1.0,0.0,0.0,0.0,1.0,0.0,0.0,0.0,1.0,0.6870474659707461,0.0,0.2,1.0
1.0,0.0,0.0,0.0,1.0,0.0,0.0,0.0,1.0,0.6887681218522234,0.0,0.2,1.0
1.0,0.0,0.0,0.0,1.0,0.0,0.0,0.0,1.0,0.6904857971196574,0.0,0.2,1.0
1.0,0.0,0.0,0.0,1.0,0.0,0.0,0.0,1.0,0.6922004655962443,0.0,0.2,1.0
1.0,0.0,0.0,0.0,1.0,0.0,0.0,0.0,1.0,0.6939121011808005,0.0,0.2,1.0
1.0,0.0,0.0,0.0,1.0,0.0,0.0,0.0,1.0,0.6956206778484801,0.0,0.2,1.0
1.0,0.0,0.0,0.0,1.0,0.0,0.0,0.0,1.0,0.6973261696515052,0.0,0.2,1.0
1.0,0.0,0.0,0.0,1.0,0.0,0.0,0.0,1.0,0.699028550719882,0.0,0.2,1.0
1.0,0.0,0.0,0.0,1.0,0.0,0.0,0.0,1.0,0.7007277952621331,0.0,0.2,1.0
1.0,0.0,0.0,0.0,1.0,0.0,0.0,0.0,1.0,0.702423877566013,0.0,0.2,1.0
1.0,0.0,0.0,0.0,1.0,0.0,0.0,0.0,1.0,0.7041167719992361,0.0,0.2,1.0
1.0,0.0,0.0,0.0,1.0,0.0,0.0,0.0,1.0,0.7058064530101995,0.0,0.2,1.0
1.0,0.0,0.0,0.0,1.0,0.0,0.0,0.0,1.0,0.707492895128708,0.0,0.2,1.0
1.0,0.0,0.0,0.0,1.0,0.0,0.0,0.0,1.0,0.7091760729666945,0.0,0.2,1.0
1.0,0.0,0.0,0.0,1.0,0.0,0.0,0.0,1.0,0.7108559612189445,0.0,0.2,1.0
1.0,0.0,0.0,0.0,1.0,0.0,0.0,0.0,1.0,0.7125325346638234,0.0,0.2,1.0
1.0,0.0,0.0,0.0,1.0,0.0,0.0,0.0,1.0,0.7142057681639931,0.0,0.2,1.0
1.0,0.0,0.0,0.0,1.0,0.0,0.0,0.0,1.0,0.7158756366671453,0.0,0.2,1.0
1.0,0.0,0.0,0.0,1.0,0.0,0.0,0.0,1.0,0.7175421152067156,0.0,0.2,1.0
1.0,0.0,0.0,0.0,1.0,0.0,0.0,0.0,1.0,0.7192051789026116,0.0,0.2,1.0
1.0,0.0,0.0,0.0,1.0,0.0,0.0,0.0,1.0,0.7208648029619363,0.0,0.2,1.0
1.0,0.0,0.0,0.0,1.0,0.0,0.0,0.0,1.0,0.7225209626797122,0.0,0.2,1.0
1.0,0.0,0.0,0.0,1.0,0.0,0.0,0.0,1.0,0.724173633439604,0.0,0.2,1.0
1.0,0.0,0.0,0.0,1.0,0.0,0.0,0.0,1.0,0.7258227907146411,0.0,0.2,1.0
1.0,0.0,0.0,0.0,1.0,0.0,0.0,0.0,1.0,0.7274684100679425,0.0,0.2,1.0
1.0,0.0,0.0,0.0,1.0,0.0,0.0,0.0,1.0,0.7291104671534421,0.0,0.2,1.0
1.0,0.0,0.0,0.0,1.0,0.0,0.0,0.0,1.0,0.7307489377166105,0.0,0.2,1.0
1.0,0.0,0.0,0.0,1.0,0.0,0.0,0.0,1.0,0.7323837975951755,0.0,0.2,1.0
1.0,0.0,0.0,0.0,1.0,0.0,0.0,0.0,1.0,0.7340150227198527,0.0,0.2,1.0
1.0,0.0,0.0,0.0,1.0,0.0,0.0,0.0,1.0,0.7356425891150634,0.0,0.2,1.0
1.0,0.0,0.0,0.0,1.0,0.0,0.0,0.0,1.0,0.7372664728996607,0.0,0.2,1.0
1.0,0.0,0.0,0.0,1.0,0.0,0.0,0.0,1.0,0.7388866502876509,0.0,0.2,1.0
1.0,0.0,0.0,0.0,1.0,0.0,0.0,0.0,1.0,0.7405030975889217,0.0,0.2,1.0
1.0,0.0,0.0,0.0,1.0,0.0,0.0,0.0,1.0,0.7421157912099613,0.0,0.2,1.0
1.0,0.0,0.0,0.0,1.0,0.0,0.0,0.0,1.0,0.7437247076545817,0.0,0.2,1.0
1.0,0.0,0.0,0.0,1.0,0.0,0.0,0.0,1.0,0.7453298235246476,0.0,0.2,1.0
1.0,0.0,0.0,0.0,1.0,0.0,0.0,0.0,1.0,0.7469311155207939,0.0,0.2,1.0
1.0,0.0,0.0,0.0,1.0,0.0,0.0,0.0,1.0,0.7485285604431535,0.0,0.2,1.0
1.0,0.0,0.0,0.0,1.0,0.0,0.0,0.0,1.0,0.7501221351920799,0.0,0.2,1.0
1.0,0.0,0.0,0.0,1.0,0.0,0.0,0.0,1.0,0.7517118167688683,0.0,0.2,1.0
1.0,0.0,0.0,0.0,1.0,0.0,0.0,0.0,1.0,0.7532975822764819,0.0,0.2,1.0
1.0,0.0,0.0,0.0,1.0,0.0,0.0,0.0,1.0,0.7548794089202756,0.0,0.2,1.0
1.0,0.0,0.0,0.0,1.0,0.0,0.0,0.0,1.0,0.7564572740087184,0.0,0.2,1.0
1.0,0.0,0.0,0.0,1.0,0.0,0.0,0.0,1.0,0.7580311549541183,0.0,0.2,1.0
1.0,0.0,0.0,0.0,1.0,0.0,0.0,0.0,1.0,0.759601029273343,0.0,0.2,1.0
1.0,0.0,0.0,0.0,1.0,0.0,0.0,0.0,1.0,0.7611668745885474,0.0,0.2,1.0
1.0,0.0,0.0,0.0,1.0,0.0,0.0,0.0,1.0,0.7627286686278956,0.0,0.2,1.0
1.0,0.0,0.0,0.0,1.0,0.0,0.0,0.0,1.0,0.7642863892262819,0.0,0.2,1.0
1.0,0.0,0.0,0.0,1.0,0.0,0.0,0.0,1.0,0.7658400143260591,0.0,0.2,1.0
1.0,0.0,0.0,0.0,1.0,0.0,0.0,0.0,1.0,0.7673895219777589,0.0,0.2,1.0
1.0,0.0,0.0,0.0,1.0,0.0,0.0,0.0,1.0,0.7689348903408174,0.0,0.2,1.0
1.0,0.0,0.0,0.0,1.0,0.0,0.0,0.0,1.0,0.7704760976842969,0.0,0.2,1.0
1.0,0.0,0.0,0.0,1.0,0.0,0.0,0.0,1.0,0.7720131223876107,0.0,0.2,1.0
1.0,0.0,0.0,0.0,1.0,0.0,0.0,0.0,1.0,0.7735459429412443,0.0,0.2,1.0
1.0,0.0,0.0,0.0,1.0,0.0,0.0,0.0,1.0,0.7750745379474846,0.0,0.2,1.0
1.0,0.0,0.0,0.0,1.0,0.0,0.0,0.0,1.0,0.7765988861211384,0.0,0.2,1.0
1.0,0.0,0.0,0.0,1.0,0.0,0.0,0.0,1.0,0.7781189662902563,0.0,0.2,1.0
1.0,0.0,0.0,0.0,1.0,0.0,0.0,0.0,1.0,0.7796347573968595,0.0,0.2,1.0
1.0,0.0,0.0,0.0,1.0,0.0,0.0,0.0,1.0,0.7811462384976613,0.0,0.2,1.0
1.0,0.0,0.0,0.0,1.0,0.0,0.0,0.0,1.0,0.7826533887647884,0.0,0.2,1.0
1.0,0.0,0.0,0.0,1.0,0.0,0.0,0.0,1.0,0.7841561874865115,0.0,0.2,1.0
1.0,0.0,0.0,0.0,1.0,0.0,0.0,0.0,1.0,0.7856546140679606,0.0,0.2,1.0
1.0,0.0,0.0,0.0,1.0,0.0,0.0,0.0,1.0,0.7871486480318547,0.0,0.2,1.0
1.0,0.0,0.0,0.0,1.0,0.0,0.0,0.0,1.0,0.7886382690192206,0.0,0.2,1.0
1.0,0.0,0.0,0.0,1.0,0.0,0.0,0.0,1.0,0.790123456790123,0.0,0.2,1.0
1.0,0.0,0.0,0.0,1.0,0.0,0.0,0.0,1.0,0.7916041912243816,0.0,0.2,1.0
1.0,0.0,0.0,0.0,1.0,0.0,0.0,0.0,1.0,0.7930804523222962,0.0,0.2,1.0
1.0,0.0,0.0,0.0,1.0,0.0,0.0,0.0,1.0,0.794552220205374,0.0,0.2,1.0
1.0,0.0,0.0,0.0,1.0,0.0,0.0,0.0,1.0,0.7960194751170493,0.0,0.2,1.0
1.0,0.0,0.0,0.0,1.0,0.0,0.0,0.0,1.0,0.7974821974234094,0.0,0.2,1.0
1.0,0.0,0.0,0.0,1.0,0.0,0.0,0.0,1.0,0.7989403676139153,0.0,0.2,1.0
1.0,0.0,0.0,0.0,1.0,0.0,0.0,0.0,1.0,0.800393966302129,0.0,0.2,1.0
1.0,0.0,0.0,0.0,1.0,0.0,0.0,0.0,1.0,0.8018429742264347,0.0,0.2,1.0
1.0,0.0,0.0,0.0,1.0,0.0,0.0,0.0,1.0,0.8032873722507641,0.0,0.2,1.0
1.0,0.0,0.0,0.0,1.0,0.0,0.0,0.0,1.0,0.8047271413653178,0.0,0.2,1.0
1.0,0.0,0.0,0.0,1.0,0.0,0.0,0.0,1.0,0.8061622626872886,0.0,0.2,1.0
1.0,0.0,0.0,0.0,1.0,0.0,0.0,0.0,1.0,0.8075927174615912,0.0,0.2,1.0
1.0,0.0,0.0,0.0,1.0,0.0,0.0,0.0,1.0,0.8090184870615772,0.0,0.2,1.0
1.0,0.0,0.0,0.0,1.0,0.0,0.0,0.0,1.0,0.8104395529897631,0.0,0.2,1.0
1.0,0.0,0.0,0.0,1.0,0.0,0.0,0.0,1.0,0.8118558968785554,0.0,0.2,1.0
1.0,0.0,0.0,0.0,1.0,0.0,0.0,0.0,1.0,0.8132675004909717,0.0,0.2,1.0
1.0,0.0,0.0,0.0,1.0,0.0,0.0,0.0,1.0,0.8146743457213639,0.0,0.2,1.0
1.0,0.0,0.0,0.0,1.0,0.0,0.0,0.0,1.0,0.8160764145961434,0.0,0.2,1.0
1.0,0.0,0.0,0.0,1.0,0.0,0.0,0.0,1.0,0.8174736892745051,0.0,0.2,1.0
1.0,0.0,0.0,0.0,1.0,0.0,0.0,0.0,1.0,0.8188661520491496,0.0,0.2,1.0
1.0,0.0,0.0,0.0,1.0,0.0,0.0,0.0,1.0,0.820253785347006,0.0,0.2,1.0
1.0,0.0,0.0,0.0,1.0,0.0,0.0,0.0,1.0,0.821636571729959,0.0,0.2,1.0
1.0,0.0,0.0,0.0,1.0,0.0,0.0,0.0,1.0,0.8230144938955687,0.0,0.2,1.0
1.0,0.0,0.0,0.0,1.0,0.0,0.0,0.0,1.0,0.8243875346777965,0.0,0.2,1.0
1.0,0.0,0.0,0.0,1.0,0.0,0.0,0.0,1.0,0.8257556770477279,0.0,0.2,1.0
1.0,0.0,0.0,0.0,1.0,0.0,0.0,0.0,1.0,0.8271189041142972,0.0,0.2,1.0
1.0,0.0,0.0,0.0,1.0,0.0,0.0,0.0,1.0,0.8284771991250075,0.0,0.2,1.0
1.0,0.0,0.0,0.0,1.0,0.0,0.0,0.0,1.0,0.8298305454666592,0.0,0.2,1.0
1.0,0.0,0.0,0.0,1.0,0.0,0.0,0.0,1.0,0.8311789266660728,0.0,0.2,1.0
1.0,0.0,0.0,0.0,1.0,0.0,0.0,0.0,1.0,0.8325223263908075,0.0,0.2,1.0
1.0,0.0,0.0,0.0,1.0,0.0,0.0,0.0,1.0,0.8338607284498905,0.0,0.2,1.0
1.0,0.0,0.0,0.0,1.0,0.0,0.0,0.0,1.0,0.8351941167945394,0.0,0.2,1.0
1.0,0.0,0.0,0.0,1.0,0.0,0.0,0.0,1.0,0.8365224755188816,0.0,0.2,1.0
1.0,0.0,0.0,0.0,1.0,0.0,0.0,0.0,1.0,0.8378457888606845,0.0,0.2,1.0
1.0,0.0,0.0,0.0,1.0,0.0,0.0,0.0,1.0,0.8391640412020749,0.0,0.2,1.0
1.0,0.0,0.0,0.0,1.0,0.0,0.0,0.0,1.0,0.8404772170702635,0.0,0.2,1.0
1.0,0.0,0.0,0.0,1.0,0.0,0.0,0.0,1.0,0.8417853011382679,0.0,0.2,1.0
1.0,0.0,0.0,0.0,1.0,0.0,0.0,0.0,1.0,0.8430882782256375,0.0,0.2,1.0
1.0,0.0,0.0,0.0,1.0,0.0,0.0,0.0,1.0,0.844386133299178,0.0,0.2,1.0
1.0,0.0,0.0,0.0,1.0,0.0,0.0,0.0,1.0,0.8456788514736704,0.0,0.2,1.0
1.0,0.0,0.0,0.0,1.0,0.0,0.0,0.0,1.0,0.8469664180126002,0.0,0.2,1.0
1.0,0.0,0.0,0.0,1.0,0.0,0.0,0.0,1.0,0.8482488183288772,0.0,0.2,1.0
1.0,0.0,0.0,0.0,1.0,0.0,0.0,0.0,1.0,0.8495260379855605,0.0,0.2,1.0
1.0,0.0,0.0,0.0,1.0,0.0,0.0,0.0,1.0,0.8507980626965832,0.0,0.2,1.0
1.0,0.0,0.0,0.0,1.0,0.0,0.0,0.0,1.0,0.8520648783274742,0.0,0.2,1.0
1.0,0.0,0.0,0.0,1.0,0.0,0.0,0.0,1.0,0.8533264708960819,0.0,0.2,1.0
1.0,0.0,0.0,0.0,1.0,0.0,0.0,0.0,1.0,0.8545828265733002,0.0,0.2,1.0
1.0,0.0,0.0,0.0,1.0,0.0,0.0,0.0,1.0,0.8558339316837871,0.0,0.2,1.0
1.0,0.0,0.0,0.0,1.0,0.0,0.0,0.0,1.0,0.8570797727066946,0.0,0.2,1.0
1.0,0.0,0.0,0.0,1.0,0.0,0.0,0.0,1.0,0.8583203362763878,0.0,0.2,1.0
1.0,0.0,0.0,0.0,1.0,0.0,0.0,0.0,1.0,0.8595556091831706,0.0,0.2,1.0
1.0,0.0,0.0,0.0,1.0,0.0,0.0,0.0,1.0,0.8607855783740073,0.0,0.2,1.0
1.0,0.0,0.0,0.0,1.0,0.0,0.0,0.0,1.0,0.8620102309532491,0.0,0.2,1.0
1.0,0.0,0.0,0.0,1.0,0.0,0.0,0.0,1.0,0.8632295541833543,0.0,0.2,1.0
1.0,0.0,0.0,0.0,1.0,0.0,0.0,0.0,1.0,0.8644435354856181,0.0,0.2,1.0
1.0,0.0,0.0,0.0,1.0,0.0,0.0,0.0,1.0,0.8656521624408866,0.0,0.2,1.0
1.0,0.0,0.0,0.0,1.0,0.0,0.0,0.0,1.0,0.8668554227902878,0.0,0.2,1.0
1.0,0.0,0.0,0.0,1.0,0.0,0.0,0.0,1.0,0.8680533044359529,0.0,0.2,1.0
1.0,0.0,0.0,0.0,1.0,0.0,0.0,0.0,1.0,0.8692457954417416,0.0,0.2,1.0
1.0,0.0,0.0,0.0,1.0,0.0,0.0,0.0,1.0,0.8704328840339628,0.0,0.2,1.0
1.0,0.0,0.0,0.0,1.0,0.0,0.0,0.0,1.0,0.8716145586021002,0.0,0.2,1.0
1.0,0.0,0.0,0.0,1.0,0.0,0.0,0.0,1.0,0.8727908076995341,0.0,0.2,1.0
1.0,0.0,0.0,0.0,1.0,0.0,0.0,0.0,1.0,0.8739616200442666,0.0,0.2,1.0
1.0,0.0,0.0,0.0,1.0,0.0,0.0,0.0,1.0,0.8751269845196479,0.0,0.2,1.0
1.0,0.0,0.0,0.0,1.0,0.0,0.0,0.0,1.0,0.8762868901750931,0.0,0.2,1.0
1.0,0.0,0.0,0.0,1.0,0.0,0.0,0.0,1.0,0.8774413262268106,0.0,0.2,1.0
1.0,0.0,0.0,0.0,1.0,0.0,0.0,0.0,1.0,0.8785902820585263,0.0,0.2,1.0
1.0,0.0,0.0,0.0,1.0,0.0,0.0,0.0,1.0,0.8797337472222022,0.0,0.2,1.0
1.0,0.0,0.0,0.0,1.0,0.0,0.0,0.0,1.0,0.8808717114387679,0.0,0.2,1.0
1.0,0.0,0.0,0.0,1.0,0.0,0.0,0.0,1.0,0.8820041645988368,0.0,0.2,1.0
1.0,0.0,0.0,0.0,1.0,0.0,0.0,0.0,1.0,0.8831310967634327,0.0,0.2,1.0
1.0,0.0,0.0,0.0,1.0,0.0,0.0,0.0,1.0,0.8842524981647146,0.0,0.2,1.0
1.0,0.0,0.0,0.0,1.0,0.0,0.0,0.0,1.0,0.8853683592066985,0.0,0.2,1.0
1.0,0.0,0.0,0.0,1.0,0.0,0.0,0.0,1.0,0.8864786704659808,0.0,0.2,1.0
1.0,0.0,0.0,0.0,1.0,0.0,0.0,0.0,1.0,0.8875834226924639,0.0,0.2,1.0
1.0,0.0,0.0,0.0,1.0,0.0,0.0,0.0,1.0,0.8886826068100784,0.0,0.2,1.0
1.0,0.0,0.0,0.0,1.0,0.0,0.0,0.0,1.0,0.8897762139175052,0.0,0.2,1.0
1.0,0.0,0.0,0.0,1.0,0.0,0.0,0.0,1.0,0.8908642352889053,0.0,0.2,1.0
1.0,0.0,0.0,0.0,1.0,0.0,0.0,0.0,1.0,0.8919466623746324,0.0,0.2,1.0
1.0,0.0,0.0,0.0,1.0,0.0,0.0,0.0,1.0,0.8930234868019682,0.0,0.2,1.0
1.0,0.0,0.0,0.0,1.0,0.0,0.0,0.0,1.0,0.8940947003758395,0.0,0.2,1.0
1.0,0.0,0.0,0.0,1.0,0.0,0.0,0.0,1.0,0.8951602950795436,0.0,0.2,1.0
1.0,0.0,0.0,0.0,1.0,0.0,0.0,0.0,1.0,0.8962202630754672,0.0,0.2,1.0
1.0,0.0,0.0,0.0,1.0,0.0,0.0,0.0,1.0,0.8972745967058229,0.0,0.2,1.0
1.0,0.0,0.0,0.0,1.0,0.0,0.0,0.0,1.0,0.8983232884933559,0.0,0.2,1.0
1.0,0.0,0.0,0.0,1.0,0.0,0.0,0.0,1.0,0.8993663311420783,0.0,0.2,1.0
1.0,0.0,0.0,0.0,1.0,0.0,0.0,0.0,1.0,0.9004037175379942,0.0,0.2,1.0
1.0,0.0,0.0,0.0,1.0,0.0,0.0,0.0,1.0,0.9014354407498126,0.0,0.2,1.0
1.0,0.0,0.0,0.0,1.0,0.0,0.0,0.0,1.0,0.9024614940296869,0.0,0.2,1.0
1.0,0.0,0.0,0.0,1.0,0.0,0.0,0.0,1.0,0.9034818708139198,0.0,0.2,1.0
1.0,0.0,0.0,0.0,1.0,0.0,0.0,0.0,1.0,0.9044965647237033,0.0,0.2,1.0
1.0,0.0,0.0,0.0,1.0,0.0,0.0,0.0,1.0,0.9055055695658307,0.0,0.2,1.0
1.0,0.0,0.0,0.0,1.0,0.0,0.0,0.0,1.0,0.9065088793334306,0.0,0.2,1.0
1.0,0.0,0.0,0.0,1.0,0.0,0.0,0.0,1.0,0.9075064882066797,0.0,0.2,1.0
1.0,0.0,0.0,0.0,1.0,0.0,0.0,0.0,1.0,0.908498390553536,0.0,0.2,1.0
1.0,0.0,0.0,0.0,1.0,0.0,0.0,0.0,1.0,0.9094845809304546,0.0,0.2,1.0
1.0,0.0,0.0,0.0,1.0,0.0,0.0,0.0,1.0,0.9104650540831174,0.0,0.2,1.0
1.0,0.0,0.0,0.0,1.0,0.0,0.0,0.0,1.0,0.9114398049471515,0.0,0.2,1.0
1.0,0.0,0.0,0.0,1.0,0.0,0.0,0.0,1.0,0.9124088286488601,0.0,0.2,1.0
1.0,0.0,0.0,0.0,1.0,0.0,0.0,0.0,1.0,0.9133721205059362,0.0,0.2,1.0
1.0,0.0,0.0,0.0,1.0,0.0,0.0,0.0,1.0,0.9143296760281929,0.0,0.2,1.0
1.0,0.0,0.0,0.0,1.0,0.0,0.0,0.0,1.0,0.9152814909182894,0.0,0.2,1.0
1.0,0.0,0.0,0.0,1.0,0.0,0.0,0.0,1.0,0.9162275610724457,0.0,0.2,1.0
1.0,0.0,0.0,0.0,1.0,0.0,0.0,0.0,1.0,0.9171678825811735,0.0,0.2,1.0
1.0,0.0,0.0,0.0,1.0,0.0,0.0,0.0,1.0,0.9181024517299989,0.0,0.2,1.0
1.0,0.0,0.0,0.0,1.0,0.0,0.0,0.0,1.0,0.9190312650001808,0.0,0.2,1.0
1.0,0.0,0.0,0.0,1.0,0.0,0.0,0.0,1.0,0.9199543190694435,0.0,0.2,1.0
1.0,0.0,0.0,0.0,1.0,0.0,0.0,0.0,1.0,0.920871610812692,0.0,0.2,1.0
1.0,0.0,0.0,0.0,1.0,0.0,0.0,0.0,1.0,0.921783137302739,0.0,0.2,1.0
1.0,0.0,0.0,0.0,1.0,0.0,0.0,0.0,1.0,0.9226888958110289,0.0,0.2,1.0
1.0,0.0,0.0,0.0,1.0,0.0,0.0,0.0,1.0,0.9235888838083626,0.0,0.2,1.0
1.0,0.0,0.0,0.0,1.0,0.0,0.0,0.0,1.0,0.9244830989656156,0.0,0.2,1.0
1.0,0.0,0.0,0.0,1.0,0.0,0.0,0.0,1.0,0.9253715391544688,0.0,0.2,1.0
1.0,0.0,0.0,0.0,1.0,0.0,0.0,0.0,1.0,0.9262542024481282,0.0,0.2,1.0
1.0,0.0,0.0,0.0,1.0,0.0,0.0,0.0,1.0,0.9271310871220466,0.0,0.2,1.0
1.0,0.0,0.0,0.0,1.0,0.0,0.0,0.0,1.0,0.9280021916546521,0.0,0.2,1.0
1.0,0.0,0.0,0.0,1.0,0.0,0.0,0.0,1.0,0.9288675147280681,0.0,0.2,1.0
1.0,0.0,0.0,0.0,1.0,0.0,0.0,0.0,1.0,0.929727055228839,0.0,0.2,1.0
1.0,0.0,0.0,0.0,1.0,0.0,0.0,0.0,1.0,0.9305808122486523,0.0,0.2,1.0
1.0,0.0,0.0,0.0,1.0,0.0,0.0,0.0,1.0,0.9314287850850613,0.0,0.2,1.0
1.0,0.0,0.0,0.0,1.0,0.0,0.0,0.0,1.0,0.9322709732422141,0.0,0.2,1.0
1.0,0.0,0.0,0.0,1.0,0.0,0.0,0.0,1.0,0.93310737643157,0.0,0.2,1.0
1.0,0.0,0.0,0.0,1.0,0.0,0.0,0.0,1.0,0.933937994572628,0.0,0.2,1.0
1.0,0.0,0.0,0.0,1.0,0.0,0.0,0.0,1.0,0.9347628277936464,0.0,0.2,1.0
1.0,0.0,0.0,0.0,1.0,0.0,0.0,0.0,1.0,0.9355818764323707,0.0,0.2,1.0
1.0,0.0,0.0,0.0,1.0,0.0,0.0,0.0,1.0,0.9363951410367557,0.0,0.2,1.0
1.0,0.0,0.0,0.0,1.0,0.0,0.0,0.0,1.0,0.9372026223656884,0.0,0.2,1.0
1.0,0.0,0.0,0.0,1.0,0.0,0.0,0.0,1.0,0.9380043213897125,0.0,0.2,1.0
1.0,0.0,0.0,0.0,1.0,0.0,0.0,0.0,1.0,0.93880023929175,0.0,0.2,1.0
1.0,0.0,0.0,0.0,1.0,0.0,0.0,0.0,1.0,0.9395903774678283,0.0,0.2,1.0
1.0,0.0,0.0,0.0,1.0,0.0,0.0,0.0,1.0,0.9403747375277973,0.0,0.2,1.0
1.0,0.0,0.0,0.0,1.0,0.0,0.0,0.0,1.0,0.9411533212960637,0.0,0.2,1.0
1.0,0.0,0.0,0.0,1.0,0.0,0.0,0.0,1.0,0.9419261308123046,0.0,0.2,1.0
1.0,0.0,0.0,0.0,1.0,0.0,0.0,0.0,1.0,0.9426931683321969,0.0,0.2,1.0
1.0,0.0,0.0,0.0,1.0,0.0,0.0,0.0,1.0,0.9434544363281359,0.0,0.2,1.0
1.0,0.0,0.0,0.0,1.0,0.0,0.0,0.0,1.0,0.9442099374899673,0.0,0.2,1.0
1.0,0.0,0.0,0.0,1.0,0.0,0.0,0.0,1.0,0.9449596747256965,0.0,0.2,1.0
1.0,0.0,0.0,0.0,1.0,0.0,0.0,0.0,1.0,0.9457036511622321,0.0,0.2,1.0
1.0,0.0,0.0,0.0,1.0,0.0,0.0,0.0,1.0,0.9464418701460922,0.0,0.2,1.0
1.0,0.0,0.0,0.0,1.0,0.0,0.0,0.0,1.0,0.947174335244132,0.0,0.2,1.0
1.0,0.0,0.0,0.0,1.0,0.0,0.0,0.0,1.0,0.9479010502442788,0.0,0.2,1.0
1.0,0.0,0.0,0.0,1.0,0.0,0.0,0.0,1.0,0.9486220191562351,0.0,0.2,1.0
1.0,0.0,0.0,0.0,1.0,0.0,0.0,0.0,1.0,0.9493372462122238,0.0,0.2,1.0
1.0,0.0,0.0,0.0,1.0,0.0,0.0,0.0,1.0,0.9500467358676978,0.0,0.2,1.0
1.0,0.0,0.0,0.0,1.0,0.0,0.0,0.0,1.0,0.9507504928020647,0.0,0.2,1.0
1.0,0.0,0.0,0.0,1.0,0.0,0.0,0.0,1.0,0.9514485219194198,0.0,0.2,1.0
1.0,0.0,0.0,0.0,1.0,0.0,0.0,0.0,1.0,0.952140828349255,0.0,0.2,1.0
1.0,0.0,0.0,0.0,1.0,0.0,0.0,0.0,1.0,0.9528274174471969,0.0,0.2,1.0
1.0,0.0,0.0,0.0,1.0,0.0,0.0,0.0,1.0,0.9535082947957214,0.0,0.2,1.0
1.0,0.0,0.0,0.0,1.0,0.0,0.0,0.0,1.0,0.9541834662048831,0.0,0.2,1.0
1.0,0.0,0.0,0.0,1.0,0.0,0.0,0.0,1.0,0.9548529377130315,0.0,0.2,1.0
1.0,0.0,0.0,0.0,1.0,0.0,0.0,0.0,1.0,0.9555167155875397,0.0,0.2,1.0
1.0,0.0,0.0,0.0,1.0,0.0,0.0,0.0,1.0,0.9561748063255306,0.0,0.2,1.0
1.0,0.0,0.0,0.0,1.0,0.0,0.0,0.0,1.0,0.9568272166545952,0.0,0.2,1.0
1.0,0.0,0.0,0.0,1.0,0.0,0.0,0.0,1.0,0.9574739535335173,0.0,0.2,1.0
1.0,0.0,0.0,0.0,1.0,0.0,0.0,0.0,1.0,0.9581150241529963,0.0,0.2,1.0
1.0,0.0,0.0,0.0,1.0,0.0,0.0,0.0,1.0,0.958750435936377,0.0,0.2,1.0
1.0,0.0,0.0,0.0,1.0,0.0,0.0,0.0,1.0,0.9593801965403665,0.0,0.2,1.0
1.0,0.0,0.0,0.0,1.0,0.0,0.0,0.0,1.0,0.9600043138557592,0.0,0.2,1.0
1.0,0.0,0.0,0.0,1.0,0.0,0.0,0.0,1.0,0.9606227960081632,0.0,0.2,1.0
1.0,0.0,0.0,0.0,1.0,0.0,0.0,0.0,1.0,0.9612356513587184,0.0,0.2,1.0
1.0,0.0,0.0,0.0,1.0,0.0,0.0,0.0,1.0,0.9618428885048269,0.0,0.2,1.0
1.0,0.0,0.0,0.0,1.0,0.0,0.0,0.0,1.0,0.9624445162808759,0.0,0.2,1.0
1.0,0.0,0.0,0.0,1.0,0.0,0.0,0.0,1.0,0.963040543758948,0.0,0.2,1.0
1.0,0.0,0.0,0.0,1.0,0.0,0.0,0.0,1.0,0.9636309802495688,0.0,0.2,1.0
1.0,0.0,0.0,0.0,1.0,0.0,0.0,0.0,1.0,0.964215835302408,0.0,0.2,1.0
1.0,0.0,0.0,0.0,1.0,0.0,0.0,0.0,1.0,0.9647951187070181,0.0,0.2,1.0
1.0,0.0,0.0,0.0,1.0,0.0,0.0,0.0,1.0,0.9653688404935492,0.0,0.2,1.0
1.0,0.0,0.0,0.0,1.0,0.0,0.0,0.0,1.0,0.9659370109334744,0.0,0.2,1.0
1.0,0.0,0.0,0.0,1.0,0.0,0.0,0.0,1.0,0.966499640540317,0.0,0.2,1.0
1.0,0.0,0.0,0.0,1.0,0.0,0.0,0.0,1.0,0.9670567400703707,0.0,0.2,1.0
1.0,0.0,0.0,0.0,1.0,0.0,0.0,0.0,1.0,0.9676083205234249,0.0,0.2,1.0
1.0,0.0,0.0,0.0,1.0,0.0,0.0,0.0,1.0,0.9681543931434886,0.0,0.2,1.0
1.0,0.0,0.0,0.0,1.0,0.0,0.0,0.0,1.0,0.9686949694195115,0.0,0.2,1.0
1.0,0.0,0.0,0.0,1.0,0.0,0.0,0.0,1.0,0.9692300610861064,0.0,0.2,1.0
1.0,0.0,0.0,0.0,1.0,0.0,0.0,0.0,1.0,0.9697596801242812,0.0,0.2,1.0
1.0,0.0,0.0,0.0,1.0,0.0,0.0,0.0,1.0,0.9702838387621537,0.0,0.2,1.0
1.0,0.0,0.0,0.0,1.0,0.0,0.0,0.0,1.0,0.9708025494756791,0.0,0.2,1.0
1.0,0.0,0.0,0.0,1.0,0.0,0.0,0.0,1.0,0.9713158249893752,0.0,0.2,1.0
1.0,0.0,0.0,0.0,1.0,0.0,0.0,0.0,1.0,0.9718236782770364,0.0,0.2,1.0
1.0,0.0,0.0,0.0,1.0,0.0,0.0,0.0,1.0,0.9723261225624742,0.0,0.2,1.0
1.0,0.0,0.0,0.0,1.0,0.0,0.0,0.0,1.0,0.9728231713202251,0.0,0.2,1.0
1.0,0.0,0.0,0.0,1.0,0.0,0.0,0.0,1.0,0.9733148382762802,0.0,0.2,1.0
1.0,0.0,0.0,0.0,1.0,0.0,0.0,0.0,1.0,0.973801137408814,0.0,0.2,1.0
1.0,0.0,0.0,0.0,1.0,0.0,0.0,0.0,1.0,0.9742820829488972,0.0,0.2,1.0
1.0,0.0,0.0,0.0,1.0,0.0,0.0,0.0,1.0,0.9747576893812289,0.0,0.2,1.0
1.0,0.0,0.0,0.0,1.0,0.0,0.0,0.0,1.0,0.9752279714448586,0.0,0.2,1.0
1.0,0.0,0.0,0.0,1.0,0.0,0.0,0.0,1.0,0.975692944133904,0.0,0.2,1.0
1.0,0.0,0.0,0.0,1.0,0.0,0.0,0.0,1.0,0.9761526226982862,0.0,0.2,1.0
1.0,0.0,0.0,0.0,1.0,0.0,0.0,0.0,1.0,0.9766070226444397,0.0,0.2,1.0
1.0,0.0,0.0,0.0,1.0,0.0,0.0,0.0,1.0,0.9770561597360485,0.0,0.2,1.0
1.0,0.0,0.0,0.0,1.0,0.0,0.0,0.0,1.0,0.9775000499947559,0.0,0.2,1.0
1.0,0.0,0.0,0.0,1.0,0.0,0.0,0.0,1.0,0.9779387097009051,0.0,0.2,1.0
1.0,0.0,0.0,0.0,1.0,0.0,0.0,0.0,1.0,0.9783721553942479,0.0,0.2,1.0
1.0,0.0,0.0,0.0,1.0,0.0,0.0,0.0,1.0,0.9788004038746778,0.0,0.2,1.0
1.0,0.0,0.0,0.0,1.0,0.0,0.0,0.0,1.0,0.979223472202944,0.0,0.2,1.0
1.0,0.0,0.0,0.0,1.0,0.0,0.0,0.0,1.0,0.9796413777013901,0.0,0.2,1.0
1.0,0.0,0.0,0.0,1.0,0.0,0.0,0.0,1.0,0.9800541379546588,0.0,0.2,1.0
1.0,0.0,0.0,0.0,1.0,0.0,0.0,0.0,1.0,0.9804617708104351,0.0,0.2,1.0
1.0,0.0,0.0,0.0,1.0,0.0,0.0,0.0,1.0,0.9808642943801527,0.0,0.2,1.0
1.0,0.0,0.0,0.0,1.0,0.0,0.0,0.0,1.0,0.9812617270397275,0.0,0.2,1.0
1.0,0.0,0.0,0.0,1.0,0.0,0.0,0.0,1.0,0.9816540874302788,0.0,0.2,1.0
1.0,0.0,0.0,0.0,1.0,0.0,0.0,0.0,1.0,0.9820413944588542,0.0,0.2,1.0
1.0,0.0,0.0,0.0,1.0,0.0,0.0,0.0,1.0,0.9824236672991487,0.0,0.2,1.0
1.0,0.0,0.0,0.0,1.0,0.0,0.0,0.0,1.0,0.9828009253922341,0.0,0.2,1.0
1.0,0.0,0.0,0.0,1.0,0.0,0.0,0.0,1.0,0.9831731884472799,0.0,0.2,1.0
1.0,0.0,0.0,0.0,1.0,0.0,0.0,0.0,1.0,0.9835404764422773,0.0,0.2,1.0
1.0,0.0,0.0,0.0,1.0,0.0,0.0,0.0,1.0,0.9839028096247597,0.0,0.2,1.0
1.0,0.0,0.0,0.0,1.0,0.0,0.0,0.0,1.0,0.9842602085125338,0.0,0.2,1.0
1.0,0.0,0.0,0.0,1.0,0.0,0.0,0.0,1.0,0.9846126938943947,0.0,0.2,1.0
1.0,0.0,0.0,0.0,1.0,0.0,0.0,0.0,1.0,0.984960286830852,0.0,0.2,1.0
1.0,0.0,0.0,0.0,1.0,0.0,0.0,0.0,1.0,0.98530300865486,0.0,0.2,1.0
1.0,0.0,0.0,0.0,1.0,0.0,0.0,0.0,1.0,0.9856408809725332,0.0,0.2,1.0
1.0,0.0,0.0,0.0,1.0,0.0,0.0,0.0,1.0,0.9859739256638731,0.0,0.2,1.0
1.0,0.0,0.0,0.0,1.0,0.0,0.0,0.0,1.0,0.986302164883492,0.0,0.2,1.0
1.0,0.0,0.0,0.0,1.0,0.0,0.0,0.0,1.0,0.9866256210613313,0.0,0.2,1.0
1.0,0.0,0.0,0.0,1.0,0.0,0.0,0.0,1.0,0.9869443169034016,0.0,0.2,1.0
1.0,0.0,0.0,0.0,1.0,0.0,0.0,0.0,1.0,0.9872582753924801,0.0,0.2,1.0
1.0,0.0,0.0,0.0,1.0,0.0,0.0,0.0,1.0,0.9875675197888611,0.0,0.2,1.0
1.0,0.0,0.0,0.0,1.0,0.0,0.0,0.0,1.0,0.9878720736310553,0.0,0.2,1.0
1.0,0.0,0.0,0.0,1.0,0.0,0.0,0.0,1.0,0.9881719607365413,0.0,0.2,1.0
1.0,0.0,0.0,0.0,1.0,0.0,0.0,0.0,1.0,0.988467205202459,0.0,0.2,1.0
1.0,0.0,0.0,0.0,1.0,0.0,0.0,0.0,1.0,0.9887578314063523,0.0,0.2,1.0
1.0,0.0,0.0,0.0,1.0,0.0,0.0,0.0,1.0,0.9890438640068897,0.0,0.2,1.0
1.0,0.0,0.0,0.0,1.0,0.0,0.0,0.0,1.0,0.9893253279445813,0.0,0.2,1.0
1.0,0.0,0.0,0.0,1.0,0.0,0.0,0.0,1.0,0.989602248442516,0.0,0.2,1.0
1.0,0.0,0.0,0.0,1.0,0.0,0.0,0.0,1.0,0.9898746510070655,0.0,0.2,1.0
1.0,0.0,0.0,0.0,1.0,0.0,0.0,0.0,1.0,0.9901425614286286,0.0,0.2,1.0
1.0,0.0,0.0,0.0,1.0,0.0,0.0,0.0,1.0,0.9904060057823392,0.0,0.2,1.0
1.0,0.0,0.0,0.0,1.0,0.0,0.0,0.0,1.0,0.9906650104287937,0.0,0.2,1.0
1.0,0.0,0.0,0.0,1.0,0.0,0.0,0.0,1.0,0.9909196020147824,0.0,0.2,1.0
1.0,0.0,0.0,0.0,1.0,0.0,0.0,0.0,1.0,0.9911698074740052,0.0,0.2,1.0
1.0,0.0,0.0,0.0,1.0,0.0,0.0,0.0,1.0,0.991415654027799,0.0,0.2,1.0
1.0,0.0,0.0,0.0,1.0,0.0,0.0,0.0,1.0,0.9916571691858502,0.0,0.2,1.0
1.0,0.0,0.0,0.0,1.0,0.0,0.0,0.0,1.0,0.9918943807469436,0.0,0.2,1.0
1.0,0.0,0.0,0.0,1.0,0.0,0.0,0.0,1.0,0.9921273167996576,0.0,0.2,1.0
1.0,0.0,0.0,0.0,1.0,0.0,0.0,0.0,1.0,0.9923560057230993,0.0,0.2,1.0
1.0,0.0,0.0,0.0,1.0,0.0,0.0,0.0,1.0,0.992580476187642,0.0,0.2,1.0
1.0,0.0,0.0,0.0,1.0,0.0,0.0,0.0,1.0,0.9928007571556243,0.0,0.2,1.0
1.0,0.0,0.0,0.0,1.0,0.0,0.0,0.0,1.0,0.9930168778820914,0.0,0.2,1.0
1.0,0.0,0.0,0.0,1.0,0.0,0.0,0.0,1.0,0.9932288679155095,0.0,0.2,1.0
1.0,0.0,0.0,0.0,1.0,0.0,0.0,0.0,1.0,0.9934367570984914,0.0,0.2,1.0
1.0,0.0,0.0,0.0,1.0,0.0,0.0,0.0,1.0,0.9936405755685236,0.0,0.2,1.0
1.0,0.0,0.0,0.0,1.0,0.0,0.0,0.0,1.0,0.9938403537586913,0.0,0.2,1.0
1.0,0.0,0.0,0.0,1.0,0.0,0.0,0.0,1.0,0.9940361223983909,0.0,0.2,1.0
1.0,0.0,0.0,0.0,1.0,0.0,0.0,0.0,1.0,0.9942279125140665,0.0,0.2,1.0
1.0,0.0,0.0,0.0,1.0,0.0,0.0,0.0,1.0,0.9944157554299244,0.0,0.2,1.0
1.0,0.0,0.0,0.0,1.0,0.0,0.0,0.0,1.0,0.9945996827686647,0.0,0.2,1.0
1.0,0.0,0.0,0.0,1.0,0.0,0.0,0.0,1.0,0.9947797264521956,0.0,0.2,1.0
1.0,0.0,0.0,0.0,1.0,0.0,0.0,0.0,1.0,0.9949559187023671,0.0,0.2,1.0
1.0,0.0,0.0,0.0,1.0,0.0,0.0,0.0,1.0,0.9951282920416844,0.0,0.2,1.0
1.0,0.0,0.0,0.0,1.0,0.0,0.0,0.0,1.0,0.9952968792940378,0.0,0.2,1.0
1.0,0.0,0.0,0.0,1.0,0.0,0.0,0.0,1.0,0.9954617135854327,0.0,0.2,1.0
1.0,0.0,0.0,0.0,1.0,0.0,0.0,0.0,1.0,0.9956228283446915,0.0,0.2,1.0
1.0,0.0,0.0,0.0,1.0,0.0,0.0,0.0,1.0,0.9957802573042036,0.0,0.2,1.0
1.0,0.0,0.0,0.0,1.0,0.0,0.0,0.0,1.0,0.9959340345006318,0.0,0.2,1.0
1.0,0.0,0.0,0.0,1.0,0.0,0.0,0.0,1.0,0.9960841942756415,0.0,0.2,1.0
1.0,0.0,0.0,0.0,1.0,0.0,0.0,0.0,1.0,0.9962307712766227,0.0,0.2,1.0
1.0,0.0,0.0,0.0,1.0,0.0,0.0,0.0,1.0,0.9963738004574143,0.0,0.2,1.0
1.0,0.0,0.0,0.0,1.0,0.0,0.0,0.0,1.0,0.9965133170790308,0.0,0.2,1.0
1.0,0.0,0.0,0.0,1.0,0.0,0.0,0.0,1.0,0.9966493567103836,0.0,0.2,1.0
1.0,0.0,0.0,0.0,1.0,0.0,0.0,0.0,1.0,0.9967819552289985,0.0,0.2,1.0
1.0,0.0,0.0,0.0,1.0,0.0,0.0,0.0,1.0,0.9969111488217468,0.0,0.2,1.0
1.0,0.0,0.0,0.0,1.0,0.0,0.0,0.0,1.0,0.9970369739855744,0.0,0.2,1.0
1.0,0.0,0.0,0.0,1.0,0.0,0.0,0.0,1.0,0.9971594675282089,0.0,0.2,1.0
1.0,0.0,0.0,0.0,1.0,0.0,0.0,0.0,1.0,0.9972786665688904,0.0,0.2,1.0
1.0,0.0,0.0,0.0,1.0,0.0,0.0,0.0,1.0,0.9973946085391141,0.0,0.2,1.0
1.0,0.0,0.0,0.0,1.0,0.0,0.0,0.0,1.0,0.997507331183316,0.0,0.2,1.0
1.0,0.0,0.0,0.0,1.0,0.0,0.0,0.0,1.0,0.9976168725596288,0.0,0.2,1.0
1.0,0.0,0.0,0.0,1.0,0.0,0.0,0.0,1.0,0.997723271040595,0.0,0.2,1.0
1.0,0.0,0.0,0.0,1.0,0.0,0.0,0.0,1.0,0.99782656531388,0.0,0.2,1.0
1.0,0.0,0.0,0.0,1.0,0.0,0.0,0.0,1.0,0.9979267943830195,0.0,0.2,1.0
1.0,0.0,0.0,0.0,1.0,0.0,0.0,0.0,1.0,0.9980239975681142,0.0,0.2,1.0
1.0,0.0,0.0,0.0,1.0,0.0,0.0,0.0,1.0,0.9981182145065812,0.0,0.2,1.0
1.0,0.0,0.0,0.0,1.0,0.0,0.0,0.0,1.0,0.9982094851538532,0.0,0.2,1.0
1.0,0.0,0.0,0.0,1.0,0.0,0.0,0.0,1.0,0.9982978497841213,0.0,0.2,1.0
1.0,0.0,0.0,0.0,1.0,0.0,0.0,0.0,1.0,0.9983833489910507,0.0,0.2,1.0
1.0,0.0,0.0,0.0,1.0,0.0,0.0,0.0,1.0,0.9984660236884997,0.0,0.2,1.0
1.0,0.0,0.0,0.0,1.0,0.0,0.0,0.0,1.0,0.9985459151112472,0.0,0.2,1.0
1.0,0.0,0.0,0.0,1.0,0.0,0.0,0.0,1.0,0.9986230648157237,0.0,0.2,1.0
1.0,0.0,0.0,0.0,1.0,0.0,0.0,0.0,1.0,0.9986975146807255,0.0,0.2,1.0
1.0,0.0,0.0,0.0,1.0,0.0,0.0,0.0,1.0,0.99876930690814,0.0,0.2,1.0
1.0,0.0,0.0,0.0,1.0,0.0,0.0,0.0,1.0,0.9988384840236675,0.0,0.2,1.0
1.0,0.0,0.0,0.0,1.0,0.0,0.0,0.0,1.0,0.9989050888775557,0.0,0.2,1.0
1.0,0.0,0.0,0.0,1.0,0.0,0.0,0.0,1.0,0.9989691646453096,0.0,0.2,1.0
1.0,0.0,0.0,0.0,1.0,0.0,0.0,0.0,1.0,0.9990307548284196,0.0,0.2,1.0
1.0,0.0,0.0,0.0,1.0,0.0,0.0,0.0,1.0,0.9990899032550891,0.0,0.2,1.0
1.0,0.0,0.0,0.0,1.0,0.0,0.0,0.0,1.0,0.9991466540809615,0.0,0.2,1.0
1.0,0.0,0.0,0.0,1.0,0.0,0.0,0.0,1.0,0.9992010517898207,0.0,0.2,1.0
1.0,0.0,0.0,0.0,1.0,0.0,0.0,0.0,1.0,0.9992531411943517,0.0,0.2,1.0
1.0,0.0,0.0,0.0,1.0,0.0,0.0,0.0,1.0,0.9993029674368312,0.0,0.2,1.0
1.0,0.0,0.0,0.0,1.0,0.0,0.0,0.0,1.0,0.999350575989868,0.0,0.2,1.0
1.0,0.0,0.0,0.0,1.0,0.0,0.0,0.0,1.0,0.9993960126571206,0.0,0.2,1.0
1.0,0.0,0.0,0.0,1.0,0.0,0.0,0.0,1.0,0.9994393235740322,0.0,0.2,1.0
1.0,0.0,0.0,0.0,1.0,0.0,0.0,0.0,1.0,0.9994805552085309,0.0,0.2,1.0
1.0,0.0,0.0,0.0,1.0,0.0,0.0,0.0,1.0,0.9995197543617786,0.0,0.2,1.0
1.0,0.0,0.0,0.0,1.0,0.0,0.0,0.0,1.0,0.9995569681688785,0.0,0.2,1.0
1.0,0.0,0.0,0.0,1.0,0.0,0.0,0.0,1.0,0.9995922440996043,0.0,0.2,1.0
1.0,0.0,0.0,0.0,1.0,0.0,0.0,0.0,1.0,0.9996256299591311,0.0,0.2,1.0
1.0,0.0,0.0,0.0,1.0,0.0,0.0,0.0,1.0,0.9996571738887345,0.0,0.2,1.0
1.0,0.0,0.0,0.0,1.0,0.0,0.0,0.0,1.0,0.9996869243665465,0.0,0.2,1.0
1.0,0.0,0.0,0.0,1.0,0.0,0.0,0.0,1.0,0.999714930208258,0.0,0.2,1.0
1.0,0.0,0.0,0.0,1.0,0.0,0.0,0.0,1.0,0.9997412405678467,0.0,0.2,1.0
1.0,0.0,0.0,0.0,1.0,0.0,0.0,0.0,1.0,0.9997659049383039,0.0,0.2,1.0
1.0,0.0,0.0,0.0,1.0,0.0,0.0,0.0,1.0,0.9997889731523522,0.0,0.2,1.0
1.0,0.0,0.0,0.0,1.0,0.0,0.0,0.0,1.0,0.9998104953831808,0.0,0.2,1.0
1.0,0.0,0.0,0.0,1.0,0.0,0.0,0.0,1.0,0.9998305221451549,0.0,0.2,1.0
1.0,0.0,0.0,0.0,1.0,0.0,0.0,0.0,1.0,0.9998491042945465,0.0,0.2,1.0
1.0,0.0,0.0,0.0,1.0,0.0,0.0,0.0,1.0,0.9998662930302595,0.0,0.2,1.0
1.0,0.0,0.0,0.0,1.0,0.0,0.0,0.0,1.0,0.9998821398945541,0.0,0.2,1.0
1.0,0.0,0.0,0.0,1.0,0.0,0.0,0.0,1.0,0.9998966967737566,0.0,0.2,1.0
1.0,0.0,0.0,0.0,1.0,0.0,0.0,0.0,1.0,0.9999100158990046,0.0,0.2,1.0
1.0,0.0,0.0,0.0,1.0,0.0,0.0,0.0,1.0,0.9999221498469586,0.0,0.2,1.0
1.0,0.0,0.0,0.0,1.0,0.0,0.0,0.0,1.0,0.999933151540521,0.0,0.2,1.0
1.0,0.0,0.0,0.0,1.0,0.0,0.0,0.0,1.0,0.9999430742495674,0.0,0.2,1.0
1.0,0.0,0.0,0.0,1.0,0.0,0.0,0.0,1.0,0.9999519715916758,0.0,0.2,1.0
1.0,0.0,0.0,0.0,1.0,0.0,0.0,0.0,1.0,0.9999598975328308,0.0,0.2,1.0
1.0,0.0,0.0,0.0,1.0,0.0,0.0,0.0,1.0,0.9999669063881722,0.0,0.2,1.0
1.0,0.0,0.0,0.0,1.0,0.0,0.0,0.0,1.0,0.9999730528226918,0.0,0.2,1.0
1.0,0.0,0.0,0.0,1.0,0.0,0.0,0.0,1.0,0.9999783918519842,0.0,0.2,1.0
1.0,0.0,0.0,0.0,1.0,0.0,0.0,0.0,1.0,0.9999829788429455,0.0,0.2,1.0
1.0,0.0,0.0,0.0,1.0,0.0,0.0,0.0,1.0,0.9999868695145144,0.0,0.2,1.0
1.0,0.0,0.0,0.0,1.0,0.0,0.0,0.0,1.0,0.9999901199383938,0.0,0.2,1.0
1.0,0.0,0.0,0.0,1.0,0.0,0.0,0.0,1.0,0.999992786539762,0.0,0.2,1.0
1.0,0.0,0.0,0.0,1.0,0.0,0.0,0.0,1.0,0.999994926098009,0.0,0.2,1.0
1.0,0.0,0.0,0.0,1.0,0.0,0.0,0.0,1.0,0.9999965957474579,0.0,0.2,1.0
1.0,0.0,0.0,0.0,1.0,0.0,0.0,0.0,1.0,0.9999978529780833,0.0,0.2,1.0
1.0,0.0,0.0,0.0,1.0,0.0,0.0,0.0,1.0,0.9999987556362369,0.0,0.2,1.0
1.0,0.0,0.0,0.0,1.0,0.0,0.0,0.0,1.0,0.9999993619253775,0.0,0.2,1.0
1.0,0.0,0.0,0.0,1.0,0.0,0.0,0.0,1.0,0.9999997304067838,0.0,0.2,1.0
1.0,0.0,0.0,0.0,1.0,0.0,0.0,0.0,1.0,0.9999999200002883,0.0,0.2,1.0
1.0,0.0,0.0,0.0,1.0,0.0,0.0,0.0,1.0,0.9999999899849943,0.0,0.2,1.0
1.0,0.0,0.0,0.0,1.0,0.0,0.0,0.0,1.0,1.0,0.0,0.2,1.0
1.0,0.0,0.0,0.0,1.0,0.0,0.0,0.0,1.0,1.0,0.0,0.1999989849420611,1.0
1.0,0.0,0.0,0.0,1.0,0.0,0.0,0.0,1.0,1.0,0.0,0.19999200294471978,1.0
1.0,0.0,0.0,0.0,1.0,0.0,0.0,0.0,1.0,1.0,0.0,0.19997342303423402,1.0
1.0,0.0,0.0,0.0,1.0,0.0,0.0,0.0,1.0,1.0,0.0,0.19993797386207543,1.0
1.0,0.0,0.0,0.0,1.0,0.0,0.0,0.0,1.0,1.0,0.0,0.19988073613387236,1.0
1.0,0.0,0.0,0.0,1.0,0.0,0.0,0.0,1.0,1.0,0.0,0.19979713503835264,1.0
1.0,0.0,0.0,0.0,1.0,0.0,0.0,0.0,1.0,1.0,0.0,0.19968293267628648,1.0
1.0,0.0,0.0,0.0,1.0,0.0,0.0,0.0,1.0,1.0,0.0,0.19953422048942934,1.0
1.0,0.0,0.0,0.0,1.0,0.0,0.0,0.0,1.0,1.0,0.0,0.19934741168946485,1.0
1.0,0.0,0.0,0.0,1.0,0.0,0.0,0.0,1.0,1.0,0.0,0.19911923368694756,1.0
1.0,0.0,0.0,0.0,1.0,0.0,0.0,0.0,1.0,1.0,0.0,0.1988467205202459,1.0
1.0,0.0,0.0,0.0,1.0,0.0,0.0,0.0,1.0,1.0,0.0,0.1985272052844851,1.0
1.0,0.0,0.0,0.0,1.0,0.0,0.0,0.0,1.0,1.0,0.0,0.19815831256048982,1.0
1.0,0.0,0.0,0.0,1.0,0.0,0.0,0.0,1.0,1.0,0.0,0.19773795084372733,1.0
1.0,0.0,0.0,0.0,1.0,0.0,0.0,0.0,1.0,1.0,0.0,0.19726430497325018,1.0
1.0,0.0,0.0,0.0,1.0,0.0,0.0,0.0,1.0,1.0,0.0,0.1967358285606391,1.0
1.0,0.0,0.0,0.0,1.0,0.0,0.0,0.0,1.0,1.0,0.0,0.19615123641894586,1.0
1.0,0.0,0.0,0.0,1.0,0.0,0.0,0.0,1.0,1.0,0.0,0.1955094969916362,1.0
1.0,0.0,0.0,0.0,1.0,0.0,0.0,0.0,1.0,1.0,0.0,0.19480982478153266,1.0
1.0,0.0,0.0,0.0,1.0,0.0,0.0,0.0,1.0,1.0,0.0,0.19405167277975746,1.0
1.0,0.0,0.0,0.0,1.0,0.0,0.0,0.0,1.0,1.0,0.0,0.19323472489467527,1.0
1.0,0.0,0.0,0.0,1.0,0.0,0.0,0.0,1.0,1.0,0.0,0.19235888838083626,1.0
1.0,0.0,0.0,0.0,1.0,0.0,0.0,0.0,1.0,1.0,0.0,0.19142428626791883,1.0
1.0,0.0,0.0,0.0,1.0,0.0,0.0,0.0,1.0,1.0,0.0,0.1904312497896725,1.0
1.0,0.0,0.0,0.0,1.0,0.0,0.0,0.0,1.0,1.0,0.0,0.1893803108128608,1.0
1.0,0.0,0.0,0.0,1.0,0.0,0.0,0.0,1.0,1.0,0.0,0.18827219426620417,1.0
1.0,0.0,0.0,0.0,1.0,0.0,0.0,0.0,1.0,1.0,0.0,0.18710781056932277,1.0
1.0,0.0,0.0,0.0,1.0,0.0,0.0,0.0,1.0,1.0,0.0,0.18588824806167933,1.0
1.0,0.0,0.0,0.0,1.0,0.0,0.0,0.0,1.0,1.0,0.0,0.1846147654315221,1.0
1.0,0.0,0.0,0.0,1.0,0.0,0.0,0.0,1.0,1.0,0.0,0.1832887841448277,1.0
1.0,0.0,0.0,0.0,1.0,0.0,0.0,0.0,1.0,1.0,0.0,0.18191188087424384,1.0
1.0,0.0,0.0,0.0,1.0,0.0,0.0,0.0,1.0,1.0,0.0,0.18048577992803247,1.0
1.0,0.0,0.0,0.0,1.0,0.0,0.0,0.0,1.0,1.0,0.0,0.17901234567901236,1.0
1.0,0.0,0.0,0.0,1.0,0.0,0.0,0.0,1.0,1.0,0.0,0.17749357499350216,1.0
1.0,0.0,0.0,0.0,1.0,0.0,0.0,0.0,1.0,1.0,0.0,0.17593158966026318,1.0
1.0,0.0,0.0,0.0,1.0,0.0,0.0,0.0,1.0,1.0,0.0,0.17432862881944228,1.0
1.0,0.0,0.0,0.0,1.0,0.0,0.0,0.0,1.0,1.0,0.0,0.17268704139151478,1.0
1.0,0.0,0.0,0.0,1.0,0.0,0.0,0.0,1.0,1.0,0.0,0.1710092785062272,1.0
1.0,0.0,0.0,0.0,1.0,0.0,0.0,0.0,1.0,1.0,0.0,0.16929788593154027,1.0
1.0,0.0,0.0,0.0,1.0,0.0,0.0,0.0,1.0,1.0,0.0,0.16755549650257176,1.0
1.0,0.0,0.0,0.0,1.0,0.0,0.0,0.0,1.0,1.0,0.0,0.16578482255053928,1.0
1.0,0.0,0.0,0.0,1.0,0.0,0.0,0.0,1.0,1.0,0.0,0.16398864833170324,1.0
1.0,0.0,0.0,0.0,1.0,0.0,0.0,0.0,1.0,1.0,0.0,0.1621698224563096,1.0
1.0,0.0,0.0,0.0,1.0,0.0,0.0,0.0,1.0,1.0,0.0,0.1603312503175329,1.0
1.0,0.0,0.0,0.0,1.0,0.0,0.0,0.0,1.0,1.0,0.0,0.158475886520419,1.0
1.0,0.0,0.0,0.0,1.0,0.0,0.0,0.0,1.0,1.0,0.0,0.15660672731082798,1.0
1.0,0.0,0.0,0.0,1.0,0.0,0.0,0.0,1.0,1.0,0.0,0.15472680300437705,1.0
1.0,0.0,0.0,0.0,1.0,0.0,0.0,0.0,1.0,1.0,0.0,0.15283917041538334,1.0
1.0,0.0,0.0,0.0,1.0,0.0,0.0,0.0,1.0,1.0,0.0,0.15094690528580681,1.0
1.0,0.0,0.0,0.0,1.0,0.0,0.0,0.0,1.0,1.0,0.0,0.1490530947141932,1.0
1.0,0.0,0.0,0.0,1.0,0.0,0.0,0.0,1.0,1.0,0.0,0.14716082958461665,1.0
1.0,0.0,0.0,0.0,1.0,0.0,0.0,0.0,1.0,1.0,0.0,0.14527319699562297,1.0
1.0,0.0,0.0,0.0,1.0,0.0,0.0,0.0,1.0,1.0,0.0,0.143393272689172,1.0
1.0,0.0,0.0,0.0,1.0,0.0,0.0,0.0,1.0,1.0,0.0,0.141524113479581,1.0
1.0,0.0,0.0,0.0,1.0,0.0,0.0,0.0,1.0,1.0,0.0,0.1396687496824671,1.0
1.0,0.0,0.0,0.0,1.0,0.0,0.0,0.0,1.0,1.0,0.0,0.13783017754369042,1.0
1.0,0.0,0.0,0.0,1.0,0.0,0.0,0.0,1.0,1.0,0.0,0.13601135166829675,1.0
1.0,0.0,0.0,0.0,1.0,0.0,0.0,0.0,1.0,1.0,0.0,0.13421517744946074,1.0
1.0,0.0,0.0,0.0,1.0,0.0,0.0,0.0,1.0,1.0,0.0,0.13244450349742823,1.0
1.0,0.0,0.0,0.0,1.0,0.0,0.0,0.0,1.0,1.0,0.0,0.13070211406845972,1.0
1.0,0.0,0.0,0.0,1.0,0.0,0.0,0.0,1.0,1.0,0.0,0.12899072149377283,1.0
1.0,0.0,0.0,0.0,1.0,0.0,0.0,0.0,1.0,1.0,0.0,0.12731295860848524,1.0
1.0,0.0,0.0,0.0,1.0,0.0,0.0,0.0,1.0,1.0,0.0,0.1256713711805577,1.0
1.0,0.0,0.0,0.0,1.0,0.0,0.0,0.0,1.0,1.0,0.0,0.12406841033973684,1.0
1.0,0.0,0.0,0.0,1.0,0.0,0.0,0.0,1.0,1.0,0.0,0.12250642500649789,1.0
1.0,0.0,0.0,0.0,1.0,0.0,0.0,0.0,1.0,1.0,0.0,0.12098765432098771,1.0
1.0,0.0,0.0,0.0,1.0,0.0,0.0,0.0,1.0,1.0,0.0,0.1195142200719676,1.0
1.0,0.0,0.0,0.0,1.0,0.0,0.0,0.0,1.0,1.0,0.0,0.11808811912575617,1.0
1.0,0.0,0.0,0.0,1.0,0.0,0.0,0.0,1.0,1.0,0.0,0.11671121585517232,1.0
1.0,0.0,0.0,0.0,1.0,0.0,0.0,0.0,1.0,1.0,0.0,0.11538523456847792,1.0
1.0,0.0,0.0,0.0,1.0,0.0,0.0,0.0,1.0,1.0,0.0,0.11411175193832064,1.0
1.0,0.0,0.0,0.0,1.0,0.0,0.0,0.0,1.0,1.0,0.0,0.11289218943067719,1.0
1.0,0.0,0.0,0.0,1.0,0.0,0.0,0.0,1.0,1.0,0.0,0.11172780573379582,1.0
1.0,0.0,0.0,0.0,1.0,0.0,0.0,0.0,1.0,1.0,0.0,0.11061968918713921,1.0
1.0,0.0,0.0,0.0,1.0,0.0,0.0,0.0,1.0,1.0,0.0,0.10956875021032747,1.0
1.0,0.0,0.0,0.0,1.0,0.0,0.0,0.0,1.0,1.0,0.0,0.10857571373208115,1.0
1.0,0.0,0.0,0.0,1.0,0.0,0.0,0.0,1.0,1.0,0.0,0.10764111161916375,1.0
1.0,0.0,0.0,0.0,1.0,0.0,0.0,0.0,1.0,1.0,0.0,0.10676527510532477,1.0
1.0,0.0,0.0,0.0,1.0,0.0,0.0,0.0,1.0,1.0,0.0,0.10594832722024253,1.0
1.0,0.0,0.0,0.0,1.0,0.0,0.0,0.0,1.0,1.0,0.0,0.10519017521846732,1.0
1.0,0.0,0.0,0.0,1.0,0.0,0.0,0.0,1.0,1.0,0.0,0.10449050300836378,1.0
1.0,0.0,0.0,0.0,1.0,0.0,0.0,0.0,1.0,1.0,0.0,0.10384876358105428,1.0
1.0,0.0,0.0,0.0,1.0,0.0,0.0,0.0,1.0,1.0,0.0,0.10326417143936091,1.0
1.0,0.0,0.0,0.0,1.0,0.0,0.0,0.0,1.0,1.0,0.0,0.10273569502674991,1.0
1.0,0.0,0.0,0.0,1.0,0.0,0.0,0.0,1.0,1.0,0.0,0.10226204915627274,1.0
1.0,0.0,0.0,0.0,1.0,0.0,0.0,0.0,1.0,1.0,0.0,0.10184168743951015,1.0
1.0,0.0,0.0,0.0,1.0,0.0,0.0,0.0,1.0,1.0,0.0,0.10147279471551492,1.0
1.0,0.0,0.0,0.0,1.0,0.0,0.0,0.0,1.0,1.0,0.0,0.10115327947975411,1.0
1.0,0.0,0.0,0.0,1.0,0.0,0.0,0.0,1.0,1.0,0.0,0.10088076631305248,1.0
1.0,0.0,0.0,0.0,1.0,0.0,0.0,0.0,1.0,1.0,0.0,0.10065258831053524,1.0
1.0,0.0,0.0,0.0,1.0,0.0,0.0,0.0,1.0,1.0,0.0,0.10046577951057066,1.0
1.0,0.0,0.0,0.0,1.0,0.0,0.0,0.0,1.0,1.0,0.0,0.10031706732371354,1.0
1.0,0.0,0.0,0.0,1.0,0.0,0.0,0.0,1.0,1.0,0.0,0.10020286496164738,1.0
1.0,0.0,0.0,0.0,1.0,0.0,0.0,0.0,1.0,1.0,0.0,0.10011926386612782,1.0
1.0,0.0,0.0,0.0,1.0,0.0,0.0,0.0,1.0,1.0,0.0,0.10006202613792459,1.0
1.0,0.0,0.0,0.0,1.0,0.0,0.0,0.0,1.0,1.0,0.0,0.10002657696576583,1.0
1.0,0.0,0.0,0.0,1.0,0.0,0.0,0.0,1.0,1.0,0.0,0.1000079970552803,1.0
1.0,0.0,0.0,0.0,1.0,0.0,0.0,0.0,1.0,1.0,0.0,0.10000101505793878,1.0
1.0,0.0,0.0,0.0,1.0,0.0,0.0,0.0,1.0,1.0,0.0,0.1,1.0
1.0,0.0,0.0,0.0,1.0,0.0,0.0,0.0,1.0,1.0,0.0,0.1,0.0
1.0,0.0,0.0,0.0,1.0,0.0,0.0,0.0,1.0,1.0,0.0,0.1,0.0
1.0,0.0,0.0,0.0,1.0,0.0,0.0,0.0,1.0,1.0,0.0,0.1,0.0
1.0,0.0,0.0,0.0,1.0,0.0,0.0,0.0,1.0,1.0,0.0,0.1,0.0
1.0,0.0,0.0,0.0,1.0,0.0,0.0,0.0,1.0,1.0,0.0,0.1,0.0
1.0,0.0,0.0,0.0,1.0,0.0,0.0,0.0,1.0,1.0,0.0,0.1,0.0
1.0,0.0,0.0,0.0,1.0,0.0,0.0,0.0,1.0,1.0,0.0,0.1,0.0
1.0,0.0,0.0,0.0,1.0,0.0,0.0,0.0,1.0,1.0,0.0,0.1,0.0
1.0,0.0,0.0,0.0,1.0,0.0,0.0,0.0,1.0,1.0,0.0,0.1,0.0
1.0,0.0,0.0,0.0,1.0,0.0,0.0,0.0,1.0,1.0,0.0,0.1,0.0
1.0,0.0,0.0,0.0,1.0,0.0,0.0,0.0,1.0,1.0,0.0,0.1,0.0
1.0,0.0,0.0,0.0,1.0,0.0,0.0,0.0,1.0,1.0,0.0,0.1,0.0
1.0,0.0,0.0,0.0,1.0,0.0,0.0,0.0,1.0,1.0,0.0,0.1,0.0
1.0,0.0,0.0,0.0,1.0,0.0,0.0,0.0,1.0,1.0,0.0,0.1,0.0
1.0,0.0,0.0,0.0,1.0,0.0,0.0,0.0,1.0,1.0,0.0,0.1,0.0
1.0,0.0,0.0,0.0,1.0,0.0,0.0,0.0,1.0,1.0,0.0,0.1,0.0
1.0,0.0,0.0,0.0,1.0,0.0,0.0,0.0,1.0,1.0,0.0,0.1,0.0
1.0,0.0,0.0,0.0,1.0,0.0,0.0,0.0,1.0,1.0,0.0,0.1,0.0
1.0,0.0,0.0,0.0,1.0,0.0,0.0,0.0,1.0,1.0,0.0,0.1,0.0
1.0,0.0,0.0,0.0,1.0,0.0,0.0,0.0,1.0,1.0,0.0,0.1,0.0
1.0,0.0,0.0,0.0,1.0,0.0,0.0,0.0,1.0,1.0,0.0,0.1,0.0
1.0,0.0,0.0,0.0,1.0,0.0,0.0,0.0,1.0,1.0,0.0,0.1,0.0
1.0,0.0,0.0,0.0,1.0,0.0,0.0,0.0,1.0,1.0,0.0,0.1,0.0
1.0,0.0,0.0,0.0,1.0,0.0,0.0,0.0,1.0,1.0,0.0,0.1,0.0
1.0,0.0,0.0,0.0,1.0,0.0,0.0,0.0,1.0,1.0,0.0,0.1,0.0
1.0,0.0,0.0,0.0,1.0,0.0,0.0,0.0,1.0,1.0,0.0,0.1,0.0
1.0,0.0,0.0,0.0,1.0,0.0,0.0,0.0,1.0,1.0,0.0,0.1,0.0
1.0,0.0,0.0,0.0,1.0,0.0,0.0,0.0,1.0,1.0,0.0,0.1,0.0
1.0,0.0,0.0,0.0,1.0,0.0,0.0,0.0,1.0,1.0,0.0,0.1,0.0
1.0,0.0,0.0,0.0,1.0,0.0,0.0,0.0,1.0,1.0,0.0,0.1,0.0
1.0,0.0,0.0,0.0,1.0,0.0,0.0,0.0,1.0,1.0,0.0,0.1,0.0
1.0,0.0,0.0,0.0,1.0,0.0,0.0,0.0,1.0,1.0,0.0,0.1,0.0
1.0,0.0,0.0,0.0,1.0,0.0,0.0,0.0,1.0,1.0,0.0,0.1,0.0
1.0,0.0,0.0,0.0,1.0,0.0,0.0,0.0,1.0,1.0,0.0,0.1,0.0
1.0,0.0,0.0,0.0,1.0,0.0,0.0,0.0,1.0,1.0,0.0,0.1,0.0
1.0,0.0,0.0,0.0,1.0,0.0,0.0,0.0,1.0,1.0,0.0,0.1,0.0
1.0,0.0,0.0,0.0,1.0,0.0,0.0,0.0,1.0,1.0,0.0,0.1,0.0
1.0,0.0,0.0,0.0,1.0,0.0,0.0,0.0,1.0,1.0,0.0,0.1,0.0
1.0,0.0,0.0,0.0,1.0,0.0,0.0,0.0,1.0,1.0,0.0,0.1,0.0
1.0,0.0,0.0,0.0,1.0,0.0,0.0,0.0,1.0,1.0,0.0,0.1,0.0
1.0,0.0,0.0,0.0,1.0,0.0,0.0,0.0,1.0,1.0,0.0,0.1,0.0
1.0,0.0,0.0,0.0,1.0,0.0,0.0,0.0,1.0,1.0,0.0,0.1,0.0
1.0,0.0,0.0,0.0,1.0,0.0,0.0,0.0,1.0,1.0,0.0,0.1,0.0
1.0,0.0,0.0,0.0,1.0,0.0,0.0,0.0,1.0,1.0,0.0,0.1,0.0
1.0,0.0,0.0,0.0,1.0,0.0,0.0,0.0,1.0,1.0,0.0,0.1,0.0
1.0,0.0,0.0,0.0,1.0,0.0,0.0,0.0,1.0,1.0,0.0,0.1,0.0
1.0,0.0,0.0,0.0,1.0,0.0,0.0,0.0,1.0,1.0,0.0,0.1,0.0
1.0,0.0,0.0,0.0,1.0,0.0,0.0,0.0,1.0,1.0,0.0,0.1,0.0
1.0,0.0,0.0,0.0,1.0,0.0,0.0,0.0,1.0,1.0,0.0,0.1,0.0
1.0,0.0,0.0,0.0,1.0,0.0,0.0,0.0,1.0,1.0,0.0,0.1,0.0
1.0,0.0,0.0,0.0,1.0,0.0,0.0,0.0,1.0,1.0,0.0,0.1,0.0
1.0,0.0,0.0,0.0,1.0,0.0,0.0,0.0,1.0,1.0,0.0,0.1,0.0
1.0,0.0,0.0,0.0,1.0,0.0,0.0,0.0,1.0,1.0,0.0,0.1,0.0
1.0,0.0,0.0,0.0,1.0,0.0,0.0,0.0,1.0,1.0,0.0,0.1,0.0
1.0,0.0,0.0,0.0,1.0,0.0,0.0,0.0,1.0,1.0,0.0,0.1,0.0
1.0,0.0,0.0,0.0,1.0,0.0,0.0,0.0,1.0,1.0,0.0,0.1,0.0
1.0,0.0,0.0,0.0,1.0,0.0,0.0,0.0,1.0,1.0,0.0,0.1,0.0
1.0,0.0,0.0,0.0,1.0,0.0,0.0,0.0,1.0,1.0,0.0,0.1,0.0
1.0,0.0,0.0,0.0,1.0,0.0,0.0,0.0,1.0,1.0,0.0,0.1,0.0
1.0,0.0,0.0,0.0,1.0,0.0,0.0,0.0,1.0,1.0,0.0,0.1,0.0
1.0,0.0,0.0,0.0,1.0,0.0,0.0,0.0,1.0,1.0,0.0,0.1,0.0
1.0,0.0,0.0,0.0,1.0,0.0,0.0,0.0,1.0,1.0,0.0,0.1,0.0
1.0,0.0,0.0,0.0,1.0,0.0,0.0,0.0,1.0,1.0,0.0,0.1,0.0
1.0,0.0,0.0,0.0,1.0,0.0,0.0,0.0,1.0,1.0,0.0,0.1,0.0
1.0,0.0,0.0,0.0,1.0,0.0,0.0,0.0,1.0,1.0,0.0,0.1,0.0
1.0,0.0,0.0,0.0,1.0,0.0,0.0,0.0,1.0,1.0,0.0,0.1,0.0
1.0,0.0,0.0,0.0,1.0,0.0,0.0,0.0,1.0,1.0,0.0,0.1,0.0
1.0,0.0,0.0,0.0,1.0,0.0,0.0,0.0,1.0,1.0,0.0,0.1,0.0
1.0,0.0,0.0,0.0,1.0,0.0,0.0,0.0,1.0,1.0,0.0,0.1,0.0
1.0,0.0,0.0,0.0,1.0,0.0,0.0,0.0,1.0,1.0,0.0,0.1,0.0
1.0,0.0,0.0,0.0,1.0,0.0,0.0,0.0,1.0,1.0,0.0,0.1,0.0
1.0,0.0,0.0,0.0,1.0,0.0,0.0,0.0,1.0,1.0,0.0,0.1,0.0
1.0,0.0,0.0,0.0,1.0,0.0,0.0,0.0,1.0,1.0,0.0,0.1,0.0
1.0,0.0,0.0,0.0,1.0,0.0,0.0,0.0,1.0,1.0,0.0,0.1,0.0
1.0,0.0,0.0,0.0,1.0,0.0,0.0,0.0,1.0,1.0,0.0,0.1,0.0
1.0,0.0,0.0,0.0,1.0,0.0,0.0,0.0,1.0,1.0,0.0,0.1,0.0
1.0,0.0,0.0,0.0,1.0,0.0,0.0,0.0,1.0,1.0,0.0,0.1,0.0
1.0,0.0,0.0,0.0,1.0,0.0,0.0,0.0,1.0,1.0,0.0,0.1,0.0
1.0,0.0,0.0,0.0,1.0,0.0,0.0,0.0,1.0,1.0,0.0,0.1,0.0
1.0,0.0,0.0,0.0,1.0,0.0,0.0,0.0,1.0,1.0,0.0,0.1,0.0
1.0,0.0,0.0,0.0,1.0,0.0,0.0,0.0,1.0,1.0,0.0,0.1,0.0
1.0,0.0,0.0,0.0,1.0,0.0,0.0,0.0,1.0,1.0,0.0,0.1,0.0
1.0,0.0,0.0,0.0,1.0,0.0,0.0,0.0,1.0,1.0,0.0,0.1,0.0
1.0,0.0,0.0,0.0,1.0,0.0,0.0,0.0,1.0,1.0,0.0,0.1,0.0
1.0,0.0,0.0,0.0,1.0,0.0,0.0,0.0,1.0,1.0,0.0,0.1,0.0
1.0,0.0,0.0,0.0,1.0,0.0,0.0,0.0,1.0,1.0,0.0,0.1,0.0
1.0,0.0,0.0,0.0,1.0,0.0,0.0,0.0,1.0,1.0,0.0,0.1,0.0
1.0,0.0,0.0,0.0,1.0,0.0,0.0,0.0,1.0,1.0,0.0,0.1,0.0
1.0,0.0,0.0,0.0,1.0,0.0,0.0,0.0,1.0,1.0,0.0,0.1,0.0
1.0,0.0,0.0,0.0,1.0,0.0,0.0,0.0,1.0,1.0,0.0,0.1,0.0
1.0,0.0,0.0,0.0,1.0,0.0,0.0,0.0,1.0,1.0,0.0,0.1,0.0
1.0,0.0,0.0,0.0,1.0,0.0,0.0,0.0,1.0,1.0,0.0,0.1,0.0
1.0,0.0,0.0,0.0,1.0,0.0,0.0,0.0,1.0,1.0,0.0,0.1,0.0
1.0,0.0,0.0,0.0,1.0,0.0,0.0,0.0,1.0,1.0,0.0,0.1,0.0
1.0,0.0,0.0,0.0,1.0,0.0,0.0,0.0,1.0,1.0,0.0,0.1,0.0
1.0,0.0,0.0,0.0,1.0,0.0,0.0,0.0,1.0,1.0,0.0,0.1,0.0
1.0,0.0,0.0,0.0,1.0,0.0,0.0,0.0,1.0,1.0,0.0,0.1,0.0
1.0,0.0,0.0,0.0,1.0,0.0,0.0,0.0,1.0,1.0,0.0,0.1,0.0
1.0,0.0,0.0,0.0,1.0,0.0,0.0,0.0,1.0,1.0,0.0,0.1,0.0
1.0,0.0,0.0,0.0,1.0,0.0,0.0,0.0,1.0,1.0,0.0,0.1,0.0
1.0,0.0,0.0,0.0,1.0,0.0,0.0,0.0,1.0,1.0,0.0,0.1,0.0
1.0,0.0,0.0,0.0,1.0,0.0,0.0,0.0,1.0,1.0,0.0,0.1,0.0
1.0,0.0,0.0,0.0,1.0,0.0,0.0,0.0,1.0,1.0,0.0,0.1,0.0
1.0,0.0,0.0,0.0,1.0,0.0,0.0,0.0,1.0,1.0,0.0,0.1,0.0
1.0,0.0,0.0,0.0,1.0,0.0,0.0,0.0,1.0,1.0,0.0,0.1,0.0
1.0,0.0,0.0,0.0,1.0,0.0,0.0,0.0,1.0,1.0,0.0,0.1,0.0
1.0,0.0,0.0,0.0,1.0,0.0,0.0,0.0,1.0,1.0,0.0,0.1,0.0
1.0,0.0,0.0,0.0,1.0,0.0,0.0,0.0,1.0,1.0,0.0,0.1,0.0
1.0,0.0,0.0,0.0,1.0,0.0,0.0,0.0,1.0,1.0,0.0,0.1,0.0
1.0,0.0,0.0,0.0,1.0,0.0,0.0,0.0,1.0,1.0,0.0,0.1,0.0
1.0,0.0,0.0,0.0,1.0,0.0,0.0,0.0,1.0,1.0,0.0,0.1,0.0
1.0,0.0,0.0,0.0,1.0,0.0,0.0,0.0,1.0,1.0,0.0,0.1,0.0
1.0,0.0,0.0,0.0,1.0,0.0,0.0,0.0,1.0,1.0,0.0,0.1,0.0
1.0,0.0,0.0,0.0,1.0,0.0,0.0,0.0,1.0,1.0,0.0,0.1,0.0
1.0,0.0,0.0,0.0,1.0,0.0,0.0,0.0,1.0,1.0,0.0,0.1,0.0
1.0,0.0,0.0,0.0,1.0,0.0,0.0,0.0,1.0,1.0,0.0,0.1,0.0
1.0,0.0,0.0,0.0,1.0,0.0,0.0,0.0,1.0,1.0,0.0,0.1,0.0
1.0,0.0,0.0,0.0,1.0,0.0,0.0,0.0,1.0,1.0,0.0,0.1,0.0
1.0,0.0,0.0,0.0,1.0,0.0,0.0,0.0,1.0,1.0,0.0,0.1,0.0
1.0,0.0,0.0,0.0,1.0,0.0,0.0,0.0,1.0,1.0,0.0,0.1,0.0
1.0,0.0,0.0,0.0,1.0,0.0,0.0,0.0,1.0,1.0,0.0,0.1,0.0
1.0,0.0,0.0,0.0,1.0,0.0,0.0,0.0,1.0,1.0,0.0,0.1,0.0
1.0,0.0,0.0,0.0,1.0,0.0,0.0,0.0,1.0,1.0,0.0,0.1,0.0
1.0,0.0,0.0,0.0,1.0,0.0,0.0,0.0,1.0,1.0,0.0,0.1,0.0
1.0,0.0,0.0,0.0,1.0,0.0,0.0,0.0,1.0,1.0,0.0,0.1,0.0
1.0,0.0,0.0,0.0,1.0,0.0,0.0,0.0,1.0,1.0,0.0,0.1,0.0
1.0,0.0,0.0,0.0,1.0,0.0,0.0,0.0,1.0,1.0,0.0,0.1,0.0
1.0,0.0,0.0,0.0,1.0,0.0,0.0,0.0,1.0,1.0,0.0,0.1,0.0
1.0,0.0,0.0,0.0,1.0,0.0,0.0,0.0,1.0,1.0,0.0,0.1,0.0
1.0,0.0,0.0,0.0,1.0,0.0,0.0,0.0,1.0,1.0,0.0,0.1,0.0
1.0,0.0,0.0,0.0,1.0,0.0,0.0,0.0,1.0,1.0,0.0,0.1,0.0
1.0,0.0,0.0,0.0,1.0,0.0,0.0,0.0,1.0,1.0,0.0,0.1,0.0
1.0,0.0,0.0,0.0,1.0,0.0,0.0,0.0,1.0,1.0,0.0,0.1,0.0
1.0,0.0,0.0,0.0,1.0,0.0,0.0,0.0,1.0,1.0,0.0,0.1,0.0
1.0,0.0,0.0,0.0,1.0,0.0,0.0,0.0,1.0,1.0,0.0,0.1,0.0
1.0,0.0,0.0,0.0,1.0,0.0,0.0,0.0,1.0,1.0,0.0,0.1,0.0
1.0,0.0,0.0,0.0,1.0,0.0,0.0,0.0,1.0,1.0,0.0,0.1,0.0
1.0,0.0,0.0,0.0,1.0,0.0,0.0,0.0,1.0,1.0,0.0,0.1,0.0
1.0,0.0,0.0,0.0,1.0,0.0,0.0,0.0,1.0,1.0,0.0,0.1,0.0
1.0,0.0,0.0,0.0,1.0,0.0,0.0,0.0,1.0,1.0,0.0,0.1,0.0
1.0,0.0,0.0,0.0,1.0,0.0,0.0,0.0,1.0,1.0,0.0,0.1,0.0
1.0,0.0,0.0,0.0,1.0,0.0,0.0,0.0,1.0,1.0,0.0,0.1,0.0
1.0,0.0,0.0,0.0,1.0,0.0,0.0,0.0,1.0,1.0,0.0,0.1,0.0
1.0,0.0,0.0,0.0,1.0,0.0,0.0,0.0,1.0,1.0,0.0,0.1,0.0
1.0,0.0,0.0,0.0,1.0,0.0,0.0,0.0,1.0,1.0,0.0,0.1,0.0
1.0,0.0,0.0,0.0,1.0,0.0,0.0,0.0,1.0,1.0,0.0,0.1,0.0
1.0,0.0,0.0,0.0,1.0,0.0,0.0,0.0,1.0,1.0,0.0,0.1,0.0
1.0,0.0,0.0,0.0,1.0,0.0,0.0,0.0,1.0,1.0,0.0,0.1,0.0
1.0,0.0,0.0,0.0,1.0,0.0,0.0,0.0,1.0,1.0,0.0,0.1,0.0
1.0,0.0,0.0,0.0,1.0,0.0,0.0,0.0,1.0,1.0,0.0,0.1,0.0
1.0,0.0,0.0,0.0,1.0,0.0,0.0,0.0,1.0,1.0,0.0,0.1,0.0
1.0,0.0,0.0,0.0,1.0,0.0,0.0,0.0,1.0,1.0,0.0,0.1,0.0
1.0,0.0,0.0,0.0,1.0,0.0,0.0,0.0,1.0,1.0,0.0,0.1,0.0
1.0,0.0,0.0,0.0,1.0,0.0,0.0,0.0,1.0,1.0,0.0,0.1,0.0
1.0,0.0,0.0,0.0,1.0,0.0,0.0,0.0,1.0,1.0,0.0,0.1,0.0
1.0,0.0,0.0,0.0,1.0,0.0,0.0,0.0,1.0,1.0,0.0,0.1,0.0
1.0,0.0,0.0,0.0,1.0,0.0,0.0,0.0,1.0,1.0,0.0,0.1,0.0
1.0,0.0,0.0,0.0,1.0,0.0,0.0,0.0,1.0,1.0,0.0,0.1,0.0
1.0,0.0,0.0,0.0,1.0,0.0,0.0,0.0,1.0,1.0,0.0,0.1,0.0
1.0,0.0,0.0,0.0,1.0,0.0,0.0,0.0,1.0,1.0,0.0,0.1,0.0
1.0,0.0,0.0,0.0,1.0,0.0,0.0,0.0,1.0,1.0,0.0,0.1,0.0
1.0,0.0,0.0,0.0,1.0,0.0,0.0,0.0,1.0,1.0,0.0,0.1,0.0
1.0,0.0,0.0,0.0,1.0,0.0,0.0,0.0,1.0,1.0,0.0,0.1,0.0
1.0,0.0,0.0,0.0,1.0,0.0,0.0,0.0,1.0,1.0,0.0,0.1,0.0
1.0,0.0,0.0,0.0,1.0,0.0,0.0,0.0,1.0,1.0,0.0,0.1,0.0
1.0,0.0,0.0,0.0,1.0,0.0,0.0,0.0,1.0,1.0,0.0,0.1,0.0
1.0,0.0,0.0,0.0,1.0,0.0,0.0,0.0,1.0,1.0,0.0,0.1,0.0
1.0,0.0,0.0,0.0,1.0,0.0,0.0,0.0,1.0,1.0,0.0,0.1,0.0
1.0,0.0,0.0,0.0,1.0,0.0,0.0,0.0,1.0,1.0,0.0,0.1,0.0
1.0,0.0,0.0,0.0,1.0,0.0,0.0,0.0,1.0,1.0,0.0,0.1,0.0
1.0,0.0,0.0,0.0,1.0,0.0,0.0,0.0,1.0,1.0,0.0,0.1,0.0
1.0,0.0,0.0,0.0,1.0,0.0,0.0,0.0,1.0,1.0,0.0,0.1,0.0
1.0,0.0,0.0,0.0,1.0,0.0,0.0,0.0,1.0,1.0,0.0,0.1,0.0
1.0,0.0,0.0,0.0,1.0,0.0,0.0,0.0,1.0,1.0,0.0,0.1,0.0
1.0,0.0,0.0,0.0,1.0,0.0,0.0,0.0,1.0,1.0,0.0,0.1,0.0
1.0,0.0,0.0,0.0,1.0,0.0,0.0,0.0,1.0,1.0,0.0,0.1,0.0
1.0,0.0,0.0,0.0,1.0,0.0,0.0,0.0,1.0,1.0,0.0,0.1,0.0
1.0,0.0,0.0,0.0,1.0,0.0,0.0,0.0,1.0,1.0,0.0,0.1,0.0
1.0,0.0,0.0,0.0,1.0,0.0,0.0,0.0,1.0,1.0,0.0,0.1,0.0
1.0,0.0,0.0,0.0,1.0,0.0,0.0,0.0,1.0,1.0,0.0,0.1,0.0
1.0,0.0,0.0,0.0,1.0,0.0,0.0,0.0,1.0,1.0,0.0,0.1,0.0
1.0,0.0,0.0,0.0,1.0,0.0,0.0,0.0,1.0,1.0,0.0,0.1,0.0
1.0,0.0,0.0,0.0,1.0,0.0,0.0,0.0,1.0,1.0,0.0,0.1,0.0
1.0,0.0,0.0,0.0,1.0,0.0,0.0,0.0,1.0,1.0,0.0,0.1,0.0
1.0,0.0,0.0,0.0,1.0,0.0,0.0,0.0,1.0,1.0,0.0,0.1,0.0
1.0,0.0,0.0,0.0,1.0,0.0,0.0,0.0,1.0,1.0,0.0,0.1,0.0
1.0,0.0,0.0,0.0,1.0,0.0,0.0,0.0,1.0,1.0,0.0,0.1,0.0
1.0,0.0,0.0,0.0,1.0,0.0,0.0,0.0,1.0,1.0,0.0,0.1,0.0
1.0,0.0,0.0,0.0,1.0,0.0,0.0,0.0,1.0,1.0,0.0,0.1,0.0
1.0,0.0,0.0,0.0,1.0,0.0,0.0,0.0,1.0,1.0,0.0,0.1,0.0
1.0,0.0,0.0,0.0,1.0,0.0,0.0,0.0,1.0,1.0,0.0,0.1,0.0
1.0,0.0,0.0,0.0,1.0,0.0,0.0,0.0,1.0,1.0,0.0,0.1,0.0
1.0,0.0,0.0,0.0,1.0,0.0,0.0,0.0,1.0,1.0,0.0,0.1,0.0
1.0,0.0,0.0,0.0,1.0,0.0,0.0,0.0,1.0,1.0,0.0,0.1,0.0
1.0,0.0,0.0,0.0,1.0,0.0,0.0,0.0,1.0,1.0,0.0,0.1,0.0
1.0,0.0,0.0,0.0,1.0,0.0,0.0,0.0,1.0,1.0,0.0,0.1,0.0
1.0,0.0,0.0,0.0,1.0,0.0,0.0,0.0,1.0,1.0,0.0,0.1,0.0
1.0,0.0,0.0,0.0,1.0,0.0,0.0,0.0,1.0,1.0,0.0,0.1,0.0
1.0,0.0,0.0,0.0,1.0,0.0,0.0,0.0,1.0,1.0,0.0,0.1,0.0
1.0,0.0,0.0,0.0,1.0,0.0,0.0,0.0,1.0,1.0,0.0,0.10000101505793894,0.0
1.0,0.0,0.0,0.0,1.0,0.0,0.0,0.0,1.0,1.0,0.0,0.10000799705528024,0.0
1.0,0.0,0.0,0.0,1.0,0.0,0.0,0.0,1.0,1.0,0.0,0.100026576965766,0.0
1.0,0.0,0.0,0.0,1.0,0.0,0.0,0.0,1.0,1.0,0.0,0.10006202613792459,0.0
1.0,0.0,0.0,0.0,1.0,0.0,0.0,0.0,1.0,1.0,0.0,0.10011926386612766,0.0
1.0,0.0,0.0,0.0,1.0,0.0,0.0,0.0,1.0,1.0,0.0,0.10020286496164738,0.0
1.0,0.0,0.0,0.0,1.0,0.0,0.0,0.0,1.0,1.0,0.0,0.10031706732371355,0.0
1.0,0.0,0.0,0.0,1.0,0.0,0.0,0.0,1.0,1.0,0.0,0.10046577951057067,0.0
1.0,0.0,0.0,0.0,1.0,0.0,0.0,0.0,1.0,1.0,0.0,0.10065258831053518,0.0
1.0,0.0,0.0,0.0,1.0,0.0,0.0,0.0,1.0,1.0,0.0,0.10088076631305247,0.0
1.0,0.0,0.0,0.0,1.0,0.0,0.0,0.0,1.0,1.0,0.0,0.10115327947975411,0.0
1.0,0.0,0.0,0.0,1.0,0.0,0.0,0.0,1.0,1.0,0.0,0.10147279471551493,0.0
1.0,0.0,0.0,0.0,1.0,0.0,0.0,0.0,1.0,1.0,0.0,0.10184168743951019,0.0
1.0,0.0,0.0,0.0,1.0,0.0,0.0,0.0,1.0,1.0,0.0,0.10226204915627268,0.0
1.0,0.0,0.0,0.0,1.0,0.0,0.0,0.0,1.0,1.0,0.0,0.10273569502674984,0.0
1.0,0.0,0.0,0.0,1.0,0.0,0.0,0.0,1.0,1.0,0.0,0.10326417143936092,0.0
1.0,0.0,0.0,0.0,1.0,0.0,0.0,0.0,1.0,1.0,0.0,0.10384876358105417,0.0
1.0,0.0,0.0,0.0,1.0,0.0,0.0,0.0,1.0,1.0,0.0,0.10449050300836382,0.0
1.0,0.0,0.0,0.0,1.0,0.0,0.0,0.0,1.0,1.0,0.0,0.10519017521846735,0.0
1.0,0.0,0.0,0.0,1.0,0.0,0.0,0.0,1.0,1.0,0.0,0.10594832722024257,0.0
1.0,0.0,0.0,0.0,1.0,0.0,0.0,0.0,1.0,1.0,0.0,0.10676527510532474,0.0
1.0,0.0,0.0,0.0,1.0,0.0,0.0,0.0,1.0,1.0,0.0,0.10764111161916375,0.0
1.0,0.0,0.0,0.0,1.0,0.0,0.0,0.0,1.0,1.0,0.0,0.10857571373208119,0.0
1.0,0.0,0.0,0.0,1.0,0.0,0.0,0.0,1.0,1.0,0.0,0.10956875021032753,0.0
1.0,0.0,0.0,0.0,1.0,0.0,0.0,0.0,1.0,1.0,0.0,0.11061968918713921,0.0
1.0,0.0,0.0,0.0,1.0,0.0,0.0,0.0,1.0,1.0,0.0,0.11172780573379584,0.0
1.0,0.0,0.0,0.0,1.0,0.0,0.0,0.0,1.0,1.0,0.0,0.11289218943067725,0.0
1.0,0.0,0.0,0.0,1.0,0.0,0.0,0.0,1.0,1.0,0.0,0.11411175193832068,0.0
1.0,0.0,0.0,0.0,1.0,0.0,0.0,0.0,1.0,1.0,0.0,0.1153852345684779,0.0
1.0,0.0,0.0,0.0,1.0,0.0,0.0,0.0,1.0,1.0,0.0,0.11671121585517233,0.0
1.0,0.0,0.0,0.0,1.0,0.0,0.0,0.0,1.0,1.0,0.0,0.11808811912575617,0.0
1.0,0.0,0.0,0.0,1.0,0.0,0.0,0.0,1.0,1.0,0.0,0.11951422007196756,0.0
1.0,0.0,0.0,0.0,1.0,0.0,0.0,0.0,1.0,1.0,0.0,0.12098765432098765,0.0
1.0,0.0,0.0,0.0,1.0,0.0,0.0,0.0,1.0,1.0,0.0,0.12250642500649786,0.0
1.0,0.0,0.0,0.0,1.0,0.0,0.0,0.0,1.0,1.0,0.0,0.12406841033973684,0.0
1.0,0.0,0.0,0.0,1.0,0.0,0.0,0.0,1.0,1.0,0.0,0.1256713711805577,0.0
1.0,0.0,0.0,0.0,1.0,0.0,0.0,0.0,1.0,1.0,0.0,0.12731295860848524,0.0
1.0,0.0,0.0,0.0,1.0,0.0,0.0,0.0,1.0,1.0,0.0,0.12899072149377283,0.0
1.0,0.0,0.0,0.0,1.0,0.0,0.0,0.0,1.0,1.0,0.0,0.13070211406845972,0.0
1.0,0.0,0.0,0.0,1.0,0.0,0.0,0.0,1.0,1.0,0.0,0.13244450349742826,0.0
1.0,0.0,0.0,0.0,1.0,0.0,0.0,0.0,1.0,1.0,0.0,0.13421517744946074,0.0
1.0,0.0,0.0,0.0,1.0,0.0,0.0,0.0,1.0,1.0,0.0,0.13601135166829678,0.0
1.0,0.0,0.0,0.0,1.0,0.0,0.0,0.0,1.0,1.0,0.0,0.13783017754369042,0.0
1.0,0.0,0.0,0.0,1.0,0.0,0.0,0.0,1.0,1.0,0.0,0.13966874968246712,0.0
1.0,0.0,0.0,0.0,1.0,0.0,0.0,0.0,1.0,1.0,0.0,0.14152411347958102,0.0
1.0,0.0,0.0,0.0,1.0,0.0,0.0,0.0,1.0,1.0,0.0,0.14339327268917204,0.0
1.0,0.0,0.0,0.0,1.0,0.0,0.0,0.0,1.0,1.0,0.0,0.14527319699562297,0.0
1.0,0.0,0.0,0.0,1.0,0.0,0.0,0.0,1.0,1.0,0.0,0.14716082958461668,0.0
1.0,0.0,0.0,0.0,1.0,0.0,0.0,0.0,1.0,1.0,0.0,0.1490530947141932,0.0
1.0,0.0,0.0,0.0,1.0,0.0,0.0,0.0,1.0,1.0,0.0,0.15094690528580684,0.0
1.0,0.0,0.0,0.0,1.0,0.0,0.0,0.0,1.0,1.0,0.0,0.15283917041538336,0.0
1.0,0.0,0.0,0.0,1.0,0.0,0.0,0.0,1.0,1.0,0.0,0.15472680300437705,0.0
1.0,0.0,0.0,0.0,1.0,0.0,0.0,0.0,1.0,1.0,0.0,0.156606727310828,0.0
1.0,0.0,0.0,0.0,1.0,0.0,0.0,0.0,1.0,1.0,0.0,0.15847588652041902,0.0
1.0,0.0,0.0,0.0,1.0,0.0,0.0,0.0,1.0,1.0,0.0,0.16033125031753293,0.0
1.0,0.0,0.0,0.0,1.0,0.0,0.0,0.0,1.0,1.0,0.0,0.16216982245630962,0.0
1.0,0.0,0.0,0.0,1.0,0.0,0.0,0.0,1.0,1.0,0.0,0.16398864833170324,0.0
1.0,0.0,0.0,0.0,1.0,0.0,0.0,0.0,1.0,1.0,0.0,0.16578482255053928,0.0
1.0,0.0,0.0,0.0,1.0,0.0,0.0,0.0,1.0,1.0,0.0,0.1675554965025718,0.0
1.0,0.0,0.0,0.0,1.0,0.0,0.0,0.0,1.0,1.0,0.0,0.1692978859315403,0.0
1.0,0.0,0.0,0.0,1.0,0.0,0.0,0.0,1.0,1.0,0.0,0.1710092785062272,0.0
1.0,0.0,0.0,0.0,1.0,0.0,0.0,0.0,1.0,1.0,0.0,0.1726870413915148,0.0
1.0,0.0,0.0,0.0,1.0,0.0,0.0,0.0,1.0,1.0,0.0,0.17432862881944233,0.0
1.0,0.0,0.0,0.0,1.0,0.0,0.0,0.0,1.0,1.0,0.0,0.17593158966026318,0.0
1.0,0.0,0.0,0.0,1.0,0.0,0.0,0.0,1.0,1.0,0.0,0.17749357499350213,0.0
1.0,0.0,0.0,0.0,1.0,0.0,0.0,0.0,1.0,1.0,0.0,0.1790123456790123,0.0
1.0,0.0,0.0,0.0,1.0,0.0,0.0,0.0,1.0,1.0,0.0,0.1804857799280324,0.0
1.0,0.0,0.0,0.0,1.0,0.0,0.0,0.0,1.0,1.0,0.0,0.18191188087424384,0.0
1.0,0.0,0.0,0.0,1.0,0.0,0.0,0.0,1.0,1.0,0.0,0.1832887841448277,0.0
1.0,0.0,0.0,0.0,1.0,0.0,0.0,0.0,1.0,1.0,0.0,0.1846147654315221,0.0
1.0,0.0,0.0,0.0,1.0,0.0,0.0,0.0,1.0,1.0,0.0,0.18588824806167936,0.0
1.0,0.0,0.0,0.0,1.0,0.0,0.0,0.0,1.0,1.0,0.0,0.18710781056932282,0.0
1.0,0.0,0.0,0.0,1.0,0.0,0.0,0.0,1.0,1.0,0.0,0.1882721942662042,0.0
1.0,0.0,0.0,0.0,1.0,0.0,0.0,0.0,1.0,1.0,0.0,0.1893803108128608,0.0
1.0,0.0,0.0,0.0,1.0,0.0,0.0,0.0,1.0,1.0,0.0,0.19043124978967255,0.0
1.0,0.0,0.0,0.0,1.0,0.0,0.0,0.0,1.0,1.0,0.0,0.19142428626791885,0.0
1.0,0.0,0.0,0.0,1.0,0.0,0.0,0.0,1.0,1.0,0.0,0.19235888838083626,0.0
1.0,0.0,0.0,0.0,1.0,0.0,0.0,0.0,1.0,1.0,0.0,0.19323472489467525,0.0
1.0,0.0,0.0,0.0,1.0,0.0,0.0,0.0,1.0,1.0,0.0,0.1940516727797575,0.0
1.0,0.0,0.0,0.0,1.0,0.0,0.0,0.0,1.0,1.0,0.0,0.1948098247815327,0.0
1.0,0.0,0.0,0.0,1.0,0.0,0.0,0.0,1.0,1.0,0.0,0.19550949699163622,0.0
1.0,0.0,0.0,0.0,1.0,0.0,0.0,0.0,1.0,1.0,0.0,0.19615123641894572,0.0
1.0,0.0,0.0,0.0,1.0,0.0,0.0,0.0,1.0,1.0,0.0,0.1967358285606391,0.0
1.0,0.0,0.0,0.0,1.0,0.0,0.0,0.0,1.0,1.0,0.0,0.1972643049732501,0.0
1.0,0.0,0.0,0.0,1.0,0.0,0.0,0.0,1.0,1.0,0.0,0.19773795084372728,0.0
1.0,0.0,0.0,0.0,1.0,0.0,0.0,0.0,1.0,1.0,0.0,0.19815831256048988,0.0
1.0,0.0,0.0,0.0,1.0,0.0,0.0,0.0,1.0,1.0,0.0,0.1985272052844851,0.0
1.0,0.0,0.0,0.0,1.0,0.0,0.0,0.0,1.0,1.0,0.0,0.1988467205202459,0.0
1.0,0.0,0.0,0.0,1.0,0.0,0.0,0.0,1.0,1.0,0.0,0.19911923368694753,0.0
1.0,0.0,0.0,0.0,1.0,0.0,0.0,0.0,1.0,1.0,0.0,0.1993474116894648,0.0
1.0,0.0,0.0,0.0,1.0,0.0,0.0,0.0,1.0,1.0,0.0,0.19953422048942937,0.0
1.0,0.0,0.0,0.0,1.0,0.0,0.0,0.0,1.0,1.0,0.0,0.19968293267628648,0.0
1.0,0.0,0.0,0.0,1.0,0.0,0.0,0.0,1.0,1.0,0.0,0.19979713503835264,0.0
1.0,0.0,0.0,0.0,1.0,0.0,0.0,0.0,1.0,1.0,0.0,0.1998807361338722,0.0
1.0,0.0,0.0,0.0,1.0,0.0,0.0,0.0,1.0,1.0,0.0,0.19993797386207543,0.0
1.0,0.0,0.0,0.0,1.0,0.0,0.0,0.0,1.0,1.0,0.0,0.19997342303423418,0.0
1.0,0.0,0.0,0.0,1.0,0.0,0.0,0.0,1.0,1.0,0.0,0.19999200294471972,0.0
1.0,0.0,0.0,0.0,1.0,0.0,0.0,0.0,1.0,1.0,0.0,0.19999898494206125,0.0
1.0,0.0,0.0,0.0,1.0,0.0,0.0,0.0,1.0,1.0,0.0,0.2,0.0
