0.0,0.0,1.0,0.0,1.0,0.0,-1.0,0.0,0.0,0.0,0.0,0.5,0.0
0.0,0.0,1.0,0.0,1.0,0.0,-1.0,0.0,0.0,7.97148467111452e-09,0.0,0.4999999967715487,0.0
0.0,0.0,1.0,0.0,1.0,0.0,-1.0,0.0,0.0,6.368311630714565e-08,0.0,0.4999999742083379,0.0
0.0,0.0,1.0,0.0,1.0,0.0,-1.0,0.0,0.0,2.1463117151523884e-07,0.0,0.4999999130743755,0.0
0.0,0.0,1.0,0.0,1.0,0.0,-1.0,0.0,0.0,5.080463361326428e-07,0.0,0.49999979424123386,0.0
0.0,0.0,1.0,0.0,1.0,0.0,-1.0,0.0,0.0,9.908941998091491e-07,0.0,0.4999995986878491,0.0
0.0,0.0,1.0,0.0,1.0,0.0,-1.0,0.0,0.0,1.7098757505895324e-06,0.0,0.499999307500321,0.0
0.0,0.0,1.0,0.0,1.0,0.0,-1.0,0.0,0.0,2.711427869495986e-06,0.0,0.49999890187171286,0.0
0.0,0.0,1.0,0.0,1.0,0.0,-1.0,0.0,0.0,4.041723825110567e-06,0.0,0.4999983631018508,0.0
0.0,0.0,1.0,0.0,1.0,0.0,-1.0,0.0,0.0,5.74667376815763e-06,0.0,0.4999976725971239,0.0
0.0,0.0,1.0,0.0,1.0,0.0,-1.0,0.0,0.0,7.871925226086268e-06,0.0,0.49999681187028344,0.0
0.0,0.0,1.0,0.0,1.0,0.0,-1.0,0.0,0.0,1.0462863597652763e-05,0.0,0.49999576254024297,0.0
0.0,0.0,1.0,0.0,1.0,0.0,-1.0,0.0,0.0,1.3564612647502993e-05,0.0,0.49999450633187775,0.0
0.0,0.0,1.0,0.0,1.0,0.0,-1.0,0.0,0.0,1.7222035000754918e-05,0.0,0.4999930250758247,0.0
0.0,0.0,1.0,0.0,1.0,0.0,-1.0,0.0,0.0,2.147973263758097e-05,0.0,0.4999913007082818,0.0
0.0,0.0,1.0,0.0,1.0,0.0,-1.0,0.0,0.0,2.6382047387790533e-05,0.0,0.4999893152708079,0.0
0.0,0.0,1.0,0.0,1.0,0.0,-1.0,0.0,0.0,3.197306142541237e-05,0.0,0.4999870509101227,0.0
0.0,0.0,1.0,0.0,1.0,0.0,-1.0,0.0,0.0,3.8296597763277056e-05,0.0,0.4999844898779059,0.0
0.0,0.0,1.0,0.0,1.0,0.0,-1.0,0.0,0.0,4.539622074759938e-05,0.0,0.4999816145305972,0.0
0.0,0.0,1.0,0.0,1.0,0.0,-1.0,0.0,0.0,5.331523655256089e-05,0.0,0.49997840732919624,0.0
0.0,0.0,1.0,0.0,1.0,0.0,-1.0,0.0,0.0,6.209669367489221e-05,0.0,0.4999748508390617,0.0
0.0,0.0,1.0,0.0,1.0,0.0,-1.0,0.0,0.0,7.17833834284556e-05,0.0,0.49997092772971147,0.0
0.0,0.0,1.0,0.0,1.0,0.0,-1.0,0.0,0.0,8.241784043882725e-05,0.0,0.4999666207746223,0.0
0.0,0.0,1.0,0.0,1.0,0.0,-1.0,0.0,0.0,9.404234313787982e-05,0.0,0.49996191285102914,0.0
0.0,0.0,1.0,0.0,1.0,0.0,-1.0,0.0,0.0,0.00010669891425836497,0.0,0.49995678693972534,0.0
0.0,0.0,1.0,0.0,1.0,0.0,-1.0,0.0,0.0,0.00012042932132849546,0.0,0.499951226124862,0.0
0.0,0.0,1.0,0.0,1.0,0.0,-1.0,0.0,0.0,0.0001352750771665281,0.0,0.49994521359374755,0.0
0.0,0.0,1.0,0.0,1.0,0.0,-1.0,0.0,0.0,0.00015127744037534563,0.0,0.499938732636648,0.0
0.0,0.0,1.0,0.0,1.0,0.0,-1.0,0.0,0.0,0.00016847741583703968,0.0,0.499931766646586,0.0
0.0,0.0,1.0,0.0,1.0,0.0,-1.0,0.0,0.0,0.00018691575520749282,0.0,0.499924299119141,0.0
0.0,0.0,1.0,0.0,1.0,0.0,-1.0,0.0,0.0,0.00020663295741096103,0.0,0.49991631365224853,0.0
0.0,0.0,1.0,0.0,1.0,0.0,-1.0,0.0,0.0,0.00022766926913465668,0.0,0.4999077939460005,0.0
0.0,0.0,1.0,0.0,1.0,0.0,-1.0,0.0,0.0,0.0002500646853233301,0.0,0.49989872380244404,0.0
0.0,0.0,1.0,0.0,1.0,0.0,-1.0,0.0,0.0,0.00027385894967385267,0.0,0.4998890871253821,0.0
0.0,0.0,1.0,0.0,1.0,0.0,-1.0,0.0,0.0,0.0002990915551297989,0.0,0.49987886792017244,0.0
0.0,0.0,1.0,0.0,1.0,0.0,-1.0,0.0,0.0,0.0003258017443760292,0.0,0.4998680502935277,0.0
0.0,0.0,1.0,0.0,1.0,0.0,-1.0,0.0,0.0,0.00035402851033327227,0.0,0.499856618453315,0.0
0.0,0.0,1.0,0.0,1.0,0.0,-1.0,0.0,0.0,0.000383810596652707,0.0,0.49984455670835565,0.0
0.0,0.0,1.0,0.0,1.0,0.0,-1.0,0.0,0.0,0.0004151864982105454,0.0,0.49983184946822473,0.0
0.0,0.0,1.0,0.0,1.0,0.0,-1.0,0.0,0.0,0.0004481944616026154,0.0,0.49981848124305095,0.0
0.0,0.0,1.0,0.0,1.0,0.0,-1.0,0.0,0.0,0.0004828724856389422,0.0,0.49980443664331625,0.0
0.0,0.0,1.0,0.0,1.0,0.0,-1.0,0.0,0.0,0.0005192583218383321,0.0,0.4997897003796555,0.0
0.0,0.0,1.0,0.0,1.0,0.0,-1.0,0.0,0.0,0.0005573894749229537,0.0,0.49977425726265623,0.0
0.0,0.0,1.0,0.0,1.0,0.0,-1.0,0.0,0.0,0.0005973032033129205,0.0,0.49975809220265827,0.0
0.0,0.0,1.0,0.0,1.0,0.0,-1.0,0.0,0.0,0.0006390365196208747,0.0,0.49974119020955354,0.0
0.0,0.0,1.0,0.0,1.0,0.0,-1.0,0.0,0.0,0.0006826261911465677,0.0,0.49972353639258565,0.0
0.0,0.0,1.0,0.0,1.0,0.0,-1.0,0.0,0.0,0.0007281087403714435,0.0,0.49970511596014955,0.0
0.0,0.0,1.0,0.0,1.0,0.0,-1.0,0.0,0.0,0.0007755204454532219,0.0,0.49968591421959146,0.0
0.0,0.0,1.0,0.0,1.0,0.0,-1.0,0.0,0.0,0.0008248973407204795,0.0,0.4996659165770082,0.0
0.0,0.0,1.0,0.0,1.0,0.0,-1.0,0.0,0.0,0.0008762752171672329,0.0,0.49964510853704724,0.0
0.0,0.0,1.0,0.0,1.0,0.0,-1.0,0.0,0.0,0.0009296896229475201,0.0,0.49962347570270627,0.0
0.0,0.0,1.0,0.0,1.0,0.0,-1.0,0.0,0.0,0.000985175863869986,0.0,0.49960100377513267,0.0
0.0,0.0,1.0,0.0,1.0,0.0,-1.0,0.0,0.0,0.0010427690038924608,0.0,0.49957767855342355,0.0
0.0,0.0,1.0,0.0,1.0,0.0,-1.0,0.0,0.0,0.001102503865616544,0.0,0.4995534859344253,0.0
0.0,0.0,1.0,0.0,1.0,0.0,-1.0,0.0,0.0,0.0011644150307821904,0.0,0.4995284119125332,0.0
0.0,0.0,1.0,0.0,1.0,0.0,-1.0,0.0,0.0,0.0012285368407622852,0.0,0.4995024425794913,0.0
0.0,0.0,1.0,0.0,1.0,0.0,-1.0,0.0,0.0,0.0012949033970572333,0.0,0.4994755641241918,0.0
0.0,0.0,1.0,0.0,1.0,0.0,-1.0,0.0,0.0,0.0013635485617895374,0.0,0.4994477628324752,0.0
0.0,0.0,1.0,0.0,1.0,0.0,-1.0,0.0,0.0,0.001434505958198383,0.0,0.49941902508692965,0.0
0.0,0.0,1.0,0.0,1.0,0.0,-1.0,0.0,0.0,0.0015078089711342197,0.0,0.49938933736669067,0.0
0.0,0.0,1.0,0.0,1.0,0.0,-1.0,0.0,0.0,0.001583490747553342,0.0,0.4993586862472409,0.0
0.0,0.0,1.0,0.0,1.0,0.0,-1.0,0.0,0.0,0.0016615841970124775,0.0,0.49932705840020997,0.0
0.0,0.0,1.0,0.0,1.0,0.0,-1.0,0.0,0.0,0.0017421219921633624,0.0,0.49929444059317385,0.0
0.0,0.0,1.0,0.0,1.0,0.0,-1.0,0.0,0.0,0.001825136569247327,0.0,0.49926081968945485,0.0
0.0,0.0,1.0,0.0,1.0,0.0,-1.0,0.0,0.0,0.0019106601285898792,0.0,0.4992261826479211,0.0
0.0,0.0,1.0,0.0,1.0,0.0,-1.0,0.0,0.0,0.0019987246350952853,0.0,0.4991905165227864,0.0
0.0,0.0,1.0,0.0,1.0,0.0,-1.0,0.0,0.0,0.002089361818741152,0.0,0.49915380846340984,0.0
0.0,0.0,1.0,0.0,1.0,0.0,-1.0,0.0,0.0,0.002182603175073013,0.0,0.4991160457140954,0.0
0.0,0.0,1.0,0.0,1.0,0.0,-1.0,0.0,0.0,0.0022784799656989023,0.0,0.49907721561389196,0.0
0.0,0.0,1.0,0.0,1.0,0.0,-1.0,0.0,0.0,0.0023770232187839474,0.0,0.4990373055963925,0.0
0.0,0.0,1.0,0.0,1.0,0.0,-1.0,0.0,0.0,0.002478263729544948,0.0,0.4989963031895343,0.0
0.0,0.0,1.0,0.0,1.0,0.0,-1.0,0.0,0.0,0.002582232060744953,0.0,0.4989541960153983,0.0
0.0,0.0,1.0,0.0,1.0,0.0,-1.0,0.0,0.0,0.0026889585431878497,0.0,0.49891097179000893,0.0
0.0,0.0,1.0,0.0,1.0,0.0,-1.0,0.0,0.0,0.002798473276212943,0.0,0.4988666183231338,0.0
0.0,0.0,1.0,0.0,1.0,0.0,-1.0,0.0,0.0,0.002910806128189539,0.0,0.4988211235180832,0.0
0.0,0.0,1.0,0.0,1.0,0.0,-1.0,0.0,0.0,0.003025986737011527,0.0,0.4987744753715103,0.0
0.0,0.0,1.0,0.0,1.0,0.0,-1.0,0.0,0.0,0.003144044510591962,0.0,0.49872666197321025,0.0
0.0,0.0,1.0,0.0,1.0,0.0,-1.0,0.0,0.0,0.0032650086273576483,0.0,0.49867767150592013,0.0
0.0,0.0,1.0,0.0,1.0,0.0,-1.0,0.0,0.0,0.003388908036743719,0.0,0.4986274922451188,0.0
0.0,0.0,1.0,0.0,1.0,0.0,-1.0,0.0,0.0,0.00351577145968822,0.0,0.4985761125588263,0.0
0.0,0.0,1.0,0.0,1.0,0.0,-1.0,0.0,0.0,0.0036456273891266977,0.0,0.4985235209074037,0.0
0.0,0.0,1.0,0.0,1.0,0.0,-1.0,0.0,0.0,0.0037785040904867685,0.0,0.4984697058433529,0.0
0.0,0.0,1.0,0.0,1.0,0.0,-1.0,0.0,0.0,0.0039144296021827165,0.0,0.498414656011116,0.0
0.0,0.0,1.0,0.0,1.0,0.0,-1.0,0.0,0.0,0.0040534317361100615,0.0,0.4983583601468754,0.0
0.0,0.0,1.0,0.0,1.0,0.0,-1.0,0.0,0.0,0.0041955380781401545,0.0,0.4983008070783532,0.0
0.0,0.0,1.0,0.0,1.0,0.0,-1.0,0.0,0.0,0.00434077598861475,0.0,0.49824198572461104,0.0
0.0,0.0,1.0,0.0,1.0,0.0,-1.0,0.0,0.0,0.004489172602840598,0.0,0.49818188509584954,0.0
0.0,0.0,1.0,0.0,1.0,0.0,-1.0,0.0,0.0,0.0046407548315840165,0.0,0.4981204942932085,0.0
0.0,0.0,1.0,0.0,1.0,0.0,-1.0,0.0,0.0,0.0047955493615654795,0.0,0.49805780250856596,0.0
0.0,0.0,1.0,0.0,1.0,0.0,-1.0,0.0,0.0,0.004953582655954198,0.0,0.49799379902433855,0.0
0.0,0.0,1.0,0.0,1.0,0.0,-1.0,0.0,0.0,0.005114880954862702,0.0,0.4979284732132806,0.0
0.0,0.0,1.0,0.0,1.0,0.0,-1.0,0.0,0.0,0.005279470275841429,0.0,0.4978618145382842,0.0
0.0,0.0,1.0,0.0,1.0,0.0,-1.0,0.0,0.0,0.005447376414373293,0.0,0.4977938125521788,0.0
0.0,0.0,1.0,0.0,1.0,0.0,-1.0,0.0,0.0,0.005618624944368284,0.0,0.49772445689753086,0.0
0.0,0.0,1.0,0.0,1.0,0.0,-1.0,0.0,0.0,0.005793241218658036,0.0,0.4976537373064435,0.0
0.0,0.0,1.0,0.0,1.0,0.0,-1.0,0.0,0.0,0.005971250369490418,0.0,0.4975816436003564,0.0
0.0,0.0,1.0,0.0,1.0,0.0,-1.0,0.0,0.0,0.00615267730902411,0.0,0.49750816568984524,0.0
0.0,0.0,1.0,0.0,1.0,0.0,-1.0,0.0,0.0,0.006337546729823193,0.0,0.4974332935744216,0.0
0.0,0.0,1.0,0.0,1.0,0.0,-1.0,0.0,0.0,0.006525883105351722,0.0,0.49735701734233256,0.0
0.0,0.0,1.0,0.0,1.0,0.0,-1.0,0.0,0.0,0.006717710690468316,0.0,0.49727932717036033,0.0
0.0,0.0,1.0,0.0,1.0,0.0,-1.0,0.0,0.0,0.006913053521920745,0.0,0.4972002133236221,0.0
0.0,0.0,1.0,0.0,1.0,0.0,-1.0,0.0,0.0,0.007111935418840499,0.0,0.4971196661553696,0.0
0.0,0.0,1.0,0.0,1.0,0.0,-1.0,0.0,0.0,0.007314379983237378,0.0,0.49703767610678884,0.0
0.0,0.0,1.0,0.0,1.0,0.0,-1.0,0.0,0.0,0.007520410600494071,0.0,0.4969542337067999,0.0
0.0,0.0,1.0,0.0,1.0,0.0,-1.0,0.0,0.0,0.007730050439860748,0.0,0.4968693295718564,0.0
0.0,0.0,1.0,0.0,1.0,0.0,-1.0,0.0,0.0,0.007943322454949628,0.0,0.4967829544057454,0.0
0.0,0.0,1.0,0.0,1.0,0.0,-1.0,0.0,0.0,0.00816024938422957,0.0,0.496695098999387,0.0
0.0,0.0,1.0,0.0,1.0,0.0,-1.0,0.0,0.0,0.008380853751520666,0.0,0.49660575423063413,0.0
0.0,0.0,1.0,0.0,1.0,0.0,-1.0,0.0,0.0,0.008605157866488798,0.0,0.49651491106407203,0.0
0.0,0.0,1.0,0.0,1.0,0.0,-1.0,0.0,0.0,0.008833183825140234,0.0,0.4964225605508182,0.0
0.0,0.0,1.0,0.0,1.0,0.0,-1.0,0.0,0.0,0.009064953510316224,0.0,0.49632869382832195,0.0
0.0,0.0,1.0,0.0,1.0,0.0,-1.0,0.0,0.0,0.009300488592187553,0.0,0.49623330212016403,0.0
0.0,0.0,1.0,0.0,1.0,0.0,-1.0,0.0,0.0,0.00953981052874915,0.0,0.4961363767358566,0.0
0.0,0.0,1.0,0.0,1.0,0.0,-1.0,0.0,0.0,0.009782940566314659,0.0,0.49603790907064255,0.0
0.0,0.0,1.0,0.0,1.0,0.0,-1.0,0.0,0.0,0.010029899740011018,0.0,0.49593789060529553,0.0
0.0,0.0,1.0,0.0,1.0,0.0,-1.0,0.0,0.0,0.010280708874273048,0.0,0.4958363129059194,0.0
0.0,0.0,1.0,0.0,1.0,0.0,-1.0,0.0,0.0,0.010535388583338034,0.0,0.4957331676237481,0.0
0.0,0.0,1.0,0.0,1.0,0.0,-1.0,0.0,0.0,0.010793959271740308,0.0,0.4956284464949452,0.0
0.0,0.0,1.0,0.0,1.0,0.0,-1.0,0.0,0.0,0.011056441134805826,0.0,0.4955221413404036,0.0
0.0,0.0,1.0,0.0,1.0,0.0,-1.0,0.0,0.0,0.011322854159146757,0.0,0.4954142440655456,0.0
0.0,0.0,1.0,0.0,1.0,0.0,-1.0,0.0,0.0,0.011593218123156062,0.0,0.4953047466601218,0.0
0.0,0.0,1.0,0.0,1.0,0.0,-1.0,0.0,0.0,0.011867552597502088,0.0,0.4951936411980117,0.0
0.0,0.0,1.0,0.0,1.0,0.0,-1.0,0.0,0.0,0.012145876945623121,0.0,0.4950809198370226,0.0
0.0,0.0,1.0,0.0,1.0,0.0,-1.0,0.0,0.0,0.012428210324222004,0.0,0.4949665748186901,0.0
0.0,0.0,1.0,0.0,1.0,0.0,-1.0,0.0,0.0,0.01271457168376069,0.0,0.49485059846807694,0.0
0.0,0.0,1.0,0.0,1.0,0.0,-1.0,0.0,0.0,0.013004979768954844,0.0,0.4947329831935733,0.0
0.0,0.0,1.0,0.0,1.0,0.0,-1.0,0.0,0.0,0.013299453119268419,0.0,0.4946137214866963,0.0
0.0,0.0,1.0,0.0,1.0,0.0,-1.0,0.0,0.0,0.01359801006940824,0.0,0.49449280592188966,0.0
0.0,0.0,1.0,0.0,1.0,0.0,-1.0,0.0,0.0,0.013900668749818577,0.0,0.49437022915632345,0.0
0.0,0.0,1.0,0.0,1.0,0.0,-1.0,0.0,0.0,0.01420744708717574,0.0,0.4942459839296938,0.0
0.0,0.0,1.0,0.0,1.0,0.0,-1.0,0.0,0.0,0.014518362804882659,0.0,0.4941200630640225,0.0
0.0,0.0,1.0,0.0,1.0,0.0,-1.0,0.0,0.0,0.01483343342356346,0.0,0.4939924594634568,0.0
0.0,0.0,1.0,0.0,1.0,0.0,-1.0,0.0,0.0,0.01515267626155805,0.0,0.493863166114069,0.0
0.0,0.0,1.0,0.0,1.0,0.0,-1.0,0.0,0.0,0.015476108435416708,0.0,0.4937321760836562,0.0
0.0,0.0,1.0,0.0,1.0,0.0,-1.0,0.0,0.0,0.01580374686039465,0.0,0.4935994825215402,0.0
0.0,0.0,1.0,0.0,1.0,0.0,-1.0,0.0,0.0,0.01613560825094662,0.0,0.49346507865836664,0.0
0.0,0.0,1.0,0.0,1.0,0.0,-1.0,0.0,0.0,0.0164717091212215,0.0,0.4933289578059053,0.0
0.0,0.0,1.0,0.0,1.0,0.0,-1.0,0.0,0.0,0.016812065785556832,0.0,0.4931911133568495,0.0
0.0,0.0,1.0,0.0,1.0,0.0,-1.0,0.0,0.0,0.01715669435897345,0.0,0.4930515387846158,0.0
0.0,0.0,1.0,0.0,1.0,0.0,-1.0,0.0,0.0,0.017505610757670056,0.0,0.49291022764314363,0.0
0.0,0.0,1.0,0.0,1.0,0.0,-1.0,0.0,0.0,0.017858830699517794,0.0,0.4927671735666953,0.0
0.0,0.0,1.0,0.0,1.0,0.0,-1.0,0.0,0.0,0.0182163697045548,0.0,0.49262237026965533,0.0
0.0,0.0,1.0,0.0,1.0,0.0,-1.0,0.0,0.0,0.01857824309548086,0.0,0.49247581154633024,0.0
0.0,0.0,1.0,0.0,1.0,0.0,-1.0,0.0,0.0,0.018944465998151923,0.0,0.4923274912707485,0.0
0.0,0.0,1.0,0.0,1.0,0.0,-1.0,0.0,0.0,0.019315053342074725,0.0,0.4921774033964597,0.0
0.0,0.0,1.0,0.0,1.0,0.0,-1.0,0.0,0.0,0.019690019860901325,0.0,0.49202554195633497,0.0
0.0,0.0,1.0,0.0,1.0,0.0,-1.0,0.0,0.0,0.020069380092923767,0.0,0.4918719010623659,0.0
0.0,0.0,1.0,0.0,1.0,0.0,-1.0,0.0,0.0,0.020453148381568562,0.0,0.4917164749054647,0.0
0.0,0.0,1.0,0.0,1.0,0.0,-1.0,0.0,0.0,0.020841338875891385,0.0,0.491559257755264,0.0
0.0,0.0,1.0,0.0,1.0,0.0,-1.0,0.0,0.0,0.021233965531071514,0.0,0.49140024395991605,0.0
0.0,0.0,1.0,0.0,1.0,0.0,-1.0,0.0,0.0,0.02163104210890658,0.0,0.4912394279458928,0.0
0.0,0.0,1.0,0.0,1.0,0.0,-1.0,0.0,0.0,0.022032582178306982,0.0,0.49107680421778566,0.0
0.0,0.0,1.0,0.0,1.0,0.0,-1.0,0.0,0.0,0.02243859911579061,0.0,0.4909123673581048,0.0
0.0,0.0,1.0,0.0,1.0,0.0,-1.0,0.0,0.0,0.022849106105977332,0.0,0.4907461120270792,0.0
0.0,0.0,1.0,0.0,1.0,0.0,-1.0,0.0,0.0,0.023264116142083652,0.0,0.4905780329624561,0.0
0.0,0.0,1.0,0.0,1.0,0.0,-1.0,0.0,0.0,0.023683642026417193,0.0,0.49040812497930103,0.0
0.0,0.0,1.0,0.0,1.0,0.0,-1.0,0.0,0.0,0.024107696370871404,0.0,0.4902363829697971,0.0
0.0,0.0,1.0,0.0,1.0,0.0,-1.0,0.0,0.0,0.02453629159742002,0.0,0.4900628019030449,0.0
0.0,0.0,1.0,0.0,1.0,0.0,-1.0,0.0,0.0,0.02496943993861173,0.0,0.4898873768248623,0.0
0.0,0.0,1.0,0.0,1.0,0.0,-1.0,0.0,0.0,0.02540715343806475,0.0,0.48971010285758376,0.0
0.0,0.0,1.0,0.0,1.0,0.0,-1.0,0.0,0.0,0.025849443950961337,0.0,0.48953097519986066,0.0
0.0,0.0,1.0,0.0,1.0,0.0,-1.0,0.0,0.0,0.02629632314454247,0.0,0.48934998912646027,0.0
0.0,0.0,1.0,0.0,1.0,0.0,-1.0,0.0,0.0,0.026747802498602348,0.0,0.48916713998806605,0.0
0.0,0.0,1.0,0.0,1.0,0.0,-1.0,0.0,0.0,0.02720389330598304,0.0,0.4889824232110769,0.0
0.0,0.0,1.0,0.0,1.0,0.0,-1.0,0.0,0.0,0.02766460667306899,0.0,0.4887958342974071,0.0
0.0,0.0,1.0,0.0,1.0,0.0,-1.0,0.0,0.0,0.028129953520281702,0.0,0.4886073688242859,0.0
0.0,0.0,1.0,0.0,1.0,0.0,-1.0,0.0,0.0,0.02859994458257421,0.0,0.48841702244405744,0.0
0.0,0.0,1.0,0.0,1.0,0.0,-1.0,0.0,0.0,0.029074590409925768,0.0,0.4882247908839801,0.0
0.0,0.0,1.0,0.0,1.0,0.0,-1.0,0.0,0.0,0.02955390136783632,0.0,0.4880306699460263,0.0
0.0,0.0,1.0,0.0,1.0,0.0,-1.0,0.0,0.0,0.03003788763782121,0.0,0.4878346555066824,0.0
0.0,0.0,1.0,0.0,1.0,0.0,-1.0,0.0,0.0,0.030526559217905636,0.0,0.48763674351674824,0.0
0.0,0.0,1.0,0.0,1.0,0.0,-1.0,0.0,0.0,0.031019925923119362,0.0,0.48743693000113664,0.0
0.0,0.0,1.0,0.0,1.0,0.0,-1.0,0.0,0.0,0.031517997385991134,0.0,0.48723521105867357,0.0
0.0,0.0,1.0,0.0,1.0,0.0,-1.0,0.0,0.0,0.03202078305704347,0.0,0.4870315828618974,0.0
0.0,0.0,1.0,0.0,1.0,0.0,-1.0,0.0,0.0,0.03252829220528704,0.0,0.4868260416568587,0.0
0.0,0.0,1.0,0.0,1.0,0.0,-1.0,0.0,0.0,0.03304053391871541,0.0,0.4866185837629203,0.0
0.0,0.0,1.0,0.0,1.0,0.0,-1.0,0.0,0.0,0.03355751710479951,0.0,0.4864092055725562,0.0
0.0,0.0,1.0,0.0,1.0,0.0,-1.0,0.0,0.0,0.034079250490982274,0.0,0.48619790355115217,0.0
0.0,0.0,1.0,0.0,1.0,0.0,-1.0,0.0,0.0,0.034605742625173234,0.0,0.48598467423680486,0.0
0.0,0.0,1.0,0.0,1.0,0.0,-1.0,0.0,0.0,0.03513700187624303,0.0,0.48576951424012155,0.0
0.0,0.0,1.0,0.0,1.0,0.0,-1.0,0.0,0.0,0.03567303643451812,0.0,0.4855524202440202,0.0
0.0,0.0,1.0,0.0,1.0,0.0,-1.0,0.0,0.0,0.03621385431227519,0.0,0.48533338900352857,0.0
0.0,0.0,1.0,0.0,1.0,0.0,-1.0,0.0,0.0,0.03675946334423592,0.0,0.48511241734558447,0.0
0.0,0.0,1.0,0.0,1.0,0.0,-1.0,0.0,0.0,0.03730987118806137,0.0,0.48488950216883514,0.0
0.0,0.0,1.0,0.0,1.0,0.0,-1.0,0.0,0.0,0.037865085324846774,0.0,0.48466464044343704,0.0
0.0,0.0,1.0,0.0,1.0,0.0,-1.0,0.0,0.0,0.038425113059615976,0.0,0.48443782921085554,0.0
0.0,0.0,1.0,0.0,1.0,0.0,-1.0,0.0,0.0,0.038989961521816066,0.0,0.4842090655836645,0.0
0.0,0.0,1.0,0.0,1.0,0.0,-1.0,0.0,0.0,0.0395596376658119,0.0,0.4839783467453462,0.0
0.0,0.0,1.0,0.0,1.0,0.0,-1.0,0.0,0.0,0.0401341482713808,0.0,0.4837456699500908,0.0
0.0,0.0,1.0,0.0,1.0,0.0,-1.0,0.0,0.0,0.040713499944207025,0.0,0.48351103252259614,0.0
0.0,0.0,1.0,0.0,1.0,0.0,-1.0,0.0,0.0,0.04129769911637642,0.0,0.48327443185786756,0.0
0.0,0.0,1.0,0.0,1.0,0.0,-1.0,0.0,0.0,0.04188675204687098,0.0,0.48303586542101723,0.0
0.0,0.0,1.0,0.0,1.0,0.0,-1.0,0.0,0.0,0.0424806648220634,0.0,0.4827953307470643,0.0
0.0,0.0,1.0,0.0,1.0,0.0,-1.0,0.0,0.0,0.043079443356211694,0.0,0.48255282544073425,0.0
0.0,0.0,1.0,0.0,1.0,0.0,-1.0,0.0,0.0,0.04368309339195382,0.0,0.4823083471762587,0.0
0.0,0.0,1.0,0.0,1.0,0.0,-1.0,0.0,0.0,0.044291620500802126,0.0,0.4820618936971751,0.0
0.0,0.0,1.0,0.0,1.0,0.0,-1.0,0.0,0.0,0.04490503008363811,0.0,0.4818134628161266,0.0
0.0,0.0,1.0,0.0,1.0,0.0,-1.0,0.0,0.0,0.04552332737120682,0.0,0.48156305241466124,0.0
0.0,0.0,1.0,0.0,1.0,0.0,-1.0,0.0,0.0,0.04614651742461159,0.0,0.4813106604430323,0.0
0.0,0.0,1.0,0.0,1.0,0.0,-1.0,0.0,0.0,0.04677460513580856,0.0,0.4810562849199975,0.0
0.0,0.0,1.0,0.0,1.0,0.0,-1.0,0.0,0.0,0.04740759522810121,0.0,0.480799923932619,0.0
0.0,0.0,1.0,0.0,1.0,0.0,-1.0,0.0,0.0,0.04804549225663507,0.0,0.4805415756360628,0.0
0.0,0.0,1.0,0.0,1.0,0.0,-1.0,0.0,0.0,0.04868830060889211,0.0,0.4802812382533987,0.0
0.0,0.0,1.0,0.0,1.0,0.0,-1.0,0.0,0.0,0.04933602450518555,0.0,0.4800189100753999,0.0
0.0,0.0,1.0,0.0,1.0,0.0,-1.0,0.0,0.0,0.049988667999154246,0.0,0.47975458946034255,0.0
0.0,0.0,1.0,0.0,1.0,0.0,-1.0,0.0,0.0,0.05064623497825741,0.0,0.47948827483380574,0.0
0.0,0.0,1.0,0.0,1.0,0.0,-1.0,0.0,0.0,0.05130872916426908,0.0,0.479219964688471,0.0
0.0,0.0,1.0,0.0,1.0,0.0,-1.0,0.0,0.0,0.051976154113772835,0.0,0.478949657583922,0.0
0.0,0.0,1.0,0.0,1.0,0.0,-1.0,0.0,0.0,0.052648513218656226,0.0,0.47867735214644425,0.0
0.0,0.0,1.0,0.0,1.0,0.0,-1.0,0.0,0.0,0.05332580970660546,0.0,0.4784030470688248,0.0
0.0,0.0,1.0,0.0,1.0,0.0,-1.0,0.0,0.0,0.054008046641600006,0.0,0.478126741110152,0.0
0.0,0.0,1.0,0.0,1.0,0.0,-1.0,0.0,0.0,0.05469522692440705,0.0,0.47784843309561514,0.0
0.0,0.0,1.0,0.0,1.0,0.0,-1.0,0.0,0.0,0.0553873532930762,0.0,0.47756812191630416,0.0
0.0,0.0,1.0,0.0,1.0,0.0,-1.0,0.0,0.0,0.05608442832343405,0.0,0.4772858065290092,0.0
0.0,0.0,1.0,0.0,1.0,0.0,-1.0,0.0,0.0,0.05678645442957863,0.0,0.47700148595602065,0.0
0.0,0.0,1.0,0.0,1.0,0.0,-1.0,0.0,0.0,0.057493433864374235,0.0,0.4767151592849284,0.0
0.0,0.0,1.0,0.0,1.0,0.0,-1.0,0.0,0.0,0.05820536871994576,0.0,0.476426825668422,0.0
0.0,0.0,1.0,0.0,1.0,0.0,-1.0,0.0,0.0,0.05892226092817343,0.0,0.4761364843240898,0.0
0.0,0.0,1.0,0.0,1.0,0.0,-1.0,0.0,0.0,0.05964411226118733,0.0,0.47584413453421914,0.0
0.0,0.0,1.0,0.0,1.0,0.0,-1.0,0.0,0.0,0.060370924331862086,0.0,0.47554977564559586,0.0
0.0,0.0,1.0,0.0,1.0,0.0,-1.0,0.0,0.0,0.06110269859431117,0.0,0.47525340706930397,0.0
0.0,0.0,1.0,0.0,1.0,0.0,-1.0,0.0,0.0,0.06183943634438186,0.0,0.4749550282805253,0.0
0.0,0.0,1.0,0.0,1.0,0.0,-1.0,0.0,0.0,0.06258113872014953,0.0,0.4746546388183394,0.0
0.0,0.0,1.0,0.0,1.0,0.0,-1.0,0.0,0.0,0.06332780670241242,0.0,0.474352238285523,0.0
0.0,0.0,1.0,0.0,1.0,0.0,-1.0,0.0,0.0,0.06407944111518603,0.0,0.47404782634834963,0.0
0.0,0.0,1.0,0.0,1.0,0.0,-1.0,0.0,0.0,0.06483604262619791,0.0,0.47374140273638987,0.0
0.0,0.0,1.0,0.0,1.0,0.0,-1.0,0.0,0.0,0.0655976117473821,0.0,0.47343296724231027,0.0
0.0,0.0,1.0,0.0,1.0,0.0,-1.0,0.0,0.0,0.06636414883537371,0.0,0.47312251972167363,0.0
0.0,0.0,1.0,0.0,1.0,0.0,-1.0,0.0,0.0,0.06713565409200366,0.0,0.4728100600927385,0.0
0.0,0.0,1.0,0.0,1.0,0.0,-1.0,0.0,0.0,0.06791212756479298,0.0,0.4724955883362588,0.0
0.0,0.0,1.0,0.0,1.0,0.0,-1.0,0.0,0.0,0.06869356914744779,0.0,0.47217910449528366,0.0
0.0,0.0,1.0,0.0,1.0,0.0,-1.0,0.0,0.0,0.06947997858035343,0.0,0.4718606086749569,0.0
0.0,0.0,1.0,0.0,1.0,0.0,-1.0,0.0,0.0,0.07027135545106937,0.0,0.4715401010423169,0.0
0.0,0.0,1.0,0.0,1.0,0.0,-1.0,0.0,0.0,0.07106769919482368,0.0,0.4712175818260964,0.0
0.0,0.0,1.0,0.0,1.0,0.0,-1.0,0.0,0.0,0.0718690090950077,0.0,0.47089305131652187,0.0
0.0,0.0,1.0,0.0,1.0,0.0,-1.0,0.0,0.0,0.07267528428367037,0.0,0.4705665098651135,0.0
0.0,0.0,1.0,0.0,1.0,0.0,-1.0,0.0,0.0,0.07348652374201312,0.0,0.4702379578844847,0.0
0.0,0.0,1.0,0.0,1.0,0.0,-1.0,0.0,0.0,0.07430272630088422,0.0,0.4699073958481419,0.0
0.0,0.0,1.0,0.0,1.0,0.0,-1.0,0.0,0.0,0.07512389064127362,0.0,0.4695748242902842,0.0
0.0,0.0,1.0,0.0,1.0,0.0,-1.0,0.0,0.0,0.07595001529480722,0.0,0.4692402438056031,0.0
0.0,0.0,1.0,0.0,1.0,0.0,-1.0,0.0,0.0,0.0767810986442416,0.0,0.46890365504908216,0.0
0.0,0.0,1.0,0.0,1.0,0.0,-1.0,0.0,0.0,0.07761713892395879,0.0,0.4685650587357967,0.0
0.0,0.0,1.0,0.0,1.0,0.0,-1.0,0.0,0.0,0.07845813422046047,0.0,0.4682244556407135,0.0
0.0,0.0,1.0,0.0,1.0,0.0,-1.0,0.0,0.0,0.07930408247286284,0.0,0.4678818465984905,0.0
0.0,0.0,1.0,0.0,1.0,0.0,-1.0,0.0,0.0,0.08015498147339113,0.0,0.4675372325032766,0.0
0.0,0.0,1.0,0.0,1.0,0.0,-1.0,0.0,0.0,0.08101082886787411,0.0,0.467190614308511,0.0
0.0,0.0,1.0,0.0,1.0,0.0,-1.0,0.0,0.0,0.0818716221562388,0.0,0.4668419930267233,0.0
0.0,0.0,1.0,0.0,1.0,0.0,-1.0,0.0,0.0,0.08273735869300493,0.0,0.466491369729333,0.0
0.0,0.0,1.0,0.0,1.0,0.0,-1.0,0.0,0.0,0.08360803568777958,0.0,0.4661387455464493,0.0
0.0,0.0,1.0,0.0,1.0,0.0,-1.0,0.0,0.0,0.0844836502057518,0.0,0.4657841216666705,0.0
0.0,0.0,1.0,0.0,1.0,0.0,-1.0,0.0,0.0,0.08536419916818708,0.0,0.4654274993368842,0.0
0.0,0.0,1.0,0.0,1.0,0.0,-1.0,0.0,0.0,0.08624967935292206,0.0,0.4650688798620666,0.0
0.0,0.0,1.0,0.0,1.0,0.0,-1.0,0.0,0.0,0.08714008739485907,0.0,0.4647082646050821,0.0
0.0,0.0,1.0,0.0,1.0,0.0,-1.0,0.0,0.0,0.08803541978646065,0.0,0.46434565498648345,0.0
0.0,0.0,1.0,0.0,1.0,0.0,-1.0,0.0,0.0,0.08893567287824417,0.0,0.4639810524843111,0.0
0.0,0.0,1.0,0.0,1.0,0.0,-1.0,0.0,0.0,0.08984084287927645,0.0,0.46361445863389306,0.0
0.0,0.0,1.0,0.0,1.0,0.0,-1.0,0.0,0.0,0.09075092585766834,0.0,0.4632458750276443,0.0
0.0,0.0,1.0,0.0,1.0,0.0,-1.0,0.0,0.0,0.09166591774106922,0.0,0.462875303314867,0.0
0.0,0.0,1.0,0.0,1.0,0.0,-1.0,0.0,0.0,0.0925858143171617,0.0,0.4625027452015495,0.0
0.0,0.0,1.0,0.0,1.0,0.0,-1.0,0.0,0.0,0.09351061123415612,0.0,0.4621282024501668,0.0
0.0,0.0,1.0,0.0,1.0,0.0,-1.0,0.0,0.0,0.09444030400128509,0.0,0.46175167687947954,0.0
0.0,0.0,1.0,0.0,1.0,0.0,-1.0,0.0,0.0,0.09537488798929826,0.0,0.46137317036433423,0.0
0.0,0.0,1.0,0.0,1.0,0.0,-1.0,0.0,0.0,0.09631435843095665,0.0,0.4609926848354626,0.0
0.0,0.0,1.0,0.0,1.0,0.0,-1.0,0.0,0.0,0.09725871042152749,0.0,0.4606102222792814,0.0
0.0,0.0,1.0,0.0,1.0,0.0,-1.0,0.0,0.0,0.09820793891927854,0.0,0.4602257847376922,0.0
0.0,0.0,1.0,0.0,1.0,0.0,-1.0,0.0,0.0,0.09916203874597293,0.0,0.45983937430788097,0.0
0.0,0.0,1.0,0.0,1.0,0.0,-1.0,0.0,0.0,0.10012100458736357,0.0,0.45945099314211774,0.0
0.0,0.0,1.0,0.0,1.0,0.0,-1.0,0.0,0.0,0.1010848309936877,0.0,0.4590606434475565,0.0
0.0,0.0,1.0,0.0,1.0,0.0,-1.0,0.0,0.0,0.10205351238016175,0.0,0.4586683274860345,0.0
0.0,0.0,1.0,0.0,1.0,0.0,-1.0,0.0,0.0,0.10302704302747548,0.0,0.4582740475738724,0.0
0.0,0.0,1.0,0.0,1.0,0.0,-1.0,0.0,0.0,0.10400541708228699,0.0,0.4578778060816738,0.0
0.0,0.0,1.0,0.0,1.0,0.0,-1.0,0.0,0.0,0.10498862855771714,0.0,0.4574796054341246,0.0
0.0,0.0,1.0,0.0,1.0,0.0,-1.0,0.0,0.0,0.10597667133384395,0.0,0.4570794481097932,0.0
0.0,0.0,1.0,0.0,1.0,0.0,-1.0,0.0,0.0,0.10696953915819743,0.0,0.45667733664093,0.0
0.0,0.0,1.0,0.0,1.0,0.0,-1.0,0.0,0.0,0.10796722564625416,0.0,0.4562732736132671,0.0
0.0,0.0,1.0,0.0,1.0,0.0,-1.0,0.0,0.0,0.10896972428193163,0.0,0.4558672616658177,0.0
0.0,0.0,1.0,0.0,1.0,0.0,-1.0,0.0,0.0,0.10997702841808317,0.0,0.4554593034906763,0.0
0.0,0.0,1.0,0.0,1.0,0.0,-1.0,0.0,0.0,0.11098913127699218,0.0,0.45504940183281817,0.0
0.0,0.0,1.0,0.0,1.0,0.0,-1.0,0.0,0.0,0.11200602595086698,0.0,0.45463755948989887,0.0
0.0,0.0,1.0,0.0,1.0,0.0,-1.0,0.0,0.0,0.11302770540233521,0.0,0.45422377931205427,0.0
0.0,0.0,1.0,0.0,1.0,0.0,-1.0,0.0,0.0,0.11405416246493862,0.0,0.45380806420169983,0.0
0.0,0.0,1.0,0.0,1.0,0.0,-1.0,0.0,0.0,0.11508538984362737,0.0,0.4533904171133309,0.0
0.0,0.0,1.0,0.0,1.0,0.0,-1.0,0.0,0.0,0.11612138011525483,0.0,0.4529708410533218,0.0
0.0,0.0,1.0,0.0,1.0,0.0,-1.0,0.0,0.0,0.1171621257290722,0.0,0.4525493390797258,0.0
0.0,0.0,1.0,0.0,1.0,0.0,-1.0,0.0,0.0,0.11820761900722286,0.0,0.4521259143020747,0.0
0.0,0.0,1.0,0.0,1.0,0.0,-1.0,0.0,0.0,0.11925785214523715,0.0,0.45170056988117896,0.0
0.0,0.0,1.0,0.0,1.0,0.0,-1.0,0.0,0.0,0.12031281721252676,0.0,0.45127330902892665,0.0
0.0,0.0,1.0,0.0,1.0,0.0,-1.0,0.0,0.0,0.12137250615287976,0.0,0.4508441350080837,0.0
0.0,0.0,1.0,0.0,1.0,0.0,-1.0,0.0,0.0,0.1224369107849545,0.0,0.4504130511320934,0.0
0.0,0.0,1.0,0.0,1.0,0.0,-1.0,0.0,0.0,0.12350602280277477,0.0,0.44998006076487623,0.0
0.0,0.0,1.0,0.0,1.0,0.0,-1.0,0.0,0.0,0.12457983377622403,0.0,0.44954516732062927,0.0
0.0,0.0,1.0,0.0,1.0,0.0,-1.0,0.0,0.0,0.1256583351515403,0.0,0.44910837426362615,0.0
0.0,0.0,1.0,0.0,1.0,0.0,-1.0,0.0,0.0,0.1267415182518105,0.0,0.44866968510801675,0.0
0.0,0.0,1.0,0.0,1.0,0.0,-1.0,0.0,0.0,0.12782937427746494,0.0,0.4482291034176267,0.0
0.0,0.0,1.0,0.0,1.0,0.0,-1.0,0.0,0.0,0.12892189430677234,0.0,0.4477866328057572,0.0
0.0,0.0,1.0,0.0,1.0,0.0,-1.0,0.0,0.0,0.13001906929633406,0.0,0.4473422769349847,0.0
0.0,0.0,1.0,0.0,1.0,0.0,-1.0,0.0,0.0,0.13112089008157857,0.0,0.44689603951696066,0.0
0.0,0.0,1.0,0.0,1.0,0.0,-1.0,0.0,0.0,0.13222734737725636,0.0,0.44644792431221114,0.0
0.0,0.0,1.0,0.0,1.0,0.0,-1.0,0.0,0.0,0.13333843177793456,0.0,0.4459979351299365,0.0
0.0,0.0,1.0,0.0,1.0,0.0,-1.0,0.0,0.0,0.1344541337584911,0.0,0.4455460758278111,0.0
0.0,0.0,1.0,0.0,1.0,0.0,-1.0,0.0,0.0,0.13557444367460963,0.0,0.44509235031178307,0.0
0.0,0.0,1.0,0.0,1.0,0.0,-1.0,0.0,0.0,0.13669935176327394,0.0,0.44463676253587403,0.0
0.0,0.0,1.0,0.0,1.0,0.0,-1.0,0.0,0.0,0.13782884814326285,0.0,0.44417931650197856,0.0
0.0,0.0,1.0,0.0,1.0,0.0,-1.0,0.0,0.0,0.13896292281564432,0.0,0.44372001625966406,0.0
0.0,0.0,1.0,0.0,1.0,0.0,-1.0,0.0,0.0,0.14010156566427023,0.0,0.4432588659059705,0.0
0.0,0.0,1.0,0.0,1.0,0.0,-1.0,0.0,0.0,0.14124476645627124,0.0,0.44279586958521017,0.0
0.0,0.0,1.0,0.0,1.0,0.0,-1.0,0.0,0.0,0.1423925148425511,0.0,0.4423310314887668,0.0
0.0,0.0,1.0,0.0,1.0,0.0,-1.0,0.0,0.0,0.14354480035828115,0.0,0.44186435585489614,0.0
0.0,0.0,1.0,0.0,1.0,0.0,-1.0,0.0,0.0,0.14470161242339502,0.0,0.441395846968525,0.0
0.0,0.0,1.0,0.0,1.0,0.0,-1.0,0.0,0.0,0.14586294034308311,0.0,0.44092550916105133,0.0
0.0,0.0,1.0,0.0,1.0,0.0,-1.0,0.0,0.0,0.14702877330828776,0.0,0.4404533468101435,0.0
0.0,0.0,1.0,0.0,1.0,0.0,-1.0,0.0,0.0,0.14819910039619685,0.0,0.43997936433954027,0.0
0.0,0.0,1.0,0.0,1.0,0.0,-1.0,0.0,0.0,0.14937391057073895,0.0,0.4395035662188507,0.0
0.0,0.0,1.0,0.0,1.0,0.0,-1.0,0.0,0.0,0.15055319268307799,0.0,0.4390259569633534,0.0
0.0,0.0,1.0,0.0,1.0,0.0,-1.0,0.0,0.0,0.1517369354721077,0.0,0.4385465411337964,0.0
0.0,0.0,1.0,0.0,1.0,0.0,-1.0,0.0,0.0,0.15292512756494606,0.0,0.43806532333619685,0.0
0.0,0.0,1.0,0.0,1.0,0.0,-1.0,0.0,0.0,0.15411775747742992,0.0,0.4375823082216409,0.0
0.0,0.0,1.0,0.0,1.0,0.0,-1.0,0.0,0.0,0.15531481361461,0.0,0.437097500486083,0.0
0.0,0.0,1.0,0.0,1.0,0.0,-1.0,0.0,0.0,0.15651628427124484,0.0,0.43661090487014587,0.0
0.0,0.0,1.0,0.0,1.0,0.0,-1.0,0.0,0.0,0.15772215763229575,0.0,0.4361225261589202,0.0
0.0,0.0,1.0,0.0,1.0,0.0,-1.0,0.0,0.0,0.1589324217734213,0.0,0.4356323691817644,0.0
0.0,0.0,1.0,0.0,1.0,0.0,-1.0,0.0,0.0,0.160147064661472,0.0,0.43514043881210385,0.0
0.0,0.0,1.0,0.0,1.0,0.0,-1.0,0.0,0.0,0.16136607415498475,0.0,0.4346467399672312,0.0
0.0,0.0,1.0,0.0,1.0,0.0,-1.0,0.0,0.0,0.16258943800467757,0.0,0.43415127760810557,0.0
0.0,0.0,1.0,0.0,1.0,0.0,-1.0,0.0,0.0,0.16381714385394378,0.0,0.43365405673915275,0.0
0.0,0.0,1.0,0.0,1.0,0.0,-1.0,0.0,0.0,0.1650491792393474,0.0,0.43315508240806433,0.0
0.0,0.0,1.0,0.0,1.0,0.0,-1.0,0.0,0.0,0.16628553159111684,0.0,0.4326543597055977,0.0
0.0,0.0,1.0,0.0,1.0,0.0,-1.0,0.0,0.0,0.16752618823364,0.0,0.43215189376537577,0.0
0.0,0.0,1.0,0.0,1.0,0.0,-1.0,0.0,0.0,0.16877113638595856,0.0,0.4316476897636868,0.0
0.0,0.0,1.0,0.0,1.0,0.0,-1.0,0.0,0.0,0.170020363162263,0.0,0.43114175291928347,0.0
0.0,0.0,1.0,0.0,1.0,0.0,-1.0,0.0,0.0,0.1712738555723868,0.0,0.43063408849318335,0.0
0.0,0.0,1.0,0.0,1.0,0.0,-1.0,0.0,0.0,0.17253160052230096,0.0,0.4301247017884681,0.0
0.0,0.0,1.0,0.0,1.0,0.0,-1.0,0.0,0.0,0.17379358481460902,0.0,0.4296135981500834,0.0
0.0,0.0,1.0,0.0,1.0,0.0,-1.0,0.0,0.0,0.17505979514904121,0.0,0.42910078296463827,0.0
0.0,0.0,1.0,0.0,1.0,0.0,-1.0,0.0,0.0,0.1763302181229492,0.0,0.4285862616602056,0.0
0.0,0.0,1.0,0.0,1.0,0.0,-1.0,0.0,0.0,0.17760484023180054,0.0,0.4280700397061208,0.0
0.0,0.0,1.0,0.0,1.0,0.0,-1.0,0.0,0.0,0.1788836478696738,0.0,0.4275521226127821,0.0
0.0,0.0,1.0,0.0,1.0,0.0,-1.0,0.0,0.0,0.18016662732975233,0.0,0.4270325159314503,0.0
0.0,0.0,1.0,0.0,1.0,0.0,-1.0,0.0,0.0,0.18145376480481953,0.0,0.42651122525404805,0.0
0.0,0.0,1.0,0.0,1.0,0.0,-1.0,0.0,0.0,0.18274504638775282,0.0,0.4259882562129601,0.0
0.0,0.0,1.0,0.0,1.0,0.0,-1.0,0.0,0.0,0.18404045807201877,0.0,0.42546361448083236,0.0
0.0,0.0,1.0,0.0,1.0,0.0,-1.0,0.0,0.0,0.1853399857521676,0.0,0.42493730577037214,0.0
0.0,0.0,1.0,0.0,1.0,0.0,-1.0,0.0,0.0,0.1866436152243273,0.0,0.4244093358341474,0.0
0.0,0.0,1.0,0.0,1.0,0.0,-1.0,0.0,0.0,0.18795133218669852,0.0,0.4238797104643871,0.0
0.0,0.0,1.0,0.0,1.0,0.0,-1.0,0.0,0.0,0.1892631222400497,0.0,0.4233484354927799,0.0
0.0,0.0,1.0,0.0,1.0,0.0,-1.0,0.0,0.0,0.19057897088821057,0.0,0.42281551679027474,0.0
0.0,0.0,1.0,0.0,1.0,0.0,-1.0,0.0,0.0,0.19189886353856753,0.0,0.4222809602668801,0.0
0.0,0.0,1.0,0.0,1.0,0.0,-1.0,0.0,0.0,0.19322278550255775,0.0,0.4217447718714641,0.0
0.0,0.0,1.0,0.0,1.0,0.0,-1.0,0.0,0.0,0.19455072199616444,0.0,0.4212069575915534,0.0
0.0,0.0,1.0,0.0,1.0,0.0,-1.0,0.0,0.0,0.1958826581404106,0.0,0.42066752345313374,0.0
0.0,0.0,1.0,0.0,1.0,0.0,-1.0,0.0,0.0,0.19721857896185402,0.0,0.4201264755204491,0.0
0.0,0.0,1.0,0.0,1.0,0.0,-1.0,0.0,0.0,0.1985584693930819,0.0,0.41958381989580185,0.0
0.0,0.0,1.0,0.0,1.0,0.0,-1.0,0.0,0.0,0.1999023142732056,0.0,0.4190395627193517,0.0
0.0,0.0,1.0,0.0,1.0,0.0,-1.0,0.0,0.0,0.20125009834835444,0.0,0.41849371016891646,0.0
0.0,0.0,1.0,0.0,1.0,0.0,-1.0,0.0,0.0,0.20260180627217128,0.0,0.4179462684597706,0.0
0.0,0.0,1.0,0.0,1.0,0.0,-1.0,0.0,0.0,0.20395742260630637,0.0,0.41739724384444593,0.0
0.0,0.0,1.0,0.0,1.0,0.0,-1.0,0.0,0.0,0.2053169318209126,0.0,0.4168466426125304,0.0
0.0,0.0,1.0,0.0,1.0,0.0,-1.0,0.0,0.0,0.2066803182951392,0.0,0.41629447109046863,0.0
0.0,0.0,1.0,0.0,1.0,0.0,-1.0,0.0,0.0,0.20804756631762697,0.0,0.41574073564136105,0.0
0.0,0.0,1.0,0.0,1.0,0.0,-1.0,0.0,0.0,0.20941866008700302,0.0,0.41518544266476376,0.0
0.0,0.0,1.0,0.0,1.0,0.0,-1.0,0.0,0.0,0.21079358371237467,0.0,0.41462859859648826,0.0
0.0,0.0,1.0,0.0,1.0,0.0,-1.0,0.0,0.0,0.21217232121382446,0.0,0.4140702099084011,0.0
0.0,0.0,1.0,0.0,1.0,0.0,-1.0,0.0,0.0,0.2135548565229047,0.0,0.4135102831082236,0.0
0.0,0.0,1.0,0.0,1.0,0.0,-1.0,0.0,0.0,0.21494117348313233,0.0,0.4129488247393314,0.0
0.0,0.0,1.0,0.0,1.0,0.0,-1.0,0.0,0.0,0.21633125585048268,0.0,0.4123858413805545,0.0
0.0,0.0,1.0,0.0,1.0,0.0,-1.0,0.0,0.0,0.21772508729388487,0.0,0.4118213396459766,0.0
0.0,0.0,1.0,0.0,1.0,0.0,-1.0,0.0,0.0,0.219122651395716,0.0,0.41125532618473504,0.0
0.0,0.0,1.0,0.0,1.0,0.0,-1.0,0.0,0.0,0.220523931652296,0.0,0.41068780768082014,0.0
0.0,0.0,1.0,0.0,1.0,0.0,-1.0,0.0,0.0,0.22192891147438176,0.0,0.4101187908528754,0.0
0.0,0.0,1.0,0.0,1.0,0.0,-1.0,0.0,0.0,0.22333757418766226,0.0,0.40954828245399677,0.0
0.0,0.0,1.0,0.0,1.0,0.0,-1.0,0.0,0.0,0.22474990303325268,0.0,0.4089762892715327,0.0
0.0,0.0,1.0,0.0,1.0,0.0,-1.0,0.0,0.0,0.22616588116818942,0.0,0.4084028181268833,0.0
0.0,0.0,1.0,0.0,1.0,0.0,-1.0,0.0,0.0,0.2275854916659241,0.0,0.4078278758753007,0.0
0.0,0.0,1.0,0.0,1.0,0.0,-1.0,0.0,0.0,0.22900871751681878,0.0,0.4072514694056884,0.0
0.0,0.0,1.0,0.0,1.0,0.0,-1.0,0.0,0.0,0.2304355416286401,0.0,0.4066736056404008,0.0
0.0,0.0,1.0,0.0,1.0,0.0,-1.0,0.0,0.0,0.23186594682705414,0.0,0.40609429153504306,0.0
0.0,0.0,1.0,0.0,1.0,0.0,-1.0,0.0,0.0,0.2332999158561207,0.0,0.4055135340782711,0.0
0.0,0.0,1.0,0.0,1.0,0.0,-1.0,0.0,0.0,0.2347374313787884,0.0,0.40493134029159067,0.0
0.0,0.0,1.0,0.0,1.0,0.0,-1.0,0.0,0.0,0.23617847597738836,0.0,0.4043477172291577,0.0
0.0,0.0,1.0,0.0,1.0,0.0,-1.0,0.0,0.0,0.2376230321541299,0.0,0.40376267197757737,0.0
0.0,0.0,1.0,0.0,1.0,0.0,-1.0,0.0,0.0,0.23907108233159427,0.0,0.40317621165570433,0.0
0.0,0.0,1.0,0.0,1.0,0.0,-1.0,0.0,0.0,0.2405226088532297,0.0,0.40258834341444194,0.0
0.0,0.0,1.0,0.0,1.0,0.0,-1.0,0.0,0.0,0.24197759398384552,0.0,0.40199907443654254,0.0
0.0,0.0,1.0,0.0,1.0,0.0,-1.0,0.0,0.0,0.24343601991010744,0.0,0.4014084119364065,0.0
0.0,0.0,1.0,0.0,1.0,0.0,-1.0,0.0,0.0,0.24489786874103137,0.0,0.4008163631598823,0.0
0.0,0.0,1.0,0.0,1.0,0.0,-1.0,0.0,0.0,0.24636312250847855,0.0,0.40022293538406617,0.0
0.0,0.0,1.0,0.0,1.0,0.0,-1.0,0.0,0.0,0.24783176316764996,0.0,0.3996281359171018,0.0
0.0,0.0,1.0,0.0,1.0,0.0,-1.0,0.0,0.0,0.2493037725975808,0.0,0.3990319720979798,0.0
0.0,0.0,1.0,0.0,1.0,0.0,-1.0,0.0,0.0,0.2507791326016351,0.0,0.3984344512963378,0.0
0.0,0.0,1.0,0.0,1.0,0.0,-1.0,0.0,0.0,0.25225782490800036,0.0,0.39783558091225985,0.0
0.0,0.0,1.0,0.0,1.0,0.0,-1.0,0.0,0.0,0.2537398311701825,0.0,0.3972353683760761,0.0
0.0,0.0,1.0,0.0,1.0,0.0,-1.0,0.0,0.0,0.2552251329674996,0.0,0.39663382114816265,0.0
0.0,0.0,1.0,0.0,1.0,0.0,-1.0,0.0,0.0,0.25671371180557717,0.0,0.39603094671874123,0.0
0.0,0.0,1.0,0.0,1.0,0.0,-1.0,0.0,0.0,0.25820554911684235,0.0,0.39542675260767884,0.0
0.0,0.0,1.0,0.0,1.0,0.0,-1.0,0.0,0.0,0.259700626261019,0.0,0.3948212463642873,0.0
0.0,0.0,1.0,0.0,1.0,0.0,-1.0,0.0,0.0,0.2611989245256218,0.0,0.39421443556712316,0.0
0.0,0.0,1.0,0.0,1.0,0.0,-1.0,0.0,0.0,0.2627004251264506,0.0,0.3936063278237875,0.0
0.0,0.0,1.0,0.0,1.0,0.0,-1.0,0.0,0.0,0.264205109208086,0.0,0.3929969307707252,0.0
0.0,0.0,1.0,0.0,1.0,0.0,-1.0,0.0,0.0,0.265712957844383,0.0,0.3923862520730249,0.0
0.0,0.0,1.0,0.0,1.0,0.0,-1.0,0.0,0.0,0.26722395203896565,0.0,0.39177429942421893,0.0
0.0,0.0,1.0,0.0,1.0,0.0,-1.0,0.0,0.0,0.2687380727257222,0.0,0.3911610805460825,0.0
0.0,0.0,1.0,0.0,1.0,0.0,-1.0,0.0,0.0,0.2702553007692997,0.0,0.3905466031884336,0.0
0.0,0.0,1.0,0.0,1.0,0.0,-1.0,0.0,0.0,0.2717756169655973,0.0,0.3899308751289331,0.0
0.0,0.0,1.0,0.0,1.0,0.0,-1.0,0.0,0.0,0.2732990020422625,0.0,0.3893139041728837,0.0
0.0,0.0,1.0,0.0,1.0,0.0,-1.0,0.0,0.0,0.2748254366591849,0.0,0.3886956981530301,0.0
0.0,0.0,1.0,0.0,1.0,0.0,-1.0,0.0,0.0,0.27635490140899077,0.0,0.38807626492935876,0.0
0.0,0.0,1.0,0.0,1.0,0.0,-1.0,0.0,0.0,0.27788737681753767,0.0,0.38745561238889725,0.0
0.0,0.0,1.0,0.0,1.0,0.0,-1.0,0.0,0.0,0.27942284334440937,0.0,0.3868337484455142,0.0
0.0,0.0,1.0,0.0,1.0,0.0,-1.0,0.0,0.0,0.28096128138340976,0.0,0.38621068103971906,0.0
0.0,0.0,1.0,0.0,1.0,0.0,-1.0,0.0,0.0,0.28250267126305845,0.0,0.38558641813846134,0.0
0.0,0.0,1.0,0.0,1.0,0.0,-1.0,0.0,0.0,0.28404699324708416,0.0,0.38496096773493094,0.0
0.0,0.0,1.0,0.0,1.0,0.0,-1.0,0.0,0.0,0.2855942275349202,0.0,0.3843343378483573,0.0
0.0,0.0,1.0,0.0,1.0,0.0,-1.0,0.0,0.0,0.2871443542621988,0.0,0.3837065365238095,0.0
0.0,0.0,1.0,0.0,1.0,0.0,-1.0,0.0,0.0,0.28869735350124553,0.0,0.38307757183199553,0.0
0.0,0.0,1.0,0.0,1.0,0.0,-1.0,0.0,0.0,0.290253205261574,0.0,0.38244745186906254,0.0
0.0,0.0,1.0,0.0,1.0,0.0,-1.0,0.0,0.0,0.2918118894903802,0.0,0.381816184756396,0.0
0.0,0.0,1.0,0.0,1.0,0.0,-1.0,0.0,0.0,0.29337338607303776,0.0,0.3811837786404197,0.0
0.0,0.0,1.0,0.0,1.0,0.0,-1.0,0.0,0.0,0.2949376748335916,0.0,0.3805502416923954,0.0
0.0,0.0,1.0,0.0,1.0,0.0,-1.0,0.0,0.0,0.29650473553525386,0.0,0.3799155821082222,0.0
0.0,0.0,1.0,0.0,1.0,0.0,-1.0,0.0,0.0,0.29807454788089643,0.0,0.3792798081082369,0.0
0.0,0.0,1.0,0.0,1.0,0.0,-1.0,0.0,0.0,0.2996470915135476,0.0,0.3786429279370132,0.0
0.0,0.0,1.0,0.0,1.0,0.0,-1.0,0.0,0.0,0.3012223460168854,0.0,0.3780049498631614,0.0
0.0,0.0,1.0,0.0,1.0,0.0,-1.0,0.0,0.0,0.30280029091573263,0.0,0.37736588217912825,0.0
0.0,0.0,1.0,0.0,1.0,0.0,-1.0,0.0,0.0,0.30438090567655146,0.0,0.37672573320099667,0.0
0.0,0.0,1.0,0.0,1.0,0.0,-1.0,0.0,0.0,0.30596416970793777,0.0,0.3760845112682852,0.0
0.0,0.0,1.0,0.0,1.0,0.0,-1.0,0.0,0.0,0.30755006236111593,0.0,0.37544222474374805,0.0
0.0,0.0,1.0,0.0,1.0,0.0,-1.0,0.0,0.0,0.30913856293043346,0.0,0.37479888201317446,0.0
0.0,0.0,1.0,0.0,1.0,0.0,-1.0,0.0,0.0,0.31072965065385516,0.0,0.37415449148518864,0.0
0.0,0.0,1.0,0.0,1.0,0.0,-1.0,0.0,0.0,0.31232330471345826,0.0,0.3735090615910494,0.0
0.0,0.0,1.0,0.0,1.0,0.0,-1.0,0.0,0.0,0.3139195042359268,0.0,0.37286260078444966,0.0
0.0,0.0,1.0,0.0,1.0,0.0,-1.0,0.0,0.0,0.315518228293046,0.0,0.37221511754131636,0.0
0.0,0.0,1.0,0.0,1.0,0.0,-1.0,0.0,0.0,0.31711945590219714,0.0,0.3715666203596102,0.0
0.0,0.0,1.0,0.0,1.0,0.0,-1.0,0.0,0.0,0.31872316602685197,0.0,0.37091711775912495,0.0
0.0,0.0,1.0,0.0,1.0,0.0,-1.0,0.0,0.0,0.32032933757706716,0.0,0.3702666182812878,0.0
0.0,0.0,1.0,0.0,1.0,0.0,-1.0,0.0,0.0,0.32193794940997944,0.0,0.36961513048895833,0.0
0.0,0.0,1.0,0.0,1.0,0.0,-1.0,0.0,0.0,0.3235489803302995,0.0,0.3689626629662287,0.0
0.0,0.0,1.0,0.0,1.0,0.0,-1.0,0.0,0.0,0.32516240909080685,0.0,0.3683092243182232,0.0
0.0,0.0,1.0,0.0,1.0,0.0,-1.0,0.0,0.0,0.3267782143928449,0.0,0.3676548231708978,0.0
0.0,0.0,1.0,0.0,1.0,0.0,-1.0,0.0,0.0,0.32839637488681445,0.0,0.36699946817084017,0.0
0.0,0.0,1.0,0.0,1.0,0.0,-1.0,0.0,0.0,0.330016869172669,0.0,0.36634316798506905,0.0
0.0,0.0,1.0,0.0,1.0,0.0,-1.0,0.0,0.0,0.33163967580040965,0.0,0.36568593130083404,0.0
0.0,0.0,1.0,0.0,1.0,0.0,-1.0,0.0,0.0,0.3332647732705788,0.0,0.3650277668254156,0.0
0.0,0.0,1.0,0.0,1.0,0.0,-1.0,0.0,0.0,0.33489214003475554,0.0,0.364368683285924,0.0
0.0,0.0,1.0,0.0,1.0,0.0,-1.0,0.0,0.0,0.3365217544960495,0.0,0.36370868942909995,0.0
0.0,0.0,1.0,0.0,1.0,0.0,-1.0,0.0,0.0,0.33815359500959624,0.0,0.36304779402111353,0.0
0.0,0.0,1.0,0.0,1.0,0.0,-1.0,0.0,0.0,0.3397876398830511,0.0,0.3623860058473643,0.0
0.0,0.0,1.0,0.0,1.0,0.0,-1.0,0.0,0.0,0.3414238673770841,0.0,0.36172333371228094,0.0
0.0,0.0,1.0,0.0,1.0,0.0,-1.0,0.0,0.0,0.34306225570587456,0.0,0.3610597864391208,0.0
0.0,0.0,1.0,0.0,1.0,0.0,-1.0,0.0,0.0,0.3447027830376058,0.0,0.36039537286976964,0.0
0.0,0.0,1.0,0.0,1.0,0.0,-1.0,0.0,0.0,0.3463454274949595,0.0,0.35973010186454135,0.0
0.0,0.0,1.0,0.0,1.0,0.0,-1.0,0.0,0.0,0.34799016715560993,0.0,0.359063982301978,0.0
0.0,0.0,1.0,0.0,1.0,0.0,-1.0,0.0,0.0,0.34963698005271965,0.0,0.3583970230786485,0.0
0.0,0.0,1.0,0.0,1.0,0.0,-1.0,0.0,0.0,0.35128584417543257,0.0,0.3577292331089498,0.0
0.0,0.0,1.0,0.0,1.0,0.0,-1.0,0.0,0.0,0.35293673746937015,0.0,0.35706062132490507,0.0
0.0,0.0,1.0,0.0,1.0,0.0,-1.0,0.0,0.0,0.3545896378371245,0.0,0.3563911966759646,0.0
0.0,0.0,1.0,0.0,1.0,0.0,-1.0,0.0,0.0,0.3562445231387542,0.0,0.35572096812880455,0.0
0.0,0.0,1.0,0.0,1.0,0.0,-1.0,0.0,0.0,0.35790137119227805,0.0,0.35504994466712736,0.0
0.0,0.0,1.0,0.0,1.0,0.0,-1.0,0.0,0.0,0.3595601597741696,0.0,0.35437813529146134,0.0
0.0,0.0,1.0,0.0,1.0,0.0,-1.0,0.0,0.0,0.3612208666198527,0.0,0.3537055490189597,0.0
0.0,0.0,1.0,0.0,1.0,0.0,-1.0,0.0,0.0,0.36288346942419525,0.0,0.3530321948832009,0.0
0.0,0.0,1.0,0.0,1.0,0.0,-1.0,0.0,0.0,0.3645479458420037,0.0,0.35235808193398854,0.0
0.0,0.0,1.0,0.0,1.0,0.0,-1.0,0.0,0.0,0.36621427348851765,0.0,0.35168321923715035,0.0
0.0,0.0,1.0,0.0,1.0,0.0,-1.0,0.0,0.0,0.36788242993990605,0.0,0.35100761587433804,0.0
0.0,0.0,1.0,0.0,1.0,0.0,-1.0,0.0,0.0,0.3695523927337586,0.0,0.3503312809428277,0.0
0.0,0.0,1.0,0.0,1.0,0.0,-1.0,0.0,0.0,0.3712241393695833,0.0,0.3496542235553187,0.0
0.0,0.0,1.0,0.0,1.0,0.0,-1.0,0.0,0.0,0.37289764730929975,0.0,0.34897645283973355,0.0
0.0,0.0,1.0,0.0,1.0,0.0,-1.0,0.0,0.0,0.3745728939777334,0.0,0.34829797793901796,0.0
0.0,0.0,1.0,0.0,1.0,0.0,-1.0,0.0,0.0,0.37624985676311146,0.0,0.34761880801093986,0.0
0.0,0.0,1.0,0.0,1.0,0.0,-1.0,0.0,0.0,0.37792851301755576,0.0,0.3469389522278899,0.0
0.0,0.0,1.0,0.0,1.0,0.0,-1.0,0.0,0.0,0.3796088400575783,0.0,0.3462584197766808,0.0
0.0,0.0,1.0,0.0,1.0,0.0,-1.0,0.0,0.0,0.3812908151645764,0.0,0.34557721985834655,0.0
0.0,0.0,1.0,0.0,1.0,0.0,-1.0,0.0,0.0,0.38297441558532586,0.0,0.344895361687943,0.0
0.0,0.0,1.0,0.0,1.0,0.0,-1.0,0.0,0.0,0.38465961853247654,0.0,0.344212854494347,0.0
0.0,0.0,1.0,0.0,1.0,0.0,-1.0,0.0,0.0,0.38634640118504676,0.0,0.34352970752005607,0.0
0.0,0.0,1.0,0.0,1.0,0.0,-1.0,0.0,0.0,0.388034740688918,0.0,0.3428459300209882,0.0
0.0,0.0,1.0,0.0,1.0,0.0,-1.0,0.0,0.0,0.3897246141573293,0.0,0.3421615312662816,0.0
0.0,0.0,1.0,0.0,1.0,0.0,-1.0,0.0,0.0,0.39141599867137095,0.0,0.34147652053809474,0.0
0.0,0.0,1.0,0.0,1.0,0.0,-1.0,0.0,0.0,0.3931088712804811,0.0,0.34079090713140514,0.0
0.0,0.0,1.0,0.0,1.0,0.0,-1.0,0.0,0.0,0.39480320900293897,0.0,0.3401047003538097,0.0
0.0,0.0,1.0,0.0,1.0,0.0,-1.0,0.0,0.0,0.39649898882635887,0.0,0.33941790952532463,0.0
0.0,0.0,1.0,0.0,1.0,0.0,-1.0,0.0,0.0,0.39819618770818643,0.0,0.3387305439781845,0.0
0.0,0.0,1.0,0.0,1.0,0.0,-1.0,0.0,0.0,0.3998947825761924,0.0,0.33804261305664207,0.0
0.0,0.0,1.0,0.0,1.0,0.0,-1.0,0.0,0.0,0.40159475032896635,0.0,0.3373541261167686,0.0
0.0,0.0,1.0,0.0,1.0,0.0,-1.0,0.0,0.0,0.403296067836413,0.0,0.33666509252625276,0.0
0.0,0.0,1.0,0.0,1.0,0.0,-1.0,0.0,0.0,0.404998711940245,0.0,0.33597552166420075,0.0
0.0,0.0,1.0,0.0,1.0,0.0,-1.0,0.0,0.0,0.4067026594544789,0.0,0.335285422920936,0.0
0.0,0.0,1.0,0.0,1.0,0.0,-1.0,0.0,0.0,0.40840788716592946,0.0,0.33459480569779854,0.0
0.0,0.0,1.0,0.0,1.0,0.0,-1.0,0.0,0.0,0.4101143718347035,0.0,0.3339036794069451,0.0
0.0,0.0,1.0,0.0,1.0,0.0,-1.0,0.0,0.0,0.41182209019469485,0.0,0.3332120534711486,0.0
0.0,0.0,1.0,0.0,1.0,0.0,-1.0,0.0,0.0,0.41353101895407973,0.0,0.3325199373235977,0.0
0.0,0.0,1.0,0.0,1.0,0.0,-1.0,0.0,0.0,0.41524113479580993,0.0,0.33182734040769696,0.0
0.0,0.0,1.0,0.0,1.0,0.0,-1.0,0.0,0.0,0.4169524143781085,0.0,0.3311342721768661,0.0
0.0,0.0,1.0,0.0,1.0,0.0,-1.0,0.0,0.0,0.4186648343349642,0.0,0.3304407420943395,0.0
0.0,0.0,1.0,0.0,1.0,0.0,-1.0,0.0,0.0,0.42037837127662514,0.0,0.32974675963296685,0.0
0.0,0.0,1.0,0.0,1.0,0.0,-1.0,0.0,0.0,0.4220930017900946,0.0,0.3290523342750117,0.0
0.0,0.0,1.0,0.0,1.0,0.0,-1.0,0.0,0.0,0.42380870243962515,0.0,0.3283574755119518,0.0
0.0,0.0,1.0,0.0,1.0,0.0,-1.0,0.0,0.0,0.42552544976721224,0.0,0.327662192844279,0.0
0.0,0.0,1.0,0.0,1.0,0.0,-1.0,0.0,0.0,0.42724322029309114,0.0,0.3269664957812981,0.0
0.0,0.0,1.0,0.0,1.0,0.0,-1.0,0.0,0.0,0.42896199051622885,0.0,0.32627039384092726,0.0
0.0,0.0,1.0,0.0,1.0,0.0,-1.0,0.0,0.0,0.43068173691482037,0.0,0.32557389654949775,0.0
0.0,0.0,1.0,0.0,1.0,0.0,-1.0,0.0,0.0,0.43240243594678274,0.0,0.32487701344155295,0.0
0.0,0.0,1.0,0.0,1.0,0.0,-1.0,0.0,0.0,0.4341240640502503,0.0,0.3241797540596486,0.0
0.0,0.0,1.0,0.0,1.0,0.0,-1.0,0.0,0.0,0.43584659764406736,0.0,0.3234821279541527,0.0
0.0,0.0,1.0,0.0,1.0,0.0,-1.0,0.0,0.0,0.4375700131282856,0.0,0.32278414468304434,0.0
0.0,0.0,1.0,0.0,1.0,0.0,-1.0,0.0,0.0,0.439294286884656,0.0,0.3220858138117143,0.0
0.0,0.0,1.0,0.0,1.0,0.0,-1.0,0.0,0.0,0.44101939527712514,0.0,0.3213871449127643,0.0
0.0,0.0,1.0,0.0,1.0,0.0,-1.0,0.0,0.0,0.44274531465232914,0.0,0.32068814756580666,0.0
0.0,0.0,1.0,0.0,1.0,0.0,-1.0,0.0,0.0,0.4444720213400879,0.0,0.3199888313572644,0.0
0.0,0.0,1.0,0.0,1.0,0.0,-1.0,0.0,0.0,0.4461994916539009,0.0,0.3192892058801701,0.0
0.0,0.0,1.0,0.0,1.0,0.0,-1.0,0.0,0.0,0.44792770189144027,0.0,0.31858928073396664,0.0
0.0,0.0,1.0,0.0,1.0,0.0,-1.0,0.0,0.0,0.4496566283350463,0.0,0.31788906552430624,0.0
0.0,0.0,1.0,0.0,1.0,0.0,-1.0,0.0,0.0,0.45138624725222215,0.0,0.31718856986285004,0.0
0.0,0.0,1.0,0.0,1.0,0.0,-1.0,0.0,0.0,0.45311653489612763,0.0,0.3164878033670683,0.0
0.0,0.0,1.0,0.0,1.0,0.0,-1.0,0.0,0.0,0.45484746750607435,0.0,0.3157867756600399,0.0
0.0,0.0,1.0,0.0,1.0,0.0,-1.0,0.0,0.0,0.4565790213080203,0.0,0.31508549637025174,0.0
0.0,0.0,1.0,0.0,1.0,0.0,-1.0,0.0,0.0,0.45831117251506426,0.0,0.31438397513139893,0.0
0.0,0.0,1.0,0.0,1.0,0.0,-1.0,0.0,0.0,0.4600438973279406,0.0,0.31368222158218406,0.0
0.0,0.0,1.0,0.0,1.0,0.0,-1.0,0.0,0.0,0.4617771719355135,0.0,0.312980245366117,0.0
0.0,0.0,1.0,0.0,1.0,0.0,-1.0,0.0,0.0,0.4635109725152717,0.0,0.312278056131315,0.0
0.0,0.0,1.0,0.0,1.0,0.0,-1.0,0.0,0.0,0.4652452752338233,0.0,0.3115756635303015,0.0
0.0,0.0,1.0,0.0,1.0,0.0,-1.0,0.0,0.0,0.46698005624739025,0.0,0.31087307721980695,0.0
0.0,0.0,1.0,0.0,1.0,0.0,-1.0,0.0,0.0,0.46871529170230253,0.0,0.31017030686056746,0.0
0.0,0.0,1.0,0.0,1.0,0.0,-1.0,0.0,0.0,0.4704509577354935,0.0,0.3094673621171251,0.0
0.0,0.0,1.0,0.0,1.0,0.0,-1.0,0.0,0.0,0.47218703047499344,0.0,0.30876425265762764,0.0
0.0,0.0,1.0,0.0,1.0,0.0,-1.0,0.0,0.0,0.47392348604042533,0.0,0.3080609881536277,0.0
0.0,0.0,1.0,0.0,1.0,0.0,-1.0,0.0,0.0,0.47566030054349834,0.0,0.3073575782798832,0.0
0.0,0.0,1.0,0.0,1.0,0.0,-1.0,0.0,0.0,0.4773974500885035,0.0,0.3066540327141561,0.0
0.0,0.0,1.0,0.0,1.0,0.0,-1.0,0.0,0.0,0.47913491077280684,0.0,0.30595036113701324,0.0
0.0,0.0,1.0,0.0,1.0,0.0,-1.0,0.0,0.0,0.4808726586873456,0.0,0.305246573231625,0.0
0.0,0.0,1.0,0.0,1.0,0.0,-1.0,0.0,0.0,0.48261066991712187,0.0,0.30454267868356566,0.0
0.0,0.0,1.0,0.0,1.0,0.0,-1.0,0.0,0.0,0.484348920541697,0.0,0.3038386871806127,0.0
0.0,0.0,1.0,0.0,1.0,0.0,-1.0,0.0,0.0,0.48608738663568635,0.0,0.303134608412547,0.0
0.0,0.0,1.0,0.0,1.0,0.0,-1.0,0.0,0.0,0.4878260442692551,0.0,0.30243045207095165,0.0
0.0,0.0,1.0,0.0,1.0,0.0,-1.0,0.0,0.0,0.48956486950861045,0.0,0.30172622784901276,0.0
0.0,0.0,1.0,0.0,1.0,0.0,-1.0,0.0,0.0,0.4913038384164984,0.0,0.3010219454413181,0.0
0.0,0.0,1.0,0.0,1.0,0.0,-1.0,0.0,0.0,0.49304292705269737,0.0,0.3003176145436576,0.0
0.0,0.0,1.0,0.0,1.0,0.0,-1.0,0.0,0.0,0.4947821114745124,0.0,0.2996132448528225,0.0
0.0,0.0,1.0,0.0,1.0,0.0,-1.0,0.0,0.0,0.4965213677372706,0.0,0.2989088460664054,0.0
0.0,0.0,1.0,0.0,1.0,0.0,-1.0,0.0,0.0,0.49826067189481493,0.0,0.29820442788259993,0.0
0.0,0.0,1.0,0.0,1.0,0.0,-1.0,0.0,0.0,0.5,0.0,0.2975,0.0
0.0,0.0,1.0,0.0,1.0,0.0,-1.0,0.0,0.0,0.5017393281051848,0.0,0.29679557211740015,0.0
0.0,0.0,1.0,0.0,1.0,0.0,-1.0,0.0,0.0,0.5034786322627297,0.0,0.2960911539335944,0.0
0.0,0.0,1.0,0.0,1.0,0.0,-1.0,0.0,0.0,0.5052178885254877,0.0,0.2953867551471775,0.0
0.0,0.0,1.0,0.0,1.0,0.0,-1.0,0.0,0.0,0.5069570729473025,0.0,0.29468238545634245,0.0
0.0,0.0,1.0,0.0,1.0,0.0,-1.0,0.0,0.0,0.5086961615835015,0.0,0.29397805455868187,0.0
0.0,0.0,1.0,0.0,1.0,0.0,-1.0,0.0,0.0,0.5104351304913896,0.0,0.2932737721509872,0.0
0.0,0.0,1.0,0.0,1.0,0.0,-1.0,0.0,0.0,0.5121739557307451,0.0,0.2925695479290482,0.0
0.0,0.0,1.0,0.0,1.0,0.0,-1.0,0.0,0.0,0.5139126133643137,0.0,0.29186539158745295,0.0
0.0,0.0,1.0,0.0,1.0,0.0,-1.0,0.0,0.0,0.5156510794583031,0.0,0.29116131281938723,0.0
0.0,0.0,1.0,0.0,1.0,0.0,-1.0,0.0,0.0,0.5173893300828779,0.0,0.2904573213164344,0.0
0.0,0.0,1.0,0.0,1.0,0.0,-1.0,0.0,0.0,0.5191273413126543,0.0,0.289753426768375,0.0
0.0,0.0,1.0,0.0,1.0,0.0,-1.0,0.0,0.0,0.5208650892271931,0.0,0.2890496388629868,0.0
0.0,0.0,1.0,0.0,1.0,0.0,-1.0,0.0,0.0,0.5226025499114965,0.0,0.28834596728584394,0.0
0.0,0.0,1.0,0.0,1.0,0.0,-1.0,0.0,0.0,0.5243396994565013,0.0,0.287642421720117,0.0
0.0,0.0,1.0,0.0,1.0,0.0,-1.0,0.0,0.0,0.5260765139595743,0.0,0.2869390118463724,0.0
0.0,0.0,1.0,0.0,1.0,0.0,-1.0,0.0,0.0,0.5278129695250064,0.0,0.28623574734237234,0.0
0.0,0.0,1.0,0.0,1.0,0.0,-1.0,0.0,0.0,0.5295490422645064,0.0,0.28553263788287486,0.0
0.0,0.0,1.0,0.0,1.0,0.0,-1.0,0.0,0.0,0.5312847082976975,0.0,0.2848296931394325,0.0
0.0,0.0,1.0,0.0,1.0,0.0,-1.0,0.0,0.0,0.5330199437526093,0.0,0.28412692278019325,0.0
0.0,0.0,1.0,0.0,1.0,0.0,-1.0,0.0,0.0,0.5347547247661767,0.0,0.28342433646969845,0.0
0.0,0.0,1.0,0.0,1.0,0.0,-1.0,0.0,0.0,0.5364890274847282,0.0,0.2827219438686851,0.0
0.0,0.0,1.0,0.0,1.0,0.0,-1.0,0.0,0.0,0.5382228280644863,0.0,0.28201975463388307,0.0
0.0,0.0,1.0,0.0,1.0,0.0,-1.0,0.0,0.0,0.5399561026720591,0.0,0.281317778417816,0.0
0.0,0.0,1.0,0.0,1.0,0.0,-1.0,0.0,0.0,0.5416888274849354,0.0,0.28061602486860115,0.0
0.0,0.0,1.0,0.0,1.0,0.0,-1.0,0.0,0.0,0.5434209786919793,0.0,0.2799145036297484,0.0
0.0,0.0,1.0,0.0,1.0,0.0,-1.0,0.0,0.0,0.5451525324939253,0.0,0.27921322433996026,0.0
0.0,0.0,1.0,0.0,1.0,0.0,-1.0,0.0,0.0,0.5468834651038721,0.0,0.2785121966329318,0.0
0.0,0.0,1.0,0.0,1.0,0.0,-1.0,0.0,0.0,0.5486137527477775,0.0,0.27781143013715015,0.0
0.0,0.0,1.0,0.0,1.0,0.0,-1.0,0.0,0.0,0.5503433716649534,0.0,0.27711093447569385,0.0
0.0,0.0,1.0,0.0,1.0,0.0,-1.0,0.0,0.0,0.5520722981085596,0.0,0.27641071926603333,0.0
0.0,0.0,1.0,0.0,1.0,0.0,-1.0,0.0,0.0,0.5538005083460991,0.0,0.2757107941198299,0.0
0.0,0.0,1.0,0.0,1.0,0.0,-1.0,0.0,0.0,0.555527978659912,0.0,0.2750111686427356,0.0
0.0,0.0,1.0,0.0,1.0,0.0,-1.0,0.0,0.0,0.5572546853476708,0.0,0.2743118524341933,0.0
0.0,0.0,1.0,0.0,1.0,0.0,-1.0,0.0,0.0,0.5589806047228749,0.0,0.27361285508723565,0.0
0.0,0.0,1.0,0.0,1.0,0.0,-1.0,0.0,0.0,0.5607057131153439,0.0,0.27291418618828567,0.0
0.0,0.0,1.0,0.0,1.0,0.0,-1.0,0.0,0.0,0.5624299868717143,0.0,0.2722158553169557,0.0
0.0,0.0,1.0,0.0,1.0,0.0,-1.0,0.0,0.0,0.5641534023559323,0.0,0.27151787204584743,0.0
0.0,0.0,1.0,0.0,1.0,0.0,-1.0,0.0,0.0,0.5658759359497496,0.0,0.27082024594035137,0.0
0.0,0.0,1.0,0.0,1.0,0.0,-1.0,0.0,0.0,0.5675975640532169,0.0,0.27012298655844713,0.0
0.0,0.0,1.0,0.0,1.0,0.0,-1.0,0.0,0.0,0.5693182630851796,0.0,0.2694261034505022,0.0
0.0,0.0,1.0,0.0,1.0,0.0,-1.0,0.0,0.0,0.5710380094837711,0.0,0.2687296061590727,0.0
0.0,0.0,1.0,0.0,1.0,0.0,-1.0,0.0,0.0,0.5727567797069091,0.0,0.2680335042187018,0.0
0.0,0.0,1.0,0.0,1.0,0.0,-1.0,0.0,0.0,0.5744745502327874,0.0,0.2673378071557211,0.0
0.0,0.0,1.0,0.0,1.0,0.0,-1.0,0.0,0.0,0.5761912975603749,0.0,0.26664252448804815,0.0
0.0,0.0,1.0,0.0,1.0,0.0,-1.0,0.0,0.0,0.5779069982099052,0.0,0.2659476657249884,0.0
0.0,0.0,1.0,0.0,1.0,0.0,-1.0,0.0,0.0,0.5796216287233747,0.0,0.26525324036703324,0.0
0.0,0.0,1.0,0.0,1.0,0.0,-1.0,0.0,0.0,0.5813351656650356,0.0,0.2645592579056606,0.0
0.0,0.0,1.0,0.0,1.0,0.0,-1.0,0.0,0.0,0.5830475856218913,0.0,0.263865727823134,0.0
0.0,0.0,1.0,0.0,1.0,0.0,-1.0,0.0,0.0,0.5847588652041895,0.0,0.26317265959230324,0.0
0.0,0.0,1.0,0.0,1.0,0.0,-1.0,0.0,0.0,0.5864689810459204,0.0,0.2624800626764022,0.0
0.0,0.0,1.0,0.0,1.0,0.0,-1.0,0.0,0.0,0.5881779098053052,0.0,0.2617879465288514,0.0
0.0,0.0,1.0,0.0,1.0,0.0,-1.0,0.0,0.0,0.5898856281652964,0.0,0.26109632059305493,0.0
0.0,0.0,1.0,0.0,1.0,0.0,-1.0,0.0,0.0,0.5915921128340704,0.0,0.26040519430220144,0.0
0.0,0.0,1.0,0.0,1.0,0.0,-1.0,0.0,0.0,0.5932973405455206,0.0,0.2597145770790641,0.0
0.0,0.0,1.0,0.0,1.0,0.0,-1.0,0.0,0.0,0.5950012880597548,0.0,0.2590244783357993,0.0
0.0,0.0,1.0,0.0,1.0,0.0,-1.0,0.0,0.0,0.5967039321635872,0.0,0.2583349074737472,0.0
0.0,0.0,1.0,0.0,1.0,0.0,-1.0,0.0,0.0,0.5984052496710333,0.0,0.2576458738832315,0.0
0.0,0.0,1.0,0.0,1.0,0.0,-1.0,0.0,0.0,0.6001052174238075,0.0,0.2569573869433579,0.0
0.0,0.0,1.0,0.0,1.0,0.0,-1.0,0.0,0.0,0.6018038122918135,0.0,0.2562694560218155,0.0
0.0,0.0,1.0,0.0,1.0,0.0,-1.0,0.0,0.0,0.6035010111736412,0.0,0.2555820904746753,0.0
0.0,0.0,1.0,0.0,1.0,0.0,-1.0,0.0,0.0,0.6051967909970613,0.0,0.2548952996461902,0.0
0.0,0.0,1.0,0.0,1.0,0.0,-1.0,0.0,0.0,0.6068911287195189,0.0,0.25420909286859483,0.0
0.0,0.0,1.0,0.0,1.0,0.0,-1.0,0.0,0.0,0.6085840013286288,0.0,0.25352347946190534,0.0
0.0,0.0,1.0,0.0,1.0,0.0,-1.0,0.0,0.0,0.6102753858426709,0.0,0.2528384687337183,0.0
0.0,0.0,1.0,0.0,1.0,0.0,-1.0,0.0,0.0,0.6119652593110818,0.0,0.25215406997901185,0.0
0.0,0.0,1.0,0.0,1.0,0.0,-1.0,0.0,0.0,0.6136535988149531,0.0,0.251470292479944,0.0
0.0,0.0,1.0,0.0,1.0,0.0,-1.0,0.0,0.0,0.6153403814675237,0.0,0.2507871455056529,0.0
0.0,0.0,1.0,0.0,1.0,0.0,-1.0,0.0,0.0,0.6170255844146743,0.0,0.25010463831205687,0.0
0.0,0.0,1.0,0.0,1.0,0.0,-1.0,0.0,0.0,0.6187091848354238,0.0,0.24942278014165337,0.0
0.0,0.0,1.0,0.0,1.0,0.0,-1.0,0.0,0.0,0.6203911599424217,0.0,0.24874158022331921,0.0
0.0,0.0,1.0,0.0,1.0,0.0,-1.0,0.0,0.0,0.622071486982444,0.0,0.2480610477721102,0.0
0.0,0.0,1.0,0.0,1.0,0.0,-1.0,0.0,0.0,0.6237501432368884,0.0,0.24738119198906017,0.0
0.0,0.0,1.0,0.0,1.0,0.0,-1.0,0.0,0.0,0.6254271060222663,0.0,0.24670202206098213,0.0
0.0,0.0,1.0,0.0,1.0,0.0,-1.0,0.0,0.0,0.6271023526907004,0.0,0.24602354716026636,0.0
0.0,0.0,1.0,0.0,1.0,0.0,-1.0,0.0,0.0,0.6287758606304166,0.0,0.24534577644468125,0.0
0.0,0.0,1.0,0.0,1.0,0.0,-1.0,0.0,0.0,0.6304476072662412,0.0,0.2446687190571723,0.0
0.0,0.0,1.0,0.0,1.0,0.0,-1.0,0.0,0.0,0.6321175700600941,0.0,0.24399238412566188,0.0
0.0,0.0,1.0,0.0,1.0,0.0,-1.0,0.0,0.0,0.6337857265114821,0.0,0.24331678076284974,0.0
0.0,0.0,1.0,0.0,1.0,0.0,-1.0,0.0,0.0,0.635452054157996,0.0,0.2426419180660116,0.0
0.0,0.0,1.0,0.0,1.0,0.0,-1.0,0.0,0.0,0.6371165305758045,0.0,0.24196780511679916,0.0
0.0,0.0,1.0,0.0,1.0,0.0,-1.0,0.0,0.0,0.6387791333801468,0.0,0.24129445098104052,0.0
0.0,0.0,1.0,0.0,1.0,0.0,-1.0,0.0,0.0,0.64043984022583,0.0,0.24062186470853886,0.0
0.0,0.0,1.0,0.0,1.0,0.0,-1.0,0.0,0.0,0.6420986288077222,0.0,0.2399500553328725,0.0
0.0,0.0,1.0,0.0,1.0,0.0,-1.0,0.0,0.0,0.6437554768612452,0.0,0.23927903187119565,0.0
0.0,0.0,1.0,0.0,1.0,0.0,-1.0,0.0,0.0,0.6454103621628754,0.0,0.23860880332403545,0.0
0.0,0.0,1.0,0.0,1.0,0.0,-1.0,0.0,0.0,0.6470632625306298,0.0,0.2379393786750949,0.0
0.0,0.0,1.0,0.0,1.0,0.0,-1.0,0.0,0.0,0.6487141558245673,0.0,0.23727076689105026,0.0
0.0,0.0,1.0,0.0,1.0,0.0,-1.0,0.0,0.0,0.6503630199472803,0.0,0.23660297692135146,0.0
0.0,0.0,1.0,0.0,1.0,0.0,-1.0,0.0,0.0,0.65200983284439,0.0,0.23593601769802203,0.0
0.0,0.0,1.0,0.0,1.0,0.0,-1.0,0.0,0.0,0.6536545725050402,0.0,0.23526989813545868,0.0
0.0,0.0,1.0,0.0,1.0,0.0,-1.0,0.0,0.0,0.6552972169623941,0.0,0.2346046271302304,0.0
0.0,0.0,1.0,0.0,1.0,0.0,-1.0,0.0,0.0,0.6569377442941254,0.0,0.23394021356087918,0.0
0.0,0.0,1.0,0.0,1.0,0.0,-1.0,0.0,0.0,0.6585761326229155,0.0,0.2332766662877192,0.0
0.0,0.0,1.0,0.0,1.0,0.0,-1.0,0.0,0.0,0.660212360116949,0.0,0.23261399415263567,0.0
0.0,0.0,1.0,0.0,1.0,0.0,-1.0,0.0,0.0,0.6618464049904033,0.0,0.23195220597888666,0.0
0.0,0.0,1.0,0.0,1.0,0.0,-1.0,0.0,0.0,0.6634782455039506,0.0,0.23129131057089997,0.0
0.0,0.0,1.0,0.0,1.0,0.0,-1.0,0.0,0.0,0.6651078599652444,0.0,0.230631316714076,0.0
0.0,0.0,1.0,0.0,1.0,0.0,-1.0,0.0,0.0,0.6667352267294209,0.0,0.22997223317458454,0.0
0.0,0.0,1.0,0.0,1.0,0.0,-1.0,0.0,0.0,0.6683603241995902,0.0,0.22931406869916593,0.0
0.0,0.0,1.0,0.0,1.0,0.0,-1.0,0.0,0.0,0.6699831308273312,0.0,0.22865683201493087,0.0
0.0,0.0,1.0,0.0,1.0,0.0,-1.0,0.0,0.0,0.6716036251131855,0.0,0.22800053182915986,0.0
0.0,0.0,1.0,0.0,1.0,0.0,-1.0,0.0,0.0,0.673221785607155,0.0,0.2273451768291022,0.0
0.0,0.0,1.0,0.0,1.0,0.0,-1.0,0.0,0.0,0.674837590909193,0.0,0.2266907756817768,0.0
0.0,0.0,1.0,0.0,1.0,0.0,-1.0,0.0,0.0,0.6764510196697004,0.0,0.22603733703377132,0.0
0.0,0.0,1.0,0.0,1.0,0.0,-1.0,0.0,0.0,0.6780620505900204,0.0,0.2253848695110417,0.0
0.0,0.0,1.0,0.0,1.0,0.0,-1.0,0.0,0.0,0.6796706624229325,0.0,0.22473338171871232,0.0
0.0,0.0,1.0,0.0,1.0,0.0,-1.0,0.0,0.0,0.6812768339731483,0.0,0.22408288224087491,0.0
0.0,0.0,1.0,0.0,1.0,0.0,-1.0,0.0,0.0,0.6828805440978023,0.0,0.22343337964039006,0.0
0.0,0.0,1.0,0.0,1.0,0.0,-1.0,0.0,0.0,0.6844817717069538,0.0,0.22278488245868372,0.0
0.0,0.0,1.0,0.0,1.0,0.0,-1.0,0.0,0.0,0.6860804957640728,0.0,0.22213739921555048,0.0
0.0,0.0,1.0,0.0,1.0,0.0,-1.0,0.0,0.0,0.6876766952865414,0.0,0.22149093840895073,0.0
0.0,0.0,1.0,0.0,1.0,0.0,-1.0,0.0,0.0,0.6892703493461448,0.0,0.22084550851481133,0.0
0.0,0.0,1.0,0.0,1.0,0.0,-1.0,0.0,0.0,0.6908614370695663,0.0,0.22020111798682562,0.0
0.0,0.0,1.0,0.0,1.0,0.0,-1.0,0.0,0.0,0.6924499376388837,0.0,0.21955777525625209,0.0
0.0,0.0,1.0,0.0,1.0,0.0,-1.0,0.0,0.0,0.6940358302920622,0.0,0.2189154887317148,0.0
0.0,0.0,1.0,0.0,1.0,0.0,-1.0,0.0,0.0,0.6956190943234485,0.0,0.21827426679900336,0.0
0.0,0.0,1.0,0.0,1.0,0.0,-1.0,0.0,0.0,0.6971997090842675,0.0,0.2176341178208716,0.0
0.0,0.0,1.0,0.0,1.0,0.0,-1.0,0.0,0.0,0.6987776539831145,0.0,0.21699505013683862,0.0
0.0,0.0,1.0,0.0,1.0,0.0,-1.0,0.0,0.0,0.7003529084864519,0.0,0.21635707206298693,0.0
0.0,0.0,1.0,0.0,1.0,0.0,-1.0,0.0,0.0,0.7019254521191036,0.0,0.215720191891763,0.0
0.0,0.0,1.0,0.0,1.0,0.0,-1.0,0.0,0.0,0.7034952644647462,0.0,0.2150844178917778,0.0
0.0,0.0,1.0,0.0,1.0,0.0,-1.0,0.0,0.0,0.705062325166408,0.0,0.21444975830760477,0.0
0.0,0.0,1.0,0.0,1.0,0.0,-1.0,0.0,0.0,0.7066266139269619,0.0,0.2138162213595804,0.0
0.0,0.0,1.0,0.0,1.0,0.0,-1.0,0.0,0.0,0.7081881105096196,0.0,0.21318381524360402,0.0
0.0,0.0,1.0,0.0,1.0,0.0,-1.0,0.0,0.0,0.7097467947384257,0.0,0.21255254813093755,0.0
0.0,0.0,1.0,0.0,1.0,0.0,-1.0,0.0,0.0,0.7113026464987545,0.0,0.21192242816800438,0.0
0.0,0.0,1.0,0.0,1.0,0.0,-1.0,0.0,0.0,0.7128556457378012,0.0,0.2112934634761905,0.0
0.0,0.0,1.0,0.0,1.0,0.0,-1.0,0.0,0.0,0.7144057724650795,0.0,0.21066566215164279,0.0
0.0,0.0,1.0,0.0,1.0,0.0,-1.0,0.0,0.0,0.7159530067529158,0.0,0.21003903226506904,0.0
0.0,0.0,1.0,0.0,1.0,0.0,-1.0,0.0,0.0,0.7174973287369415,0.0,0.2094135818615387,0.0
0.0,0.0,1.0,0.0,1.0,0.0,-1.0,0.0,0.0,0.7190387186165899,0.0,0.20878931896028108,0.0
0.0,0.0,1.0,0.0,1.0,0.0,-1.0,0.0,0.0,0.7205771566555905,0.0,0.20816625155448581,0.0
0.0,0.0,1.0,0.0,1.0,0.0,-1.0,0.0,0.0,0.7221126231824617,0.0,0.207544387611103,0.0
0.0,0.0,1.0,0.0,1.0,0.0,-1.0,0.0,0.0,0.7236450985910092,0.0,0.20692373507064127,0.0
0.0,0.0,1.0,0.0,1.0,0.0,-1.0,0.0,0.0,0.7251745633408148,0.0,0.20630430184697002,0.0
0.0,0.0,1.0,0.0,1.0,0.0,-1.0,0.0,0.0,0.7267009979577375,0.0,0.20568609582711633,0.0
0.0,0.0,1.0,0.0,1.0,0.0,-1.0,0.0,0.0,0.7282243830344028,0.0,0.20506912487106682,0.0
0.0,0.0,1.0,0.0,1.0,0.0,-1.0,0.0,0.0,0.7297446992307004,0.0,0.20445339681156632,0.0
0.0,0.0,1.0,0.0,1.0,0.0,-1.0,0.0,0.0,0.7312619272742775,0.0,0.20383891945391758,0.0
0.0,0.0,1.0,0.0,1.0,0.0,-1.0,0.0,0.0,0.7327760479610341,0.0,0.20322570057578115,0.0
0.0,0.0,1.0,0.0,1.0,0.0,-1.0,0.0,0.0,0.7342870421556168,0.0,0.20261374792697517,0.0
0.0,0.0,1.0,0.0,1.0,0.0,-1.0,0.0,0.0,0.7357948907919138,0.0,0.20200306922927486,0.0
0.0,0.0,1.0,0.0,1.0,0.0,-1.0,0.0,0.0,0.7372995748735495,0.0,0.20139367217621246,0.0
0.0,0.0,1.0,0.0,1.0,0.0,-1.0,0.0,0.0,0.738801075474378,0.0,0.20078556443287687,0.0
0.0,0.0,1.0,0.0,1.0,0.0,-1.0,0.0,0.0,0.7402993737389814,0.0,0.20017875363571253,0.0
0.0,0.0,1.0,0.0,1.0,0.0,-1.0,0.0,0.0,0.7417944508831573,0.0,0.19957324739232124,0.0
0.0,0.0,1.0,0.0,1.0,0.0,-1.0,0.0,0.0,0.7432862881944224,0.0,0.1989690532812589,0.0
0.0,0.0,1.0,0.0,1.0,0.0,-1.0,0.0,0.0,0.7447748670325003,0.0,0.19836617885183738,0.0
0.0,0.0,1.0,0.0,1.0,0.0,-1.0,0.0,0.0,0.7462601688298174,0.0,0.19776463162392394,0.0
0.0,0.0,1.0,0.0,1.0,0.0,-1.0,0.0,0.0,0.7477421750919995,0.0,0.19716441908774018,0.0
0.0,0.0,1.0,0.0,1.0,0.0,-1.0,0.0,0.0,0.7492208673983648,0.0,0.19656554870366222,0.0
0.0,0.0,1.0,0.0,1.0,0.0,-1.0,0.0,0.0,0.7506962274024189,0.0,0.19596802790202034,0.0
0.0,0.0,1.0,0.0,1.0,0.0,-1.0,0.0,0.0,0.7521682368323502,0.0,0.19537186408289814,0.0
0.0,0.0,1.0,0.0,1.0,0.0,-1.0,0.0,0.0,0.7536368774915212,0.0,0.19477706461593391,0.0
0.0,0.0,1.0,0.0,1.0,0.0,-1.0,0.0,0.0,0.7551021312589682,0.0,0.19418363684011786,0.0
0.0,0.0,1.0,0.0,1.0,0.0,-1.0,0.0,0.0,0.7565639800898929,0.0,0.19359158806359333,0.0
0.0,0.0,1.0,0.0,1.0,0.0,-1.0,0.0,0.0,0.7580224060161542,0.0,0.1930009255634575,0.0
0.0,0.0,1.0,0.0,1.0,0.0,-1.0,0.0,0.0,0.7594773911467698,0.0,0.1924116565855582,0.0
0.0,0.0,1.0,0.0,1.0,0.0,-1.0,0.0,0.0,0.7609289176684058,0.0,0.19182378834429564,0.0
0.0,0.0,1.0,0.0,1.0,0.0,-1.0,0.0,0.0,0.7623769678458698,0.0,0.19123732802242271,0.0
0.0,0.0,1.0,0.0,1.0,0.0,-1.0,0.0,0.0,0.7638215240226116,0.0,0.19065228277084229,0.0
0.0,0.0,1.0,0.0,1.0,0.0,-1.0,0.0,0.0,0.7652625686212118,0.0,0.1900686597084092,0.0
0.0,0.0,1.0,0.0,1.0,0.0,-1.0,0.0,0.0,0.7667000841438789,0.0,0.18948646592172902,0.0
0.0,0.0,1.0,0.0,1.0,0.0,-1.0,0.0,0.0,0.768134053172946,0.0,0.18890570846495686,0.0
0.0,0.0,1.0,0.0,1.0,0.0,-1.0,0.0,0.0,0.7695644583713601,0.0,0.18832639435959914,0.0
0.0,0.0,1.0,0.0,1.0,0.0,-1.0,0.0,0.0,0.770991282483181,0.0,0.18774853059431168,0.0
0.0,0.0,1.0,0.0,1.0,0.0,-1.0,0.0,0.0,0.7724145083340761,0.0,0.18717212412469914,0.0
0.0,0.0,1.0,0.0,1.0,0.0,-1.0,0.0,0.0,0.7738341188318107,0.0,0.18659718187311664,0.0
0.0,0.0,1.0,0.0,1.0,0.0,-1.0,0.0,0.0,0.7752500969667471,0.0,0.1860237107284674,0.0
0.0,0.0,1.0,0.0,1.0,0.0,-1.0,0.0,0.0,0.7766624258123375,0.0,0.18545171754600331,0.0
0.0,0.0,1.0,0.0,1.0,0.0,-1.0,0.0,0.0,0.7780710885256176,0.0,0.18488120914712486,0.0
0.0,0.0,1.0,0.0,1.0,0.0,-1.0,0.0,0.0,0.7794760683477038,0.0,0.18431219231917995,0.0
0.0,0.0,1.0,0.0,1.0,0.0,-1.0,0.0,0.0,0.7808773486042839,0.0,0.183744673815265,0.0
0.0,0.0,1.0,0.0,1.0,0.0,-1.0,0.0,0.0,0.7822749127061153,0.0,0.1831786603540233,0.0
0.0,0.0,1.0,0.0,1.0,0.0,-1.0,0.0,0.0,0.7836687441495174,0.0,0.18261415861944547,0.0
0.0,0.0,1.0,0.0,1.0,0.0,-1.0,0.0,0.0,0.7850588265168674,0.0,0.18205117526066866,0.0
0.0,0.0,1.0,0.0,1.0,0.0,-1.0,0.0,0.0,0.7864451434770949,0.0,0.1814897168917765,0.0
0.0,0.0,1.0,0.0,1.0,0.0,-1.0,0.0,0.0,0.7878276787861753,0.0,0.18092979009159899,0.0
0.0,0.0,1.0,0.0,1.0,0.0,-1.0,0.0,0.0,0.7892064162876251,0.0,0.18037140140351182,0.0
0.0,0.0,1.0,0.0,1.0,0.0,-1.0,0.0,0.0,0.7905813399129967,0.0,0.17981455733523632,0.0
0.0,0.0,1.0,0.0,1.0,0.0,-1.0,0.0,0.0,0.791952433682373,0.0,0.17925926435863893,0.0
0.0,0.0,1.0,0.0,1.0,0.0,-1.0,0.0,0.0,0.7933196817048609,0.0,0.17870552890953134,0.0
0.0,0.0,1.0,0.0,1.0,0.0,-1.0,0.0,0.0,0.7946830681790873,0.0,0.17815335738746962,0.0
0.0,0.0,1.0,0.0,1.0,0.0,-1.0,0.0,0.0,0.7960425773936934,0.0,0.17760275615555415,0.0
0.0,0.0,1.0,0.0,1.0,0.0,-1.0,0.0,0.0,0.7973981937278283,0.0,0.17705373154022952,0.0
0.0,0.0,1.0,0.0,1.0,0.0,-1.0,0.0,0.0,0.7987499016516458,0.0,0.1765062898310834,0.0
0.0,0.0,1.0,0.0,1.0,0.0,-1.0,0.0,0.0,0.8000976857267945,0.0,0.1759604372806482,0.0
0.0,0.0,1.0,0.0,1.0,0.0,-1.0,0.0,0.0,0.8014415306069178,0.0,0.1754161801041983,0.0
0.0,0.0,1.0,0.0,1.0,0.0,-1.0,0.0,0.0,0.8027814210381463,0.0,0.17487352447955073,0.0
0.0,0.0,1.0,0.0,1.0,0.0,-1.0,0.0,0.0,0.8041173418595897,0.0,0.17433247654686612,0.0
0.0,0.0,1.0,0.0,1.0,0.0,-1.0,0.0,0.0,0.8054492780038355,0.0,0.17379304240844662,0.0
0.0,0.0,1.0,0.0,1.0,0.0,-1.0,0.0,0.0,0.8067772144974419,0.0,0.173255228128536,0.0
0.0,0.0,1.0,0.0,1.0,0.0,-1.0,0.0,0.0,0.8081011364614323,0.0,0.17271903973311986,0.0
0.0,0.0,1.0,0.0,1.0,0.0,-1.0,0.0,0.0,0.8094210291117893,0.0,0.17218448320972535,0.0
0.0,0.0,1.0,0.0,1.0,0.0,-1.0,0.0,0.0,0.81073687775995,0.0,0.17165156450722024,0.0
0.0,0.0,1.0,0.0,1.0,0.0,-1.0,0.0,0.0,0.8120486678133013,0.0,0.17112028953561292,0.0
0.0,0.0,1.0,0.0,1.0,0.0,-1.0,0.0,0.0,0.8133563847756724,0.0,0.17059066416585267,0.0
0.0,0.0,1.0,0.0,1.0,0.0,-1.0,0.0,0.0,0.8146600142478322,0.0,0.17006269422962794,0.0
0.0,0.0,1.0,0.0,1.0,0.0,-1.0,0.0,0.0,0.8159595419279804,0.0,0.16953638551916794,0.0
0.0,0.0,1.0,0.0,1.0,0.0,-1.0,0.0,0.0,0.8172549536122469,0.0,0.16901174378703998,0.0
0.0,0.0,1.0,0.0,1.0,0.0,-1.0,0.0,0.0,0.8185462351951798,0.0,0.1684887747459522,0.0
0.0,0.0,1.0,0.0,1.0,0.0,-1.0,0.0,0.0,0.8198333726702477,0.0,0.16796748406854967,0.0
0.0,0.0,1.0,0.0,1.0,0.0,-1.0,0.0,0.0,0.821116352130326,0.0,0.16744787738721795,0.0
0.0,0.0,1.0,0.0,1.0,0.0,-1.0,0.0,0.0,0.8223951597681993,0.0,0.16692996029387924,0.0
0.0,0.0,1.0,0.0,1.0,0.0,-1.0,0.0,0.0,0.8236697818770504,0.0,0.16641373833979456,0.0
0.0,0.0,1.0,0.0,1.0,0.0,-1.0,0.0,0.0,0.8249402048509589,0.0,0.16589921703536165,0.0
0.0,0.0,1.0,0.0,1.0,0.0,-1.0,0.0,0.0,0.8262064151853905,0.0,0.16538640184991682,0.0
0.0,0.0,1.0,0.0,1.0,0.0,-1.0,0.0,0.0,0.8274683994776988,0.0,0.16487529821153196,0.0
0.0,0.0,1.0,0.0,1.0,0.0,-1.0,0.0,0.0,0.828726144427613,0.0,0.16436591150681668,0.0
0.0,0.0,1.0,0.0,1.0,0.0,-1.0,0.0,0.0,0.8299796368377372,0.0,0.1638582470807164,0.0
0.0,0.0,1.0,0.0,1.0,0.0,-1.0,0.0,0.0,0.8312288636140412,0.0,0.16335231023631325,0.0
0.0,0.0,1.0,0.0,1.0,0.0,-1.0,0.0,0.0,0.8324738117663601,0.0,0.1628481062346241,0.0
0.0,0.0,1.0,0.0,1.0,0.0,-1.0,0.0,0.0,0.8337144684088826,0.0,0.16234564029440252,0.0
0.0,0.0,1.0,0.0,1.0,0.0,-1.0,0.0,0.0,0.8349508207606524,0.0,0.16184491759193576,0.0
0.0,0.0,1.0,0.0,1.0,0.0,-1.0,0.0,0.0,0.8361828561460567,0.0,0.161345943260847,0.0
0.0,0.0,1.0,0.0,1.0,0.0,-1.0,0.0,0.0,0.8374105619953223,0.0,0.16084872239189446,0.0
0.0,0.0,1.0,0.0,1.0,0.0,-1.0,0.0,0.0,0.8386339258450155,0.0,0.16035326003276867,0.0
0.0,0.0,1.0,0.0,1.0,0.0,-1.0,0.0,0.0,0.8398529353385282,0.0,0.15985956118789607,0.0
0.0,0.0,1.0,0.0,1.0,0.0,-1.0,0.0,0.0,0.8410675782265784,0.0,0.15936763081823574,0.0
0.0,0.0,1.0,0.0,1.0,0.0,-1.0,0.0,0.0,0.8422778423677042,0.0,0.15887747384107975,0.0
0.0,0.0,1.0,0.0,1.0,0.0,-1.0,0.0,0.0,0.8434837157287547,0.0,0.15838909512985433,0.0
0.0,0.0,1.0,0.0,1.0,0.0,-1.0,0.0,0.0,0.8446851863853899,0.0,0.15790249951391705,0.0
0.0,0.0,1.0,0.0,1.0,0.0,-1.0,0.0,0.0,0.84588224252257,0.0,0.15741769177835913,0.0
0.0,0.0,1.0,0.0,1.0,0.0,-1.0,0.0,0.0,0.8470748724350541,0.0,0.15693467666380306,0.0
0.0,0.0,1.0,0.0,1.0,0.0,-1.0,0.0,0.0,0.8482630645278924,0.0,0.1564534588662036,0.0
0.0,0.0,1.0,0.0,1.0,0.0,-1.0,0.0,0.0,0.8494468073169217,0.0,0.1559740430366467,0.0
0.0,0.0,1.0,0.0,1.0,0.0,-1.0,0.0,0.0,0.8506260894292612,0.0,0.1554964337811492,0.0
0.0,0.0,1.0,0.0,1.0,0.0,-1.0,0.0,0.0,0.8518008996038029,0.0,0.15502063566045982,0.0
0.0,0.0,1.0,0.0,1.0,0.0,-1.0,0.0,0.0,0.852971226691712,0.0,0.1545466531898566,0.0
0.0,0.0,1.0,0.0,1.0,0.0,-1.0,0.0,0.0,0.8541370596569167,0.0,0.15407449083894875,0.0
0.0,0.0,1.0,0.0,1.0,0.0,-1.0,0.0,0.0,0.8552983875766051,0.0,0.1536041530314749,0.0
0.0,0.0,1.0,0.0,1.0,0.0,-1.0,0.0,0.0,0.8564551996417191,0.0,0.15313564414510372,0.0
0.0,0.0,1.0,0.0,1.0,0.0,-1.0,0.0,0.0,0.8576074851574491,0.0,0.15266896851123307,0.0
0.0,0.0,1.0,0.0,1.0,0.0,-1.0,0.0,0.0,0.8587552335437292,0.0,0.15220413041478964,0.0
0.0,0.0,1.0,0.0,1.0,0.0,-1.0,0.0,0.0,0.8598984343357299,0.0,0.1517411340940294,0.0
0.0,0.0,1.0,0.0,1.0,0.0,-1.0,0.0,0.0,0.8610370771843554,0.0,0.15127998374033602,0.0
0.0,0.0,1.0,0.0,1.0,0.0,-1.0,0.0,0.0,0.862171151856737,0.0,0.15082068349802152,0.0
0.0,0.0,1.0,0.0,1.0,0.0,-1.0,0.0,0.0,0.8633006482367254,0.0,0.15036323746412622,0.0
0.0,0.0,1.0,0.0,1.0,0.0,-1.0,0.0,0.0,0.86442555632539,0.0,0.14990764968821702,0.0
0.0,0.0,1.0,0.0,1.0,0.0,-1.0,0.0,0.0,0.8655458662415083,0.0,0.1494539241721891,0.0
0.0,0.0,1.0,0.0,1.0,0.0,-1.0,0.0,0.0,0.8666615682220651,0.0,0.14900206487006362,0.0
0.0,0.0,1.0,0.0,1.0,0.0,-1.0,0.0,0.0,0.8677726526227434,0.0,0.1485520756877889,0.0
0.0,0.0,1.0,0.0,1.0,0.0,-1.0,0.0,0.0,0.8688791099184219,0.0,0.14810396048303914,0.0
0.0,0.0,1.0,0.0,1.0,0.0,-1.0,0.0,0.0,0.8699809307036659,0.0,0.1476577230650153,0.0
0.0,0.0,1.0,0.0,1.0,0.0,-1.0,0.0,0.0,0.8710781056932282,0.0,0.14721336719424255,0.0
0.0,0.0,1.0,0.0,1.0,0.0,-1.0,0.0,0.0,0.872170625722535,0.0,0.1467708965823733,0.0
0.0,0.0,1.0,0.0,1.0,0.0,-1.0,0.0,0.0,0.8732584817481894,0.0,0.14633031489198328,0.0
0.0,0.0,1.0,0.0,1.0,0.0,-1.0,0.0,0.0,0.8743416648484605,0.0,0.14589162573637343,0.0
0.0,0.0,1.0,0.0,1.0,0.0,-1.0,0.0,0.0,0.8754201662237753,0.0,0.14545483267937098,0.0
0.0,0.0,1.0,0.0,1.0,0.0,-1.0,0.0,0.0,0.8764939771972262,0.0,0.14501993923512335,0.0
0.0,0.0,1.0,0.0,1.0,0.0,-1.0,0.0,0.0,0.8775630892150463,0.0,0.14458694886790618,0.0
0.0,0.0,1.0,0.0,1.0,0.0,-1.0,0.0,0.0,0.8786274938471208,0.0,0.14415586499191607,0.0
0.0,0.0,1.0,0.0,1.0,0.0,-1.0,0.0,0.0,0.8796871827874733,0.0,0.14372669097107332,0.0
0.0,0.0,1.0,0.0,1.0,0.0,-1.0,0.0,0.0,0.8807421478547632,0.0,0.14329943011882085,0.0
0.0,0.0,1.0,0.0,1.0,0.0,-1.0,0.0,0.0,0.8817923809927772,0.0,0.1428740856979252,0.0
0.0,0.0,1.0,0.0,1.0,0.0,-1.0,0.0,0.0,0.882837874270928,0.0,0.14245066092027414,0.0
0.0,0.0,1.0,0.0,1.0,0.0,-1.0,0.0,0.0,0.8838786198847455,0.0,0.14202915894667806,0.0
0.0,0.0,1.0,0.0,1.0,0.0,-1.0,0.0,0.0,0.8849146101563727,0.0,0.14160958288666903,0.0
0.0,0.0,1.0,0.0,1.0,0.0,-1.0,0.0,0.0,0.8859458375350615,0.0,0.14119193579830008,0.0
0.0,0.0,1.0,0.0,1.0,0.0,-1.0,0.0,0.0,0.8869722945976644,0.0,0.14077622068794593,0.0
0.0,0.0,1.0,0.0,1.0,0.0,-1.0,0.0,0.0,0.8879939740491323,0.0,0.14036244051010138,0.0
0.0,0.0,1.0,0.0,1.0,0.0,-1.0,0.0,0.0,0.8890108687230072,0.0,0.13995059816718208,0.0
0.0,0.0,1.0,0.0,1.0,0.0,-1.0,0.0,0.0,0.8900229715819175,0.0,0.13954069650932338,0.0
0.0,0.0,1.0,0.0,1.0,0.0,-1.0,0.0,0.0,0.8910302757180686,0.0,0.13913273833418222,0.0
0.0,0.0,1.0,0.0,1.0,0.0,-1.0,0.0,0.0,0.892032774353746,0.0,0.1387267263867329,0.0
0.0,0.0,1.0,0.0,1.0,0.0,-1.0,0.0,0.0,0.8930304608418018,0.0,0.13832266335907023,0.0
0.0,0.0,1.0,0.0,1.0,0.0,-1.0,0.0,0.0,0.894023328666155,0.0,0.1379205518902072,0.0
0.0,0.0,1.0,0.0,1.0,0.0,-1.0,0.0,0.0,0.8950113714422827,0.0,0.1375203945658755,0.0
0.0,0.0,1.0,0.0,1.0,0.0,-1.0,0.0,0.0,0.8959945829177123,0.0,0.13712219391832653,0.0
0.0,0.0,1.0,0.0,1.0,0.0,-1.0,0.0,0.0,0.8969729569725242,0.0,0.13672595242612767,0.0
0.0,0.0,1.0,0.0,1.0,0.0,-1.0,0.0,0.0,0.897946487619838,0.0,0.1363316725139656,0.0
0.0,0.0,1.0,0.0,1.0,0.0,-1.0,0.0,0.0,0.8989151690063131,0.0,0.13593935655244316,0.0
0.0,0.0,1.0,0.0,1.0,0.0,-1.0,0.0,0.0,0.8998789954126367,0.0,0.13554900685788213,0.0
0.0,0.0,1.0,0.0,1.0,0.0,-1.0,0.0,0.0,0.9008379612540269,0.0,0.13516062569211906,0.0
0.0,0.0,1.0,0.0,1.0,0.0,-1.0,0.0,0.0,0.9017920610807222,0.0,0.13477421526230748,0.0
0.0,0.0,1.0,0.0,1.0,0.0,-1.0,0.0,0.0,0.9027412895784725,0.0,0.13438977772071858,0.0
0.0,0.0,1.0,0.0,1.0,0.0,-1.0,0.0,0.0,0.903685641569044,0.0,0.13400731516453718,0.0
0.0,0.0,1.0,0.0,1.0,0.0,-1.0,0.0,0.0,0.9046251120107018,0.0,0.13362682963566574,0.0
0.0,0.0,1.0,0.0,1.0,0.0,-1.0,0.0,0.0,0.9055596959987153,0.0,0.13324832312052026,0.0
0.0,0.0,1.0,0.0,1.0,0.0,-1.0,0.0,0.0,0.9064893887658441,0.0,0.13287179754983314,0.0
0.0,0.0,1.0,0.0,1.0,0.0,-1.0,0.0,0.0,0.9074141856828386,0.0,0.13249725479845031,0.0
0.0,0.0,1.0,0.0,1.0,0.0,-1.0,0.0,0.0,0.9083340822589303,0.0,0.1321246966851332,0.0
0.0,0.0,1.0,0.0,1.0,0.0,-1.0,0.0,0.0,0.9092490741423311,0.0,0.1317541249723559,0.0
0.0,0.0,1.0,0.0,1.0,0.0,-1.0,0.0,0.0,0.9101591571207241,0.0,0.1313855413661067,0.0
0.0,0.0,1.0,0.0,1.0,0.0,-1.0,0.0,0.0,0.9110643271217551,0.0,0.13101894751568915,0.0
0.0,0.0,1.0,0.0,1.0,0.0,-1.0,0.0,0.0,0.911964580213539,0.0,0.1306543450135167,0.0
0.0,0.0,1.0,0.0,1.0,0.0,-1.0,0.0,0.0,0.9128599126051404,0.0,0.13029173539491812,0.0
0.0,0.0,1.0,0.0,1.0,0.0,-1.0,0.0,0.0,0.9137503206470778,0.0,0.12993112013793345,0.0
0.0,0.0,1.0,0.0,1.0,0.0,-1.0,0.0,0.0,0.914635800831813,0.0,0.1295725006631157,0.0
0.0,0.0,1.0,0.0,1.0,0.0,-1.0,0.0,0.0,0.9155163497942489,0.0,0.12921587833332915,0.0
0.0,0.0,1.0,0.0,1.0,0.0,-1.0,0.0,0.0,0.9163919643122207,0.0,0.12886125445355057,0.0
0.0,0.0,1.0,0.0,1.0,0.0,-1.0,0.0,0.0,0.9172626413069946,0.0,0.12850863027066717,0.0
0.0,0.0,1.0,0.0,1.0,0.0,-1.0,0.0,0.0,0.918128377843761,0.0,0.12815800697327678,0.0
0.0,0.0,1.0,0.0,1.0,0.0,-1.0,0.0,0.0,0.9189891711321256,0.0,0.12780938569148909,0.0
0.0,0.0,1.0,0.0,1.0,0.0,-1.0,0.0,0.0,0.9198450185266078,0.0,0.1274627674967238,0.0
0.0,0.0,1.0,0.0,1.0,0.0,-1.0,0.0,0.0,0.9206959175271372,0.0,0.1271181534015094,0.0
0.0,0.0,1.0,0.0,1.0,0.0,-1.0,0.0,0.0,0.9215418657795396,0.0,0.12677554435928645,0.0
0.0,0.0,1.0,0.0,1.0,0.0,-1.0,0.0,0.0,0.9223828610760418,0.0,0.12643494126420302,0.0
0.0,0.0,1.0,0.0,1.0,0.0,-1.0,0.0,0.0,0.9232189013557579,0.0,0.12609634495091804,0.0
0.0,0.0,1.0,0.0,1.0,0.0,-1.0,0.0,0.0,0.9240499847051926,0.0,0.12575975619439694,0.0
0.0,0.0,1.0,0.0,1.0,0.0,-1.0,0.0,0.0,0.9248761093587263,0.0,0.12542517570971579,0.0
0.0,0.0,1.0,0.0,1.0,0.0,-1.0,0.0,0.0,0.9256972736991154,0.0,0.12509260415185824,0.0
0.0,0.0,1.0,0.0,1.0,0.0,-1.0,0.0,0.0,0.9265134762579872,0.0,0.12476204211551517,0.0
0.0,0.0,1.0,0.0,1.0,0.0,-1.0,0.0,0.0,0.9273247157163296,0.0,0.12443349013488647,0.0
0.0,0.0,1.0,0.0,1.0,0.0,-1.0,0.0,0.0,0.9281309909049917,0.0,0.12410694868347832,0.0
0.0,0.0,1.0,0.0,1.0,0.0,-1.0,0.0,0.0,0.9289323008051769,0.0,0.12378241817390334,0.0
0.0,0.0,1.0,0.0,1.0,0.0,-1.0,0.0,0.0,0.9297286445489301,0.0,0.12345989895768328,0.0
0.0,0.0,1.0,0.0,1.0,0.0,-1.0,0.0,0.0,0.9305200214196467,0.0,0.12313939132504303,0.0
0.0,0.0,1.0,0.0,1.0,0.0,-1.0,0.0,0.0,0.9313064308525523,0.0,0.12282089550471631,0.0
0.0,0.0,1.0,0.0,1.0,0.0,-1.0,0.0,0.0,0.9320878724352069,0.0,0.12250441166374121,0.0
0.0,0.0,1.0,0.0,1.0,0.0,-1.0,0.0,0.0,0.9328643459079959,0.0,0.12218993990726162,0.0
0.0,0.0,1.0,0.0,1.0,0.0,-1.0,0.0,0.0,0.9336358511646263,0.0,0.12187748027832629,0.0
0.0,0.0,1.0,0.0,1.0,0.0,-1.0,0.0,0.0,0.934402388252618,0.0,0.12156703275768971,0.0
0.0,0.0,1.0,0.0,1.0,0.0,-1.0,0.0,0.0,0.9351639573738013,0.0,0.12125859726361043,0.0
0.0,0.0,1.0,0.0,1.0,0.0,-1.0,0.0,0.0,0.9359205588848143,0.0,0.12095217365165017,0.0
0.0,0.0,1.0,0.0,1.0,0.0,-1.0,0.0,0.0,0.9366721932975874,0.0,0.12064776171447705,0.0
0.0,0.0,1.0,0.0,1.0,0.0,-1.0,0.0,0.0,0.9374188612798506,0.0,0.12034536118166045,0.0
0.0,0.0,1.0,0.0,1.0,0.0,-1.0,0.0,0.0,0.9381605636556181,0.0,0.12004497171947465,0.0
0.0,0.0,1.0,0.0,1.0,0.0,-1.0,0.0,0.0,0.9388973014056887,0.0,0.11974659293069606,0.0
0.0,0.0,1.0,0.0,1.0,0.0,-1.0,0.0,0.0,0.9396290756681371,0.0,0.11945022435440444,0.0
0.0,0.0,1.0,0.0,1.0,0.0,-1.0,0.0,0.0,0.9403558877388121,0.0,0.11915586546578111,0.0
0.0,0.0,1.0,0.0,1.0,0.0,-1.0,0.0,0.0,0.9410777390718268,0.0,0.11886351567591014,0.0
0.0,0.0,1.0,0.0,1.0,0.0,-1.0,0.0,0.0,0.9417946312800538,0.0,0.11857317433157816,0.0
0.0,0.0,1.0,0.0,1.0,0.0,-1.0,0.0,0.0,0.9425065661356253,0.0,0.11828484071507173,0.0
0.0,0.0,1.0,0.0,1.0,0.0,-1.0,0.0,0.0,0.9432135455704223,0.0,0.11799851404397899,0.0
0.0,0.0,1.0,0.0,1.0,0.0,-1.0,0.0,0.0,0.943915571676565,0.0,0.11771419347099116,0.0
0.0,0.0,1.0,0.0,1.0,0.0,-1.0,0.0,0.0,0.9446126467069234,0.0,0.11743187808369604,0.0
0.0,0.0,1.0,0.0,1.0,0.0,-1.0,0.0,0.0,0.9453047730755926,0.0,0.117151566904385,0.0
0.0,0.0,1.0,0.0,1.0,0.0,-1.0,0.0,0.0,0.9459919533584,0.0,0.11687325888984795,0.0
0.0,0.0,1.0,0.0,1.0,0.0,-1.0,0.0,0.0,0.9466741902933946,0.0,0.11659695293117517,0.0
0.0,0.0,1.0,0.0,1.0,0.0,-1.0,0.0,0.0,0.947351486781344,0.0,0.11632264785355567,0.0
0.0,0.0,1.0,0.0,1.0,0.0,-1.0,0.0,0.0,0.9480238458862269,0.0,0.11605034241607809,0.0
0.0,0.0,1.0,0.0,1.0,0.0,-1.0,0.0,0.0,0.94869127083573,0.0,0.1157800353115293,0.0
0.0,0.0,1.0,0.0,1.0,0.0,-1.0,0.0,0.0,0.9493537650217418,0.0,0.11551172516619451,0.0
0.0,0.0,1.0,0.0,1.0,0.0,-1.0,0.0,0.0,0.9500113320008454,0.0,0.11524541053965759,0.0
0.0,0.0,1.0,0.0,1.0,0.0,-1.0,0.0,0.0,0.9506639754948152,0.0,0.11498108992459982,0.0
0.0,0.0,1.0,0.0,1.0,0.0,-1.0,0.0,0.0,0.9513116993911086,0.0,0.114718761746601,0.0
0.0,0.0,1.0,0.0,1.0,0.0,-1.0,0.0,0.0,0.9519545077433653,0.0,0.114458424363937,0.0
0.0,0.0,1.0,0.0,1.0,0.0,-1.0,0.0,0.0,0.9525924047718988,0.0,0.11420007606738097,0.0
0.0,0.0,1.0,0.0,1.0,0.0,-1.0,0.0,0.0,0.9532253948641913,0.0,0.1139437150800025,0.0
0.0,0.0,1.0,0.0,1.0,0.0,-1.0,0.0,0.0,0.9538534825753886,0.0,0.11368933955696758,0.0
0.0,0.0,1.0,0.0,1.0,0.0,-1.0,0.0,0.0,0.9544766726287937,0.0,0.11343694758533857,0.0
0.0,0.0,1.0,0.0,1.0,0.0,-1.0,0.0,0.0,0.9550949699163613,0.0,0.11318653718387361,0.0
0.0,0.0,1.0,0.0,1.0,0.0,-1.0,0.0,0.0,0.955708379499197,0.0,0.11293810630282519,0.0
0.0,0.0,1.0,0.0,1.0,0.0,-1.0,0.0,0.0,0.9563169066080466,0.0,0.1126916528237411,0.0
0.0,0.0,1.0,0.0,1.0,0.0,-1.0,0.0,0.0,0.956920556643789,0.0,0.1124471745592654,0.0
0.0,0.0,1.0,0.0,1.0,0.0,-1.0,0.0,0.0,0.9575193351779365,0.0,0.11220466925293571,0.0
0.0,0.0,1.0,0.0,1.0,0.0,-1.0,0.0,0.0,0.9581132479531291,0.0,0.11196413457898269,0.0
0.0,0.0,1.0,0.0,1.0,0.0,-1.0,0.0,0.0,0.9587023008836231,0.0,0.11172556814213264,0.0
0.0,0.0,1.0,0.0,1.0,0.0,-1.0,0.0,0.0,0.959286500055792,0.0,0.11148896747740422,0.0
0.0,0.0,1.0,0.0,1.0,0.0,-1.0,0.0,0.0,0.9598658517286198,0.0,0.11125433004990892,0.0
0.0,0.0,1.0,0.0,1.0,0.0,-1.0,0.0,0.0,0.9604403623341882,0.0,0.11102165325465374,0.0
0.0,0.0,1.0,0.0,1.0,0.0,-1.0,0.0,0.0,0.9610100384781832,0.0,0.11079093441633575,0.0
0.0,0.0,1.0,0.0,1.0,0.0,-1.0,0.0,0.0,0.9615748869403831,0.0,0.11056217078914482,0.0
0.0,0.0,1.0,0.0,1.0,0.0,-1.0,0.0,0.0,0.9621349146751537,0.0,0.11033535955656276,0.0
0.0,0.0,1.0,0.0,1.0,0.0,-1.0,0.0,0.0,0.9626901288119387,0.0,0.11011049783116478,0.0
0.0,0.0,1.0,0.0,1.0,0.0,-1.0,0.0,0.0,0.9632405366557637,0.0,0.10988758265441567,0.0
0.0,0.0,1.0,0.0,1.0,0.0,-1.0,0.0,0.0,0.9637861456877248,0.0,0.1096666109964714,0.0
0.0,0.0,1.0,0.0,1.0,0.0,-1.0,0.0,0.0,0.9643269635654823,0.0,0.10944757975597963,0.0
0.0,0.0,1.0,0.0,1.0,0.0,-1.0,0.0,0.0,0.9648629981237566,0.0,0.10923048575987854,0.0
0.0,0.0,1.0,0.0,1.0,0.0,-1.0,0.0,0.0,0.9653942573748266,0.0,0.10901532576319517,0.0
0.0,0.0,1.0,0.0,1.0,0.0,-1.0,0.0,0.0,0.9659207495090181,0.0,0.10880209644884764,0.0
0.0,0.0,1.0,0.0,1.0,0.0,-1.0,0.0,0.0,0.9664424828952018,0.0,0.10859079442744324,0.0
0.0,0.0,1.0,0.0,1.0,0.0,-1.0,0.0,0.0,0.9669594660812844,0.0,0.10838141623707981,0.0
0.0,0.0,1.0,0.0,1.0,0.0,-1.0,0.0,0.0,0.9674717077947128,0.0,0.10817395834314131,0.0
0.0,0.0,1.0,0.0,1.0,0.0,-1.0,0.0,0.0,0.9679792169429566,0.0,0.10796841713810251,0.0
0.0,0.0,1.0,0.0,1.0,0.0,-1.0,0.0,0.0,0.9684820026140093,0.0,0.10776478894132618,0.0
0.0,0.0,1.0,0.0,1.0,0.0,-1.0,0.0,0.0,0.9689800740768799,0.0,0.10756306999886361,0.0
0.0,0.0,1.0,0.0,1.0,0.0,-1.0,0.0,0.0,0.9694734407820942,0.0,0.10736325648325185,0.0
0.0,0.0,1.0,0.0,1.0,0.0,-1.0,0.0,0.0,0.9699621123621789,0.0,0.10716534449331755,0.0
0.0,0.0,1.0,0.0,1.0,0.0,-1.0,0.0,0.0,0.9704460986321628,0.0,0.10696933005397402,0.0
0.0,0.0,1.0,0.0,1.0,0.0,-1.0,0.0,0.0,0.9709254095900741,0.0,0.10677520911601995,0.0
0.0,0.0,1.0,0.0,1.0,0.0,-1.0,0.0,0.0,0.9714000554174262,0.0,0.10658297755594237,0.0
0.0,0.0,1.0,0.0,1.0,0.0,-1.0,0.0,0.0,0.9718700464797179,0.0,0.10639263117571424,0.0
0.0,0.0,1.0,0.0,1.0,0.0,-1.0,0.0,0.0,0.9723353933269299,0.0,0.10620416570259339,0.0
0.0,0.0,1.0,0.0,1.0,0.0,-1.0,0.0,0.0,0.9727961066940174,0.0,0.10601757678892293,0.0
0.0,0.0,1.0,0.0,1.0,0.0,-1.0,0.0,0.0,0.9732521975013966,0.0,0.10583286001193437,0.0
0.0,0.0,1.0,0.0,1.0,0.0,-1.0,0.0,0.0,0.9737036768554592,0.0,0.10565001087353898,0.0
0.0,0.0,1.0,0.0,1.0,0.0,-1.0,0.0,0.0,0.9741505560490378,0.0,0.1054690248001397,0.0
0.0,0.0,1.0,0.0,1.0,0.0,-1.0,0.0,0.0,0.9745928465619351,0.0,0.10528989714241627,0.0
0.0,0.0,1.0,0.0,1.0,0.0,-1.0,0.0,0.0,0.9750305600613887,0.0,0.10511262317513759,0.0
0.0,0.0,1.0,0.0,1.0,0.0,-1.0,0.0,0.0,0.975463708402581,0.0,0.10493719809695468,0.0
0.0,0.0,1.0,0.0,1.0,0.0,-1.0,0.0,0.0,0.9758923036291263,0.0,0.10476361703020381,0.0
0.0,0.0,1.0,0.0,1.0,0.0,-1.0,0.0,0.0,0.976316357973583,0.0,0.10459187502069889,0.0
0.0,0.0,1.0,0.0,1.0,0.0,-1.0,0.0,0.0,0.9767358838579172,0.0,0.10442196703754353,0.0
0.0,0.0,1.0,0.0,1.0,0.0,-1.0,0.0,0.0,0.9771508938940232,0.0,0.10425388797292057,0.0
0.0,0.0,1.0,0.0,1.0,0.0,-1.0,0.0,0.0,0.97756140088421,0.0,0.10408763264189497,0.0
0.0,0.0,1.0,0.0,1.0,0.0,-1.0,0.0,0.0,0.9779674178216924,0.0,0.10392319578221454,0.0
0.0,0.0,1.0,0.0,1.0,0.0,-1.0,0.0,0.0,0.9783689578910928,0.0,0.10376057205410738,0.0
0.0,0.0,1.0,0.0,1.0,0.0,-1.0,0.0,0.0,0.9787660344689275,0.0,0.10359975604008431,0.0
0.0,0.0,1.0,0.0,1.0,0.0,-1.0,0.0,0.0,0.9791586611241092,0.0,0.10344074224473576,0.0
0.0,0.0,1.0,0.0,1.0,0.0,-1.0,0.0,0.0,0.9795468516184305,0.0,0.10328352509453564,0.0
0.0,0.0,1.0,0.0,1.0,0.0,-1.0,0.0,0.0,0.9799306199070745,0.0,0.1031280989376348,0.0
0.0,0.0,1.0,0.0,1.0,0.0,-1.0,0.0,0.0,0.9803099801390998,0.0,0.10297445804366456,0.0
0.0,0.0,1.0,0.0,1.0,0.0,-1.0,0.0,0.0,0.9806849466579246,0.0,0.10282259660354048,0.0
0.0,0.0,1.0,0.0,1.0,0.0,-1.0,0.0,0.0,0.9810555340018485,0.0,0.10267250872925132,0.0
0.0,0.0,1.0,0.0,1.0,0.0,-1.0,0.0,0.0,0.9814217569045196,0.0,0.10252418845366951,0.0
0.0,0.0,1.0,0.0,1.0,0.0,-1.0,0.0,0.0,0.9817836302954457,0.0,0.10237762973034448,0.0
0.0,0.0,1.0,0.0,1.0,0.0,-1.0,0.0,0.0,0.982141169300482,0.0,0.10223282643330478,0.0
0.0,0.0,1.0,0.0,1.0,0.0,-1.0,0.0,0.0,0.9824943892423299,0.0,0.10208977235685635,0.0
0.0,0.0,1.0,0.0,1.0,0.0,-1.0,0.0,0.0,0.9828433056410271,0.0,0.10194846121538403,0.0
0.0,0.0,1.0,0.0,1.0,0.0,-1.0,0.0,0.0,0.9831879342144423,0.0,0.10180888664315085,0.0
0.0,0.0,1.0,0.0,1.0,0.0,-1.0,0.0,0.0,0.9835282908787799,0.0,0.10167104219409412,0.0
0.0,0.0,1.0,0.0,1.0,0.0,-1.0,0.0,0.0,0.9838643917490528,0.0,0.10153492134163355,0.0
0.0,0.0,1.0,0.0,1.0,0.0,-1.0,0.0,0.0,0.9841962531396051,0.0,0.1014005174784599,0.0
0.0,0.0,1.0,0.0,1.0,0.0,-1.0,0.0,0.0,0.9845238915645833,0.0,0.10126782391634376,0.0
0.0,0.0,1.0,0.0,1.0,0.0,-1.0,0.0,0.0,0.9848473237384416,0.0,0.10113683388593109,0.0
0.0,0.0,1.0,0.0,1.0,0.0,-1.0,0.0,0.0,0.9851665665764378,0.0,0.1010075405365427,0.0
0.0,0.0,1.0,0.0,1.0,0.0,-1.0,0.0,0.0,0.9854816371951163,0.0,0.10087993693597785,0.0
0.0,0.0,1.0,0.0,1.0,0.0,-1.0,0.0,0.0,0.9857925529128253,0.0,0.10075401607030571,0.0
0.0,0.0,1.0,0.0,1.0,0.0,-1.0,0.0,0.0,0.9860993312501822,0.0,0.10062977084367619,0.0
0.0,0.0,1.0,0.0,1.0,0.0,-1.0,0.0,0.0,0.9864019899305916,0.0,0.10050719407811037,0.0
0.0,0.0,1.0,0.0,1.0,0.0,-1.0,0.0,0.0,0.9867005468807313,0.0,0.10038627851330378,0.0
0.0,0.0,1.0,0.0,1.0,0.0,-1.0,0.0,0.0,0.9869950202310456,0.0,0.10026701680642652,0.0
0.0,0.0,1.0,0.0,1.0,0.0,-1.0,0.0,0.0,0.9872854283162389,0.0,0.1001494015319232,0.0
0.0,0.0,1.0,0.0,1.0,0.0,-1.0,0.0,0.0,0.9875717896757776,0.0,0.10003342518131003,0.0
0.0,0.0,1.0,0.0,1.0,0.0,-1.0,0.0,0.0,0.9878541230543769,0.0,0.09991908016297735,0.0
0.0,0.0,1.0,0.0,1.0,0.0,-1.0,0.0,0.0,0.9881324474024993,0.0,0.09980635880198774,0.0
0.0,0.0,1.0,0.0,1.0,0.0,-1.0,0.0,0.0,0.9884067818768436,0.0,0.09969525333987833,0.0
0.0,0.0,1.0,0.0,1.0,0.0,-1.0,0.0,0.0,0.9886771458408532,0.0,0.0995857559344544,0.0
0.0,0.0,1.0,0.0,1.0,0.0,-1.0,0.0,0.0,0.9889435588651931,0.0,0.09947785865959674,0.0
0.0,0.0,1.0,0.0,1.0,0.0,-1.0,0.0,0.0,0.9892060407282575,0.0,0.09937155350505572,0.0
0.0,0.0,1.0,0.0,1.0,0.0,-1.0,0.0,0.0,0.9894646114166612,0.0,0.09926683237625217,0.0
0.0,0.0,1.0,0.0,1.0,0.0,-1.0,0.0,0.0,0.9897192911257271,0.0,0.09916368709408052,0.0
0.0,0.0,1.0,0.0,1.0,0.0,-1.0,0.0,0.0,0.9899701002599888,0.0,0.0990621093947045,0.0
0.0,0.0,1.0,0.0,1.0,0.0,-1.0,0.0,0.0,0.9902170594336859,0.0,0.0989620909293572,0.0
0.0,0.0,1.0,0.0,1.0,0.0,-1.0,0.0,0.0,0.9904601894712517,0.0,0.09886362326414305,0.0
0.0,0.0,1.0,0.0,1.0,0.0,-1.0,0.0,0.0,0.9906995114078123,0.0,0.098766697879836,0.0
0.0,0.0,1.0,0.0,1.0,0.0,-1.0,0.0,0.0,0.9909350464896844,0.0,0.0986713061716778,0.0
0.0,0.0,1.0,0.0,1.0,0.0,-1.0,0.0,0.0,0.9911668161748586,0.0,0.09857743944918224,0.0
0.0,0.0,1.0,0.0,1.0,0.0,-1.0,0.0,0.0,0.9913948421335093,0.0,0.09848508893592872,0.0
0.0,0.0,1.0,0.0,1.0,0.0,-1.0,0.0,0.0,0.9916191462484787,0.0,0.09839424576936612,0.0
0.0,0.0,1.0,0.0,1.0,0.0,-1.0,0.0,0.0,0.9918397506157701,0.0,0.09830490100061307,0.0
0.0,0.0,1.0,0.0,1.0,0.0,-1.0,0.0,0.0,0.9920566775450519,0.0,0.09821704559425398,0.0
0.0,0.0,1.0,0.0,1.0,0.0,-1.0,0.0,0.0,0.9922699495601401,0.0,0.09813067042814322,0.0
0.0,0.0,1.0,0.0,1.0,0.0,-1.0,0.0,0.0,0.9924795893995055,0.0,0.09804576629320022,0.0
0.0,0.0,1.0,0.0,1.0,0.0,-1.0,0.0,0.0,0.9926856200167622,0.0,0.0979623238932113,0.0
0.0,0.0,1.0,0.0,1.0,0.0,-1.0,0.0,0.0,0.9928880645811597,0.0,0.0978803338446303,0.0
0.0,0.0,1.0,0.0,1.0,0.0,-1.0,0.0,0.0,0.9930869464780807,0.0,0.09779978667637729,0.0
0.0,0.0,1.0,0.0,1.0,0.0,-1.0,0.0,0.0,0.9932822893095312,0.0,0.09772067282963981,0.0
0.0,0.0,1.0,0.0,1.0,0.0,-1.0,0.0,0.0,0.9934741168946486,0.0,0.0976429826576673,0.0
0.0,0.0,1.0,0.0,1.0,0.0,-1.0,0.0,0.0,0.9936624532701765,0.0,0.09756670642557846,0.0
0.0,0.0,1.0,0.0,1.0,0.0,-1.0,0.0,0.0,0.9938473226909741,0.0,0.09749183431015546,0.0
0.0,0.0,1.0,0.0,1.0,0.0,-1.0,0.0,0.0,0.9940287496305094,0.0,0.09741835639964369,0.0
0.0,0.0,1.0,0.0,1.0,0.0,-1.0,0.0,0.0,0.9942067587813419,0.0,0.0973462626935565,0.0
0.0,0.0,1.0,0.0,1.0,0.0,-1.0,0.0,0.0,0.9943813750556316,0.0,0.09727554310246916,0.0
0.0,0.0,1.0,0.0,1.0,0.0,-1.0,0.0,0.0,0.9945526235856272,0.0,0.09720618744782095,0.0
0.0,0.0,1.0,0.0,1.0,0.0,-1.0,0.0,0.0,0.9947205297241597,0.0,0.09713818546171532,0.0
0.0,0.0,1.0,0.0,1.0,0.0,-1.0,0.0,0.0,0.9948851190451373,0.0,0.09707152678671938,0.0
0.0,0.0,1.0,0.0,1.0,0.0,-1.0,0.0,0.0,0.9950464173440454,0.0,0.0970062009756616,0.0
0.0,0.0,1.0,0.0,1.0,0.0,-1.0,0.0,0.0,0.9952044506384361,0.0,0.09694219749143335,0.0
0.0,0.0,1.0,0.0,1.0,0.0,-1.0,0.0,0.0,0.9953592451684168,0.0,0.09687950570679116,0.0
0.0,0.0,1.0,0.0,1.0,0.0,-1.0,0.0,0.0,0.9955108273971582,0.0,0.09681811490415088,0.0
0.0,0.0,1.0,0.0,1.0,0.0,-1.0,0.0,0.0,0.9956592240113844,0.0,0.09675801427538927,0.0
0.0,0.0,1.0,0.0,1.0,0.0,-1.0,0.0,0.0,0.9958044619218605,0.0,0.09669919292164647,0.0
0.0,0.0,1.0,0.0,1.0,0.0,-1.0,0.0,0.0,0.9959465682638893,0.0,0.0966416398531248,0.0
0.0,0.0,1.0,0.0,1.0,0.0,-1.0,0.0,0.0,0.9960855703978195,0.0,0.09658534398888308,0.0
0.0,0.0,1.0,0.0,1.0,0.0,-1.0,0.0,0.0,0.9962214959095137,0.0,0.09653029415664693,0.0
0.0,0.0,1.0,0.0,1.0,0.0,-1.0,0.0,0.0,0.9963543726108739,0.0,0.09647647909259605,0.0
0.0,0.0,1.0,0.0,1.0,0.0,-1.0,0.0,0.0,0.9964842285403108,0.0,0.09642388744117408,0.0
0.0,0.0,1.0,0.0,1.0,0.0,-1.0,0.0,0.0,0.9966110919632545,0.0,0.09637250775488193,0.0
0.0,0.0,1.0,0.0,1.0,0.0,-1.0,0.0,0.0,0.9967349913726409,0.0,0.0963223284940804,0.0
0.0,0.0,1.0,0.0,1.0,0.0,-1.0,0.0,0.0,0.9968559554894094,0.0,0.09627333802678917,0.0
0.0,0.0,1.0,0.0,1.0,0.0,-1.0,0.0,0.0,0.9969740132629887,0.0,0.09622552462848954,0.0
0.0,0.0,1.0,0.0,1.0,0.0,-1.0,0.0,0.0,0.9970891938718083,0.0,0.09617887648191764,0.0
0.0,0.0,1.0,0.0,1.0,0.0,-1.0,0.0,0.0,0.9972015267237877,0.0,0.09613338167686597,0.0
0.0,0.0,1.0,0.0,1.0,0.0,-1.0,0.0,0.0,0.9973110414568112,0.0,0.09608902820999143,0.0
0.0,0.0,1.0,0.0,1.0,0.0,-1.0,0.0,0.0,0.9974177679392549,0.0,0.09604580398460177,0.0
0.0,0.0,1.0,0.0,1.0,0.0,-1.0,0.0,0.0,0.9975217362704543,0.0,0.096003696810466,0.0
0.0,0.0,1.0,0.0,1.0,0.0,-1.0,0.0,0.0,0.9976229767812175,0.0,0.09596269440360689,0.0
0.0,0.0,1.0,0.0,1.0,0.0,-1.0,0.0,0.0,0.9977215200343021,0.0,0.09592278438610763,0.0
0.0,0.0,1.0,0.0,1.0,0.0,-1.0,0.0,0.0,0.9978173968249262,0.0,0.09588395428590485,0.0
0.0,0.0,1.0,0.0,1.0,0.0,-1.0,0.0,0.0,0.9979106381812599,0.0,0.09584619153658969,0.0
0.0,0.0,1.0,0.0,1.0,0.0,-1.0,0.0,0.0,0.9980012753649037,0.0,0.09580948347721396,0.0
0.0,0.0,1.0,0.0,1.0,0.0,-1.0,0.0,0.0,0.9980893398714095,0.0,0.09577381735207913,0.0
0.0,0.0,1.0,0.0,1.0,0.0,-1.0,0.0,0.0,0.9981748634307532,0.0,0.0957391803105449,0.0
0.0,0.0,1.0,0.0,1.0,0.0,-1.0,0.0,0.0,0.9982578780078377,0.0,0.09570555940682568,0.0
0.0,0.0,1.0,0.0,1.0,0.0,-1.0,0.0,0.0,0.9983384158029853,0.0,0.0956729415997909,0.0
0.0,0.0,1.0,0.0,1.0,0.0,-1.0,0.0,0.0,0.998416509252448,0.0,0.09564131375275853,0.0
0.0,0.0,1.0,0.0,1.0,0.0,-1.0,0.0,0.0,0.9984921910288671,0.0,0.09561066263330881,0.0
0.0,0.0,1.0,0.0,1.0,0.0,-1.0,0.0,0.0,0.9985654940418005,0.0,0.09558097491307077,0.0
0.0,0.0,1.0,0.0,1.0,0.0,-1.0,0.0,0.0,0.9986364514382089,0.0,0.09555223716752537,0.0
0.0,0.0,1.0,0.0,1.0,0.0,-1.0,0.0,0.0,0.9987050966029418,0.0,0.09552443587580856,0.0
0.0,0.0,1.0,0.0,1.0,0.0,-1.0,0.0,0.0,0.9987714631592377,0.0,0.0954975574205087,0.0
0.0,0.0,1.0,0.0,1.0,0.0,-1.0,0.0,0.0,0.9988355849692176,0.0,0.09547158808746681,0.0
0.0,0.0,1.0,0.0,1.0,0.0,-1.0,0.0,0.0,0.9988974961343828,0.0,0.09544651406557492,0.0
0.0,0.0,1.0,0.0,1.0,0.0,-1.0,0.0,0.0,0.9989572309961066,0.0,0.09542232144657681,0.0
0.0,0.0,1.0,0.0,1.0,0.0,-1.0,0.0,0.0,0.999014824136129,0.0,0.09539899622486775,0.0
0.0,0.0,1.0,0.0,1.0,0.0,-1.0,0.0,0.0,0.9990703103770517,0.0,0.09537652429729404,0.0
0.0,0.0,1.0,0.0,1.0,0.0,-1.0,0.0,0.0,0.9991237247828355,0.0,0.09535489146295162,0.0
0.0,0.0,1.0,0.0,1.0,0.0,-1.0,0.0,0.0,0.9991751026592786,0.0,0.09533408342299216,0.0
0.0,0.0,1.0,0.0,1.0,0.0,-1.0,0.0,0.0,0.999224479554548,0.0,0.09531408578040806,0.0
0.0,0.0,1.0,0.0,1.0,0.0,-1.0,0.0,0.0,0.9992718912596281,0.0,0.09529488403985059,0.0
0.0,0.0,1.0,0.0,1.0,0.0,-1.0,0.0,0.0,0.9993173738088537,0.0,0.09527646360741426,0.0
0.0,0.0,1.0,0.0,1.0,0.0,-1.0,0.0,0.0,0.9993609634803802,0.0,0.09525880979044599,0.0
0.0,0.0,1.0,0.0,1.0,0.0,-1.0,0.0,0.0,0.9994026967966878,0.0,0.09524190779734143,0.0
0.0,0.0,1.0,0.0,1.0,0.0,-1.0,0.0,0.0,0.999442610525076,0.0,0.09522574273734419,0.0
0.0,0.0,1.0,0.0,1.0,0.0,-1.0,0.0,0.0,0.9994807416781635,0.0,0.09521029962034377,0.0
0.0,0.0,1.0,0.0,1.0,0.0,-1.0,0.0,0.0,0.99951712751436,0.0,0.09519556335668422,0.0
0.0,0.0,1.0,0.0,1.0,0.0,-1.0,0.0,0.0,0.9995518055383972,0.0,0.09518151875694913,0.0
0.0,0.0,1.0,0.0,1.0,0.0,-1.0,0.0,0.0,0.99958481350179,0.0,0.09516815053177502,0.0
0.0,0.0,1.0,0.0,1.0,0.0,-1.0,0.0,0.0,0.999616189403346,0.0,0.09515544329164488,0.0
0.0,0.0,1.0,0.0,1.0,0.0,-1.0,0.0,0.0,0.9996459714896666,0.0,0.095143381546685,0.0
0.0,0.0,1.0,0.0,1.0,0.0,-1.0,0.0,0.0,0.9996741982556259,0.0,0.09513194970647149,0.0
0.0,0.0,1.0,0.0,1.0,0.0,-1.0,0.0,0.0,0.9997009084448711,0.0,0.09512113207982714,0.0
0.0,0.0,1.0,0.0,1.0,0.0,-1.0,0.0,0.0,0.9997261410503251,0.0,0.09511091287461831,0.0
0.0,0.0,1.0,0.0,1.0,0.0,-1.0,0.0,0.0,0.9997499353146768,0.0,0.09510127619755587,0.0
0.0,0.0,1.0,0.0,1.0,0.0,-1.0,0.0,0.0,0.9997723307308659,0.0,0.09509220605399926,0.0
0.0,0.0,1.0,0.0,1.0,0.0,-1.0,0.0,0.0,0.9997933670425905,0.0,0.09508368634775083,0.0
0.0,0.0,1.0,0.0,1.0,0.0,-1.0,0.0,0.0,0.9998130842447939,0.0,0.09507570088085848,0.0
0.0,0.0,1.0,0.0,1.0,0.0,-1.0,0.0,0.0,0.999831522584163,0.0,0.09506823335341397,0.0
0.0,0.0,1.0,0.0,1.0,0.0,-1.0,0.0,0.0,0.9998487225596229,0.0,0.09506126736335269,0.0
0.0,0.0,1.0,0.0,1.0,0.0,-1.0,0.0,0.0,0.9998647249228334,0.0,0.09505478640625242,0.0
0.0,0.0,1.0,0.0,1.0,0.0,-1.0,0.0,0.0,0.9998795706786723,0.0,0.09504877387513772,0.0
0.0,0.0,1.0,0.0,1.0,0.0,-1.0,0.0,0.0,0.9998933010857414,0.0,0.09504321306027474,0.0
0.0,0.0,1.0,0.0,1.0,0.0,-1.0,0.0,0.0,0.9999059576568623,0.0,0.09503808714897072,0.0
0.0,0.0,1.0,0.0,1.0,0.0,-1.0,0.0,0.0,0.9999175821595596,0.0,0.09503337922537836,0.0
0.0,0.0,1.0,0.0,1.0,0.0,-1.0,0.0,0.0,0.9999282166165724,0.0,0.09502907227028817,0.0
0.0,0.0,1.0,0.0,1.0,0.0,-1.0,0.0,0.0,0.9999379033063258,0.0,0.09502514916093802,0.0
0.0,0.0,1.0,0.0,1.0,0.0,-1.0,0.0,0.0,0.9999466847634455,0.0,0.09502159267080457,0.0
0.0,0.0,1.0,0.0,1.0,0.0,-1.0,0.0,0.0,0.9999546037792539,0.0,0.09501838546940211,0.0
0.0,0.0,1.0,0.0,1.0,0.0,-1.0,0.0,0.0,0.9999617034022368,0.0,0.09501551012209408,0.0
0.0,0.0,1.0,0.0,1.0,0.0,-1.0,0.0,0.0,0.9999680269385749,0.0,0.09501294908987712,0.0
0.0,0.0,1.0,0.0,1.0,0.0,-1.0,0.0,0.0,0.9999736179526124,0.0,0.09501068472919194,0.0
0.0,0.0,1.0,0.0,1.0,0.0,-1.0,0.0,0.0,0.9999785202673639,0.0,0.09500869929171762,0.0
0.0,0.0,1.0,0.0,1.0,0.0,-1.0,0.0,0.0,0.9999827779650001,0.0,0.09500697492417493,0.0
0.0,0.0,1.0,0.0,1.0,0.0,-1.0,0.0,0.0,0.9999864353873527,0.0,0.09500549366812217,0.0
0.0,0.0,1.0,0.0,1.0,0.0,-1.0,0.0,0.0,0.9999895371364032,0.0,0.09500423745975672,0.0
0.0,0.0,1.0,0.0,1.0,0.0,-1.0,0.0,0.0,0.9999921280747737,0.0,0.09500318812971664,0.0
0.0,0.0,1.0,0.0,1.0,0.0,-1.0,0.0,0.0,0.999994253326232,0.0,0.09500232740287601,0.0
0.0,0.0,1.0,0.0,1.0,0.0,-1.0,0.0,0.0,0.9999959582761759,0.0,0.09500163689814872,0.0
0.0,0.0,1.0,0.0,1.0,0.0,-1.0,0.0,0.0,0.999997288572132,0.0,0.0950010981282865,0.0
0.0,0.0,1.0,0.0,1.0,0.0,-1.0,0.0,0.0,0.9999982901242515,0.0,0.09500069249967813,0.0
0.0,0.0,1.0,0.0,1.0,0.0,-1.0,0.0,0.0,0.9999990091058013,0.0,0.09500040131215043,0.0
0.0,0.0,1.0,0.0,1.0,0.0,-1.0,0.0,0.0,0.9999994919536652,0.0,0.09500020575876555,0.0
0.0,0.0,1.0,0.0,1.0,0.0,-1.0,0.0,0.0,0.9999997853688267,0.0,0.09500008692562517,0.0
0.0,0.0,1.0,0.0,1.0,0.0,-1.0,0.0,0.0,0.9999999363168843,0.0,0.09500002579166184,0.0
0.0,0.0,1.0,0.0,1.0,0.0,-1.0,0.0,0.0,0.999999992028517,0.0,0.09500000322845059,0.0
0.0,0.0,1.0,0.0,1.0,0.0,-1.0,0.0,0.0,1.0,0.0,0.09499999999999997,0.0
0.0,0.0,1.0,0.0,1.0,0.0,-1.0,0.0,0.0,1.0,0.0,0.09499587910797806,0.0
0.0,0.0,1.0,0.0,1.0,0.0,-1.0,0.0,0.0,1.0,0.0,0.09496804817401895,0.0
0.0,0.0,1.0,0.0,1.0,0.0,-1.0,0.0,0.0,1.0,0.0,0.09489553190906294,0.0
0.0,0.0,1.0,0.0,1.0,0.0,-1.0,0.0,0.0,1.0,0.0,0.09476022253192173,0.0
0.0,0.0,1.0,0.0,1.0,0.0,-1.0,0.0,0.0,1.0,0.0,0.09454675232448419,0.0
0.0,0.0,1.0,0.0,1.0,0.0,-1.0,0.0,0.0,1.0,0.0,0.0942423661869221,0.0
0.0,0.0,1.0,0.0,1.0,0.0,-1.0,0.0,0.0,1.0,0.0,0.09383679419289581,0.0
0.0,0.0,1.0,0.0,1.0,0.0,-1.0,0.0,0.0,1.0,0.0,0.09332212414476003,0.0
0.0,0.0,1.0,0.0,1.0,0.0,-1.0,0.0,0.0,1.0,0.0,0.09269267412876943,0.0
0.0,0.0,1.0,0.0,1.0,0.0,-1.0,0.0,0.0,1.0,0.0,0.09194486507028445,0.0
0.0,0.0,1.0,0.0,1.0,0.0,-1.0,0.0,0.0,1.0,0.0,0.09107709328897698,0.0
0.0,0.0,1.0,0.0,1.0,0.0,-1.0,0.0,0.0,1.0,0.0,0.09008960305403607,0.0
0.0,0.0,1.0,0.0,1.0,0.0,-1.0,0.0,0.0,1.0,0.0,0.08898435913937366,0.0
0.0,0.0,1.0,0.0,1.0,0.0,-1.0,0.0,0.0,1.0,0.0,0.08776491937883026,0.0
0.0,0.0,1.0,0.0,1.0,0.0,-1.0,0.0,0.0,1.0,0.0,0.08643630722138067,0.0
0.0,0.0,1.0,0.0,1.0,0.0,-1.0,0.0,0.0,1.0,0.0,0.08500488428633972,0.0
0.0,0.0,1.0,0.0,1.0,0.0,-1.0,0.0,0.0,1.0,0.0,0.08347822291856799,0.0
0.0,0.0,1.0,0.0,1.0,0.0,-1.0,0.0,0.0,1.0,0.0,0.08186497874367747,0.0
0.0,0.0,1.0,0.0,1.0,0.0,-1.0,0.0,0.0,1.0,0.0,0.0801747632232373,0.0
0.0,0.0,1.0,0.0,1.0,0.0,-1.0,0.0,0.0,1.0,0.0,0.07841801620997951,0.0
0.0,0.0,1.0,0.0,1.0,0.0,-1.0,0.0,0.0,1.0,0.0,0.0766058785030047,0.0
0.0,0.0,1.0,0.0,1.0,0.0,-1.0,0.0,0.0,1.0,0.0,0.07475006440298775,0.0
0.0,0.0,1.0,0.0,1.0,0.0,-1.0,0.0,0.0,1.0,0.0,0.07286273426738354,0.0
0.0,0.0,1.0,0.0,1.0,0.0,-1.0,0.0,0.0,1.0,0.0,0.07095636706563271,0.0
0.0,0.0,1.0,0.0,1.0,0.0,-1.0,0.0,0.0,1.0,0.0,0.06904363293436729,0.0
0.0,0.0,1.0,0.0,1.0,0.0,-1.0,0.0,0.0,1.0,0.0,0.06713726573261647,0.0
0.0,0.0,1.0,0.0,1.0,0.0,-1.0,0.0,0.0,1.0,0.0,0.06524993559701225,0.0
0.0,0.0,1.0,0.0,1.0,0.0,-1.0,0.0,0.0,1.0,0.0,0.0633941214969953,0.0
0.0,0.0,1.0,0.0,1.0,0.0,-1.0,0.0,0.0,1.0,0.0,0.061581983790020486,0.0
0.0,0.0,1.0,0.0,1.0,0.0,-1.0,0.0,0.0,1.0,0.0,0.059825236776762714,0.0
0.0,0.0,1.0,0.0,1.0,0.0,-1.0,0.0,0.0,1.0,0.0,0.05813502125632253,0.0
0.0,0.0,1.0,0.0,1.0,0.0,-1.0,0.0,0.0,1.0,0.0,0.056521777081431995,0.0
0.0,0.0,1.0,0.0,1.0,0.0,-1.0,0.0,0.0,1.0,0.0,0.054995115713660274,0.0
0.0,0.0,1.0,0.0,1.0,0.0,-1.0,0.0,0.0,1.0,0.0,0.053563692778619346,0.0
0.0,0.0,1.0,0.0,1.0,0.0,-1.0,0.0,0.0,1.0,0.0,0.052235080621169744,0.0
0.0,0.0,1.0,0.0,1.0,0.0,-1.0,0.0,0.0,1.0,0.0,0.051015640860626335,0.0
0.0,0.0,1.0,0.0,1.0,0.0,-1.0,0.0,0.0,1.0,0.0,0.049910396945963914,0.0
0.0,0.0,1.0,0.0,1.0,0.0,-1.0,0.0,0.0,1.0,0.0,0.048922906711023006,0.0
0.0,0.0,1.0,0.0,1.0,0.0,-1.0,0.0,0.0,1.0,0.0,0.04805513492971556,0.0
0.0,0.0,1.0,0.0,1.0,0.0,-1.0,0.0,0.0,1.0,0.0,0.04730732587123057,0.0
0.0,0.0,1.0,0.0,1.0,0.0,-1.0,0.0,0.0,1.0,0.0,0.04667787585523991,0.0
0.0,0.0,1.0,0.0,1.0,0.0,-1.0,0.0,0.0,1.0,0.0,0.04616320580710414,0.0
0.0,0.0,1.0,0.0,1.0,0.0,-1.0,0.0,0.0,1.0,0.0,0.045757633813077916,0.0
0.0,0.0,1.0,0.0,1.0,0.0,-1.0,0.0,0.0,1.0,0.0,0.04545324767551578,0.0
0.0,0.0,1.0,0.0,1.0,0.0,-1.0,0.0,0.0,1.0,0.0,0.045239777468078196,0.0
0.0,0.0,1.0,0.0,1.0,0.0,-1.0,0.0,0.0,1.0,0.0,0.045104468090937,0.0
0.0,0.0,1.0,0.0,1.0,0.0,-1.0,0.0,0.0,1.0,0.0,0.04503195182598099,0.0
0.0,0.0,1.0,0.0,1.0,0.0,-1.0,0.0,0.0,1.0,0.0,0.04500412089202202,0.0
0.0,0.0,1.0,0.0,1.0,0.0,-1.0,0.0,0.0,1.0,0.0,0.045,0.0
0.0,0.0,1.0,0.0,1.0,0.0,-1.0,0.0,0.0,1.0,0.0,0.045,1.0
0.0,0.0,1.0,0.0,1.0,0.0,-1.0,0.0,0.0,1.0,0.0,0.045,1.0
0.0,0.0,1.0,0.0,1.0,0.0,-1.0,0.0,0.0,1.0,0.0,0.045,1.0
0.0,0.0,1.0,0.0,1.0,0.0,-1.0,0.0,0.0,1.0,0.0,0.045,1.0
0.0,0.0,1.0,0.0,1.0,0.0,-1.0,0.0,0.0,1.0,0.0,0.045,1.0
0.0,0.0,1.0,0.0,1.0,0.0,-1.0,0.0,0.0,1.0,0.0,0.045,1.0
0.0,0.0,1.0,0.0,1.0,0.0,-1.0,0.0,0.0,1.0,0.0,0.045,1.0
0.0,0.0,1.0,0.0,1.0,0.0,-1.0,0.0,0.0,1.0,0.0,0.045,1.0
0.0,0.0,1.0,0.0,1.0,0.0,-1.0,0.0,0.0,1.0,0.0,0.045,1.0
0.0,0.0,1.0,0.0,1.0,0.0,-1.0,0.0,0.0,1.0,0.0,0.045,1.0
0.0,0.0,1.0,0.0,1.0,0.0,-1.0,0.0,0.0,1.0,0.0,0.045,1.0
0.0,0.0,1.0,0.0,1.0,0.0,-1.0,0.0,0.0,1.0,0.0,0.045,1.0
0.0,0.0,1.0,0.0,1.0,0.0,-1.0,0.0,0.0,1.0,0.0,0.045,1.0
0.0,0.0,1.0,0.0,1.0,0.0,-1.0,0.0,0.0,1.0,0.0,0.045,1.0
0.0,0.0,1.0,0.0,1.0,0.0,-1.0,0.0,0.0,1.0,0.0,0.045,1.0
0.0,0.0,1.0,0.0,1.0,0.0,-1.0,0.0,0.0,1.0,0.0,0.045,1.0
0.0,0.0,1.0,0.0,1.0,0.0,-1.0,0.0,0.0,1.0,0.0,0.045,1.0
0.0,0.0,1.0,0.0,1.0,0.0,-1.0,0.0,0.0,1.0,0.0,0.045,1.0
0.0,0.0,1.0,0.0,1.0,0.0,-1.0,0.0,0.0,1.0,0.0,0.045,1.0
0.0,0.0,1.0,0.0,1.0,0.0,-1.0,0.0,0.0,1.0,0.0,0.045,1.0
0.0,0.0,1.0,0.0,1.0,0.0,-1.0,0.0,0.0,1.0,0.0,0.045,1.0
0.0,0.0,1.0,0.0,1.0,0.0,-1.0,0.0,0.0,1.0,0.0,0.045,1.0
0.0,0.0,1.0,0.0,1.0,0.0,-1.0,0.0,0.0,1.0,0.0,0.045,1.0
0.0,0.0,1.0,0.0,1.0,0.0,-1.0,0.0,0.0,1.0,0.0,0.045,1.0
0.0,0.0,1.0,0.0,1.0,0.0,-1.0,0.0,0.0,1.0,0.0,0.045,1.0
0.0,0.0,1.0,0.0,1.0,0.0,-1.0,0.0,0.0,1.0,0.0,0.045,1.0
0.0,0.0,1.0,0.0,1.0,0.0,-1.0,0.0,0.0,1.0,0.0,0.045,1.0
0.0,0.0,1.0,0.0,1.0,0.0,-1.0,0.0,0.0,1.0,0.0,0.045,1.0
0.0,0.0,1.0,0.0,1.0,0.0,-1.0,0.0,0.0,1.0,0.0,0.045,1.0
0.0,0.0,1.0,0.0,1.0,0.0,-1.0,0.0,0.0,1.0,0.0,0.045,1.0
0.0,0.0,1.0,0.0,1.0,0.0,-1.0,0.0,0.0,1.0,0.0,0.045,1.0
0.0,0.0,1.0,0.0,1.0,0.0,-1.0,0.0,0.0,1.0,0.0,0.045,1.0
0.0,0.0,1.0,0.0,1.0,0.0,-1.0,0.0,0.0,1.0,0.0,0.045,1.0
0.0,0.0,1.0,0.0,1.0,0.0,-1.0,0.0,0.0,1.0,0.0,0.045,1.0
0.0,0.0,1.0,0.0,1.0,0.0,-1.0,0.0,0.0,1.0,0.0,0.045,1.0
0.0,0.0,1.0,0.0,1.0,0.0,-1.0,0.0,0.0,1.0,0.0,0.045,1.0
0.0,0.0,1.0,0.0,1.0,0.0,-1.0,0.0,0.0,1.0,0.0,0.045,1.0
0.0,0.0,1.0,0.0,1.0,0.0,-1.0,0.0,0.0,1.0,0.0,0.045,1.0
0.0,0.0,1.0,0.0,1.0,0.0,-1.0,0.0,0.0,1.0,0.0,0.045,1.0
0.0,0.0,1.0,0.0,1.0,0.0,-1.0,0.0,0.0,1.0,0.0,0.045,1.0
0.0,0.0,1.0,0.0,1.0,0.0,-1.0,0.0,0.0,1.0,0.0,0.045,1.0
0.0,0.0,1.0,0.0,1.0,0.0,-1.0,0.0,0.0,1.0,0.0,0.045,1.0
0.0,0.0,1.0,0.0,1.0,0.0,-1.0,0.0,0.0,1.0,0.0,0.045,1.0
0.0,0.0,1.0,0.0,1.0,0.0,-1.0,0.0,0.0,1.0,0.0,0.045,1.0
0.0,0.0,1.0,0.0,1.0,0.0,-1.0,0.0,0.0,1.0,0.0,0.045,1.0
0.0,0.0,1.0,0.0,1.0,0.0,-1.0,0.0,0.0,1.0,0.0,0.045,1.0
0.0,0.0,1.0,0.0,1.0,0.0,-1.0,0.0,0.0,1.0,0.0,0.045,1.0
0.0,0.0,1.0,0.0,1.0,0.0,-1.0,0.0,0.0,1.0,0.0,0.045,1.0
0.0,0.0,1.0,0.0,1.0,0.0,-1.0,0.0,0.0,1.0,0.0,0.045,1.0
0.0,0.0,1.0,0.0,1.0,0.0,-1.0,0.0,0.0,1.0,0.0,0.045,1.0
0.0,0.0,1.0,0.0,1.0,0.0,-1.0,0.0,0.0,1.0,0.0,0.045,1.0
0.0,0.0,1.0,0.0,1.0,0.0,-1.0,0.0,0.0,1.0,0.0,0.045,1.0
0.0,0.0,1.0,0.0,1.0,0.0,-1.0,0.0,0.0,1.0,0.0,0.045,1.0
0.0,0.0,1.0,0.0,1.0,0.0,-1.0,0.0,0.0,1.0,0.0,0.045,1.0
0.0,0.0,1.0,0.0,1.0,0.0,-1.0,0.0,0.0,1.0,0.0,0.045,1.0
0.0,0.0,1.0,0.0,1.0,0.0,-1.0,0.0,0.0,1.0,0.0,0.045,1.0
0.0,0.0,1.0,0.0,1.0,0.0,-1.0,0.0,0.0,1.0,0.0,0.045,1.0
0.0,0.0,1.0,0.0,1.0,0.0,-1.0,0.0,0.0,1.0,0.0,0.045,1.0
0.0,0.0,1.0,0.0,1.0,0.0,-1.0,0.0,0.0,1.0,0.0,0.045,1.0
0.0,0.0,1.0,0.0,1.0,0.0,-1.0,0.0,0.0,1.0,0.0,0.045,1.0
0.0,0.0,1.0,0.0,1.0,0.0,-1.0,0.0,0.0,1.0,0.0,0.045,1.0
0.0,0.0,1.0,0.0,1.0,0.0,-1.0,0.0,0.0,1.0,0.0,0.045,1.0
0.0,0.0,1.0,0.0,1.0,0.0,-1.0,0.0,0.0,1.0,0.0,0.045,1.0
0.0,0.0,1.0,0.0,1.0,0.0,-1.0,0.0,0.0,1.0,0.0,0.045,1.0
0.0,0.0,1.0,0.0,1.0,0.0,-1.0,0.0,0.0,1.0,0.0,0.045,1.0
0.0,0.0,1.0,0.0,1.0,0.0,-1.0,0.0,0.0,1.0,0.0,0.045,1.0
0.0,0.0,1.0,0.0,1.0,0.0,-1.0,0.0,0.0,1.0,0.0,0.045,1.0
0.0,0.0,1.0,0.0,1.0,0.0,-1.0,0.0,0.0,1.0,0.0,0.045,1.0
0.0,0.0,1.0,0.0,1.0,0.0,-1.0,0.0,0.0,1.0,0.0,0.045,1.0
0.0,0.0,1.0,0.0,1.0,0.0,-1.0,0.0,0.0,1.0,0.0,0.045,1.0
0.0,0.0,1.0,0.0,1.0,0.0,-1.0,0.0,0.0,1.0,0.0,0.045,1.0
0.0,0.0,1.0,0.0,1.0,0.0,-1.0,0.0,0.0,1.0,0.0,0.045,1.0
0.0,0.0,1.0,0.0,1.0,0.0,-1.0,0.0,0.0,1.0,0.0,0.045,1.0
0.0,0.0,1.0,0.0,1.0,0.0,-1.0,0.0,0.0,1.0,0.0,0.045,1.0
0.0,0.0,1.0,0.0,1.0,0.0,-1.0,0.0,0.0,1.0,0.0,0.045,1.0
0.0,0.0,1.0,0.0,1.0,0.0,-1.0,0.0,0.0,1.0,0.0,0.045,1.0
0.0,0.0,1.0,0.0,1.0,0.0,-1.0,0.0,0.0,1.0,0.0,0.045,1.0
0.0,0.0,1.0,0.0,1.0,0.0,-1.0,0.0,0.0,1.0,0.0,0.045,1.0
0.0,0.0,1.0,0.0,1.0,0.0,-1.0,0.0,0.0,1.0,0.0,0.045,1.0
0.0,0.0,1.0,0.0,1.0,0.0,-1.0,0.0,0.0,1.0,0.0,0.045,1.0
0.0,0.0,1.0,0.0,1.0,0.0,-1.0,0.0,0.0,1.0,0.0,0.045,1.0
0.0,0.0,1.0,0.0,1.0,0.0,-1.0,0.0,0.0,1.0,0.0,0.045,1.0
0.0,0.0,1.0,0.0,1.0,0.0,-1.0,0.0,0.0,1.0,0.0,0.045,1.0
0.0,0.0,1.0,0.0,1.0,0.0,-1.0,0.0,0.0,1.0,0.0,0.045,1.0
0.0,0.0,1.0,0.0,1.0,0.0,-1.0,0.0,0.0,1.0,0.0,0.045,1.0
0.0,0.0,1.0,0.0,1.0,0.0,-1.0,0.0,0.0,1.0,0.0,0.045,1.0
0.0,0.0,1.0,0.0,1.0,0.0,-1.0,0.0,0.0,1.0,0.0,0.045,1.0
0.0,0.0,1.0,0.0,1.0,0.0,-1.0,0.0,0.0,1.0,0.0,0.045,1.0
0.0,0.0,1.0,0.0,1.0,0.0,-1.0,0.0,0.0,1.0,0.0,0.045,1.0
0.0,0.0,1.0,0.0,1.0,0.0,-1.0,0.0,0.0,1.0,0.0,0.045,1.0
0.0,0.0,1.0,0.0,1.0,0.0,-1.0,0.0,0.0,1.0,0.0,0.045,1.0
0.0,0.0,1.0,0.0,1.0,0.0,-1.0,0.0,0.0,1.0,0.0,0.045,1.0
0.0,0.0,1.0,0.0,1.0,0.0,-1.0,0.0,0.0,1.0,0.0,0.045,1.0
0.0,0.0,1.0,0.0,1.0,0.0,-1.0,0.0,0.0,1.0,0.0,0.045,1.0
0.0,0.0,1.0,0.0,1.0,0.0,-1.0,0.0,0.0,1.0,0.0,0.045,1.0
0.0,0.0,1.0,0.0,1.0,0.0,-1.0,0.0,0.0,1.0,0.0,0.045,1.0
0.0,0.0,1.0,0.0,1.0,0.0,-1.0,0.0,0.0,1.0,0.0,0.045,1.0
0.0,0.0,1.0,0.0,1.0,0.0,-1.0,0.0,0.0,1.0,0.0,0.045,1.0
0.0,0.0,1.0,0.0,1.0,0.0,-1.0,0.0,0.0,1.0,0.0,0.045,1.0
0.0,0.0,1.0,0.0,1.0,0.0,-1.0,0.0,0.0,1.0,0.0,0.045,1.0
0.0,0.0,1.0,0.0,1.0,0.0,-1.0,0.0,0.0,1.0,0.0,0.045,1.0
0.0,0.0,1.0,0.0,1.0,0.0,-1.0,0.0,0.0,1.0,0.0,0.045,1.0
0.0,0.0,1.0,0.0,1.0,0.0,-1.0,0.0,0.0,1.0,0.0,0.045,1.0
0.0,0.0,1.0,0.0,1.0,0.0,-1.0,0.0,0.0,1.0,0.0,0.045,1.0
0.0,0.0,1.0,0.0,1.0,0.0,-1.0,0.0,0.0,1.0,0.0,0.045,1.0
0.0,0.0,1.0,0.0,1.0,0.0,-1.0,0.0,0.0,1.0,0.0,0.045,1.0
0.0,0.0,1.0,0.0,1.0,0.0,-1.0,0.0,0.0,1.0,0.0,0.045,1.0
0.0,0.0,1.0,0.0,1.0,0.0,-1.0,0.0,0.0,1.0,0.0,0.045,1.0
0.0,0.0,1.0,0.0,1.0,0.0,-1.0,0.0,0.0,1.0,0.0,0.045,1.0
0.0,0.0,1.0,0.0,1.0,0.0,-1.0,0.0,0.0,1.0,0.0,0.045,1.0
0.0,0.0,1.0,0.0,1.0,0.0,-1.0,0.0,0.0,1.0,0.0,0.045,1.0
0.0,0.0,1.0,0.0,1.0,0.0,-1.0,0.0,0.0,1.0,0.0,0.045,1.0
0.0,0.0,1.0,0.0,1.0,0.0,-1.0,0.0,0.0,1.0,0.0,0.045,1.0
0.0,0.0,1.0,0.0,1.0,0.0,-1.0,0.0,0.0,1.0,0.0,0.045,1.0
0.0,0.0,1.0,0.0,1.0,0.0,-1.0,0.0,0.0,1.0,0.0,0.045,1.0
0.0,0.0,1.0,0.0,1.0,0.0,-1.0,0.0,0.0,1.0,0.0,0.045,1.0
0.0,0.0,1.0,0.0,1.0,0.0,-1.0,0.0,0.0,1.0,0.0,0.045,1.0
0.0,0.0,1.0,0.0,1.0,0.0,-1.0,0.0,0.0,1.0,0.0,0.045,1.0
0.0,0.0,1.0,0.0,1.0,0.0,-1.0,0.0,0.0,1.0,0.0,0.045,1.0
0.0,0.0,1.0,0.0,1.0,0.0,-1.0,0.0,0.0,1.0,0.0,0.045,1.0
0.0,0.0,1.0,0.0,1.0,0.0,-1.0,0.0,0.0,1.0,0.0,0.045,1.0
0.0,0.0,1.0,0.0,1.0,0.0,-1.0,0.0,0.0,1.0,0.0,0.045,1.0
0.0,0.0,1.0,0.0,1.0,0.0,-1.0,0.0,0.0,1.0,0.0,0.045,1.0
0.0,0.0,1.0,0.0,1.0,0.0,-1.0,0.0,0.0,1.0,0.0,0.045,1.0
0.0,0.0,1.0,0.0,1.0,0.0,-1.0,0.0,0.0,1.0,0.0,0.045,1.0
0.0,0.0,1.0,0.0,1.0,0.0,-1.0,0.0,0.0,1.0,0.0,0.045,1.0
0.0,0.0,1.0,0.0,1.0,0.0,-1.0,0.0,0.0,1.0,0.0,0.045,1.0
0.0,0.0,1.0,0.0,1.0,0.0,-1.0,0.0,0.0,1.0,0.0,0.045,1.0
0.0,0.0,1.0,0.0,1.0,0.0,-1.0,0.0,0.0,1.0,0.0,0.045,1.0
0.0,0.0,1.0,0.0,1.0,0.0,-1.0,0.0,0.0,1.0,0.0,0.045,1.0
0.0,0.0,1.0,0.0,1.0,0.0,-1.0,0.0,0.0,1.0,0.0,0.045,1.0
0.0,0.0,1.0,0.0,1.0,0.0,-1.0,0.0,0.0,1.0,0.0,0.045,1.0
0.0,0.0,1.0,0.0,1.0,0.0,-1.0,0.0,0.0,1.0,0.0,0.045,1.0
0.0,0.0,1.0,0.0,1.0,0.0,-1.0,0.0,0.0,1.0,0.0,0.045,1.0
0.0,0.0,1.0,0.0,1.0,0.0,-1.0,0.0,0.0,1.0,0.0,0.045,1.0
0.0,0.0,1.0,0.0,1.0,0.0,-1.0,0.0,0.0,1.0,0.0,0.045,1.0
0.0,0.0,1.0,0.0,1.0,0.0,-1.0,0.0,0.0,1.0,0.0,0.045,1.0
0.0,0.0,1.0,0.0,1.0,0.0,-1.0,0.0,0.0,1.0,0.0,0.045,1.0
0.0,0.0,1.0,0.0,1.0,0.0,-1.0,0.0,0.0,1.0,0.0,0.045,1.0
0.0,0.0,1.0,0.0,1.0,0.0,-1.0,0.0,0.0,1.0,0.0,0.045,1.0
0.0,0.0,1.0,0.0,1.0,0.0,-1.0,0.0,0.0,1.0,0.0,0.045,1.0
0.0,0.0,1.0,0.0,1.0,0.0,-1.0,0.0,0.0,1.0,0.0,0.045,1.0
0.0,0.0,1.0,0.0,1.0,0.0,-1.0,0.0,0.0,1.0,0.0,0.045,1.0
0.0,0.0,1.0,0.0,1.0,0.0,-1.0,0.0,0.0,1.0,0.0,0.045,1.0
0.0,0.0,1.0,0.0,1.0,0.0,-1.0,0.0,0.0,1.0,0.0,0.045,1.0
0.0,0.0,1.0,0.0,1.0,0.0,-1.0,0.0,0.0,1.0,0.0,0.045,1.0
0.0,0.0,1.0,0.0,1.0,0.0,-1.0,0.0,0.0,1.0,0.0,0.045,1.0
0.0,0.0,1.0,0.0,1.0,0.0,-1.0,0.0,0.0,1.0,0.0,0.045,1.0
0.0,0.0,1.0,0.0,1.0,0.0,-1.0,0.0,0.0,1.0,0.0,0.045,1.0
0.0,0.0,1.0,0.0,1.0,0.0,-1.0,0.0,0.0,1.0,0.0,0.045,1.0
0.0,0.0,1.0,0.0,1.0,0.0,-1.0,0.0,0.0,1.0,0.0,0.045,1.0
0.0,0.0,1.0,0.0,1.0,0.0,-1.0,0.0,0.0,1.0,0.0,0.045,1.0
0.0,0.0,1.0,0.0,1.0,0.0,-1.0,0.0,0.0,1.0,0.0,0.045,1.0
0.0,0.0,1.0,0.0,1.0,0.0,-1.0,0.0,0.0,1.0,0.0,0.045,1.0
0.0,0.0,1.0,0.0,1.0,0.0,-1.0,0.0,0.0,1.0,0.0,0.045,1.0
0.0,0.0,1.0,0.0,1.0,0.0,-1.0,0.0,0.0,1.0,0.0,0.045,1.0
0.0,0.0,1.0,0.0,1.0,0.0,-1.0,0.0,0.0,1.0,0.0,0.045,1.0
0.0,0.0,1.0,0.0,1.0,0.0,-1.0,0.0,0.0,1.0,0.0,0.045,1.0
0.0,0.0,1.0,0.0,1.0,0.0,-1.0,0.0,0.0,1.0,0.0,0.045,1.0
0.0,0.0,1.0,0.0,1.0,0.0,-1.0,0.0,0.0,1.0,0.0,0.045,1.0
0.0,0.0,1.0,0.0,1.0,0.0,-1.0,0.0,0.0,1.0,0.0,0.045,1.0
0.0,0.0,1.0,0.0,1.0,0.0,-1.0,0.0,0.0,1.0,0.0,0.045,1.0
0.0,0.0,1.0,0.0,1.0,0.0,-1.0,0.0,0.0,1.0,0.0,0.045,1.0
0.0,0.0,1.0,0.0,1.0,0.0,-1.0,0.0,0.0,1.0,0.0,0.045,1.0
0.0,0.0,1.0,0.0,1.0,0.0,-1.0,0.0,0.0,1.0,0.0,0.045,1.0
0.0,0.0,1.0,0.0,1.0,0.0,-1.0,0.0,0.0,1.0,0.0,0.045,1.0
0.0,0.0,1.0,0.0,1.0,0.0,-1.0,0.0,0.0,1.0,0.0,0.045,1.0
0.0,0.0,1.0,0.0,1.0,0.0,-1.0,0.0,0.0,1.0,0.0,0.045,1.0
0.0,0.0,1.0,0.0,1.0,0.0,-1.0,0.0,0.0,1.0,0.0,0.045,1.0
0.0,0.0,1.0,0.0,1.0,0.0,-1.0,0.0,0.0,1.0,0.0,0.045,1.0
0.0,0.0,1.0,0.0,1.0,0.0,-1.0,0.0,0.0,1.0,0.0,0.045,1.0
0.0,0.0,1.0,0.0,1.0,0.0,-1.0,0.0,0.0,1.0,0.0,0.045,1.0
0.0,0.0,1.0,0.0,1.0,0.0,-1.0,0.0,0.0,1.0,0.0,0.045,1.0
0.0,0.0,1.0,0.0,1.0,0.0,-1.0,0.0,0.0,1.0,0.0,0.045,1.0
0.0,0.0,1.0,0.0,1.0,0.0,-1.0,0.0,0.0,1.0,0.0,0.045,1.0
0.0,0.0,1.0,0.0,1.0,0.0,-1.0,0.0,0.0,1.0,0.0,0.045,1.0
0.0,0.0,1.0,0.0,1.0,0.0,-1.0,0.0,0.0,1.0,0.0,0.045,1.0
0.0,0.0,1.0,0.0,1.0,0.0,-1.0,0.0,0.0,1.0,0.0,0.045,1.0
0.0,0.0,1.0,0.0,1.0,0.0,-1.0,0.0,0.0,1.0,0.0,0.045,1.0
0.0,0.0,1.0,0.0,1.0,0.0,-1.0,0.0,0.0,1.0,0.0,0.045,1.0
0.0,0.0,1.0,0.0,1.0,0.0,-1.0,0.0,0.0,1.0,0.0,0.045,1.0
0.0,0.0,1.0,0.0,1.0,0.0,-1.0,0.0,0.0,1.0,0.0,0.045,1.0
0.0,0.0,1.0,0.0,1.0,0.0,-1.0,0.0,0.0,1.0,0.0,0.045,1.0
0.0,0.0,1.0,0.0,1.0,0.0,-1.0,0.0,0.0,1.0,0.0,0.045,1.0
0.0,0.0,1.0,0.0,1.0,0.0,-1.0,0.0,0.0,1.0,0.0,0.045,1.0
0.0,0.0,1.0,0.0,1.0,0.0,-1.0,0.0,0.0,1.0,0.0,0.045,1.0
0.0,0.0,1.0,0.0,1.0,0.0,-1.0,0.0,0.0,1.0,0.0,0.045,1.0
0.0,0.0,1.0,0.0,1.0,0.0,-1.0,0.0,0.0,1.0,0.0,0.045,1.0
0.0,0.0,1.0,0.0,1.0,0.0,-1.0,0.0,0.0,1.0,0.0,0.045,1.0
0.0,0.0,1.0,0.0,1.0,0.0,-1.0,0.0,0.0,1.0,0.0,0.045,1.0
0.0,0.0,1.0,0.0,1.0,0.0,-1.0,0.0,0.0,1.0,0.0,0.045,1.0
0.0,0.0,1.0,0.0,1.0,0.0,-1.0,0.0,0.0,1.0,0.0,0.045,1.0
0.0,0.0,1.0,0.0,1.0,0.0,-1.0,0.0,0.0,1.0,0.0,0.045,1.0
0.0,0.0,1.0,0.0,1.0,0.0,-1.0,0.0,0.0,1.0,0.0,0.045,1.0
0.0,0.0,1.0,0.0,1.0,0.0,-1.0,0.0,0.0,1.0,0.0,0.045,1.0
0.0,0.0,1.0,0.0,1.0,0.0,-1.0,0.0,0.0,1.0,0.0,0.045,1.0
0.0,0.0,1.0,0.0,1.0,0.0,-1.0,0.0,0.0,1.0,0.0,0.045,1.0
0.0,0.0,1.0,0.0,1.0,0.0,-1.0,0.0,0.0,1.0,0.0,0.045,1.0
0.0,0.0,1.0,0.0,1.0,0.0,-1.0,0.0,0.0,1.0,0.0,0.045,1.0
0.0,0.0,1.0,0.0,1.0,0.0,-1.0,0.0,0.0,1.0,0.0,0.04500412089202194,1.0
0.0,0.0,1.0,0.0,1.0,0.0,-1.0,0.0,0.0,1.0,0.0,0.04503195182598104,1.0
0.0,0.0,1.0,0.0,1.0,0.0,-1.0,0.0,0.0,1.0,0.0,0.04510446809093706,1.0
0.0,0.0,1.0,0.0,1.0,0.0,-1.0,0.0,0.0,1.0,0.0,0.04523977746807827,1.0
0.0,0.0,1.0,0.0,1.0,0.0,-1.0,0.0,0.0,1.0,0.0,0.04545324767551581,1.0
0.0,0.0,1.0,0.0,1.0,0.0,-1.0,0.0,0.0,1.0,0.0,0.0457576338130779,1.0
0.0,0.0,1.0,0.0,1.0,0.0,-1.0,0.0,0.0,1.0,0.0,0.04616320580710418,1.0
0.0,0.0,1.0,0.0,1.0,0.0,-1.0,0.0,0.0,1.0,0.0,0.04667787585523998,1.0
0.0,0.0,1.0,0.0,1.0,0.0,-1.0,0.0,0.0,1.0,0.0,0.04730732587123058,1.0
0.0,0.0,1.0,0.0,1.0,0.0,-1.0,0.0,0.0,1.0,0.0,0.048055134929715554,1.0
0.0,0.0,1.0,0.0,1.0,0.0,-1.0,0.0,0.0,1.0,0.0,0.04892290671102302,1.0
0.0,0.0,1.0,0.0,1.0,0.0,-1.0,0.0,0.0,1.0,0.0,0.04991039694596393,1.0
0.0,0.0,1.0,0.0,1.0,0.0,-1.0,0.0,0.0,1.0,0.0,0.051015640860626335,1.0
0.0,0.0,1.0,0.0,1.0,0.0,-1.0,0.0,0.0,1.0,0.0,0.05223508062116975,1.0
0.0,0.0,1.0,0.0,1.0,0.0,-1.0,0.0,0.0,1.0,0.0,0.05356369277861933,1.0
0.0,0.0,1.0,0.0,1.0,0.0,-1.0,0.0,0.0,1.0,0.0,0.05499511571366028,1.0
0.0,0.0,1.0,0.0,1.0,0.0,-1.0,0.0,0.0,1.0,0.0,0.05652177708143201,1.0
0.0,0.0,1.0,0.0,1.0,0.0,-1.0,0.0,0.0,1.0,0.0,0.05813502125632253,1.0
0.0,0.0,1.0,0.0,1.0,0.0,-1.0,0.0,0.0,1.0,0.0,0.05982523677676269,1.0
0.0,0.0,1.0,0.0,1.0,0.0,-1.0,0.0,0.0,1.0,0.0,0.061581983790020486,1.0
0.0,0.0,1.0,0.0,1.0,0.0,-1.0,0.0,0.0,1.0,0.0,0.0633941214969953,1.0
0.0,0.0,1.0,0.0,1.0,0.0,-1.0,0.0,0.0,1.0,0.0,0.06524993559701225,1.0
0.0,0.0,1.0,0.0,1.0,0.0,-1.0,0.0,0.0,1.0,0.0,0.06713726573261646,1.0
0.0,0.0,1.0,0.0,1.0,0.0,-1.0,0.0,0.0,1.0,0.0,0.06904363293436727,1.0
0.0,0.0,1.0,0.0,1.0,0.0,-1.0,0.0,0.0,1.0,0.0,0.07095636706563271,1.0
0.0,0.0,1.0,0.0,1.0,0.0,-1.0,0.0,0.0,1.0,0.0,0.07286273426738354,1.0
0.0,0.0,1.0,0.0,1.0,0.0,-1.0,0.0,0.0,1.0,0.0,0.07475006440298775,1.0
0.0,0.0,1.0,0.0,1.0,0.0,-1.0,0.0,0.0,1.0,0.0,0.07660587850300471,1.0
0.0,0.0,1.0,0.0,1.0,0.0,-1.0,0.0,0.0,1.0,0.0,0.07841801620997951,1.0
0.0,0.0,1.0,0.0,1.0,0.0,-1.0,0.0,0.0,1.0,0.0,0.08017476322323729,1.0
0.0,0.0,1.0,0.0,1.0,0.0,-1.0,0.0,0.0,1.0,0.0,0.08186497874367747,1.0
0.0,0.0,1.0,0.0,1.0,0.0,-1.0,0.0,0.0,1.0,0.0,0.083478222918568,1.0
0.0,0.0,1.0,0.0,1.0,0.0,-1.0,0.0,0.0,1.0,0.0,0.08500488428633973,1.0
0.0,0.0,1.0,0.0,1.0,0.0,-1.0,0.0,0.0,1.0,0.0,0.08643630722138065,1.0
0.0,0.0,1.0,0.0,1.0,0.0,-1.0,0.0,0.0,1.0,0.0,0.08776491937883026,1.0
0.0,0.0,1.0,0.0,1.0,0.0,-1.0,0.0,0.0,1.0,0.0,0.08898435913937366,1.0
0.0,0.0,1.0,0.0,1.0,0.0,-1.0,0.0,0.0,1.0,0.0,0.09008960305403609,1.0
0.0,0.0,1.0,0.0,1.0,0.0,-1.0,0.0,0.0,1.0,0.0,0.09107709328897699,1.0
0.0,0.0,1.0,0.0,1.0,0.0,-1.0,0.0,0.0,1.0,0.0,0.09194486507028443,1.0
0.0,0.0,1.0,0.0,1.0,0.0,-1.0,0.0,0.0,1.0,0.0,0.09269267412876943,1.0
0.0,0.0,1.0,0.0,1.0,0.0,-1.0,0.0,0.0,1.0,0.0,0.0933221241447601,1.0
0.0,0.0,1.0,0.0,1.0,0.0,-1.0,0.0,0.0,1.0,0.0,0.09383679419289587,1.0
0.0,0.0,1.0,0.0,1.0,0.0,-1.0,0.0,0.0,1.0,0.0,0.09424236618692208,1.0
0.0,0.0,1.0,0.0,1.0,0.0,-1.0,0.0,0.0,1.0,0.0,0.09454675232448423,1.0
0.0,0.0,1.0,0.0,1.0,0.0,-1.0,0.0,0.0,1.0,0.0,0.0947602225319218,1.0
0.0,0.0,1.0,0.0,1.0,0.0,-1.0,0.0,0.0,1.0,0.0,0.094895531909063,1.0
0.0,0.0,1.0,0.0,1.0,0.0,-1.0,0.0,0.0,1.0,0.0,0.094968048174019,1.0
0.0,0.0,1.0,0.0,1.0,0.0,-1.0,0.0,0.0,1.0,0.0,0.09499587910797798,1.0
0.0,0.0,1.0,0.0,1.0,0.0,-1.0,0.0,0.0,1.0,0.0,0.095,1.0
0.0,0.0,1.0,0.0,1.0,0.0,-1.0,0.0,0.0,1.0,-4.055140409134216e-09,0.095,1.0
0.0,0.0,1.0,0.0,1.0,0.0,-1.0,0.0,0.0,1.0,-3.2410122648644195e-08,0.095,1.0
0.0,0.0,1.0,0.0,1.0,0.0,-1.0,0.0,0.0,1.0,-1.0927959018568032e-07,0.095,1.0
0.0,0.0,1.0,0.0,1.0,0.0,-1.0,0.0,0.0,1.0,-2.5878535060418937e-07,0.095,1.0
0.0,0.0,1.0,0.0,1.0,0.0,-1.0,0.0,0.0,1.0,-5.049564941692607e-07,0.095,1.0
0.0,0.0,1.0,0.0,1.0,0.0,-1.0,0.0,0.0,1.0,-8.717295123914726e-07,0.095,1.0
0.0,1.3829484165907979e-06,0.9999999999990438,0.0,0.9999999999990438,-1.3829484165907979e-06,-1.0,0.0,0.0,0.9999999999990438,-1.382948416590798e-06,0.095,1.0
0.0,2.0623648564616947e-06,0.9999999999978734,0.0,0.9999999999978734,-2.0623648564616947e-06,-1.0,0.0,0.0,0.9999999999978734,-2.062364856461695e-06,0.095,1.0
0.0,2.933638238636139e-06,0.9999999999956969,0.0,0.9999999999956969,-2.933638238636139e-06,-1.0,0.0,0.0,0.9999999999956969,-2.9336382386361393e-06,0.095,1.0
0.0,4.02033584524798e-06,0.9999999999919185,0.0,0.9999999999919185,-4.02033584524798e-06,-1.0,0.0,0.0,0.9999999999919185,-4.02033584524798e-06,0.095,1.0
0.0,5.3459329524963e-06,0.9999999999857105,0.0,0.9999999999857105,-5.3459329524963e-06,-1.0,0.0,0.0,0.9999999999857105,-5.345932952496301e-06,0.095,1.0
0.0,6.933812949208435e-06,0.9999999999759611,0.0,0.9999999999759611,-6.933812949208435e-06,-1.0,0.0,0.0,0.9999999999759611,-6.933812949208436e-06,0.095,1.0
0.0,8.807267455402344e-06,0.999999999961216,0.0,0.999999999961216,-8.807267455402344e-06,-1.0,0.0,0.0,0.999999999961216,-8.807267455402345e-06,0.095,1.0
0.0,1.098949644084815e-05,0.9999999999396155,0.0,0.9999999999396155,-1.098949644084815e-05,-1.0,0.0,0.0,0.9999999999396155,-1.098949644084815e-05,0.095,1.0
0.0,1.3503608343628618e-05,0.9999999999088263,0.0,0.9999999999088263,-1.3503608343628618e-05,-1.0,0.0,0.0,0.9999999999088263,-1.350360834362862e-05,0.095,1.0
0.0,1.6372620188698203e-05,0.9999999998659687,0.0,0.9999999998659687,-1.6372620188698203e-05,-1.0,0.0,0.0,0.9999999998659687,-1.6372620188698203e-05,0.095,1.0
0.0,1.9619457706440535e-05,0.9999999998075384,0.0,0.9999999998075384,-1.9619457706440535e-05,-1.0,0.0,0.0,0.9999999998075384,-1.9619457706440538e-05,0.095,1.0
0.0,2.326695545122375e-05,0.9999999997293244,0.0,0.9999999997293244,-2.326695545122375e-05,-1.0,0.0,0.0,0.9999999997293244,-2.326695545122375e-05,0.095,1.0
0.0,2.7337856919953398e-05,0.9999999996263208,0.0,0.9999999996263208,-2.7337856919953398e-05,-1.0,0.0,0.0,0.9999999996263208,-2.73378569199534e-05,0.095,1.0
0.0,3.185481467062239e-05,0.9999999994926354,0.0,0.9999999994926354,-3.185481467062239e-05,-1.0,0.0,0.0,0.9999999994926354,-3.1854814670622395e-05,0.095,1.0
0.0,3.68403904408575e-05,0.9999999993213928,0.0,0.9999999993213928,-3.68403904408575e-05,-1.0,0.0,0.0,0.9999999993213928,-3.684039044085751e-05,0.095,1.0
0.0,4.2317055266461825e-05,0.9999999991046334,0.0,0.9999999991046334,-4.2317055266461825e-05,-1.0,0.0,0.0,0.9999999991046334,-4.231705526646183e-05,0.095,1.0
0.0,4.830718959995255e-05,0.9999999988332077,0.0,0.9999999988332077,-4.830718959995255e-05,-1.0,0.0,0.0,0.9999999988332077,-4.8307189599952556e-05,0.095,1.0
0.0,5.48330834290934e-05,0.9999999984966664,0.0,0.9999999984966664,-5.48330834290934e-05,-1.0,0.0,0.0,0.9999999984966664,-5.4833083429093415e-05,0.095,1.0
0.0,6.191693639542083e-05,0.9999999980831465,0.0,0.9999999980831465,-6.191693639542083e-05,-1.0,0.0,0.0,0.9999999980831465,-6.191693639542083e-05,0.095,1.0
0.0,6.958085791276352e-05,0.9999999975792521,0.0,0.9999999975792521,-6.958085791276352e-05,-1.0,0.0,0.0,0.9999999975792521,-6.958085791276352e-05,0.095,1.0
0.0,7.78468672857537e-05,0.9999999969699326,0.0,0.9999999969699326,-7.78468672857537e-05,-1.0,0.0,0.0,0.9999999969699326,-7.784686728575371e-05,0.095,1.0
0.0,8.673689382832999e-05,0.9999999962383557,0.0,0.9999999962383557,-8.673689382832999e-05,-1.0,0.0,0.0,0.9999999962383557,-8.673689382833001e-05,0.095,1.0
0.0,9.627277698223031e-05,0.9999999953657762,0.0,0.9999999953657762,-9.627277698223031e-05,-1.0,0.0,0.0,0.9999999953657762,-9.627277698223032e-05,0.095,1.0
0.0,0.00010647626643547385,0.9999999943314023,0.0,0.9999999943314023,-0.00010647626643547385,-1.0,0.0,0.0,0.9999999943314023,-0.00010647626643547386,0.095,1.0
0.0,0.00011736902224083096,0.9999999931122563,0.0,0.9999999931122563,-0.00011736902224083096,-1.0,0.0,0.0,0.9999999931122563,-0.00011736902224083097,0.095,1.0
0.0,0.00012897261493428005,0.9999999916830322,0.0,0.9999999916830322,-0.00012897261493428005,-1.0,0.0,0.0,0.9999999916830322,-0.00012897261493428008,0.095,1.0
0.0,0.00014130852565344938,0.9999999900159502,0.0,0.9999999900159502,-0.00014130852565344938,-1.0,0.0,0.0,0.9999999900159502,-0.0001413085256534494,0.095,1.0
0.0,0.00015439814625604325,0.9999999880806062,0.0,0.9999999880806062,-0.00015439814625604325,-1.0,0.0,0.0,0.9999999880806062,-0.00015439814625604328,0.095,1.0
0.0,0.00016826277943825067,0.9999999858438184,0.0,0.9999999858438184,-0.00016826277943825067,-1.0,0.0,0.0,0.9999999858438184,-0.0001682627794382507,0.095,1.0
0.0,0.0001829236388531347,0.999999983269471,0.0,0.999999983269471,-0.0001829236388531347,-1.0,0.0,0.0,0.999999983269471,-0.00018292363885313474,0.095,1.0
0.0,0.0001984018492290018,0.9999999803183529,0.0,0.9999999803183529,-0.0001984018492290018,-1.0,0.0,0.0,0.9999999803183529,-0.00019840184922900183,0.095,1.0
0.0,0.00021471844648774814,0.9999999769479941,0.0,0.9999999769479941,-0.00021471844648774814,-1.0,0.0,0.0,0.9999999769479941,-0.00021471844648774817,0.095,1.0
0.0,0.00023189437786318235,0.9999999731124984,0.0,0.9999999731124984,-0.00023189437786318235,-1.0,0.0,0.0,0.9999999731124984,-0.00023189437786318238,0.095,1.0
0.0,0.00024995050201932225,0.9999999687623727,0.0,0.9999999687623727,-0.00024995050201932225,-1.0,0.0,0.0,0.9999999687623727,-0.0002499505020193223,0.095,1.0
0.0,0.0002689075891686632,0.9999999638443536,0.0,0.9999999638443536,-0.0002689075891686632,-1.0,0.0,0.0,0.9999999638443536,-0.00026890758916866327,0.095,1.0
0.0,0.00028878632119041717,0.9999999583012295,0.0,0.9999999583012295,-0.00028878632119041717,-1.0,0.0,0.0,0.9999999583012295,-0.0002887863211904172,0.095,1.0
0.0,0.0003096072917487193,0.9999999520716613,0.0,0.9999999520716613,-0.0003096072917487193,-1.0,0.0,0.0,0.9999999520716613,-0.0003096072917487193,0.095,1.0
0.0,0.0003313910064108005,0.9999999450899989,0.0,0.9999999450899989,-0.0003313910064108005,-1.0,0.0,0.0,0.9999999450899989,-0.0003313910064108005,0.095,1.0
0.0,0.000354157882765123,0.999999937286095,0.0,0.999999937286095,-0.000354157882765123,-1.0,0.0,0.0,0.999999937286095,-0.00035415788276512306,0.095,1.0
0.0,0.0003779282505394781,0.9999999285851162,0.0,0.9999999285851162,-0.0003779282505394781,-1.0,0.0,0.0,0.9999999285851162,-0.0003779282505394782,0.095,1.0
0.0,0.00040272235171904115,0.9999999189073504,0.0,0.9999999189073504,-0.00040272235171904115,-1.0,0.0,0.0,0.9999999189073504,-0.0004027223517190412,0.095,1.0
0.0,0.0004285603406643841,0.999999908168013,0.0,0.999999908168013,-0.0004285603406643841,-1.0,0.0,0.0,0.999999908168013,-0.00042856034066438416,0.095,1.0
0.0,0.00045546228422943985,0.9999998962770484,0.0,0.9999998962770484,-0.00045546228422943985,-1.0,0.0,0.0,0.9999998962770484,-0.0004554622842294399,0.095,1.0
0.0,0.0004834481618794193,0.9999998831389305,0.0,0.9999998831389305,-0.0004834481618794193,-1.0,0.0,0.0,0.9999998831389305,-0.00048344816187941936,0.095,1.0
0.0,0.0005125378658086755,0.9999998686524594,0.0,0.9999998686524594,-0.0005125378658086755,-1.0,0.0,0.0,0.9999998686524594,-0.0005125378658086756,0.095,1.0
0.0,0.0005427512010585118,0.999999852710556,0.0,0.999999852710556,-0.0005427512010585118,-1.0,0.0,0.0,0.999999852710556,-0.0005427512010585119,0.095,1.0
0.0,0.0005741078856349344,0.9999998352000542,0.0,0.9999998352000542,-0.0005741078856349344,-1.0,0.0,0.0,0.9999998352000542,-0.0005741078856349346,0.095,1.0
0.0,0.0006066275506263418,0.9999998160014905,0.0,0.9999998160014905,-0.0006066275506263418,-1.0,0.0,0.0,0.9999998160014905,-0.0006066275506263419,0.095,1.0
0.0,0.0006403297403211523,0.9999997949888908,0.0,0.9999997949888908,-0.0006403297403211523,-1.0,0.0,0.0,0.9999997949888908,-0.0006403297403211523,0.095,1.0
0.0,0.0006752339123253619,0.9999997720295558,0.0,0.9999997720295558,-0.0006752339123253619,-1.0,0.0,0.0,0.9999997720295558,-0.000675233912325362,0.095,1.0
0.0,0.0007113594376800338,0.9999997469838432,0.0,0.9999997469838432,-0.0007113594376800338,-1.0,0.0,0.0,0.9999997469838432,-0.0007113594376800339,0.095,1.0
0.0,0.0007487256009787122,0.9999997197049479,0.0,0.9999997197049479,-0.0007487256009787122,-1.0,0.0,0.0,0.9999997197049479,-0.0007487256009787123,0.095,1.0
0.0,0.0007873516004847604,0.9999996900386806,0.0,0.9999996900386806,-0.0007873516004847604,-1.0,0.0,0.0,0.9999996900386806,-0.0007873516004847605,0.095,1.0
0.0,0.0008272565482486143,0.9999996578232432,0.0,0.9999996578232432,-0.0008272565482486143,-1.0,0.0,0.0,0.9999996578232432,-0.0008272565482486144,0.095,1.0
0.0,0.0008684594702249569,0.9999996228890032,0.0,0.9999996228890032,-0.0008684594702249569,-1.0,0.0,0.0,0.9999996228890032,-0.000868459470224957,0.095,1.0
0.0,0.0009109793063897989,0.9999995850582656,0.0,0.9999995850582656,-0.0009109793063897989,-1.0,0.0,0.0,0.9999995850582656,-0.000910979306389799,0.095,1.0
0.0,0.0009548349108574703,0.9999995441450426,0.0,0.9999995441450426,-0.0009548349108574703,-1.0,0.0,0.0,0.9999995441450426,-0.0009548349108574705,0.095,1.0
0.0,0.001000045051997514,0.999999499954822,0.0,0.999999499954822,-0.001000045051997514,-1.0,0.0,0.0,0.999999499954822,-0.0010000450519975141,0.095,1.0
0.0,0.0010466284125514806,0.9999994522843331,0.0,0.9999994522843331,-0.0010466284125514806,-1.0,0.0,0.0,0.9999994522843331,-0.0010466284125514806,0.095,1.0
0.0,0.0010946035897496176,0.9999994009213112,0.0,0.9999994009213112,-0.0010946035897496176,-1.0,0.0,0.0,0.9999994009213112,-0.0010946035897496176,0.095,1.0
0.0,0.0011439890954274517,0.9999993456442606,0.0,0.9999993456442606,-0.0011439890954274517,-1.0,0.0,0.0,0.9999993456442606,-0.0011439890954274517,0.095,1.0
0.0,0.0011948033561422584,0.9999992862222153,0.0,0.9999992862222153,-0.0011948033561422584,-1.0,0.0,0.0,0.9999992862222153,-0.0011948033561422584,0.095,1.0
0.0,0.001247064713289411,0.9999992224144981,0.0,0.9999992224144981,-0.001247064713289411,-1.0,0.0,0.0,0.9999992224144981,-0.0012470647132894112,0.095,1.0
0.0,0.0013007914232186157,0.9999991539704788,0.0,0.9999991539704788,-0.0013007914232186157,-1.0,0.0,0.0,0.9999991539704788,-0.001300791423218616,0.095,1.0
0.0,0.0013560016573500118,0.99999908062933,0.0,0.99999908062933,-0.0013560016573500118,-1.0,0.0,0.0,0.99999908062933,-0.001356001657350012,0.095,1.0
0.0,0.0014127135022901503,0.9999990021197823,0.0,0.9999990021197823,-0.0014127135022901503,-1.0,0.0,0.0,0.9999990021197823,-0.0014127135022901508,0.095,1.0
0.0,0.0014709449599478303,0.9999989181598772,0.0,0.9999989181598772,-0.0014709449599478303,-1.0,0.0,0.0,0.9999989181598772,-0.0014709449599478305,0.095,1.0
0.0,0.0015307139476498,0.999998828456719,0.0,0.999998828456719,-0.0015307139476498,-1.0,0.0,0.0,0.999998828456719,-0.0015307139476498002,0.095,1.0
0.0,0.001592038298256313,0.9999987327062254,0.0,0.9999987327062254,-0.001592038298256313,-1.0,0.0,0.0,0.9999987327062254,-0.0015920382982563131,0.095,1.0
0.0,0.0016549357602765322,0.9999986305928771,0.0,0.9999986305928771,-0.0016549357602765322,-1.0,0.0,0.0,0.9999986305928771,-0.0016549357602765324,0.095,1.0
0.0,0.0017194239979837827,0.999998521789465,0.0,0.999998521789465,-0.0017194239979837827,-1.0,0.0,0.0,0.999998521789465,-0.0017194239979837832,0.095,1.0
0.0,0.001785520591530646,0.9999984059568381,0.0,0.9999984059568381,-0.001785520591530646,-1.0,0.0,0.0,0.9999984059568381,-0.0017855205915306462,0.095,1.0
0.0,0.0018532430370638842,0.9999982827436483,0.0,0.9999982827436483,-0.0018532430370638842,-1.0,0.0,0.0,0.9999982827436483,-0.0018532430370638844,0.095,1.0
0.0,0.001922608746839202,0.9999981517860953,0.0,0.9999981517860953,-0.001922608746839202,-1.0,0.0,0.0,0.9999981517860953,-0.0019226087468392024,0.095,1.0
0.0,0.0019936350493358302,0.9999980127076704,0.0,0.9999980127076704,-0.0019936350493358302,-1.0,0.0,0.0,0.9999980127076704,-0.0019936350493358302,0.095,1.0
0.0,0.00206633918937093,0.9999978651188983,0.0,0.9999978651188983,-0.00206633918937093,-1.0,0.0,0.0,0.9999978651188983,-0.0020663391893709303,0.095,1.0
0.0,0.0021407383282138082,0.9999977086170798,0.0,0.9999977086170798,-0.0021407383282138082,-1.0,0.0,0.0,0.9999977086170798,-0.0021407383282138087,0.095,1.0
0.0,0.0022168495436999535,0.9999975427860314,0.0,0.9999975427860314,-0.0022168495436999535,-1.0,0.0,0.0,0.9999975427860314,-0.0022168495436999535,0.095,1.0
0.0,0.0022946898303448605,0.9999973671958254,0.0,0.9999973671958254,-0.0022946898303448605,-1.0,0.0,0.0,0.9999973671958254,-0.002294689830344861,0.095,1.0
0.0,0.0023742760994576624,0.9999971814025296,0.0,0.9999971814025296,-0.0023742760994576624,-1.0,0.0,0.0,0.9999971814025296,-0.002374276099457663,0.095,1.0
0.0,0.0024556251792545577,0.9999969849479442,0.0,0.9999969849479442,-0.0024556251792545577,-1.0,0.0,0.0,0.9999969849479442,-0.002455625179254558,0.095,1.0
0.0,0.0025387538149720165,0.9999967773593408,0.0,0.9999967773593408,-0.0025387538149720165,-1.0,0.0,0.0,0.9999967773593408,-0.002538753814972017,0.095,1.0
0.0,0.0026236786689797726,0.9999965581491979,0.0,0.9999965581491979,-0.0026236786689797726,-1.0,0.0,0.0,0.9999965581491979,-0.002623678668979773,0.095,1.0
0.0,0.0027104163208935906,0.9999963268149376,0.0,0.9999963268149376,-0.0027104163208935906,-1.0,0.0,0.0,0.9999963268149376,-0.002710416320893591,0.095,1.0
0.0,0.0027989832676878065,0.9999960828386615,0.0,0.9999960828386615,-0.0027989832676878065,-1.0,0.0,0.0,0.9999960828386615,-0.002798983267687807,0.095,1.0
0.0,0.0028893959238076214,0.9999958256868853,0.0,0.9999958256868853,-0.0028893959238076214,-1.0,0.0,0.0,0.9999958256868853,-0.0028893959238076223,0.095,1.0
0.0,0.0029816706212811663,0.9999955548102732,0.0,0.9999955548102732,-0.0029816706212811663,-1.0,0.0,0.0,0.9999955548102732,-0.0029816706212811668,0.095,1.0
0.0,0.0030758236098313114,0.9999952696433725,0.0,0.9999952696433725,-0.0030758236098313114,-1.0,0.0,0.0,0.9999952696433725,-0.003075823609831312,0.095,1.0
0.0,0.003171871056987221,0.9999949696043465,0.0,0.9999949696043465,-0.003171871056987221,-1.0,0.0,0.0,0.9999949696043465,-0.0031718710569872215,0.095,1.0
0.0,0.003269829048195651,0.9999946540947084,0.0,0.9999946540947084,-0.003269829048195651,-1.0,0.0,0.0,0.9999946540947084,-0.0032698290481956516,0.095,1.0
0.0,0.0033697135869319777,0.9999943224990541,0.0,0.9999943224990541,-0.0033697135869319777,-1.0,0.0,0.0,0.9999943224990541,-0.003369713586931978,0.095,1.0
0.0,0.003471540594810961,0.9999939741847941,0.0,0.9999939741847941,-0.003471540594810961,-1.0,0.0,0.0,0.9999939741847941,-0.0034715405948109613,0.095,1.0
0.0,0.003575325911697212,0.9999936085018869,0.0,0.9999936085018869,-0.003575325911697212,-1.0,0.0,0.0,0.9999936085018869,-0.003575325911697213,0.095,1.0
0.0,0.0036810852958154027,0.9999932247825707,0.0,0.9999932247825707,-0.0036810852958154027,-1.0,0.0,0.0,0.9999932247825707,-0.0036810852958154036,0.095,1.0
0.0,0.003788834423860158,0.9999928223410949,0.0,0.9999928223410949,-0.003788834423860158,-1.0,0.0,0.0,0.9999928223410949,-0.003788834423860159,0.095,1.0
0.0,0.003898588891105659,0.9999924004734527,0.0,0.9999924004734527,-0.003898588891105659,-1.0,0.0,0.0,0.9999924004734527,-0.00389858889110566,0.095,1.0
0.0,0.004010364211514956,0.9999919584571123,0.0,0.9999919584571123,-0.004010364211514956,-1.0,0.0,0.0,0.9999919584571123,-0.004010364211514957,0.095,1.0
0.0,0.004124175817848947,0.999991495550749,0.0,0.999991495550749,-0.004124175817848947,-1.0,0.0,0.0,0.999991495550749,-0.004124175817848948,0.095,1.0
0.0,0.004240039061775058,0.9999910109939762,0.0,0.9999910109939762,-0.004240039061775058,-1.0,0.0,0.0,0.9999910109939762,-0.004240039061775059,0.095,1.0
0.0,0.0043579692139755965,0.9999905040070781,0.0,0.9999905040070781,-0.0043579692139755965,-1.0,0.0,0.0,0.9999905040070781,-0.0043579692139755965,0.095,1.0
0.0,0.004477981464255761,0.9999899737907405,0.0,0.9999899737907405,-0.004477981464255761,-1.0,0.0,0.0,0.9999899737907405,-0.004477981464255761,0.095,1.0
0.0,0.0046000909216513414,0.999989419525783,0.0,0.999989419525783,-0.0046000909216513414,-1.0,0.0,0.0,0.999989419525783,-0.004600090921651342,0.095,1.0
0.0,0.0047243126145360475,0.9999888403728914,0.0,0.9999888403728914,-0.0047243126145360475,-1.0,0.0,0.0,0.9999888403728914,-0.004724312614536048,0.095,1.0
0.0,0.004850661490728508,0.9999882354723492,0.0,0.9999882354723492,-0.004850661490728508,-1.0,0.0,0.0,0.9999882354723492,-0.004850661490728509,0.095,1.0
0.0,0.004979152417598902,0.9999876039437701,0.0,0.9999876039437701,-0.004979152417598902,-1.0,0.0,0.0,0.9999876039437701,-0.004979152417598903,0.095,1.0
0.0,0.005109800182175235,0.9999869448858311,0.0,0.9999869448858311,-0.005109800182175235,-1.0,0.0,0.0,0.9999869448858311,-0.005109800182175236,0.095,1.0
0.0,0.005242619491249244,0.9999862573760051,0.0,0.9999862573760051,-0.005242619491249244,-1.0,0.0,0.0,0.9999862573760051,-0.005242619491249245,0.095,1.0
0.0,0.005377624971481916,0.9999855404702941,0.0,0.9999855404702941,-0.005377624971481916,-1.0,0.0,0.0,0.9999855404702941,-0.005377624971481917,0.095,1.0
0.0,0.005514831169508644,0.9999847932029625,0.0,0.9999847932029625,-0.005514831169508644,-1.0,0.0,0.0,0.9999847932029625,-0.0055148311695086445,0.095,1.0
0.0,0.005654252552043975,0.9999840145862722,0.0,0.9999840145862722,-0.005654252552043975,-1.0,0.0,0.0,0.9999840145862722,-0.005654252552043976,0.095,1.0
0.0,0.005795903505985968,0.9999832036102153,0.0,0.9999832036102153,-0.005795903505985968,-1.0,0.0,0.0,0.9999832036102153,-0.005795903505985969,0.095,1.0
0.0,0.005939798338520159,0.9999823592422507,0.0,0.9999823592422507,-0.005939798338520159,-1.0,0.0,0.0,0.9999823592422507,-0.00593979833852016,0.095,1.0
0.0,0.006085951277223082,0.9999814804270384,0.0,0.9999814804270384,-0.006085951277223082,-1.0,0.0,0.0,0.9999814804270384,-0.006085951277223083,0.095,1.0
0.0,0.006234376470165429,0.9999805660861756,0.0,0.9999805660861756,-0.006234376470165429,-1.0,0.0,0.0,0.9999805660861756,-0.00623437647016543,0.095,1.0
0.0,0.006385087986014735,0.9999796151179338,0.0,0.9999796151179338,-0.006385087986014735,-1.0,0.0,0.0,0.9999796151179338,-0.006385087986014737,0.095,1.0
0.0,0.006538099814137664,0.9999786263969948,0.0,0.9999786263969948,-0.006538099814137664,-1.0,0.0,0.0,0.9999786263969948,-0.006538099814137665,0.095,1.0
0.0,0.006693425864701834,0.9999775987741895,0.0,0.9999775987741895,-0.006693425864701834,-1.0,0.0,0.0,0.9999775987741895,-0.0066934258647018356,0.095,1.0
0.0,0.006851079968777228,0.9999765310762355,0.0,0.9999765310762355,-0.006851079968777228,-1.0,0.0,0.0,0.9999765310762355,-0.006851079968777229,0.095,1.0
0.0,0.0070110758784371245,0.999975422105477,0.0,0.999975422105477,-0.0070110758784371245,-1.0,0.0,0.0,0.999975422105477,-0.007011075878437125,0.095,1.0
0.0,0.007173427266858594,0.9999742706396235,0.0,0.9999742706396235,-0.007173427266858594,-1.0,0.0,0.0,0.9999742706396235,-0.007173427266858595,0.095,1.0
0.0,0.007338147728422517,0.9999730754314917,0.0,0.9999730754314917,-0.007338147728422517,-1.0,0.0,0.0,0.9999730754314917,-0.007338147728422519,0.095,1.0
0.0,0.0075052507788131335,0.9999718352087458,0.0,0.9999718352087458,-0.0075052507788131335,-1.0,0.0,0.0,0.9999718352087458,-0.007505250778813134,0.095,1.0
0.0,0.007674749855117119,0.9999705486736403,0.0,0.9999705486736403,-0.007674749855117119,-1.0,0.0,0.0,0.9999705486736403,-0.007674749855117121,0.095,1.0
0.0,0.007846658315922185,0.9999692145027632,0.0,0.9999692145027632,-0.007846658315922185,-1.0,0.0,0.0,0.9999692145027632,-0.007846658315922185,0.095,1.0
0.0,0.008020989441415154,0.9999678313467792,0.0,0.9999678313467792,-0.008020989441415154,-1.0,0.0,0.0,0.9999678313467792,-0.008020989441415155,0.095,1.0
0.0,0.008197756433479584,0.9999663978301757,0.0,0.9999663978301757,-0.008197756433479584,-1.0,0.0,0.0,0.9999663978301757,-0.008197756433479586,0.095,1.0
0.0,0.008376972415792853,0.999964912551008,0.0,0.999964912551008,-0.008376972415792853,-1.0,0.0,0.0,0.999964912551008,-0.008376972415792853,0.095,1.0
0.0,0.008558650433922739,0.999963374080646,0.0,0.999963374080646,-0.008558650433922739,-1.0,0.0,0.0,0.999963374080646,-0.008558650433922739,0.095,1.0
0.0,0.008742803455423505,0.9999617809635225,0.0,0.9999617809635225,-0.008742803455423505,-1.0,0.0,0.0,0.9999617809635225,-0.008742803455423507,0.095,1.0
0.0,0.008929444369931424,0.9999601317168821,0.0,0.9999601317168821,-0.008929444369931424,-1.0,0.0,0.0,0.9999601317168821,-0.008929444369931424,0.095,1.0
0.0,0.009118585989259792,0.9999584248305309,0.0,0.9999584248305309,-0.009118585989259792,-1.0,0.0,0.0,0.9999584248305309,-0.009118585989259794,0.095,1.0
0.0,0.009310241047493414,0.9999566587665876,0.0,0.9999566587665876,-0.009310241047493414,-1.0,0.0,0.0,0.9999566587665876,-0.009310241047493416,0.095,1.0
0.0,0.00950442220108252,0.9999548319592358,0.0,0.9999548319592358,-0.00950442220108252,-1.0,0.0,0.0,0.9999548319592358,-0.009504422201082522,0.095,1.0
0.0,0.009701142028936141,0.9999529428144779,0.0,0.9999529428144779,-0.009701142028936141,-1.0,0.0,0.0,0.9999529428144779,-0.009701142028936143,0.095,1.0
0.0,0.009900413032514939,0.9999509897098885,0.0,0.9999509897098885,-0.009900413032514939,-1.0,0.0,0.0,0.9999509897098885,-0.00990041303251494,0.095,1.0
0.0,0.01010224763592346,0.9999489709943715,0.0,0.9999489709943715,-0.01010224763592346,-1.0,0.0,0.0,0.9999489709943715,-0.010102247635923461,0.095,1.0
0.0,0.010306658186001811,0.9999468849879162,0.0,0.9999468849879162,-0.010306658186001811,-1.0,0.0,0.0,0.9999468849879162,-0.010306658186001811,0.095,1.0
0.0,0.010513656952416779,0.999944729981356,0.0,0.999944729981356,-0.010513656952416779,-1.0,0.0,0.0,0.999944729981356,-0.01051365695241678,0.095,1.0
0.0,0.010723256127752346,0.9999425042361278,0.0,0.9999425042361278,-0.010723256127752346,-1.0,0.0,0.0,0.9999425042361278,-0.010723256127752346,0.095,1.0
0.0,0.010935467827599635,0.9999402059840335,0.0,0.9999402059840335,-0.010935467827599635,-1.0,0.0,0.0,0.9999402059840335,-0.010935467827599637,0.095,1.0
0.0,0.011150304090646237,0.9999378334270017,0.0,0.9999378334270017,-0.011150304090646237,-1.0,0.0,0.0,0.9999378334270017,-0.011150304090646239,0.095,1.0
0.0,0.011367776878764946,0.9999353847368512,0.0,0.9999353847368512,-0.011367776878764946,-1.0,0.0,0.0,0.9999353847368512,-0.01136777687876495,0.095,1.0
0.0,0.01158789807710191,0.9999328580550569,0.0,0.9999328580550569,-0.01158789807710191,-1.0,0.0,0.0,0.9999328580550569,-0.011587898077101911,0.095,1.0
0.0,0.011810679494164106,0.9999302514925159,0.0,0.9999302514925159,-0.011810679494164106,-1.0,0.0,0.0,0.9999302514925159,-0.01181067949416411,0.095,1.0
0.0,0.012036132861906268,0.9999275631293152,0.0,0.9999275631293152,-0.012036132861906268,-1.0,0.0,0.0,0.9999275631293152,-0.01203613286190627,0.095,1.0
0.0,0.012264269835817127,0.9999247910145014,0.0,0.9999247910145014,-0.012264269835817127,-1.0,0.0,0.0,0.9999247910145014,-0.012264269835817129,0.095,1.0
0.0,0.012495101995005045,0.9999219331658519,0.0,0.9999219331658519,-0.012495101995005045,-1.0,0.0,0.0,0.9999219331658519,-0.012495101995005047,0.095,1.0
0.0,0.012728640842283022,0.9999189875696471,0.0,0.9999189875696471,-0.012728640842283022,-1.0,0.0,0.0,0.9999189875696471,-0.012728640842283024,0.095,1.0
0.0,0.012964897804253032,0.9999159521804446,0.0,0.9999159521804446,-0.012964897804253032,-1.0,0.0,0.0,0.9999159521804446,-0.012964897804253035,0.095,1.0
0.0,0.013203884231389698,0.9999128249208549,0.0,0.9999128249208549,-0.013203884231389698,-1.0,0.0,0.0,0.9999128249208549,-0.0132038842313897,0.095,1.0
0.0,0.01344561139812338,0.9999096036813181,0.0,0.9999096036813181,-0.01344561139812338,-1.0,0.0,0.0,0.9999096036813181,-0.013445611398123381,0.095,1.0
0.0,0.013690090502922499,0.999906286319884,0.0,0.999906286319884,-0.013690090502922499,-1.0,0.0,0.0,0.999906286319884,-0.0136900905029225,0.095,1.0
0.0,0.013937332668375279,0.9999028706619913,0.0,0.9999028706619913,-0.013937332668375279,-1.0,0.0,0.0,0.9999028706619913,-0.01393733266837528,0.095,1.0
0.0,0.01418734894127076,0.999899354500251,0.0,0.999899354500251,-0.01418734894127076,-1.0,0.0,0.0,0.999899354500251,-0.014187348941270762,0.095,1.0
0.0,0.014440150292679166,0.9998957355942293,0.0,0.9998957355942293,-0.014440150292679166,-1.0,0.0,0.0,0.9998957355942293,-0.014440150292679168,0.095,1.0
0.0,0.01469574761803155,0.9998920116702339,0.0,0.9998920116702339,-0.01469574761803155,-1.0,0.0,0.0,0.9998920116702339,-0.014695747618031553,0.095,1.0
0.0,0.014954151737198813,0.9998881804211013,0.0,0.9998881804211013,-0.014954151737198813,-1.0,0.0,0.0,0.9998881804211013,-0.014954151737198815,0.095,1.0
0.0,0.015215373394569937,0.9998842395059859,0.0,0.9998842395059859,-0.015215373394569937,-1.0,0.0,0.0,0.9998842395059859,-0.015215373394569938,0.095,1.0
0.0,0.015479423259129581,0.999880186550151,0.0,0.999880186550151,-0.015479423259129581,-1.0,0.0,0.0,0.999880186550151,-0.015479423259129583,0.095,1.0
0.0,0.01574631192453498,0.9998760191447614,0.0,0.9998760191447614,-0.01574631192453498,-1.0,0.0,0.0,0.9998760191447614,-0.01574631192453498,0.095,1.0
0.0,0.016016049909192063,0.9998717348466784,0.0,0.9998717348466784,-0.016016049909192063,-1.0,0.0,0.0,0.9998717348466784,-0.016016049909192063,0.095,1.0
0.0,0.016288647656330934,0.9998673311782558,0.0,0.9998673311782558,-0.016288647656330934,-1.0,0.0,0.0,0.9998673311782558,-0.016288647656330934,0.095,1.0
0.0,0.016564115534080562,0.9998628056271388,0.0,0.9998628056271388,-0.016564115534080562,-1.0,0.0,0.0,0.9998628056271388,-0.016564115534080565,0.095,1.0
0.0,0.016842463835542793,0.9998581556460638,0.0,0.9998581556460638,-0.016842463835542793,-1.0,0.0,0.0,0.9998581556460638,-0.016842463835542797,0.095,1.0
0.0,0.01712370277886561,0.9998533786526608,0.0,0.9998533786526608,-0.01712370277886561,-1.0,0.0,0.0,0.9998533786526608,-0.017123702778865612,0.095,1.0
0.0,0.017407842507315655,0.9998484720292573,0.0,0.9998484720292573,-0.017407842507315655,-1.0,0.0,0.0,0.9998484720292573,-0.017407842507315658,0.095,1.0
0.0,0.01769489308935001,0.9998434331226848,0.0,0.9998434331226848,-0.01769489308935001,-1.0,0.0,0.0,0.9998434331226848,-0.017694893089350013,0.095,1.0
0.0,0.017984864518687242,0.9998382592440862,0.0,0.9998382592440862,-0.017984864518687242,-1.0,0.0,0.0,0.9998382592440862,-0.017984864518687246,0.095,1.0
0.0,0.018277766714377686,0.9998329476687267,0.0,0.9998329476687267,-0.018277766714377686,-1.0,0.0,0.0,0.9998329476687267,-0.018277766714377686,0.095,1.0
0.0,0.018573609520872957,0.9998274956358052,0.0,0.9998274956358052,-0.018573609520872957,-1.0,0.0,0.0,0.9998274956358052,-0.01857360952087296,0.095,1.0
0.0,0.01887240270809476,0.9998219003482688,0.0,0.9998219003482688,-0.01887240270809476,-1.0,0.0,0.0,0.9998219003482688,-0.018872402708094763,0.095,1.0
0.0,0.019174155971502866,0.9998161589726285,0.0,0.9998161589726285,-0.019174155971502866,-1.0,0.0,0.0,0.9998161589726285,-0.01917415597150287,0.095,1.0
0.0,0.01947887893216236,0.9998102686387783,0.0,0.9998102686387783,-0.01947887893216236,-1.0,0.0,0.0,0.9998102686387783,-0.019478878932162363,0.095,1.0
0.0,0.019786581136810116,0.9998042264398148,0.0,0.9998042264398148,-0.019786581136810116,-1.0,0.0,0.0,0.9998042264398148,-0.01978658113681012,0.095,1.0
0.0,0.02009727205792047,0.9997980294318598,0.0,0.9997980294318598,-0.02009727205792047,-1.0,0.0,0.0,0.9997980294318598,-0.020097272057920473,0.095,1.0
0.0,0.02041096109377015,0.9997916746338852,0.0,0.9997916746338852,-0.02041096109377015,-1.0,0.0,0.0,0.9997916746338852,-0.020410961093770153,0.095,1.0
0.0,0.020727657568502377,0.9997851590275397,0.0,0.9997851590275397,-0.020727657568502377,-1.0,0.0,0.0,0.9997851590275397,-0.02072765756850238,0.095,1.0
0.0,0.02104737073219023,0.9997784795569775,0.0,0.9997784795569775,-0.02104737073219023,-1.0,0.0,0.0,0.9997784795569775,-0.021047370732190235,0.095,1.0
0.0,0.02137010976089918,0.9997716331286896,0.0,0.9997716331286896,-0.02137010976089918,-1.0,0.0,0.0,0.9997716331286896,-0.021370109760899182,0.095,1.0
0.0,0.021695883756748833,0.999764616611337,0.0,0.999764616611337,-0.021695883756748833,-1.0,0.0,0.0,0.999764616611337,-0.021695883756748836,0.095,1.0
0.0,0.0220247017479739,0.9997574268355863,0.0,0.9997574268355863,-0.0220247017479739,-1.0,0.0,0.0,0.9997574268355863,-0.022024701747973902,0.095,1.0
0.0,0.022356572688984326,0.9997500605939478,0.0,0.9997500605939478,-0.022356572688984326,-1.0,0.0,0.0,0.9997500605939478,-0.022356572688984326,0.095,1.0
0.0,0.022691505460424664,0.9997425146406146,0.0,0.9997425146406146,-0.022691505460424664,-1.0,0.0,0.0,0.9997425146406146,-0.022691505460424668,0.095,1.0
0.0,0.023029508869232582,0.9997347856913062,0.0,0.9997347856913062,-0.023029508869232582,-1.0,0.0,0.0,0.9997347856913062,-0.023029508869232582,0.095,1.0
0.0,0.023370591648696617,0.999726870423112,0.0,0.999726870423112,-0.023370591648696617,-1.0,0.0,0.0,0.999726870423112,-0.02337059164869662,0.095,1.0
0.0,0.023714762458513068,0.9997187654743389,0.0,0.9997187654743389,-0.023714762458513068,-1.0,0.0,0.0,0.9997187654743389,-0.02371476245851307,0.095,1.0
0.0,0.02406202988484208,0.9997104674443601,0.0,0.9997104674443601,-0.02406202988484208,-1.0,0.0,0.0,0.9997104674443601,-0.024062029884842084,0.095,1.0
0.0,0.024412402440362965,0.9997019728934667,0.0,0.9997019728934667,-0.024412402440362965,-1.0,0.0,0.0,0.9997019728934667,-0.024412402440362968,0.095,1.0
0.0,0.0247658885643286,0.9996932783427221,0.0,0.9996932783427221,-0.0247658885643286,-1.0,0.0,0.0,0.9996932783427221,-0.024765888564328604,0.095,1.0
0.0,0.0251224966226191,0.9996843802738175,0.0,0.9996843802738175,-0.0251224966226191,-1.0,0.0,0.0,0.9996843802738175,-0.025122496622619103,0.095,1.0
0.0,0.025482234907794575,0.9996752751289311,0.0,0.9996752751289311,-0.025482234907794575,-1.0,0.0,0.0,0.9996752751289311,-0.02548223490779458,0.095,1.0
0.0,0.02584511163914714,0.9996659593105889,0.0,0.9996659593105889,-0.02584511163914714,-1.0,0.0,0.0,0.9996659593105889,-0.025845111639147142,0.095,1.0
0.0,0.026211134962752045,0.9996564291815285,0.0,0.9996564291815285,-0.026211134962752045,-1.0,0.0,0.0,0.9996564291815285,-0.02621113496275205,0.095,1.0
0.0,0.02658031295151796,0.9996466810645647,0.0,0.9996466810645647,-0.02658031295151796,-1.0,0.0,0.0,0.9996466810645647,-0.02658031295151796,0.095,1.0
0.0,0.026952653605236472,0.9996367112424573,0.0,0.9996367112424573,-0.026952653605236472,-1.0,0.0,0.0,0.9996367112424573,-0.026952653605236476,0.095,1.0
0.0,0.027328164850630686,0.9996265159577835,0.0,0.9996265159577835,-0.027328164850630686,-1.0,0.0,0.0,0.9996265159577835,-0.02732816485063069,0.095,1.0
0.0,0.027706854541403047,0.9996160914128092,0.0,0.9996160914128092,-0.027706854541403047,-1.0,0.0,0.0,0.9996160914128092,-0.027706854541403054,0.095,1.0
0.0,0.028088730458282314,0.9996054337693658,0.0,0.9996054337693658,-0.028088730458282314,-1.0,0.0,0.0,0.9996054337693658,-0.028088730458282318,0.095,1.0
0.0,0.028473800309069604,0.9995945391487286,0.0,0.9995945391487286,-0.028473800309069604,-1.0,0.0,0.0,0.9995945391487286,-0.028473800309069604,0.095,1.0
0.0,0.02886207172868371,0.999583403631497,0.0,0.999583403631497,-0.02886207172868371,-1.0,0.0,0.0,0.999583403631497,-0.028862071728683714,0.095,1.0
0.0,0.02925355227920551,0.9995720232574778,0.0,0.9995720232574778,-0.02925355227920551,-1.0,0.0,0.0,0.9995720232574778,-0.02925355227920552,0.095,1.0
0.0,0.029648249449921556,0.9995603940255713,0.0,0.9995603940255713,-0.029648249449921556,-1.0,0.0,0.0,0.9995603940255713,-0.02964824944992156,0.095,1.0
0.0,0.030046170657366787,0.9995485118936591,0.0,0.9995485118936591,-0.030046170657366787,-1.0,0.0,0.0,0.9995485118936591,-0.030046170657366793,0.095,1.0
0.0,0.030447323245366437,0.9995363727784958,0.0,0.9995363727784958,-0.030447323245366437,-1.0,0.0,0.0,0.9995363727784958,-0.030447323245366444,0.095,1.0
0.0,0.03085171448507702,0.9995239725556018,0.0,0.9995239725556018,-0.03085171448507702,-1.0,0.0,0.0,0.9995239725556018,-0.030851714485077023,0.095,1.0
0.0,0.031259351575026594,0.9995113070591592,0.0,0.9995113070591592,-0.031259351575026594,-1.0,0.0,0.0,0.9995113070591592,-0.031259351575026594,0.095,1.0
0.0,0.03167024164115403,0.9994983720819114,0.0,0.9994983720819114,-0.03167024164115403,-1.0,0.0,0.0,0.9994983720819114,-0.031670241641154034,0.095,1.0
0.0,0.03208439173684756,0.9994851633750631,0.0,0.9994851633750631,-0.03208439173684756,-1.0,0.0,0.0,0.9994851633750631,-0.03208439173684756,0.095,1.0
0.0,0.03250180884298234,0.999471676648185,0.0,0.999471676648185,-0.03250180884298234,-1.0,0.0,0.0,0.999471676648185,-0.032501808842982344,0.095,1.0
0.0,0.032922499867957325,0.9994579075691203,0.0,0.9994579075691203,-0.032922499867957325,-1.0,0.0,0.0,0.9994579075691203,-0.03292249986795733,0.095,1.0
0.0,0.03334647164773115,0.9994438517638933,0.0,0.9994438517638933,-0.03334647164773115,-1.0,0.0,0.0,0.9994438517638933,-0.03334647164773115,0.095,1.0
0.0,0.03377373094585723,0.9994295048166213,0.0,0.9994295048166213,-0.03377373094585723,-1.0,0.0,0.0,0.9994295048166213,-0.033773730945857235,0.095,1.0
0.0,0.03420428445351804,0.9994148622694295,0.0,0.9994148622694295,-0.03420428445351804,-1.0,0.0,0.0,0.9994148622694295,-0.034204284453518044,0.095,1.0
0.0,0.034638138789558466,0.9993999196223678,0.0,0.9993999196223678,-0.034638138789558466,-1.0,0.0,0.0,0.9993999196223678,-0.034638138789558466,0.095,1.0
0.0,0.03507530050051835,0.9993846723333305,0.0,0.9993846723333305,-0.03507530050051835,-1.0,0.0,0.0,0.9993846723333305,-0.03507530050051836,0.095,1.0
0.0,0.03551577606066425,0.9993691158179788,0.0,0.9993691158179788,-0.03551577606066425,-1.0,0.0,0.0,0.9993691158179788,-0.03551577606066425,0.095,1.0
0.0,0.03595957187202019,0.9993532454496663,0.0,0.9993532454496663,-0.03595957187202019,-1.0,0.0,0.0,0.9993532454496663,-0.035959571872020195,0.095,1.0
0.0,0.03640669426439775,0.9993370565593666,0.0,0.9993370565593666,-0.03640669426439775,-1.0,0.0,0.0,0.9993370565593666,-0.03640669426439776,0.095,1.0
0.0,0.03685714949542525,0.9993205444356039,0.0,0.9993205444356039,-0.03685714949542525,-1.0,0.0,0.0,0.9993205444356039,-0.036857149495425255,0.095,1.0
0.0,0.03731094375057593,0.9993037043243868,0.0,0.9993037043243868,-0.03731094375057593,-1.0,0.0,0.0,0.9993037043243868,-0.037310943750575934,0.095,1.0
0.0,0.037768083143195595,0.9992865314291436,0.0,0.9992865314291436,-0.037768083143195595,-1.0,0.0,0.0,0.9992865314291436,-0.0377680831431956,0.095,1.0
0.0,0.038228573714529174,0.9992690209106618,0.0,0.9992690209106618,-0.038228573714529174,-1.0,0.0,0.0,0.9992690209106618,-0.03822857371452918,0.095,1.0
0.0,0.03869242143374652,0.99925116788703,0.0,0.99925116788703,-0.03869242143374652,-1.0,0.0,0.0,0.99925116788703,-0.03869242143374653,0.095,1.0
0.0,0.0391596321979674,0.999232967433581,0.0,0.999232967433581,-0.0391596321979674,-1.0,0.0,0.0,0.999232967433581,-0.039159632197967406,0.095,1.0
0.0,0.03963021183228564,0.9992144145828402,0.0,0.9992144145828402,-0.03963021183228564,-1.0,0.0,0.0,0.9992144145828402,-0.03963021183228565,0.095,1.0
0.0,0.04010416608979233,0.9991955043244752,0.0,0.9991955043244752,-0.04010416608979233,-1.0,0.0,0.0,0.9991955043244752,-0.04010416608979234,0.095,1.0
0.0,0.04058150065159844,0.999176231605248,0.0,0.999176231605248,-0.04058150065159844,-1.0,0.0,0.0,0.999176231605248,-0.04058150065159845,0.095,1.0
0.0,0.041062221126856355,0.9991565913289714,0.0,0.9991565913289714,-0.041062221126856355,-1.0,0.0,0.0,0.9991565913289714,-0.04106222112685636,0.095,1.0
0.0,0.04154633305278078,0.9991365783564664,0.0,0.9991365783564664,-0.04154633305278078,-1.0,0.0,0.0,0.9991365783564664,-0.041546333052780784,0.095,1.0
0.0,0.0420338418946686,0.9991161875055243,0.0,0.9991161875055243,-0.0420338418946686,-1.0,0.0,0.0,0.9991161875055243,-0.042033841894668605,0.095,1.0
0.0,0.04252475304591818,0.9990954135508698,0.0,0.9990954135508698,-0.04252475304591818,-1.0,0.0,0.0,0.9990954135508698,-0.04252475304591818,0.095,1.0
0.0,0.04301907182804771,0.9990742512241286,0.0,0.9990742512241286,-0.04301907182804771,-1.0,0.0,0.0,0.9990742512241286,-0.04301907182804771,0.095,1.0
0.0,0.04351680349071273,0.9990526952137964,0.0,0.9990526952137964,-0.04351680349071273,-1.0,0.0,0.0,0.9990526952137964,-0.04351680349071273,0.095,1.0
0.0,0.04401795321172287,0.9990307401652117,0.0,0.9990307401652117,-0.04401795321172287,-1.0,0.0,0.0,0.9990307401652117,-0.04401795321172287,0.095,1.0
0.0,0.04452252609705777,0.999008380680531,0.0,0.999008380680531,-0.04452252609705777,-1.0,0.0,0.0,0.999008380680531,-0.04452252609705777,0.095,1.0
0.0,0.045030527180882234,0.9989856113187076,0.0,0.9989856113187076,-0.045030527180882234,-1.0,0.0,0.0,0.9989856113187076,-0.04503052718088224,0.095,1.0
0.0,0.045541961425560586,0.9989624265954715,0.0,0.9989624265954715,-0.045541961425560586,-1.0,0.0,0.0,0.9989624265954715,-0.04554196142556059,0.095,1.0
0.0,0.04605683372167011,0.9989388209833144,0.0,0.9989388209833144,-0.04605683372167011,-1.0,0.0,0.0,0.9989388209833144,-0.046056833721670125,0.095,1.0
0.0,0.046575148888013916,0.9989147889114763,0.0,0.9989147889114763,-0.046575148888013916,-1.0,0.0,0.0,0.9989147889114763,-0.04657514888801392,0.095,1.0
0.0,0.0470969116716328,0.9988903247659346,0.0,0.9988903247659346,-0.0470969116716328,-1.0,0.0,0.0,0.9988903247659346,-0.04709691167163281,0.095,1.0
0.0,0.04762212674781649,0.9988654228893975,0.0,0.9988654228893975,-0.04762212674781649,-1.0,0.0,0.0,0.9988654228893975,-0.0476221267478165,0.095,1.0
0.0,0.048150798720114005,0.9988400775812988,0.0,0.9988400775812988,-0.048150798720114005,-1.0,0.0,0.0,0.9988400775812988,-0.04815079872011401,0.095,1.0
0.0,0.04868293212034327,0.998814283097797,0.0,0.998814283097797,-0.04868293212034327,-1.0,0.0,0.0,0.998814283097797,-0.048682932120343275,0.095,1.0
0.0,0.04921853140859999,0.9987880336517757,0.0,0.9987880336517757,-0.04921853140859999,-1.0,0.0,0.0,0.9987880336517757,-0.04921853140859999,0.095,1.0
0.0,0.04975760097326575,0.9987613234128488,0.0,0.9987613234128488,-0.04975760097326575,-1.0,0.0,0.0,0.9987613234128488,-0.04975760097326576,0.095,1.0
0.0,0.05030014513101535,0.998734146507367,0.0,0.998734146507367,-0.05030014513101535,-1.0,0.0,0.0,0.998734146507367,-0.050300145131015356,0.095,1.0
0.0,0.05084616812682333,0.9987064970184277,0.0,0.9987064970184277,-0.05084616812682333,-1.0,0.0,0.0,0.9987064970184277,-0.050846168126823334,0.095,1.0
0.0,0.051395674133969844,0.9986783689858887,0.0,0.9986783689858887,-0.051395674133969844,-1.0,0.0,0.0,0.9986783689858887,-0.05139567413396985,0.095,1.0
0.0,0.051948667254045754,0.9986497564063832,0.0,0.9986497564063832,-0.051948667254045754,-1.0,0.0,0.0,0.9986497564063832,-0.05194866725404576,0.095,1.0
0.0,0.052505151516956984,0.9986206532333394,0.0,0.9986206532333394,-0.052505151516956984,-1.0,0.0,0.0,0.9986206532333394,-0.052505151516957005,0.095,1.0
0.0,0.053065130880928055,0.9985910533770017,0.0,0.9985910533770017,-0.053065130880928055,-1.0,0.0,0.0,0.9985910533770017,-0.05306513088092806,0.095,1.0
0.0,0.05362860923250509,0.9985609507044562,0.0,0.9985609507044562,-0.05362860923250509,-1.0,0.0,0.0,0.9985609507044562,-0.0536286092325051,0.095,1.0
0.0,0.054195590386557954,0.998530339039657,0.0,0.998530339039657,-0.054195590386557954,-1.0,0.0,0.0,0.998530339039657,-0.05419559038655796,0.095,1.0
0.0,0.05476607808628157,0.9984992121634585,0.0,0.9984992121634585,-0.05476607808628157,-1.0,0.0,0.0,0.9984992121634585,-0.054766078086281575,0.095,1.0
0.0,0.05534007600319698,0.9984675638136475,0.0,0.9984675638136475,-0.05534007600319698,-1.0,0.0,0.0,0.9984675638136475,-0.05534007600319698,0.095,1.0
0.0,0.055917587737151046,0.9984353876849809,0.0,0.9984353876849809,-0.055917587737151046,-1.0,0.0,0.0,0.9984353876849809,-0.05591758773715105,0.095,1.0
0.0,0.05649861681631605,0.998402677429224,0.0,0.998402677429224,-0.05649861681631605,-1.0,0.0,0.0,0.998402677429224,-0.05649861681631606,0.095,1.0
0.0,0.0570831666971883,0.9983694266551941,0.0,0.9983694266551941,-0.0570831666971883,-1.0,0.0,0.0,0.9983694266551941,-0.0570831666971883,0.095,1.0
0.0,0.057671240764586025,0.9983356289288052,0.0,0.9983356289288052,-0.057671240764586025,-1.0,0.0,0.0,0.9983356289288052,-0.05767124076458603,0.095,1.0
0.0,0.05826284233164681,0.9983012777731167,0.0,0.9983012777731167,-0.05826284233164681,-1.0,0.0,0.0,0.9983012777731167,-0.058262842331646816,0.095,1.0
0.0,0.0588579746398242,0.9982663666683846,0.0,0.9982663666683846,-0.0588579746398242,-1.0,0.0,0.0,0.9982663666683846,-0.05885797463982421,0.095,1.0
0.0,0.059456640858883754,0.9982308890521159,0.0,0.9982308890521159,-0.059456640858883754,-1.0,0.0,0.0,0.9982308890521159,-0.05945664085888376,0.095,1.0
0.0,0.060058844086898225,0.9981948383191258,0.0,0.9981948383191258,-0.060058844086898225,-1.0,0.0,0.0,0.9981948383191258,-0.06005884408689823,0.095,1.0
0.0,0.06066458735024241,0.9981582078215981,0.0,0.9981582078215981,-0.06066458735024241,-1.0,0.0,0.0,0.9981582078215981,-0.060664587350242424,0.095,1.0
0.0,0.061273873603587145,0.9981209908691488,0.0,0.9981209908691488,-0.061273873603587145,-1.0,0.0,0.0,0.9981209908691488,-0.06127387360358715,0.095,1.0
0.0,0.06188670572989277,0.9980831807288918,0.0,0.9980831807288918,-0.06188670572989277,-1.0,0.0,0.0,0.9980831807288918,-0.06188670572989278,0.095,1.0
0.0,0.06250308654040189,0.9980447706255081,0.0,0.9980447706255081,-0.06250308654040189,-1.0,0.0,0.0,0.9980447706255081,-0.0625030865404019,0.095,1.0
0.0,0.06312301877463165,0.9980057537413186,0.0,0.9980057537413186,-0.06312301877463165,-1.0,0.0,0.0,0.9980057537413186,-0.06312301877463167,0.095,1.0
0.0,0.06374650510036531,0.997966123216359,0.0,0.997966123216359,-0.06374650510036531,-1.0,0.0,0.0,0.997966123216359,-0.06374650510036531,0.095,1.0
0.0,0.06437354811364311,0.997925872148458,0.0,0.997925872148458,-0.06437354811364311,-1.0,0.0,0.0,0.997925872148458,-0.06437354811364313,0.095,1.0
0.0,0.065004150338753,0.9978849935933183,0.0,0.9978849935933183,-0.065004150338753,-1.0,0.0,0.0,0.9978849935933183,-0.06500415033875301,0.095,1.0
0.0,0.06563831422822017,0.997843480564601,0.0,0.997843480564601,-0.06563831422822017,-1.0,0.0,0.0,0.997843480564601,-0.06563831422822018,0.095,1.0
0.0,0.06627604216279644,0.9978013260340133,0.0,0.9978013260340133,-0.06627604216279644,-1.0,0.0,0.0,0.9978013260340133,-0.06627604216279645,0.095,1.0
0.0,0.06691733645144912,0.9977585229313972,0.0,0.9977585229313972,-0.06691733645144912,-1.0,0.0,0.0,0.9977585229313972,-0.06691733645144912,0.095,1.0
0.0,0.06756219933134884,0.9977150641448244,0.0,0.9977150641448244,-0.06756219933134884,-1.0,0.0,0.0,0.9977150641448244,-0.06756219933134884,0.095,1.0
0.0,0.06821063296785754,0.9976709425206911,0.0,0.9976709425206911,-0.06821063296785754,-1.0,0.0,0.0,0.9976709425206911,-0.06821063296785755,0.095,1.0
0.0,0.06886263945451535,0.997626150863818,0.0,0.997626150863818,-0.06886263945451535,-1.0,0.0,0.0,0.997626150863818,-0.06886263945451536,0.095,1.0
0.0,0.06951822081302714,0.997580681937552,0.0,0.997580681937552,-0.06951822081302714,-1.0,0.0,0.0,0.997580681937552,-0.06951822081302714,0.095,1.0
0.0,0.07017737899324873,0.9975345284638713,0.0,0.9975345284638713,-0.07017737899324873,-1.0,0.0,0.0,0.9975345284638713,-0.07017737899324875,0.095,1.0
0.0,0.07084011587317238,0.9974876831234938,0.0,0.9974876831234938,-0.07084011587317238,-1.0,0.0,0.0,0.9974876831234938,-0.07084011587317239,0.095,1.0
0.0,0.07150643325891178,0.9974401385559881,0.0,0.9974401385559881,-0.07150643325891178,-1.0,0.0,0.0,0.9974401385559881,-0.07150643325891178,0.095,1.0
0.0,0.07217633288468672,0.9973918873598877,0.0,0.9973918873598877,-0.07217633288468672,-1.0,0.0,0.0,0.9973918873598877,-0.07217633288468672,0.095,1.0
0.0,0.07284981641280723,0.9973429220928077,0.0,0.9973429220928077,-0.07284981641280723,-1.0,0.0,0.0,0.9973429220928077,-0.07284981641280724,0.095,1.0
0.0,0.07352688543365715,0.9972932352715653,0.0,0.9972932352715653,-0.07352688543365715,-1.0,0.0,0.0,0.9972932352715653,-0.07352688543365717,0.095,1.0
0.0,0.07420754146567748,0.997242819372303,0.0,0.997242819372303,-0.07420754146567748,-1.0,0.0,0.0,0.997242819372303,-0.0742075414656775,0.095,1.0
0.0,0.07489178595534889,0.997191666830614,0.0,0.997191666830614,-0.07489178595534889,-1.0,0.0,0.0,0.997191666830614,-0.07489178595534889,0.095,1.0
0.0,0.0755796202771743,0.9971397700416718,0.0,0.9971397700416718,-0.0755796202771743,-1.0,0.0,0.0,0.9971397700416718,-0.07557962027717431,0.095,1.0
0.0,0.07627104573366071,0.9970871213603623,0.0,0.9970871213603623,-0.07627104573366071,-1.0,0.0,0.0,0.9970871213603623,-0.07627104573366071,0.095,1.0
0.0,0.07696606355530074,0.9970337131014183,0.0,0.9970337131014183,-0.07696606355530074,-1.0,0.0,0.0,0.9970337131014183,-0.07696606355530075,0.095,1.0
0.0,0.07766467490055368,0.9969795375395581,0.0,0.9969795375395581,-0.07766467490055368,-1.0,0.0,0.0,0.9969795375395581,-0.07766467490055369,0.095,1.0
0.0,0.07836688085582634,0.9969245869096262,0.0,0.9969245869096262,-0.07836688085582634,-1.0,0.0,0.0,0.9969245869096262,-0.07836688085582634,0.095,1.0
0.0,0.07907268243545329,0.9968688534067367,0.0,0.9968688534067367,-0.07907268243545329,-1.0,0.0,0.0,0.9968688534067367,-0.0790726824354533,0.095,1.0
0.0,0.0797820805816769,0.9968123291864215,0.0,0.9968123291864215,-0.0797820805816769,-1.0,0.0,0.0,0.9968123291864215,-0.07978208058167692,0.095,1.0
0.0,0.08049507616462716,0.9967550063647791,0.0,0.9967550063647791,-0.08049507616462716,-1.0,0.0,0.0,0.9967550063647791,-0.08049507616462717,0.095,1.0
0.0,0.08121166998230069,0.9966968770186279,0.0,0.9966968770186279,-0.08121166998230069,-1.0,0.0,0.0,0.9966968770186279,-0.0812116699823007,0.095,1.0
0.0,0.08193186276053999,0.996637933185662,0.0,0.996637933185662,-0.08193186276053999,-1.0,0.0,0.0,0.996637933185662,-0.08193186276054,0.095,1.0
0.0,0.08265565515301206,0.99657816686461,0.0,0.99657816686461,-0.08265565515301206,-1.0,0.0,0.0,0.99657816686461,-0.08265565515301207,0.095,1.0
0.0,0.08338304774118667,0.9965175700153966,0.0,0.9965175700153966,-0.08338304774118667,-1.0,0.0,0.0,0.9965175700153966,-0.08338304774118668,0.095,1.0
0.0,0.08411404103431463,0.9964561345593079,0.0,0.9964561345593079,-0.08411404103431463,-1.0,0.0,0.0,0.9964561345593079,-0.08411404103431465,0.095,1.0
0.0,0.08484863546940546,0.9963938523791583,0.0,0.9963938523791583,-0.08484863546940546,-1.0,0.0,0.0,0.9963938523791583,-0.08484863546940546,0.095,1.0
0.0,0.08558683141120507,0.9963307153194616,0.0,0.9963307153194616,-0.08558683141120507,-1.0,0.0,0.0,0.9963307153194616,-0.08558683141120509,0.095,1.0
0.0,0.08632862915217293,0.9962667151866044,0.0,0.9962667151866044,-0.08632862915217293,-1.0,0.0,0.0,0.9962667151866044,-0.08632862915217294,0.095,1.0
0.0,0.08707402891245934,0.9962018437490227,0.0,0.9962018437490227,-0.08707402891245934,-1.0,0.0,0.0,0.9962018437490227,-0.08707402891245934,0.095,1.0
0.0,0.08782303083988201,0.9961360927373815,0.0,0.9961360927373815,-0.08782303083988201,-1.0,0.0,0.0,0.9961360927373815,-0.08782303083988202,0.095,1.0
0.0,0.08857563500990291,0.996069453844757,0.0,0.996069453844757,-0.08857563500990291,-1.0,0.0,0.0,0.996069453844757,-0.08857563500990293,0.095,1.0
0.0,0.0893318414256047,0.9960019187268219,0.0,0.9960019187268219,-0.0893318414256047,-1.0,0.0,0.0,0.9960019187268219,-0.08933184142560471,0.095,1.0
0.0,0.09009165001766686,0.9959334790020337,0.0,0.9959334790020337,-0.09009165001766686,-1.0,0.0,0.0,0.9959334790020337,-0.09009165001766685,0.095,1.0
0.0,0.09085506064434185,0.9958641262518261,0.0,0.9958641262518261,-0.09085506064434185,-1.0,0.0,0.0,0.9958641262518261,-0.09085506064434186,0.095,1.0
0.0,0.09162207309143104,0.9957938520208027,0.0,0.9957938520208027,-0.09162207309143104,-1.0,0.0,0.0,0.9957938520208027,-0.09162207309143106,0.095,1.0
0.0,0.09239268707226052,0.9957226478169346,0.0,0.9957226478169346,-0.09239268707226052,-1.0,0.0,0.0,0.9957226478169346,-0.09239268707226052,0.095,1.0
0.0,0.09316690222765668,0.9956505051117597,0.0,0.9956505051117597,-0.09316690222765668,-1.0,0.0,0.0,0.9956505051117597,-0.0931669022276567,0.095,1.0
0.0,0.09394471812592184,0.9955774153405857,0.0,0.9955774153405857,-0.09394471812592184,-1.0,0.0,0.0,0.9955774153405857,-0.09394471812592185,0.095,1.0
0.0,0.0947261342628096,0.9955033699026961,0.0,0.9955033699026961,-0.0947261342628096,-1.0,0.0,0.0,0.9955033699026961,-0.09472613426280962,0.095,1.0
0.0,0.09551115006150031,0.9954283601615586,0.0,0.9954283601615586,-0.09551115006150031,-1.0,0.0,0.0,0.9954283601615586,-0.09551115006150032,0.095,1.0
0.0,0.0962997648725762,0.9953523774450366,0.0,0.9953523774450366,-0.0962997648725762,-1.0,0.0,0.0,0.9953523774450366,-0.0962997648725762,0.095,1.0
0.0,0.09709197797399681,0.9952754130456036,0.0,0.9952754130456036,-0.09709197797399681,-1.0,0.0,0.0,0.9952754130456036,-0.09709197797399682,0.095,1.0
0.0,0.09788778857107383,0.9951974582205607,0.0,0.9951974582205607,-0.09788778857107383,-1.0,0.0,0.0,0.9951974582205607,-0.09788778857107384,0.095,1.0
0.0,0.09868719579644669,0.9951185041922563,0.0,0.9951185041922563,-0.09868719579644669,-1.0,0.0,0.0,0.9951185041922563,-0.09868719579644672,0.095,1.0
0.0,0.09949019871005736,0.9950385421483096,0.0,0.9950385421483096,-0.09949019871005736,-1.0,0.0,0.0,0.9950385421483096,-0.09949019871005738,0.095,1.0
0.0,0.10029679629912558,0.9949575632418358,0.0,0.9949575632418358,-0.10029679629912558,-1.0,0.0,0.0,0.9949575632418358,-0.10029679629912559,0.095,1.0
0.0,0.1011069874781241,0.9948755585916755,0.0,0.9948755585916755,-0.1011069874781241,-1.0,0.0,0.0,0.9948755585916755,-0.10110698747812412,0.095,1.0
0.0,0.1019207710887537,0.994792519282626,0.0,0.994792519282626,-0.1019207710887537,-1.0,0.0,0.0,0.994792519282626,-0.10192077108875372,0.095,1.0
0.0,0.10273814589991849,0.9947084363656755,0.0,0.9947084363656755,-0.10273814589991849,-1.0,0.0,0.0,0.9947084363656755,-0.1027381458999185,0.095,1.0
0.0,0.10355911060770129,0.9946233008582405,0.0,0.9946233008582405,-0.10355911060770129,-1.0,0.0,0.0,0.9946233008582405,-0.1035591106077013,0.095,1.0
0.0,0.10438366383533888,0.9945371037444057,0.0,0.9945371037444057,-0.10438366383533888,-1.0,0.0,0.0,0.9945371037444057,-0.10438366383533888,0.095,1.0
0.0,0.1052118041331974,0.9944498359751676,0.0,0.9944498359751676,-0.1052118041331974,-1.0,0.0,0.0,0.9944498359751676,-0.10521180413319742,0.095,1.0
0.0,0.10604352997874814,0.9943614884686788,0.0,0.9943614884686788,-0.10604352997874814,-1.0,0.0,0.0,0.9943614884686788,-0.10604352997874815,0.095,1.0
0.0,0.10687883977654293,0.9942720521104976,0.0,0.9942720521104976,-0.10687883977654293,-1.0,0.0,0.0,0.9942720521104976,-0.10687883977654294,0.095,1.0
0.0,0.10771773185819022,0.9941815177538391,0.0,0.9941815177538391,-0.10771773185819022,-1.0,0.0,0.0,0.9941815177538391,-0.10771773185819025,0.095,1.0
0.0,0.10856020448233084,0.9940898762198288,0.0,0.9940898762198288,-0.10856020448233084,-1.0,0.0,0.0,0.9940898762198288,-0.10856020448233085,0.095,1.0
0.0,0.10940625583461434,0.9939971182977599,0.0,0.9939971182977599,-0.10940625583461434,-1.0,0.0,0.0,0.9939971182977599,-0.10940625583461436,0.095,1.0
0.0,0.11025588402767504,0.9939032347453528,0.0,0.9939032347453528,-0.11025588402767504,-1.0,0.0,0.0,0.9939032347453528,-0.11025588402767507,0.095,1.0
0.0,0.11110908710110894,0.9938082162890173,0.0,0.9938082162890173,-0.11110908710110894,-1.0,0.0,0.0,0.9938082162890173,-0.11110908710110895,0.095,1.0
0.0,0.11196586302145016,0.993712053624118,0.0,0.993712053624118,-0.11196586302145016,-1.0,0.0,0.0,0.993712053624118,-0.11196586302145016,0.095,1.0
0.0,0.11282620968214804,0.9936147374152419,0.0,0.9936147374152419,-0.11282620968214804,-1.0,0.0,0.0,0.9936147374152419,-0.11282620968214806,0.095,1.0
0.0,0.11369012490354444,0.9935162582964692,0.0,0.9935162582964692,-0.11369012490354444,-1.0,0.0,0.0,0.9935162582964692,-0.11369012490354446,0.095,1.0
0.0,0.11455760643285096,0.9934166068716468,0.0,0.9934166068716468,-0.11455760643285096,-1.0,0.0,0.0,0.9934166068716468,-0.11455760643285097,0.095,1.0
0.0,0.11542865194412712,0.993315773714664,0.0,0.993315773714664,-0.11542865194412712,-1.0,0.0,0.0,0.993315773714664,-0.11542865194412713,0.095,1.0
0.0,0.1163032590382581,0.9932137493697315,0.0,0.9932137493697315,-0.1163032590382581,-1.0,0.0,0.0,0.9932137493697315,-0.11630325903825812,0.095,1.0
0.0,0.11718142524293337,0.9931105243516629,0.0,0.9931105243516629,-0.11718142524293337,-1.0,0.0,0.0,0.9931105243516629,-0.1171814252429334,0.095,1.0
0.0,0.11806314801262521,0.9930060891461587,0.0,0.9930060891461587,-0.11806314801262521,-1.0,0.0,0.0,0.9930060891461587,-0.11806314801262524,0.095,1.0
0.0,0.11894842472856798,0.9929004342100934,0.0,0.9929004342100934,-0.11894842472856798,-1.0,0.0,0.0,0.9929004342100934,-0.118948424728568,0.095,1.0
0.0,0.11983725269873743,0.992793549971805,0.0,0.992793549971805,-0.11983725269873743,-1.0,0.0,0.0,0.992793549971805,-0.11983725269873745,0.095,1.0
0.0,0.12072962915783057,0.9926854268313868,0.0,0.9926854268313868,-0.12072962915783057,-1.0,0.0,0.0,0.9926854268313868,-0.12072962915783059,0.095,1.0
0.0,0.12162555126724589,0.9925760551609829,0.0,0.9925760551609829,-0.12162555126724589,-1.0,0.0,0.0,0.9925760551609829,-0.1216255512672459,0.095,1.0
0.0,0.12252501611506403,0.992465425305085,0.0,0.992465425305085,-0.12252501611506403,-1.0,0.0,0.0,0.992465425305085,-0.12252501611506404,0.095,1.0
0.0,0.12342802071602878,0.9923535275808333,0.0,0.9923535275808333,-0.12342802071602878,-1.0,0.0,0.0,0.9923535275808333,-0.1234280207160288,0.095,1.0
0.0,0.12433456201152877,0.9922403522783183,0.0,0.9922403522783183,-0.12433456201152877,-1.0,0.0,0.0,0.9922403522783183,-0.12433456201152879,0.095,1.0
0.0,0.12524463686957923,0.9921258896608873,0.0,0.9921258896608873,-0.12524463686957923,-1.0,0.0,0.0,0.9921258896608873,-0.12524463686957926,0.095,1.0
0.0,0.12615824208480467,0.9920101299654515,0.0,0.9920101299654515,-0.12615824208480467,-1.0,0.0,0.0,0.9920101299654515,-0.12615824208480467,0.095,1.0
0.0,0.12707537437842162,0.9918930634027965,0.0,0.9918930634027965,-0.12707537437842162,-1.0,0.0,0.0,0.9918930634027965,-0.12707537437842165,0.095,1.0
0.0,0.12799603039822244,0.9917746801578962,0.0,0.9917746801578962,-0.12799603039822244,-1.0,0.0,0.0,0.9917746801578962,-0.12799603039822247,0.095,1.0
0.0,0.12892020671855922,0.991654970390228,0.0,0.991654970390228,-0.12892020671855922,-1.0,0.0,0.0,0.991654970390228,-0.12892020671855925,0.095,1.0
0.0,0.12984789984032835,0.9915339242340909,0.0,0.9915339242340909,-0.12984789984032835,-1.0,0.0,0.0,0.9915339242340909,-0.12984789984032838,0.095,1.0
0.0,0.13077910619095556,0.9914115317989269,0.0,0.9914115317989269,-0.13077910619095556,-1.0,0.0,0.0,0.9914115317989269,-0.1307791061909556,0.095,1.0
0.0,0.1317138221243819,0.9912877831696437,0.0,0.9912877831696437,-0.1317138221243819,-1.0,0.0,0.0,0.9912877831696437,-0.13171382212438193,0.095,1.0
0.0,0.13265204392105012,0.991162668406941,0.0,0.991162668406941,-0.13265204392105012,-1.0,0.0,0.0,0.991162668406941,-0.13265204392105012,0.095,1.0
0.0,0.1335937677878913,0.9910361775476387,0.0,0.9910361775476387,-0.1335937677878913,-1.0,0.0,0.0,0.9910361775476387,-0.13359376778789134,0.095,1.0
0.0,0.13453898985831297,0.9909083006050079,0.0,0.9909083006050079,-0.13453898985831297,-1.0,0.0,0.0,0.9909083006050079,-0.134538989858313,0.095,1.0
0.0,0.13548770619218703,0.9907790275691041,0.0,0.9907790275691041,-0.13548770619218703,-1.0,0.0,0.0,0.9907790275691041,-0.13548770619218703,0.095,1.0
0.0,0.13643991277583878,0.9906483484071033,0.0,0.9906483484071033,-0.13643991277583878,-1.0,0.0,0.0,0.9906483484071033,-0.1364399127758388,0.095,1.0
0.0,0.13739560552203686,0.99051625306364,0.0,0.99051625306364,-0.13739560552203686,-1.0,0.0,0.0,0.99051625306364,-0.13739560552203686,0.095,1.0
0.0,0.13835478026998319,0.9903827314611482,0.0,0.9903827314611482,-0.13835478026998319,-1.0,0.0,0.0,0.9903827314611482,-0.13835478026998319,0.095,1.0
0.0,0.13931743278530445,0.9902477735002044,0.0,0.9902477735002044,-0.13931743278530445,-1.0,0.0,0.0,0.9902477735002044,-0.13931743278530448,0.095,1.0
0.0,0.14028355876004367,0.9901113690598736,0.0,0.9901113690598736,-0.14028355876004367,-1.0,0.0,0.0,0.9901113690598736,-0.1402835587600437,0.095,1.0
0.0,0.1412531538126531,0.989973507998057,0.0,0.989973507998057,-0.1412531538126531,-1.0,0.0,0.0,0.989973507998057,-0.14125315381265313,0.095,1.0
0.0,0.14222621348798745,0.9898341801518421,0.0,0.9898341801518421,-0.14222621348798745,-1.0,0.0,0.0,0.9898341801518421,-0.14222621348798747,0.095,1.0
0.0,0.14320273325729804,0.9896933753378564,0.0,0.9896933753378564,-0.14320273325729804,-1.0,0.0,0.0,0.9896933753378564,-0.14320273325729807,0.095,1.0
0.0,0.1441827085182281,0.9895510833526219,0.0,0.9895510833526219,-0.1441827085182281,-1.0,0.0,0.0,0.9895510833526219,-0.14418270851822812,0.095,1.0
0.0,0.14516613459480848,0.9894072939729128,0.0,0.9894072939729128,-0.14516613459480848,-1.0,0.0,0.0,0.9894072939729128,-0.1451661345948085,0.095,1.0
0.0,0.1461530067374543,0.9892619969561156,0.0,0.9892619969561156,-0.1461530067374543,-1.0,0.0,0.0,0.9892619969561156,-0.1461530067374543,0.095,1.0
0.0,0.14714332012296272,0.9891151820405909,0.0,0.9891151820405909,-0.14714332012296272,-1.0,0.0,0.0,0.9891151820405909,-0.14714332012296272,0.095,1.0
0.0,0.1481370698545114,0.9889668389460384,0.0,0.9889668389460384,-0.1481370698545114,-1.0,0.0,0.0,0.9889668389460384,-0.14813706985451142,0.095,1.0
0.0,0.14913425096165775,0.9888169573738637,0.0,0.9888169573738637,-0.14913425096165775,-1.0,0.0,0.0,0.9888169573738637,-0.14913425096165778,0.095,1.0
0.0,0.15013485840033963,0.9886655270075466,0.0,0.9886655270075466,-0.15013485840033963,-1.0,0.0,0.0,0.9886655270075466,-0.15013485840033963,0.095,1.0
0.0,0.1511388870528762,0.988512537513014,0.0,0.988512537513014,-0.1511388870528762,-1.0,0.0,0.0,0.988512537513014,-0.15113888705287623,0.095,1.0
0.0,0.15214633172797062,0.9883579785390121,0.0,0.9883579785390121,-0.15214633172797062,-1.0,0.0,0.0,0.9883579785390121,-0.15214633172797065,0.095,1.0
0.0,0.15315718716071303,0.9882018397174832,0.0,0.9882018397174832,-0.15315718716071303,-1.0,0.0,0.0,0.9882018397174832,-0.15315718716071305,0.095,1.0
0.0,0.15417144801258456,0.9880441106639435,0.0,0.9880441106639435,-0.15417144801258456,-1.0,0.0,0.0,0.9880441106639435,-0.1541714480125846,0.095,1.0
0.0,0.15518910887146337,0.9878847809778634,0.0,0.9878847809778634,-0.15518910887146337,-1.0,0.0,0.0,0.9878847809778634,-0.1551891088714634,0.095,1.0
0.0,0.15621016425163006,0.9877238402430503,0.0,0.9877238402430503,-0.15621016425163006,-1.0,0.0,0.0,0.9877238402430503,-0.1562101642516301,0.095,1.0
0.0,0.15723460859377575,0.9875612780280332,0.0,0.9875612780280332,-0.15723460859377575,-1.0,0.0,0.0,0.9875612780280332,-0.15723460859377578,0.095,1.0
0.0,0.15826243626500996,0.9873970838864492,0.0,0.9873970838864492,-0.15826243626500996,-1.0,0.0,0.0,0.9873970838864492,-0.15826243626501,0.095,1.0
0.0,0.15929364155887055,0.9872312473574335,0.0,0.9872312473574335,-0.15929364155887055,-1.0,0.0,0.0,0.9872312473574335,-0.15929364155887057,0.095,1.0
0.0,0.16032821869533415,0.9870637579660095,0.0,0.9870637579660095,-0.16032821869533415,-1.0,0.0,0.0,0.9870637579660095,-0.16032821869533415,0.095,1.0
0.0,0.16136616182082805,0.9868946052234829,0.0,0.9868946052234829,-0.16136616182082805,-1.0,0.0,0.0,0.9868946052234829,-0.16136616182082808,0.095,1.0
0.0,0.162407465008243,0.9867237786278368,0.0,0.9867237786278368,-0.162407465008243,-1.0,0.0,0.0,0.9867237786278368,-0.16240746500824302,0.095,1.0
0.0,0.1634521222569474,0.986551267664129,0.0,0.986551267664129,-0.1634521222569474,-1.0,0.0,0.0,0.986551267664129,-0.16345212225694744,0.095,1.0
0.0,0.16450012749280268,0.9863770618048919,0.0,0.9863770618048919,-0.16450012749280268,-1.0,0.0,0.0,0.9863770618048919,-0.1645001274928027,0.095,1.0
0.0,0.16555147456817937,0.9862011505105343,0.0,0.9862011505105343,-0.16555147456817937,-1.0,0.0,0.0,0.9862011505105343,-0.1655514745681794,0.095,1.0
0.0,0.16660615726197534,0.9860235232297442,0.0,0.9860235232297442,-0.16660615726197534,-1.0,0.0,0.0,0.9860235232297442,-0.16660615726197536,0.095,1.0
0.0,0.16766416927963423,0.9858441693998956,0.0,0.9858441693998956,-0.16766416927963423,-1.0,0.0,0.0,0.9858441693998956,-0.16766416927963426,0.095,1.0
0.0,0.1687255042531662,0.9856630784474555,0.0,0.9856630784474555,-0.1687255042531662,-1.0,0.0,0.0,0.9856630784474555,-0.16872550425316624,0.095,1.0
0.0,0.1697901557411687,0.9854802397883936,0.0,0.9854802397883936,-0.1697901557411687,-1.0,0.0,0.0,0.9854802397883936,-0.16979015574116874,0.095,1.0
0.0,0.17085811722885008,0.9852956428285942,0.0,0.9852956428285942,-0.17085811722885008,-1.0,0.0,0.0,0.9852956428285942,-0.1708581172288501,0.095,1.0
0.0,0.1719293821280528,0.9851092769642695,0.0,0.9851092769642695,-0.1719293821280528,-1.0,0.0,0.0,0.9851092769642695,-0.1719293821280528,0.095,1.0
0.0,0.1730039437772794,0.9849211315823759,0.0,0.9849211315823759,-0.1730039437772794,-1.0,0.0,0.0,0.9849211315823759,-0.17300394377727943,0.095,1.0
0.0,0.17408179544171895,0.9847311960610304,0.0,0.9847311960610304,-0.17408179544171895,-1.0,0.0,0.0,0.9847311960610304,-0.17408179544171898,0.095,1.0
0.0,0.17516293031327562,0.9845394597699305,0.0,0.9845394597699305,-0.17516293031327562,-1.0,0.0,0.0,0.9845394597699305,-0.17516293031327565,0.095,1.0
0.0,0.1762473415105977,0.9843459120707754,0.0,0.9843459120707754,-0.1762473415105977,-1.0,0.0,0.0,0.9843459120707754,-0.17624734151059773,0.095,1.0
0.0,0.1773350220791087,0.9841505423176893,0.0,0.9841505423176893,-0.1773350220791087,-1.0,0.0,0.0,0.9841505423176893,-0.17733502207910873,0.095,1.0
0.0,0.1784259649910394,0.9839533398576461,0.0,0.9839533398576461,-0.1784259649910394,-1.0,0.0,0.0,0.9839533398576461,-0.17842596499103944,0.095,1.0
0.0,0.17952016314546237,0.983754294030896,0.0,0.983754294030896,-0.17952016314546237,-1.0,0.0,0.0,0.983754294030896,-0.17952016314546243,0.095,1.0
0.0,0.18061760936832613,0.9835533941713946,0.0,0.9835533941713946,-0.18061760936832613,-1.0,0.0,0.0,0.9835533941713946,-0.18061760936832616,0.095,1.0
0.0,0.18171829641249276,0.983350629607233,0.0,0.983350629607233,-0.18171829641249276,-1.0,0.0,0.0,0.983350629607233,-0.1817182964124928,0.095,1.0
0.0,0.1828222169577753,0.9831459896610697,0.0,0.9831459896610697,-0.1828222169577753,-1.0,0.0,0.0,0.9831459896610697,-0.18282221695777534,0.095,1.0
0.0,0.18392936361097825,0.9829394636505651,0.0,0.9829394636505651,-0.18392936361097825,-1.0,0.0,0.0,0.9829394636505651,-0.1839293636109783,0.095,1.0
0.0,0.18503972890593798,0.9827310408888166,0.0,0.9827310408888166,-0.18503972890593798,-1.0,0.0,0.0,0.9827310408888166,-0.18503972890593798,0.095,1.0
0.0,0.18615330530356616,0.9825207106847963,0.0,0.9825207106847963,-0.18615330530356616,-1.0,0.0,0.0,0.9825207106847963,-0.18615330530356616,0.095,1.0
0.0,0.18727008519189325,0.98230846234379,0.0,0.98230846234379,-0.18727008519189325,-1.0,0.0,0.0,0.98230846234379,-0.18727008519189328,0.095,1.0
0.0,0.1883900608861155,0.9820942851678375,0.0,0.9820942851678375,-0.1883900608861155,-1.0,0.0,0.0,0.9820942851678375,-0.18839006088611554,0.095,1.0
0.0,0.1895132246286413,0.9818781684561757,0.0,0.9818781684561757,-0.1895132246286413,-1.0,0.0,0.0,0.9818781684561757,-0.18951322462864134,0.095,1.0
0.0,0.19063956858914133,0.9816601015056821,0.0,0.9816601015056821,-0.19063956858914133,-1.0,0.0,0.0,0.9816601015056821,-0.19063956858914133,0.095,1.0
0.0,0.19176908486459804,0.9814400736113207,0.0,0.9814400736113207,-0.19176908486459804,-1.0,0.0,0.0,0.9814400736113207,-0.19176908486459807,0.095,1.0
0.0,0.19290176547935933,0.981218074066589,0.0,0.981218074066589,-0.19290176547935933,-1.0,0.0,0.0,0.981218074066589,-0.19290176547935933,0.095,1.0
0.0,0.19403760238519163,0.9809940921639673,0.0,0.9809940921639673,-0.19403760238519163,-1.0,0.0,0.0,0.9809940921639673,-0.19403760238519166,0.095,1.0
0.0,0.19517658746133634,0.9807681171953682,0.0,0.9807681171953682,-0.19517658746133634,-1.0,0.0,0.0,0.9807681171953682,-0.19517658746133634,0.095,1.0
0.0,0.19631871251456628,0.9805401384525894,0.0,0.9805401384525894,-0.19631871251456628,-1.0,0.0,0.0,0.9805401384525894,-0.1963187125145663,0.095,1.0
0.0,0.197463969279246,0.9803101452277667,0.0,0.9803101452277667,-0.197463969279246,-1.0,0.0,0.0,0.9803101452277667,-0.19746396927924603,0.095,1.0
0.0,0.1986123494173917,0.980078126813829,0.0,0.980078126813829,-0.1986123494173917,-1.0,0.0,0.0,0.980078126813829,-0.19861234941739173,0.095,1.0
0.0,0.19976384451873444,0.9798440725049546,0.0,0.9798440725049546,-0.19976384451873444,-1.0,0.0,0.0,0.9798440725049546,-0.19976384451873447,0.095,1.0
0.0,0.20091844610078366,0.9796079715970295,0.0,0.9796079715970295,-0.20091844610078366,-1.0,0.0,0.0,0.9796079715970295,-0.2009184461007837,0.095,1.0
0.0,0.20207614560889475,0.9793698133881056,0.0,0.9793698133881056,-0.20207614560889475,-1.0,0.0,0.0,0.9793698133881056,-0.2020761456088948,0.095,1.0
0.0,0.2032369344163356,0.9791295871788627,0.0,0.9791295871788627,-0.2032369344163356,-1.0,0.0,0.0,0.9791295871788627,-0.20323693441633564,0.095,1.0
0.0,0.20440080382435732,0.9788872822730698,0.0,0.9788872822730698,-0.20440080382435732,-1.0,0.0,0.0,0.9788872822730698,-0.20440080382435735,0.095,1.0
0.0,0.20556774506226494,0.9786428879780488,0.0,0.9786428879780488,-0.20556774506226494,-1.0,0.0,0.0,0.9786428879780488,-0.20556774506226497,0.095,1.0
0.0,0.20673774928749195,0.978396393605139,0.0,0.978396393605139,-0.20673774928749195,-1.0,0.0,0.0,0.978396393605139,-0.206737749287492,0.095,1.0
0.0,0.20791080758567468,0.9781477884701639,0.0,0.9781477884701639,-0.20791080758567468,-1.0,0.0,0.0,0.9781477884701639,-0.20791080758567468,0.095,1.0
0.0,0.20908691097073018,0.9778970618938979,0.0,0.9778970618938979,-0.20908691097073018,-1.0,0.0,0.0,0.9778970618938979,-0.2090869109707302,0.095,1.0
0.0,0.21026605038493432,0.9776442032025354,0.0,0.9776442032025354,-0.21026605038493432,-1.0,0.0,0.0,0.9776442032025354,-0.21026605038493434,0.095,1.0
0.0,0.21144821669900415,0.9773892017281606,0.0,0.9773892017281606,-0.21144821669900415,-1.0,0.0,0.0,0.9773892017281606,-0.21144821669900418,0.095,1.0
0.0,0.21263340071217998,0.9771320468092188,0.0,0.9771320468092188,-0.21263340071217998,-1.0,0.0,0.0,0.9771320468092188,-0.21263340071218,0.095,1.0
0.0,0.21382159315230992,0.9768727277909892,0.0,0.9768727277909892,-0.21382159315230992,-1.0,0.0,0.0,0.9768727277909892,-0.21382159315230995,0.095,1.0
0.0,0.21501278467593735,0.9766112340260575,0.0,0.9766112340260575,-0.21501278467593735,-1.0,0.0,0.0,0.9766112340260575,-0.21501278467593737,0.095,1.0
0.0,0.2162069658683899,0.976347554874792,0.0,0.976347554874792,-0.2162069658683899,-1.0,0.0,0.0,0.976347554874792,-0.21620696586838992,0.095,1.0
0.0,0.2174041272438694,0.9760816797058182,0.0,0.9760816797058182,-0.2174041272438694,-1.0,0.0,0.0,0.9760816797058182,-0.21740412724386945,0.095,1.0
0.0,0.21860425924554538,0.975813597896497,0.0,0.975813597896497,-0.21860425924554538,-1.0,0.0,0.0,0.975813597896497,-0.21860425924554544,0.095,1.0
0.0,0.21980735224564935,0.9755432988334024,0.0,0.9755432988334024,-0.21980735224564935,-1.0,0.0,0.0,0.9755432988334024,-0.2198073522456494,0.095,1.0
0.0,0.22101339654557228,0.9752707719128004,0.0,0.9752707719128004,-0.22101339654557228,-1.0,0.0,0.0,0.9752707719128004,-0.2210133965455723,0.095,1.0
0.0,0.22222238237596298,0.9749960065411301,0.0,0.9749960065411301,-0.22222238237596298,-1.0,0.0,0.0,0.9749960065411301,-0.222222382375963,0.095,1.0
0.0,0.22343429989682936,0.974718992135484,0.0,0.974718992135484,-0.22343429989682936,-1.0,0.0,0.0,0.974718992135484,-0.2234342998968294,0.095,1.0
0.0,0.22464913919764065,0.9744397181240916,0.0,0.9744397181240916,-0.22464913919764065,-1.0,0.0,0.0,0.9744397181240916,-0.2246491391976407,0.095,1.0
0.0,0.2258668902974345,0.9741581739468015,0.0,0.9741581739468015,-0.2258668902974345,-1.0,0.0,0.0,0.9741581739468015,-0.22586689029743454,0.095,1.0
0.0,0.22708754314492188,0.9738743490555665,0.0,0.9738743490555665,-0.22708754314492188,-1.0,0.0,0.0,0.9738743490555665,-0.2270875431449219,0.095,1.0
0.0,0.22831108761859795,0.9735882329149284,0.0,0.9735882329149284,-0.22831108761859795,-1.0,0.0,0.0,0.9735882329149284,-0.22831108761859797,0.095,1.0
0.0,0.22953751352685273,0.9732998150025047,0.0,0.9732998150025047,-0.22953751352685273,-1.0,0.0,0.0,0.9732998150025047,-0.22953751352685275,0.095,1.0
0.0,0.23076681060808585,0.9730090848094749,0.0,0.9730090848094749,-0.23076681060808585,-1.0,0.0,0.0,0.9730090848094749,-0.23076681060808588,0.095,1.0
0.0,0.23199896853082114,0.9727160318410687,0.0,0.9727160318410687,-0.23199896853082114,-1.0,0.0,0.0,0.9727160318410687,-0.23199896853082116,0.095,1.0
0.0,0.23323397689382547,0.9724206456170552,0.0,0.9724206456170552,-0.23323397689382547,-1.0,0.0,0.0,0.9724206456170552,-0.2332339768938255,0.095,1.0
0.0,0.23447182522622806,0.9721229156722319,0.0,0.9721229156722319,-0.23447182522622806,-1.0,0.0,0.0,0.9721229156722319,-0.2344718252262281,0.095,1.0
0.0,0.23571250298764432,0.9718228315569148,0.0,0.9718228315569148,-0.23571250298764432,-1.0,0.0,0.0,0.9718228315569148,-0.23571250298764435,0.095,1.0
0.0,0.2369559995682991,0.9715203828374309,0.0,0.9715203828374309,-0.2369559995682991,-1.0,0.0,0.0,0.9715203828374309,-0.23695599956829913,0.095,1.0
0.0,0.2382023042891542,0.9712155590966082,0.0,0.9712155590966082,-0.2382023042891542,-1.0,0.0,0.0,0.9712155590966082,-0.2382023042891542,0.095,1.0
0.0,0.23945140640203685,0.9709083499342699,0.0,0.9709083499342699,-0.23945140640203685,-1.0,0.0,0.0,0.9709083499342699,-0.23945140640203688,0.095,1.0
0.0,0.2407032950897725,0.9705987449677266,0.0,0.9705987449677266,-0.2407032950897725,-1.0,0.0,0.0,0.9705987449677266,-0.2407032950897725,0.095,1.0
0.0,0.24195795946631676,0.9702867338322709,0.0,0.9702867338322709,-0.24195795946631676,-1.0,0.0,0.0,0.9702867338322709,-0.2419579594663168,0.095,1.0
0.0,0.24321538857689234,0.969972306181672,0.0,0.969972306181672,-0.24321538857689234,-1.0,0.0,0.0,0.969972306181672,-0.24321538857689237,0.095,1.0
0.0,0.24447557139812667,0.9696554516886704,0.0,0.9696554516886704,-0.24447557139812667,-1.0,0.0,0.0,0.9696554516886704,-0.24447557139812673,0.095,1.0
0.0,0.2457384968381933,0.9693361600454743,0.0,0.9693361600454743,-0.2457384968381933,-1.0,0.0,0.0,0.9693361600454743,-0.24573849683819332,0.095,1.0
0.0,0.2470041537369537,0.9690144209642555,0.0,0.9690144209642555,-0.2470041537369537,-1.0,0.0,0.0,0.9690144209642555,-0.24700415373695375,0.095,1.0
0.0,0.24827253086610354,0.9686902241776468,0.0,0.9686902241776468,-0.24827253086610354,-1.0,0.0,0.0,0.9686902241776468,-0.2482725308661036,0.095,1.0
0.0,0.2495436169293185,0.9683635594392395,0.0,0.9683635594392395,-0.2495436169293185,-1.0,0.0,0.0,0.9683635594392395,-0.2495436169293185,0.095,1.0
0.0,0.2508174005624067,0.9680344165240806,0.0,0.9680344165240806,-0.2508174005624067,-1.0,0.0,0.0,0.9680344165240806,-0.25081740056240676,0.095,1.0
0.0,0.2520938703334586,0.9677027852291722,0.0,0.9677027852291722,-0.2520938703334586,-1.0,0.0,0.0,0.9677027852291722,-0.25209387033345865,0.095,1.0
0.0,0.25337301474300283,0.9673686553739697,0.0,0.9673686553739697,-0.25337301474300283,-1.0,0.0,0.0,0.9673686553739697,-0.2533730147430029,0.095,1.0
0.0,0.25465482222416297,0.9670320168008812,0.0,0.9670320168008812,-0.25465482222416297,-1.0,0.0,0.0,0.9670320168008812,-0.254654822224163,0.095,1.0
0.0,0.25593928114281705,0.9666928593757679,0.0,0.9666928593757679,-0.25593928114281705,-1.0,0.0,0.0,0.9666928593757679,-0.2559392811428171,0.095,1.0
0.0,0.25722637979775953,0.9663511729884425,0.0,0.9663511729884425,-0.25722637979775953,-1.0,0.0,0.0,0.9663511729884425,-0.25722637979775953,0.095,1.0
0.0,0.2585161064208652,0.9660069475531715,0.0,0.9660069475531715,-0.2585161064208652,-1.0,0.0,0.0,0.9660069475531715,-0.25851610642086525,0.095,1.0
0.0,0.25980844917725615,0.9656601730091746,0.0,0.9656601730091746,-0.25980844917725615,-1.0,0.0,0.0,0.9656601730091746,-0.2598084491772562,0.095,1.0
0.0,0.26110339616547085,0.9653108393211263,0.0,0.9653108393211263,-0.26110339616547085,-1.0,0.0,0.0,0.9653108393211263,-0.2611033961654709,0.095,1.0
0.0,0.2624009354176363,0.9649589364796564,0.0,0.9649589364796564,-0.2624009354176363,-1.0,0.0,0.0,0.9649589364796564,-0.2624009354176363,0.095,1.0
0.0,0.26370105489964113,0.9646044545018525,0.0,0.9646044545018525,-0.26370105489964113,-1.0,0.0,0.0,0.9646044545018525,-0.26370105489964113,0.095,1.0
0.0,0.265003742511313,0.9642473834317611,0.0,0.9642473834317611,-0.265003742511313,-1.0,0.0,0.0,0.9642473834317611,-0.265003742511313,0.095,1.0
0.0,0.266308986086597,0.9638877133408894,0.0,0.9638877133408894,-0.266308986086597,-1.0,0.0,0.0,0.9638877133408894,-0.266308986086597,0.095,1.0
0.0,0.2676167733937386,0.9635254343287074,0.0,0.9635254343287074,-0.2676167733937386,-1.0,0.0,0.0,0.9635254343287074,-0.2676167733937387,0.095,1.0
0.0,0.26892709213546545,0.9631605365231504,0.0,0.9631605365231504,-0.26892709213546545,-1.0,0.0,0.0,0.9631605365231504,-0.2689270921354655,0.095,1.0
0.0,0.27023992994917606,0.9627930100811204,0.0,0.9627930100811204,-0.27023992994917606,-1.0,0.0,0.0,0.9627930100811204,-0.2702399299491761,0.095,1.0
0.0,0.27155527440712773,0.9624228451889895,0.0,0.9624228451889895,-0.27155527440712773,-1.0,0.0,0.0,0.9624228451889895,-0.27155527440712773,0.095,1.0
0.0,0.2728731130166291,0.9620500320631011,0.0,0.9620500320631011,-0.2728731130166291,-1.0,0.0,0.0,0.9620500320631011,-0.27287311301662914,0.095,1.0
0.0,0.27419343322023293,0.9616745609502737,0.0,0.9616745609502737,-0.27419343322023293,-1.0,0.0,0.0,0.9616745609502737,-0.27419343322023293,0.095,1.0
0.0,0.2755162223959345,0.9612964221283017,0.0,0.9612964221283017,-0.2755162223959345,-1.0,0.0,0.0,0.9612964221283017,-0.27551622239593454,0.095,1.0
0.0,0.27684146785736957,0.9609156059064589,0.0,0.9609156059064589,-0.27684146785736957,-1.0,0.0,0.0,0.9609156059064589,-0.27684146785736957,0.095,1.0
0.0,0.2781691568540174,0.9605321026260002,0.0,0.9605321026260002,-0.2781691568540174,-1.0,0.0,0.0,0.9605321026260002,-0.2781691568540174,0.095,1.0
0.0,0.2794992765714041,0.9601459026606642,0.0,0.9601459026606642,-0.2794992765714041,-1.0,0.0,0.0,0.9601459026606642,-0.27949927657140416,0.095,1.0
0.0,0.28083181413131064,0.9597569964171748,0.0,0.9597569964171748,-0.28083181413131064,-1.0,0.0,0.0,0.9597569964171748,-0.28083181413131064,0.095,1.0
0.0,0.28216675659198154,0.9593653743357436,0.0,0.9593653743357436,-0.28216675659198154,-1.0,0.0,0.0,0.9593653743357436,-0.28216675659198154,0.095,1.0
0.0,0.2835040909483382,0.958971026890571,0.0,0.958971026890571,-0.2835040909483382,-1.0,0.0,0.0,0.9589710268905709,-0.2835040909483383,0.095,1.0
0.0,0.2848438041321928,0.9585739445903487,0.0,0.9585739445903487,-0.2848438041321928,-1.0,0.0,0.0,0.9585739445903487,-0.28484380413219285,0.095,1.0
0.0,0.28618588301246595,0.9581741179787603,0.0,0.9581741179787603,-0.28618588301246595,-1.0,0.0,0.0,0.9581741179787603,-0.286185883012466,0.095,1.0
0.0,0.28753031439540705,0.9577715376349824,0.0,0.9577715376349824,-0.28753031439540705,-1.0,0.0,0.0,0.9577715376349824,-0.28753031439540705,0.095,1.0
0.0,0.2888770850248174,0.9573661941741856,0.0,0.9573661941741856,-0.2888770850248174,-1.0,0.0,0.0,0.9573661941741856,-0.28887708502481746,0.095,1.0
0.0,0.29022618158227387,0.9569580782480354,0.0,0.9569580782480354,-0.29022618158227387,-1.0,0.0,0.0,0.9569580782480354,-0.29022618158227387,0.095,1.0
0.0,0.291577590687359,0.9565471805451914,0.0,0.9565471805451914,-0.291577590687359,-1.0,0.0,0.0,0.9565471805451914,-0.29157759068735906,0.095,1.0
0.0,0.29293129889788994,0.9561334917918078,0.0,0.9561334917918078,-0.29293129889788994,-1.0,0.0,0.0,0.9561334917918078,-0.29293129889788994,0.095,1.0
0.0,0.2942872927101531,0.9557170027520326,0.0,0.9557170027520326,-0.2942872927101531,-1.0,0.0,0.0,0.9557170027520326,-0.29428729271015314,0.095,1.0
0.0,0.295645558559139,0.9552977042285064,0.0,0.9552977042285064,-0.295645558559139,-1.0,0.0,0.0,0.9552977042285064,-0.295645558559139,0.095,1.0
0.0,0.297006082818781,0.954875587062861,0.0,0.954875587062861,-0.297006082818781,-1.0,0.0,0.0,0.954875587062861,-0.297006082818781,0.095,1.0
0.0,0.2983688518021972,0.9544506421362178,0.0,0.9544506421362178,-0.2983688518021972,-1.0,0.0,0.0,0.9544506421362178,-0.29836885180219724,0.095,1.0
0.0,0.2997338517619341,0.9540228603696846,0.0,0.9540228603696846,-0.2997338517619341,-1.0,0.0,0.0,0.9540228603696846,-0.2997338517619341,0.095,1.0
0.0,0.30110106889021293,0.9535922327248535,0.0,0.9535922327248535,-0.30110106889021293,-1.0,0.0,0.0,0.9535922327248535,-0.30110106889021293,0.095,1.0
0.0,0.30247048931917914,0.9531587502042964,0.0,0.9531587502042964,-0.30247048931917914,-1.0,0.0,0.0,0.9531587502042964,-0.3024704893191792,0.095,1.0
0.0,0.30384209912115456,0.9527224038520614,0.0,0.9527224038520614,-0.30384209912115456,-1.0,0.0,0.0,0.9527224038520614,-0.3038420991211546,0.095,1.0
0.0,0.3052158843088921,0.9522831847541681,0.0,0.9522831847541681,-0.3052158843088921,-1.0,0.0,0.0,0.952283184754168,-0.3052158843088922,0.095,1.0
0.0,0.3065918308358326,0.9518410840391017,0.0,0.9518410840391017,-0.3065918308358326,-1.0,0.0,0.0,0.9518410840391017,-0.3065918308358326,0.095,1.0
0.0,0.3079699245963653,0.9513960928783075,0.0,0.9513960928783075,-0.3079699245963653,-1.0,0.0,0.0,0.9513960928783074,-0.30796992459636535,0.095,1.0
0.0,0.3093501514260907,0.9509482024866837,0.0,0.9509482024866837,-0.3093501514260907,-1.0,0.0,0.0,0.9509482024866835,-0.30935015142609074,0.095,1.0
0.0,0.31073249710208634,0.9504974041230738,0.0,0.9504974041230738,-0.31073249710208634,-1.0,0.0,0.0,0.9504974041230738,-0.3107324971020864,0.095,1.0
0.0,0.31211694734317397,0.9500436890907588,0.0,0.9500436890907588,-0.31211694734317397,-1.0,0.0,0.0,0.9500436890907586,-0.312116947343174,0.095,1.0
0.0,0.31350348781019133,0.9495870487379475,0.0,0.9495870487379475,-0.31350348781019133,-1.0,0.0,0.0,0.9495870487379474,-0.3135034878101914,0.095,1.0
0.0,0.31489210410626556,0.9491274744582673,0.0,0.9491274744582673,-0.31489210410626556,-1.0,0.0,0.0,0.9491274744582673,-0.3148921041062656,0.095,1.0
0.0,0.31628278177709,0.9486649576912524,0.0,0.9486649576912524,-0.31628278177709,-1.0,0.0,0.0,0.9486649576912523,-0.31628278177709007,0.095,1.0
0.0,0.31767550631120156,0.9481994899228335,0.0,0.9481994899228335,-0.31767550631120156,-1.0,0.0,0.0,0.9481994899228335,-0.3176755063112016,0.095,1.0
0.0,0.31907026314026476,0.9477310626858245,0.0,0.9477310626858245,-0.31907026314026476,-1.0,0.0,0.0,0.9477310626858245,-0.31907026314026476,0.095,1.0
0.0,0.3204670376393547,0.9472596675604089,0.0,0.9472596675604089,-0.3204670376393547,-1.0,0.0,0.0,0.9472596675604088,-0.32046703763935475,0.095,1.0
0.0,0.32186581512724527,0.9467852961746258,0.0,0.9467852961746258,-0.32186581512724527,-1.0,0.0,0.0,0.9467852961746258,-0.3218658151272453,0.095,1.0
0.0,0.3232665808666978,0.9463079402048546,0.0,0.9463079402048546,-0.3232665808666978,-1.0,0.0,0.0,0.9463079402048546,-0.32326658086669785,0.095,1.0
0.0,0.3246693200647551,0.9458275913762981,0.0,0.9458275913762981,-0.3246693200647551,-1.0,0.0,0.0,0.9458275913762981,-0.32466932006475513,0.095,1.0
0.0,0.32607401787303597,0.9453442414634655,0.0,0.9453442414634655,-0.32607401787303597,-1.0,0.0,0.0,0.9453442414634654,-0.326074017873036,0.095,1.0
0.0,0.32748065938803417,0.9448578822906535,0.0,0.9448578822906535,-0.32748065938803417,-1.0,0.0,0.0,0.9448578822906535,-0.3274806593880342,0.095,1.0
0.0,0.3288892296514181,0.9443685057324269,0.0,0.9443685057324269,-0.3288892296514181,-1.0,0.0,0.0,0.9443685057324269,-0.32888922965141815,0.095,1.0
0.0,0.33029971365033545,0.9438761037140979,0.0,0.9438761037140979,-0.33029971365033545,-1.0,0.0,0.0,0.9438761037140978,-0.3302997136503355,0.095,1.0
0.0,0.33171209631771875,0.943380668212204,0.0,0.943380668212204,-0.33171209631771875,-1.0,0.0,0.0,0.9433806682122039,-0.3317120963177188,0.095,1.0
0.0,0.333126362532596,0.9428821912549846,0.0,0.9428821912549846,-0.333126362532596,-1.0,0.0,0.0,0.9428821912549846,-0.333126362532596,0.095,1.0
0.0,0.33454249712039913,0.9423806649228579,0.0,0.9423806649228579,-0.33454249712039913,-1.0,0.0,0.0,0.9423806649228579,-0.3345424971203992,0.095,1.0
0.0,0.3359604848532826,0.9418760813488934,0.0,0.9418760813488934,-0.3359604848532826,-1.0,0.0,0.0,0.9418760813488933,-0.33596048485328267,0.095,1.0
0.0,0.3373803104504371,0.9413684327192869,0.0,0.9413684327192869,-0.3373803104504371,-1.0,0.0,0.0,0.9413684327192868,-0.33738031045043715,0.095,1.0
0.0,0.33880195857841233,0.9408577112738311,0.0,0.9408577112738311,-0.33880195857841233,-1.0,0.0,0.0,0.940857711273831,-0.3388019585784124,0.095,1.0
0.0,0.3402254138514372,0.9403439093063869,0.0,0.9403439093063869,-0.3402254138514372,-1.0,0.0,0.0,0.9403439093063868,-0.34022541385143723,0.095,1.0
0.0,0.34165066083174694,0.9398270191653518,0.0,0.9398270191653518,-0.34165066083174694,-1.0,0.0,0.0,0.9398270191653517,-0.341650660831747,0.095,1.0
0.0,0.3430776840299106,0.9393070332541287,0.0,0.9393070332541287,-0.3430776840299106,-1.0,0.0,0.0,0.9393070332541287,-0.3430776840299107,0.095,1.0
0.0,0.34450646790516193,0.9387839440315912,0.0,0.9387839440315912,-0.34450646790516193,-1.0,0.0,0.0,0.938783944031591,-0.344506467905162,0.095,1.0
0.0,0.3459369968657325,0.9382577440125491,0.0,0.9382577440125491,-0.3459369968657325,-1.0,0.0,0.0,0.938257744012549,-0.3459369968657325,0.095,1.0
0.0,0.3473692552691886,0.9377284257682121,0.0,0.9377284257682121,-0.3473692552691886,-1.0,0.0,0.0,0.937728425768212,-0.34736925526918866,0.095,1.0
0.0,0.34880322742276976,0.937195981926651,0.0,0.937195981926651,-0.34880322742276976,-1.0,0.0,0.0,0.9371959819266509,-0.3488032274227698,0.095,1.0
0.0,0.35023889758373106,0.9366604051732585,0.0,0.9366604051732585,-0.35023889758373106,-1.0,0.0,0.0,0.9366604051732585,-0.3502388975837311,0.095,1.0
0.0,0.3516762499596862,0.9361216882512082,0.0,0.9361216882512082,-0.3516762499596862,-1.0,0.0,0.0,0.9361216882512082,-0.35167624995968627,0.095,1.0
0.0,0.35311526870895565,0.9355798239619119,0.0,0.9355798239619119,-0.35311526870895565,-1.0,0.0,0.0,0.9355798239619117,-0.3531152687089557,0.095,1.0
0.0,0.3545559379409161,0.9350348051654747,0.0,0.9350348051654747,-0.3545559379409161,-1.0,0.0,0.0,0.9350348051654747,-0.35455593794091617,0.095,1.0
0.0,0.3559982417163534,0.9344866247811494,0.0,0.9344866247811494,-0.3559982417163534,-1.0,0.0,0.0,0.9344866247811494,-0.35599824171635347,0.095,1.0
0.0,0.3574421640478158,0.9339352757877895,0.0,0.9339352757877895,-0.3574421640478158,-1.0,0.0,0.0,0.9339352757877895,-0.35744216404781587,0.095,1.0
0.0,0.35888768889997424,0.9333807512242982,0.0,0.9333807512242982,-0.35888768889997424,-1.0,0.0,0.0,0.9333807512242982,-0.35888768889997436,0.095,1.0
0.0,0.3603348001899811,0.9328230441900791,0.0,0.9328230441900791,-0.3603348001899811,-1.0,0.0,0.0,0.9328230441900791,-0.36033480018998115,0.095,1.0
0.0,0.3617834817878344,0.9322621478454822,0.0,0.9322621478454822,-0.3617834817878344,-1.0,0.0,0.0,0.9322621478454822,-0.3617834817878344,0.095,1.0
0.0,0.3632337175167424,0.9316980554122496,0.0,0.9316980554122496,-0.3632337175167424,-1.0,0.0,0.0,0.9316980554122495,-0.36323371751674244,0.095,1.0
0.0,0.36468549115349314,0.9311307601739593,0.0,0.9311307601739593,-0.36468549115349314,-1.0,0.0,0.0,0.9311307601739592,-0.36468549115349314,0.095,1.0
0.0,0.36613878642882497,0.9305602554764668,0.0,0.9305602554764668,-0.36613878642882497,-1.0,0.0,0.0,0.9305602554764667,-0.366138786428825,0.095,1.0
0.0,0.36759358702780087,0.9299865347283447,0.0,0.9299865347283447,-0.36759358702780087,-1.0,0.0,0.0,0.9299865347283446,-0.3675935870278009,0.095,1.0
0.0,0.36904987659018407,0.9294095914013207,0.0,0.9294095914013207,-0.36904987659018407,-1.0,0.0,0.0,0.9294095914013207,-0.3690498765901841,0.095,1.0
0.0,0.3705076387108175,0.9288294190307144,0.0,0.9288294190307144,-0.3705076387108175,-1.0,0.0,0.0,0.9288294190307143,-0.3705076387108175,0.095,1.0
0.0,0.37196685694000536,0.9282460112158702,0.0,0.9282460112158702,-0.37196685694000536,-1.0,0.0,0.0,0.9282460112158701,-0.3719668569400054,0.095,1.0
0.0,0.3734275147838979,0.9276593616205906,0.0,0.9276593616205906,-0.3734275147838979,-1.0,0.0,0.0,0.9276593616205905,-0.37342751478389796,0.095,1.0
0.0,0.37488959570487723,0.9270694639735653,0.0,0.9270694639735653,-0.37488959570487723,-1.0,0.0,0.0,0.9270694639735652,-0.3748895957048773,0.095,1.0
0.0,0.37635308312194765,0.9264763120687999,0.0,0.9264763120687999,-0.37635308312194765,-1.0,0.0,0.0,0.9264763120687998,-0.3763530831219477,0.095,1.0
0.0,0.3778179604111272,0.925879899766042,0.0,0.925879899766042,-0.3778179604111272,-1.0,0.0,0.0,0.9258798997660419,-0.37781796041112725,0.095,1.0
0.0,0.3792842109058434,0.9252802209912042,0.0,0.9252802209912042,-0.3792842109058434,-1.0,0.0,0.0,0.9252802209912041,-0.37928421090584347,0.095,1.0
0.0,0.3807518178973287,0.9246772697367874,0.0,0.9246772697367874,-0.3807518178973287,-1.0,0.0,0.0,0.9246772697367873,-0.38075181789732876,0.095,1.0
0.0,0.38222076463502175,0.9240710400622991,0.0,0.9240710400622991,-0.38222076463502175,-1.0,0.0,0.0,0.924071040062299,-0.3822207646350218,0.095,1.0
0.0,0.38369103432696905,0.923461526094672,0.0,0.923461526094672,-0.38369103432696905,-1.0,0.0,0.0,0.9234615260946719,-0.3836910343269691,0.095,1.0
0.0,0.3851626101402307,0.9228487220286783,0.0,0.9228487220286783,-0.3851626101402307,-1.0,0.0,0.0,0.9228487220286782,-0.38516261014023073,0.095,1.0
0.0,0.38663547520128616,0.9222326221273436,0.0,0.9222326221273436,-0.38663547520128616,-1.0,0.0,0.0,0.9222326221273435,-0.3866354752012862,0.095,1.0
0.0,0.38810961259644655,0.9216132207223572,0.0,0.9216132207223572,-0.38810961259644655,-1.0,0.0,0.0,0.9216132207223571,-0.3881096125964466,0.095,1.0
0.0,0.3895850053722648,0.9209905122144811,0.0,0.9209905122144811,-0.3895850053722648,-1.0,0.0,0.0,0.920990512214481,-0.38958500537226487,0.095,1.0
0.0,0.39106163653595316,0.920364491073956,0.0,0.920364491073956,-0.39106163653595316,-1.0,0.0,0.0,0.9203644910739559,-0.3910616365359532,0.095,1.0
0.0,0.39253948905579783,0.9197351518409054,0.0,0.9197351518409054,-0.39253948905579783,-1.0,0.0,0.0,0.9197351518409054,-0.3925394890557979,0.095,1.0
0.0,0.3940185458615819,0.9191024891257364,0.0,0.9191024891257364,-0.3940185458615819,-1.0,0.0,0.0,0.9191024891257364,-0.39401854586158197,0.095,1.0
0.0,0.3954987898450056,0.9184664976095406,0.0,0.9184664976095406,-0.3954987898450056,-1.0,0.0,0.0,0.9184664976095405,-0.39549878984500564,0.095,1.0
0.0,0.39698020386011285,0.9178271720444886,0.0,0.9178271720444886,-0.39698020386011285,-1.0,0.0,0.0,0.9178271720444885,-0.3969802038601129,0.095,1.0
0.0,0.39846277072371694,0.9171845072542266,0.0,0.9171845072542266,-0.39846277072371694,-1.0,0.0,0.0,0.9171845072542266,-0.398462770723717,0.095,1.0
0.0,0.3999464732158326,0.9165384981342668,0.0,0.9165384981342668,-0.3999464732158326,-1.0,0.0,0.0,0.9165384981342667,-0.39994647321583265,0.095,1.0
0.0,0.4014312940801062,0.915889139652377,0.0,0.915889139652377,-0.4014312940801062,-1.0,0.0,0.0,0.915889139652377,-0.4014312940801062,0.095,1.0
0.0,0.40291721602425223,0.9152364268489679,0.0,0.9152364268489679,-0.40291721602425223,-1.0,0.0,0.0,0.9152364268489678,-0.4029172160242523,0.095,1.0
0.0,0.40440422172048884,0.9145803548374772,0.0,0.9145803548374772,-0.40440422172048884,-1.0,0.0,0.0,0.9145803548374771,-0.4044042217204889,0.095,1.0
0.0,0.40589229380597824,0.9139209188047517,0.0,0.9139209188047517,-0.40589229380597824,-1.0,0.0,0.0,0.9139209188047517,-0.4058922938059783,0.095,1.0
0.0,0.40738141488326896,0.9132581140114255,0.0,0.9132581140114255,-0.40738141488326896,-1.0,0.0,0.0,0.9132581140114254,-0.407381414883269,0.095,1.0
0.0,0.40887156752073933,0.9125919357922978,0.0,0.9125919357922978,-0.40887156752073933,-1.0,0.0,0.0,0.9125919357922977,-0.4088715675207394,0.095,1.0
0.0,0.410362734253044,0.9119223795567064,0.0,0.9119223795567064,-0.410362734253044,-1.0,0.0,0.0,0.9119223795567063,-0.41036273425304404,0.095,1.0
0.0,0.41185489758156396,0.911249440788898,0.0,0.911249440788898,-0.41185489758156396,-1.0,0.0,0.0,0.9112494407888979,-0.411854897581564,0.095,1.0
0.0,0.41334803997485686,0.9105731150483986,0.0,0.9105731150483986,-0.41334803997485686,-1.0,0.0,0.0,0.9105731150483984,-0.413348039974857,0.095,1.0
0.0,0.4148421438691115,0.9098933979703773,0.0,0.9098933979703773,-0.4148421438691115,-1.0,0.0,0.0,0.9098933979703772,-0.41484214386911156,0.095,1.0
0.0,0.41633719166860217,0.9092102852660113,0.0,0.9092102852660113,-0.41633719166860217,-1.0,0.0,0.0,0.9092102852660112,-0.4163371916686022,0.095,1.0
0.0,0.41783316574614887,0.9085237727228448,0.0,0.9085237727228448,-0.41783316574614887,-1.0,0.0,0.0,0.9085237727228447,-0.41783316574614887,0.095,1.0
0.0,0.4193300484435762,0.9078338562051472,0.0,0.9078338562051472,-0.4193300484435762,-1.0,0.0,0.0,0.9078338562051471,-0.41933004844357624,0.095,1.0
0.0,0.4208278220721777,0.9071405316542678,0.0,0.9071405316542678,-0.4208278220721777,-1.0,0.0,0.0,0.9071405316542677,-0.4208278220721778,0.095,1.0
0.0,0.42232646891317815,0.9064437950889875,0.0,0.9064437950889875,-0.42232646891317815,-1.0,0.0,0.0,0.9064437950889874,-0.4223264689131782,0.095,1.0
0.0,0.42382597121820376,0.905743642605868,0.0,0.905743642605868,-0.42382597121820376,-1.0,0.0,0.0,0.9057436426058679,-0.4238259712182038,0.095,1.0
0.0,0.42532631120974973,0.9050400703795977,0.0,0.9050400703795977,-0.42532631120974973,-1.0,0.0,0.0,0.9050400703795975,-0.4253263112097498,0.095,1.0
0.0,0.4268274710816526,0.904333074663335,0.0,0.904333074663335,-0.4268274710816526,-1.0,0.0,0.0,0.9043330746633349,-0.42682747108165264,0.095,1.0
0.0,0.42832943299956344,0.9036226517890488,0.0,0.9036226517890488,-0.42832943299956344,-1.0,0.0,0.0,0.9036226517890487,-0.42832943299956355,0.095,1.0
0.0,0.42983217910142413,0.9029087981678555,0.0,0.9029087981678555,-0.42983217910142413,-1.0,0.0,0.0,0.9029087981678554,-0.4298321791014242,0.095,1.0
0.0,0.4313356914979454,0.9021915102903536,0.0,0.9021915102903536,-0.4313356914979454,-1.0,0.0,0.0,0.9021915102903535,-0.4313356914979454,0.095,1.0
0.0,0.4328399522730876,0.9014707847269545,0.0,0.9014707847269545,-0.4328399522730876,-1.0,0.0,0.0,0.9014707847269544,-0.43283995227308764,0.095,1.0
0.0,0.43434494348454145,0.9007466181282118,0.0,0.9007466181282118,-0.43434494348454145,-1.0,0.0,0.0,0.9007466181282117,-0.43434494348454156,0.095,1.0
0.0,0.4358506471642142,0.900019007225145,0.0,0.900019007225145,-0.4358506471642142,-1.0,0.0,0.0,0.9000190072251449,-0.4358506471642143,0.095,1.0
0.0,0.4373570453187144,0.8992879488295638,0.0,0.8992879488295638,-0.4373570453187144,-1.0,0.0,0.0,0.8992879488295636,-0.43735704531871444,0.095,1.0
0.0,0.43886411992984287,0.8985534398343843,0.0,0.8985534398343843,-0.43886411992984287,-1.0,0.0,0.0,0.8985534398343842,-0.4388641199298429,0.095,1.0
0.0,0.4403718529550803,0.8978154772139479,0.0,0.8978154772139479,-0.4403718529550803,-1.0,0.0,0.0,0.8978154772139478,-0.4403718529550804,0.095,1.0
0.0,0.4418802263280813,0.8970740580243326,0.0,0.8970740580243326,-0.4418802263280813,-1.0,0.0,0.0,0.8970740580243325,-0.4418802263280814,0.095,1.0
0.0,0.44338922195917,0.8963291794036619,0.0,0.8963291794036619,-0.44338922195917,-1.0,0.0,0.0,0.8963291794036617,-0.44338922195917013,0.095,1.0
0.0,0.44489882173583484,0.8955808385724127,0.0,0.8955808385724127,-0.44489882173583484,-1.0,0.0,0.0,0.8955808385724126,-0.4448988217358349,0.095,1.0
0.0,0.44640900752322754,0.8948290328337178,0.0,0.8948290328337178,-0.44640900752322754,-1.0,0.0,0.0,0.8948290328337177,-0.4464090075232276,0.095,1.0
0.0,0.4479197611646645,0.8940737595736662,0.0,0.8940737595736662,-0.4479197611646645,-1.0,0.0,0.0,0.8940737595736661,-0.44791976116466453,0.095,1.0
0.0,0.4494310644821276,0.8933150162615994,0.0,0.8933150162615994,-0.4494310644821276,-1.0,0.0,0.0,0.8933150162615993,-0.44943106448212766,0.095,1.0
0.0,0.45094289927677084,0.8925528004504047,0.0,0.8925528004504047,-0.45094289927677084,-1.0,0.0,0.0,0.8925528004504046,-0.4509428992767709,0.095,1.0
0.0,0.45245524732942366,0.8917871097768065,0.0,0.8917871097768065,-0.45245524732942366,-1.0,0.0,0.0,0.8917871097768064,-0.4524552473294237,0.095,1.0
0.0,0.45396809040110103,0.891017941961652,0.0,0.891017941961652,-0.45396809040110103,-1.0,0.0,0.0,0.8910179419616518,-0.4539680904011011,0.095,1.0
0.0,0.45548141023351285,0.8902452948101947,0.0,0.8902452948101947,-0.45548141023351285,-1.0,0.0,0.0,0.8902452948101945,-0.4554814102335129,0.095,1.0
0.0,0.45699518854957544,0.8894691662123753,0.0,0.8894691662123753,-0.45699518854957544,-1.0,0.0,0.0,0.8894691662123752,-0.4569951885495755,0.095,1.0
0.0,0.45850940705392484,0.8886895541430979,0.0,0.8886895541430979,-0.45850940705392484,-1.0,0.0,0.0,0.8886895541430978,-0.4585094070539249,0.095,1.0
0.0,0.460024047433433,0.8879064566625037,0.0,0.8879064566625037,-0.460024047433433,-1.0,0.0,0.0,0.8879064566625036,-0.46002404743343306,0.095,1.0
0.0,0.46153909135772336,0.8871198719162405,0.0,0.8871198719162405,-0.46153909135772336,-1.0,0.0,0.0,0.8871198719162404,-0.4615390913577234,0.095,1.0
0.0,0.4630545204796919,0.8863297981357292,0.0,0.8863297981357292,-0.4630545204796919,-1.0,0.0,0.0,0.8863297981357291,-0.46305452047969203,0.095,1.0
0.0,0.46457031643602487,0.8855362336384275,0.0,0.8855362336384275,-0.46457031643602487,-1.0,0.0,0.0,0.8855362336384274,-0.4645703164360249,0.095,1.0
0.0,0.4660864608477229,0.8847391768280887,0.0,0.8847391768280887,-0.4660864608477229,-1.0,0.0,0.0,0.8847391768280886,-0.46608646084772304,0.095,1.0
0.0,0.46760293532062425,0.8839386261950182,0.0,0.8839386261950182,-0.46760293532062425,-1.0,0.0,0.0,0.8839386261950181,-0.4676029353206243,0.095,1.0
0.0,0.4691197214459314,0.8831345803163251,0.0,0.8831345803163251,-0.4691197214459314,-1.0,0.0,0.0,0.883134580316325,-0.46911972144593145,0.095,1.0
0.0,0.470636800800736,0.882327037856173,0.0,0.882327037856173,-0.470636800800736,-1.0,0.0,0.0,0.8823270378561728,-0.47063680080073605,0.095,1.0
0.0,0.472154154948549,0.8815159975660235,0.0,0.8815159975660235,-0.472154154948549,-1.0,0.0,0.0,0.8815159975660234,-0.47215415494854907,0.095,1.0
0.0,0.4736717654398318,0.8807014582848793,0.0,0.8807014582848793,-0.4736717654398318,-1.0,0.0,0.0,0.8807014582848792,-0.47367176543983186,0.095,1.0
0.0,0.4751896138125268,0.8798834189395216,0.0,0.8798834189395216,-0.4751896138125268,-1.0,0.0,0.0,0.8798834189395215,-0.47518961381252683,0.095,1.0
0.0,0.47670768159259086,0.8790618785447456,0.0,0.8790618785447456,-0.47670768159259086,-1.0,0.0,0.0,0.8790618785447455,-0.4767076815925909,0.095,1.0
0.0,0.47822595029453063,0.8782368362035909,0.0,0.8782368362035909,-0.47822595029453063,-1.0,0.0,0.0,0.8782368362035908,-0.4782259502945307,0.095,1.0
0.0,0.47974440142193986,0.877408291107569,0.0,0.877408291107569,-0.47974440142193986,-1.0,0.0,0.0,0.8774082911075689,-0.4797444014219399,0.095,1.0
0.0,0.4812630164680358,0.8765762425368868,0.0,0.8765762425368868,-0.4812630164680358,-1.0,0.0,0.0,0.8765762425368867,-0.4812630164680359,0.095,1.0
0.0,0.48278177691619983,0.8757406898606669,0.0,0.8757406898606669,-0.48278177691619983,-1.0,0.0,0.0,0.8757406898606668,-0.48278177691619995,0.095,1.0
0.0,0.48430066424051604,0.8749016325371641,0.0,0.8749016325371641,-0.48430066424051604,-1.0,0.0,0.0,0.874901632537164,-0.48430066424051615,0.095,1.0
0.0,0.48581965990631687,0.8740590701139772,0.0,0.8740590701139772,-0.48581965990631687,-1.0,0.0,0.0,0.8740590701139771,-0.485819659906317,0.095,1.0
0.0,0.48733874537072375,0.8732130022282587,0.0,0.8732130022282587,-0.48733874537072375,-1.0,0.0,0.0,0.8732130022282586,-0.48733874537072386,0.095,1.0
0.0,0.488857902083193,0.8723634286069192,0.0,0.8723634286069192,-0.488857902083193,-1.0,0.0,0.0,0.8723634286069191,-0.488857902083193,0.095,1.0
0.0,0.49037711148606195,0.8715103490668291,0.0,0.8715103490668291,-0.49037711148606195,-1.0,0.0,0.0,0.871510349066829,-0.490377111486062,0.095,1.0
0.0,0.4918963550150968,0.8706537635150162,0.0,0.8706537635150162,-0.4918963550150968,-1.0,0.0,0.0,0.8706537635150161,-0.491896355015097,0.095,1.0
0.0,0.49341561410004003,0.8697936719488596,0.0,0.8697936719488596,-0.49341561410004003,-1.0,0.0,0.0,0.8697936719488595,-0.49341561410004003,0.095,1.0
0.0,0.4949348701651627,0.8689300744562785,0.0,0.8689300744562785,-0.4949348701651627,-1.0,0.0,0.0,0.8689300744562783,-0.49493487016516285,0.095,1.0
0.0,0.49645410462981265,0.8680629712159199,0.0,0.8680629712159199,-0.49645410462981265,-1.0,0.0,0.0,0.8680629712159198,-0.49645410462981276,0.095,1.0
0.0,0.49797329890897046,0.8671923624973396,0.0,0.8671923624973396,-0.49797329890897046,-1.0,0.0,0.0,0.8671923624973394,-0.4979732989089705,0.095,1.0
0.0,0.4994924344137992,0.8663182486611813,0.0,0.8663182486611813,-0.4994924344137992,-1.0,0.0,0.0,0.8663182486611812,-0.4994924344137993,0.095,1.0
0.0,0.5010114925522023,0.8654406301593509,0.0,0.8654406301593509,-0.5010114925522023,-1.0,0.0,0.0,0.8654406301593508,-0.5010114925522023,0.095,1.0
0.0,0.502530454729378,0.8645595075351867,0.0,0.8645595075351867,-0.502530454729378,-1.0,0.0,0.0,0.8645595075351866,-0.502530454729378,0.095,1.0
0.0,0.5040493023483751,0.8636748814236271,0.0,0.8636748814236271,-0.5040493023483751,-1.0,0.0,0.0,0.863674881423627,-0.5040493023483751,0.095,1.0
0.0,0.5055680168106533,0.8627867525513723,0.0,0.8627867525513723,-0.5055680168106533,-1.0,0.0,0.0,0.8627867525513722,-0.5055680168106534,0.095,1.0
0.0,0.5070865795166415,0.8618951217370434,0.0,0.8618951217370434,-0.5070865795166415,-1.0,0.0,0.0,0.8618951217370433,-0.5070865795166416,0.095,1.0
0.0,0.5086049718662956,0.8609999898913383,0.0,0.8609999898913383,-0.5086049718662956,-1.0,0.0,0.0,0.8609999898913382,-0.5086049718662956,0.095,1.0
0.0,0.510123175259663,0.8601013580171811,0.0,0.8601013580171811,-0.510123175259663,-1.0,0.0,0.0,0.860101358017181,-0.510123175259663,0.095,1.0
0.0,0.511641171097441,0.8591992272098707,0.0,0.8591992272098707,-0.511641171097441,-1.0,0.0,0.0,0.8591992272098706,-0.5116411710974411,0.095,1.0
0.0,0.5131589407815431,0.8582935986572221,0.0,0.8582935986572221,-0.5131589407815431,-1.0,0.0,0.0,0.858293598657222,-0.5131589407815432,0.095,1.0
0.0,0.5146764657156596,0.857384473639707,0.0,0.857384473639707,-0.5146764657156596,-1.0,0.0,0.0,0.8573844736397069,-0.5146764657156596,0.095,1.0
0.0,0.5161937273058245,0.8564718535305875,0.0,0.8564718535305875,-0.5161937273058245,-1.0,0.0,0.0,0.8564718535305874,-0.5161937273058246,0.095,1.0
0.0,0.5177107069609798,0.8555557397960477,0.0,0.8555557397960477,-0.5177107069609798,-1.0,0.0,0.0,0.8555557397960476,-0.5177107069609799,0.095,1.0
0.0,0.5192273860935417,0.854636133995321,0.0,0.854636133995321,-0.5192273860935417,-1.0,0.0,0.0,0.8546361339953209,-0.5192273860935418,0.095,1.0
0.0,0.5207437461199683,0.8537130377808119,0.0,0.8537130377808119,-0.5207437461199683,-1.0,0.0,0.0,0.8537130377808118,-0.5207437461199684,0.095,1.0
0.0,0.5222597684613272,0.8527864528982159,0.0,0.8527864528982159,-0.5222597684613272,-1.0,0.0,0.0,0.8527864528982158,-0.5222597684613272,0.095,1.0
0.0,0.5237754345438635,0.8518563811866334,0.0,0.8518563811866334,-0.5237754345438635,-1.0,0.0,0.0,0.8518563811866333,-0.5237754345438637,0.095,1.0
0.0,0.5252907257995701,0.8509228245786811,0.0,0.8509228245786811,-0.5252907257995701,-1.0,0.0,0.0,0.850922824578681,-0.5252907257995703,0.095,1.0
0.0,0.5268056236667563,0.849985785100598,0.0,0.849985785100598,-0.5268056236667563,-1.0,0.0,0.0,0.8499857851005979,-0.5268056236667563,0.095,1.0
0.0,0.5283201095906191,0.8490452648723483,0.0,0.8490452648723483,-0.5283201095906191,-1.0,0.0,0.0,0.8490452648723482,-0.5283201095906193,0.095,1.0
0.0,0.5298341650238148,0.8481012661077196,0.0,0.8481012661077196,-0.5298341650238148,-1.0,0.0,0.0,0.8481012661077195,-0.5298341650238149,0.095,1.0
0.0,0.531347771427029,0.8471537911144172,0.0,0.8471537911144172,-0.531347771427029,-1.0,0.0,0.0,0.8471537911144171,-0.5313477714270292,0.095,1.0
0.0,0.5328609102695513,0.8462028422941542,0.0,0.8462028422941542,-0.5328609102695513,-1.0,0.0,0.0,0.8462028422941541,-0.5328609102695514,0.095,1.0
0.0,0.5343735630298462,0.8452484221427373,0.0,0.8452484221427373,-0.5343735630298462,-1.0,0.0,0.0,0.8452484221427372,-0.5343735630298463,0.095,1.0
0.0,0.5358857111961272,0.844290533250149,0.0,0.844290533250149,-0.5358857111961272,-1.0,0.0,0.0,0.8442905332501489,-0.5358857111961272,0.095,1.0
0.0,0.5373973362669304,0.8433291783006253,0.0,0.8433291783006253,-0.5373973362669304,-1.0,0.0,0.0,0.8433291783006251,-0.5373973362669305,0.095,1.0
0.0,0.5389084197516888,0.8423643600727286,0.0,0.8423643600727286,-0.5389084197516888,-1.0,0.0,0.0,0.8423643600727285,-0.5389084197516889,0.095,1.0
0.0,0.5404189431713071,0.8413960814394179,0.0,0.8413960814394179,-0.5404189431713071,-1.0,0.0,0.0,0.8413960814394178,-0.5404189431713072,0.095,1.0
0.0,0.5419288880587363,0.8404243453681133,0.0,0.8404243453681133,-0.5419288880587363,-1.0,0.0,0.0,0.8404243453681132,-0.5419288880587364,0.095,1.0
0.0,0.5434382359595491,0.8394491549207572,0.0,0.8394491549207572,-0.5434382359595491,-1.0,0.0,0.0,0.8394491549207571,-0.5434382359595492,0.095,1.0
0.0,0.5449469684325153,0.8384705132538718,0.0,0.8384705132538718,-0.5449469684325153,-1.0,0.0,0.0,0.8384705132538717,-0.5449469684325154,0.095,1.0
0.0,0.5464550670501792,0.8374884236186099,0.0,0.8374884236186099,-0.5464550670501792,-1.0,0.0,0.0,0.8374884236186098,-0.5464550670501793,0.095,1.0
0.0,0.5479625133994341,0.8365028893608049,0.0,0.8365028893608049,-0.5479625133994341,-1.0,0.0,0.0,0.8365028893608047,-0.5479625133994342,0.095,1.0
0.0,0.5494692890820986,0.8355139139210149,0.0,0.8355139139210149,-0.5494692890820986,-1.0,0.0,0.0,0.8355139139210148,-0.5494692890820987,0.095,1.0
0.0,0.5509753757154953,0.8345215008345614,0.0,0.8345215008345614,-0.5509753757154953,-1.0,0.0,0.0,0.8345215008345613,-0.5509753757154954,0.095,1.0
0.0,0.5524807549330251,0.8335256537315662,0.0,0.8335256537315662,-0.5524807549330251,-1.0,0.0,0.0,0.8335256537315661,-0.5524807549330251,0.095,1.0
0.0,0.5539854083847459,0.8325263763369821,0.0,0.8325263763369821,-0.5539854083847459,-1.0,0.0,0.0,0.832526376336982,-0.553985408384746,0.095,1.0
0.0,0.5554893177379486,0.8315236724706209,0.0,0.8315236724706209,-0.5554893177379486,-1.0,0.0,0.0,0.8315236724706208,-0.5554893177379487,0.095,1.0
0.0,0.5569924646777348,0.8305175460471755,0.0,0.8305175460471755,-0.5569924646777348,-1.0,0.0,0.0,0.8305175460471754,-0.5569924646777349,0.095,1.0
0.0,0.5584948309075934,0.8295080010762395,0.0,0.8295080010762395,-0.5584948309075934,-1.0,0.0,0.0,0.8295080010762393,-0.5584948309075936,0.095,1.0
0.0,0.5599963981499784,0.8284950416623209,0.0,0.8284950416623209,-0.5599963981499784,-1.0,0.0,0.0,0.8284950416623208,-0.5599963981499785,0.095,1.0
0.0,0.5614971481468854,0.8274786720048527,0.0,0.8274786720048527,-0.5614971481468854,-1.0,0.0,0.0,0.8274786720048526,-0.5614971481468856,0.095,1.0
0.0,0.5629970626604284,0.8264588963981995,0.0,0.8264588963981995,-0.5629970626604284,-1.0,0.0,0.0,0.8264588963981994,-0.5629970626604285,0.095,1.0
0.0,0.5644961234734179,0.8254357192316575,0.0,0.8254357192316575,-0.5644961234734179,-1.0,0.0,0.0,0.8254357192316574,-0.5644961234734179,0.095,1.0
0.0,0.5659943123899374,0.8244091449894536,0.0,0.8244091449894536,-0.5659943123899374,-1.0,0.0,0.0,0.8244091449894535,-0.5659943123899374,0.095,1.0
0.0,0.567491611235919,0.823379178250738,0.0,0.823379178250738,-0.567491611235919,-1.0,0.0,0.0,0.8233791782507379,-0.5674916112359191,0.095,1.0
0.0,0.5689880018597213,0.8223458236895727,0.0,0.8223458236895727,-0.5689880018597213,-1.0,0.0,0.0,0.8223458236895725,-0.5689880018597214,0.095,1.0
0.0,0.5704834661327055,0.8213090860749163,0.0,0.8213090860749163,-0.5704834661327055,-1.0,0.0,0.0,0.8213090860749162,-0.5704834661327056,0.095,1.0
0.0,0.5719779859498106,0.8202689702706047,0.0,0.8202689702706047,-0.5719779859498106,-1.0,0.0,0.0,0.8202689702706046,-0.5719779859498106,0.095,1.0
0.0,0.5734715432301304,0.8192254812353268,0.0,0.8192254812353268,-0.5734715432301304,-1.0,0.0,0.0,0.8192254812353267,-0.5734715432301305,0.095,1.0
0.0,0.5749641199174881,0.818178624022596,0.0,0.818178624022596,-0.5749641199174881,-1.0,0.0,0.0,0.8181786240225959,-0.5749641199174882,0.095,1.0
0.0,0.5764556979810124,0.8171284037807178,0.0,0.8171284037807178,-0.5764556979810124,-1.0,0.0,0.0,0.8171284037807177,-0.5764556979810125,0.095,1.0
0.0,0.5779462594157109,0.816074825752754,0.0,0.816074825752754,-0.5779462594157109,-1.0,0.0,0.0,0.8160748257527539,-0.577946259415711,0.095,1.0
0.0,0.5794357862430465,0.8150178952764795,0.0,0.8150178952764795,-0.5794357862430465,-1.0,0.0,0.0,0.8150178952764794,-0.5794357862430466,0.095,1.0
0.0,0.5809242605115088,0.8139576177843394,0.0,0.8139576177843394,-0.5809242605115088,-1.0,0.0,0.0,0.8139576177843393,-0.5809242605115089,0.095,1.0
0.0,0.582411664297191,0.8128939988033963,0.0,0.8128939988033963,-0.582411664297191,-1.0,0.0,0.0,0.8128939988033962,-0.5824116642971912,0.095,1.0
0.0,0.5838979797043596,0.8118270439552795,0.0,0.8118270439552795,-0.5838979797043596,-1.0,0.0,0.0,0.8118270439552794,-0.5838979797043596,0.095,1.0
0.0,0.5853831888660287,0.8107567589561245,0.0,0.8107567589561245,-0.5853831888660287,-1.0,0.0,0.0,0.8107567589561244,-0.5853831888660288,0.095,1.0
0.0,0.5868672739445318,0.8096831496165113,0.0,0.8096831496165113,-0.5868672739445318,-1.0,0.0,0.0,0.8096831496165112,-0.5868672739445318,0.095,1.0
0.0,0.5883502171320925,0.8086062218413977,0.0,0.8086062218413977,-0.5883502171320925,-1.0,0.0,0.0,0.8086062218413976,-0.5883502171320925,0.095,1.0
0.0,0.5898320006513963,0.8075259816300472,0.0,0.8075259816300472,-0.5898320006513963,-1.0,0.0,0.0,0.8075259816300471,-0.5898320006513964,0.095,1.0
0.0,0.5913126067561598,0.8064424350759546,0.0,0.8064424350759546,-0.5913126067561598,-1.0,0.0,0.0,0.8064424350759545,-0.5913126067561599,0.095,1.0
0.0,0.5927920177316998,0.8053555883667661,0.0,0.8053555883667661,-0.5927920177316998,-1.0,0.0,0.0,0.805355588366766,-0.5927920177316999,0.095,1.0
0.0,0.5942702158955036,0.804265447784195,0.0,0.804265447784195,-0.5942702158955036,-1.0,0.0,0.0,0.8042654477841948,-0.5942702158955036,0.095,1.0
0.0,0.5957471835977944,0.8031720197039336,0.0,0.8031720197039336,-0.5957471835977944,-1.0,0.0,0.0,0.8031720197039335,-0.5957471835977945,0.095,1.0
0.0,0.5972229032221018,0.8020753105955599,0.0,0.8020753105955599,-0.5972229032221018,-1.0,0.0,0.0,0.8020753105955598,-0.5972229032221018,0.095,1.0
0.0,0.5986973571858241,0.8009753270224431,0.0,0.8009753270224431,-0.5986973571858241,-1.0,0.0,0.0,0.800975327022443,-0.5986973571858242,0.095,1.0
0.0,0.6001705279407973,0.7998720756416394,0.0,0.7998720756416394,-0.6001705279407973,-1.0,0.0,0.0,0.7998720756416393,-0.6001705279407974,0.095,1.0
0.0,0.6016423979738581,0.7987655632037887,0.0,0.7987655632037887,-0.6016423979738581,-1.0,0.0,0.0,0.7987655632037886,-0.6016423979738582,0.095,1.0
0.0,0.6031129498074075,0.7976557965530041,0.0,0.7976557965530041,-0.6031129498074075,-1.0,0.0,0.0,0.797655796553004,-0.6031129498074076,0.095,1.0
0.0,0.6045821659999733,0.7965427826267594,0.0,0.7965427826267594,-0.6045821659999733,-1.0,0.0,0.0,0.7965427826267593,-0.6045821659999734,0.095,1.0
0.0,0.6060500291467736,0.7954265284557681,0.0,0.7954265284557681,-0.6060500291467736,-1.0,0.0,0.0,0.795426528455768,-0.6060500291467737,0.095,1.0
0.0,0.6075165218802755,0.7943070411638642,0.0,0.7943070411638642,-0.6075165218802755,-1.0,0.0,0.0,0.7943070411638641,-0.6075165218802755,0.095,1.0
0.0,0.6089816268707561,0.7931843279678735,0.0,0.7931843279678735,-0.6089816268707561,-1.0,0.0,0.0,0.7931843279678734,-0.6089816268707562,0.095,1.0
0.0,0.6104453268268603,0.7920583961774837,0.0,0.7920583961774837,-0.6104453268268603,-1.0,0.0,0.0,0.7920583961774836,-0.6104453268268604,0.095,1.0
0.0,0.6119076044961593,0.7909292531951084,0.0,0.7909292531951084,-0.6119076044961593,-1.0,0.0,0.0,0.7909292531951083,-0.6119076044961594,0.095,1.0
0.0,0.613368442665706,0.7897969065157489,0.0,0.7897969065157489,-0.613368442665706,-1.0,0.0,0.0,0.7897969065157487,-0.6133684426657061,0.095,1.0
0.0,0.614827824162592,0.7886613637268488,0.0,0.7886613637268488,-0.614827824162592,-1.0,0.0,0.0,0.7886613637268487,-0.6148278241625921,0.095,1.0
0.0,0.6162857318544978,0.7875226325081497,0.0,0.7875226325081497,-0.6162857318544978,-1.0,0.0,0.0,0.7875226325081496,-0.6162857318544978,0.095,1.0
0.0,0.6177421486502512,0.7863807206315341,0.0,0.7863807206315341,-0.6177421486502512,-1.0,0.0,0.0,0.786380720631534,-0.6177421486502513,0.095,1.0
0.0,0.6191970575003745,0.7852356359608738,0.0,0.7852356359608738,-0.6191970575003745,-1.0,0.0,0.0,0.7852356359608736,-0.6191970575003746,0.095,1.0
0.0,0.6206504413976359,0.7840873864518672,0.0,0.7840873864518672,-0.6206504413976359,-1.0,0.0,0.0,0.784087386451867,-0.620650441397636,0.095,1.0
0.0,0.622102283377599,0.7829359801518753,0.0,0.7829359801518753,-0.622102283377599,-1.0,0.0,0.0,0.7829359801518752,-0.6221022833775991,0.095,1.0
0.0,0.6235525665191706,0.7817814251997519,0.0,0.7817814251997519,-0.6235525665191706,-1.0,0.0,0.0,0.7817814251997518,-0.6235525665191707,0.095,1.0
0.0,0.6250012739451452,0.7806237298256732,0.0,0.7806237298256732,-0.6250012739451452,-1.0,0.0,0.0,0.7806237298256731,-0.6250012739451453,0.095,1.0
0.0,0.626448388822752,0.7794629023509574,0.0,0.7794629023509574,-0.626448388822752,-1.0,0.0,0.0,0.7794629023509573,-0.6264483888227521,0.095,1.0
0.0,0.6278938943641968,0.7782989511878857,0.0,0.7782989511878857,-0.6278938943641968,-1.0,0.0,0.0,0.7782989511878856,-0.627893894364197,0.095,1.0
0.0,0.6293377738272041,0.7771318848395161,0.0,0.7771318848395161,-0.6293377738272041,-1.0,0.0,0.0,0.777131884839516,-0.6293377738272042,0.095,1.0
0.0,0.6307800105155572,0.7759617118994941,0.0,0.7759617118994941,-0.6307800105155572,-1.0,0.0,0.0,0.775961711899494,-0.6307800105155573,0.095,1.0
0.0,0.6322205877796374,0.7747884410518588,0.0,0.7747884410518588,-0.6322205877796374,-1.0,0.0,0.0,0.7747884410518587,-0.6322205877796375,0.095,1.0
0.0,0.6336594890169617,0.7736120810708446,0.0,0.7736120810708446,-0.6336594890169617,-1.0,0.0,0.0,0.7736120810708444,-0.6336594890169618,0.095,1.0
0.0,0.6350966976727165,0.7724326408206803,0.0,0.7724326408206803,-0.6350966976727165,-1.0,0.0,0.0,0.7724326408206802,-0.6350966976727166,0.095,1.0
0.0,0.6365321972402941,0.7712501292553819,0.0,0.7712501292553819,-0.6365321972402941,-1.0,0.0,0.0,0.7712501292553818,-0.6365321972402942,0.095,1.0
0.0,0.6379659712618224,0.7700645554185438,0.0,0.7700645554185438,-0.6379659712618224,-1.0,0.0,0.0,0.7700645554185437,-0.6379659712618224,0.095,1.0
0.0,0.6393980033286972,0.7688759284431236,0.0,0.7688759284431236,-0.6393980033286972,-1.0,0.0,0.0,0.7688759284431235,-0.6393980033286973,0.095,1.0
0.0,0.64082827708211,0.7676842575512243,0.0,0.7676842575512243,-0.64082827708211,-1.0,0.0,0.0,0.7676842575512242,-0.6408282770821101,0.095,1.0
0.0,0.6422567762135767,0.7664895520538709,0.0,0.7664895520538709,-0.6422567762135767,-1.0,0.0,0.0,0.7664895520538708,-0.6422567762135768,0.095,1.0
0.0,0.6436834844654604,0.765291821350786,0.0,0.765291821350786,-0.6436834844654604,-1.0,0.0,0.0,0.765291821350786,-0.6436834844654604,0.095,1.0
0.0,0.6451083856314963,0.7640910749301582,0.0,0.7640910749301582,-0.6451083856314963,-1.0,0.0,0.0,0.764091074930158,-0.6451083856314964,0.095,1.0
0.0,0.6465314635573135,0.7628873223684073,0.0,0.7628873223684073,-0.6465314635573135,-1.0,0.0,0.0,0.7628873223684072,-0.6465314635573136,0.095,1.0
0.0,0.6479527021409542,0.7616805733299464,0.0,0.7616805733299464,-0.6479527021409542,-1.0,0.0,0.0,0.7616805733299463,-0.6479527021409544,0.095,1.0
0.0,0.6493720853333921,0.7604708375669391,0.0,0.7604708375669391,-0.6493720853333921,-1.0,0.0,0.0,0.760470837566939,-0.6493720853333921,0.095,1.0
0.0,0.650789597139045,0.7592581249190551,0.0,0.7592581249190551,-0.650789597139045,-1.0,0.0,0.0,0.759258124919055,-0.6507895971390452,0.095,1.0
0.0,0.652205221616295,0.7580424453132156,0.0,0.7580424453132156,-0.652205221616295,-1.0,0.0,0.0,0.7580424453132155,-0.652205221616295,0.095,1.0
0.0,0.6536189428779938,0.7568238087633434,0.0,0.7568238087633434,-0.6536189428779938,-1.0,0.0,0.0,0.7568238087633433,-0.6536189428779939,0.095,1.0
0.0,0.6550307450919765,0.7556022253701018,0.0,0.7556022253701018,-0.6550307450919765,-1.0,0.0,0.0,0.7556022253701017,-0.6550307450919766,0.095,1.0
0.0,0.6564406124815672,0.7543777053206338,0.0,0.7543777053206338,-0.6564406124815672,-1.0,0.0,0.0,0.7543777053206336,-0.6564406124815673,0.095,1.0
0.0,0.6578485293260863,0.7531502588882947,0.0,0.7531502588882947,-0.6578485293260863,-1.0,0.0,0.0,0.7531502588882946,-0.6578485293260864,0.095,1.0
0.0,0.6592544799613528,0.7519198964323835,0.0,0.7519198964323835,-0.6592544799613528,-1.0,0.0,0.0,0.7519198964323834,-0.6592544799613529,0.095,1.0
0.0,0.6606584487801861,0.7506866283978676,0.0,0.7506866283978676,-0.6606584487801861,-1.0,0.0,0.0,0.7506866283978675,-0.6606584487801862,0.095,1.0
0.0,0.6620604202329036,0.7494504653151075,0.0,0.7494504653151075,-0.6620604202329036,-1.0,0.0,0.0,0.7494504653151074,-0.6620604202329037,0.095,1.0
0.0,0.6634603788278213,0.7482114177995708,0.0,0.7482114177995708,-0.6634603788278213,-1.0,0.0,0.0,0.7482114177995707,-0.6634603788278213,0.095,1.0
0.0,0.664858309131744,0.7469694965515515,0.0,0.7469694965515515,-0.664858309131744,-1.0,0.0,0.0,0.7469694965515514,-0.6648583091317442,0.095,1.0
0.0,0.6662541957704615,0.745724712355877,0.0,0.745724712355877,-0.6662541957704615,-1.0,0.0,0.0,0.7457247123558769,-0.6662541957704616,0.095,1.0
0.0,0.6676480234292349,0.7444770760816184,0.0,0.7444770760816184,-0.6676480234292349,-1.0,0.0,0.0,0.7444770760816183,-0.667648023429235,0.095,1.0
0.0,0.6690397768532885,0.7432265986817895,0.0,0.7432265986817895,-0.6690397768532885,-1.0,0.0,0.0,0.7432265986817894,-0.6690397768532886,0.095,1.0
0.0,0.6704294408482913,0.7419732911930507,0.0,0.7419732911930507,-0.6704294408482913,-1.0,0.0,0.0,0.7419732911930506,-0.6704294408482914,0.095,1.0
0.0,0.6718170002808428,0.7407171647354003,0.0,0.7407171647354003,-0.6718170002808428,-1.0,0.0,0.0,0.7407171647354001,-0.6718170002808429,0.095,1.0
0.0,0.6732024400789517,0.7394582305118698,0.0,0.7394582305118698,-0.6732024400789517,-1.0,0.0,0.0,0.7394582305118695,-0.6732024400789518,0.095,1.0
0.0,0.6745857452325152,0.7381964998082096,0.0,0.7381964998082096,-0.6745857452325152,-1.0,0.0,0.0,0.7381964998082093,-0.6745857452325154,0.095,1.0
0.0,0.6759669007937941,0.7369319839925751,0.0,0.7369319839925751,-0.6759669007937941,-1.0,0.0,0.0,0.736931983992575,-0.6759669007937942,0.095,1.0
0.0,0.6773458918778855,0.7356646945152063,0.0,0.7356646945152063,-0.6773458918778855,-1.0,0.0,0.0,0.7356646945152061,-0.6773458918778856,0.095,1.0
0.0,0.6787227036631939,0.7343946429081059,0.0,0.7343946429081059,-0.6787227036631939,-1.0,0.0,0.0,0.7343946429081056,-0.678722703663194,0.095,1.0
0.0,0.6800973213918999,0.7331218407847108,0.0,0.7331218407847108,-0.6800973213918999,-1.0,0.0,0.0,0.7331218407847107,-0.6800973213918998,0.095,1.0
0.0,0.681469730370423,0.7318462998395653,0.0,0.7318462998395653,-0.681469730370423,-1.0,0.0,0.0,0.7318462998395652,-0.6814697303704232,0.095,1.0
0.0,0.6828399159698886,0.730568031847983,0.0,0.730568031847983,-0.6828399159698886,-1.0,0.0,0.0,0.7305680318479828,-0.6828399159698887,0.095,1.0
0.0,0.684207863626584,0.7292870486657128,0.0,0.7292870486657128,-0.684207863626584,-1.0,0.0,0.0,0.7292870486657126,-0.6842078636265841,0.095,1.0
0.0,0.6855735588424177,0.7280033622285972,0.0,0.7280033622285972,-0.6855735588424177,-1.0,0.0,0.0,0.7280033622285971,-0.6855735588424177,0.095,1.0
0.0,0.6869369871853748,0.726716984552226,0.0,0.726716984552226,-0.6869369871853748,-1.0,0.0,0.0,0.7267169845522259,-0.6869369871853749,0.095,1.0
0.0,0.6882981342899682,0.7254279277315899,0.0,0.7254279277315899,-0.6882981342899682,-1.0,0.0,0.0,0.7254279277315898,-0.6882981342899683,0.095,1.0
0.0,0.6896569858576871,0.7241362039407296,0.0,0.7241362039407296,-0.6896569858576871,-1.0,0.0,0.0,0.7241362039407295,-0.6896569858576871,0.095,1.0
0.0,0.6910135276574455,0.7228418254323783,0.0,0.7228418254323783,-0.6910135276574455,-1.0,0.0,0.0,0.7228418254323782,-0.6910135276574456,0.095,1.0
0.0,0.692367745526024,0.7215448045376052,0.0,0.7215448045376052,-0.692367745526024,-1.0,0.0,0.0,0.721544804537605,-0.6923677455260241,0.095,1.0
0.0,0.6937196253685125,0.720245153665452,0.0,0.720245153665452,-0.6937196253685125,-1.0,0.0,0.0,0.7202451536654519,-0.6937196253685125,0.095,1.0
0.0,0.6950691531587456,0.7189428853025699,0.0,0.7189428853025699,-0.6950691531587456,-1.0,0.0,0.0,0.7189428853025697,-0.6950691531587457,0.095,1.0
0.0,0.6964163149397404,0.7176380120128478,0.0,0.7176380120128478,-0.6964163149397404,-1.0,0.0,0.0,0.7176380120128477,-0.6964163149397405,0.095,1.0
0.0,0.6977610968241276,0.7163305464370415,0.0,0.7163305464370415,-0.6977610968241276,-1.0,0.0,0.0,0.7163305464370413,-0.6977610968241277,0.095,1.0
0.0,0.6991034849945797,0.7150205012923989,0.0,0.7150205012923989,-0.6991034849945797,-1.0,0.0,0.0,0.7150205012923987,-0.6991034849945799,0.095,1.0
0.0,0.7004434657042391,0.7137078893722798,0.0,0.7137078893722798,-0.7004434657042391,-1.0,0.0,0.0,0.7137078893722797,-0.7004434657042392,0.095,1.0
0.0,0.7017810252771408,0.7123927235457737,0.0,0.7123927235457737,-0.7017810252771408,-1.0,0.0,0.0,0.7123927235457734,-0.7017810252771408,0.095,1.0
0.0,0.7031161501086317,0.7110750167573152,0.0,0.7110750167573152,-0.7031161501086317,-1.0,0.0,0.0,0.7110750167573151,-0.7031161501086318,0.095,1.0
0.0,0.7044488266657898,0.7097547820262939,0.0,0.7097547820262939,-0.7044488266657898,-1.0,0.0,0.0,0.7097547820262937,-0.7044488266657899,0.095,1.0
0.0,0.7057790414878362,0.708432032446664,0.0,0.708432032446664,-0.7057790414878362,-1.0,0.0,0.0,0.7084320324466638,-0.7057790414878363,0.095,1.0
0.0,0.7071067811865475,0.7071067811865476,0.0,0.7071067811865476,-0.7071067811865475,-1.0,0.0,0.0,0.7071067811865475,-0.7071067811865476,0.095,1.0
0.0,0.7084320324466642,0.705779041487836,0.0,0.705779041487836,-0.7084320324466642,-1.0,0.0,0.0,0.7057790414878358,-0.7084320324466643,0.095,1.0
0.0,0.709754782026294,0.7044488266657898,0.0,0.7044488266657898,-0.709754782026294,-1.0,0.0,0.0,0.7044488266657897,-0.7097547820262942,0.095,1.0
0.0,0.711075016757315,0.7031161501086318,0.0,0.7031161501086318,-0.711075016757315,-1.0,0.0,0.0,0.7031161501086316,-0.7110750167573151,0.095,1.0
0.0,0.7123927235457734,0.701781025277141,0.0,0.701781025277141,-0.7123927235457734,-1.0,0.0,0.0,0.7017810252771408,-0.7123927235457737,0.095,1.0
0.0,0.7137078893722799,0.700443465704239,0.0,0.700443465704239,-0.7137078893722799,-1.0,0.0,0.0,0.7004434657042389,-0.71370788937228,0.095,1.0
0.0,0.7150205012923992,0.6991034849945794,0.0,0.6991034849945794,-0.7150205012923992,-1.0,0.0,0.0,0.6991034849945792,-0.7150205012923994,0.095,1.0
0.0,0.7163305464370416,0.6977610968241275,0.0,0.6977610968241275,-0.7163305464370416,-1.0,0.0,0.0,0.6977610968241273,-0.7163305464370417,0.095,1.0
0.0,0.7176380120128477,0.6964163149397405,0.0,0.6964163149397405,-0.7176380120128477,-1.0,0.0,0.0,0.6964163149397404,-0.7176380120128478,0.095,1.0
0.0,0.7189428853025702,0.6950691531587454,0.0,0.6950691531587454,-0.7189428853025702,-1.0,0.0,0.0,0.6950691531587452,-0.7189428853025703,0.095,1.0
0.0,0.7202451536654525,0.6937196253685121,0.0,0.6937196253685121,-0.7202451536654525,-1.0,0.0,0.0,0.693719625368512,-0.7202451536654526,0.095,1.0
0.0,0.7215448045376048,0.6923677455260243,0.0,0.6923677455260243,-0.7215448045376048,-1.0,0.0,0.0,0.6923677455260242,-0.721544804537605,0.095,1.0
0.0,0.7228418254323786,0.6910135276574452,0.0,0.6910135276574452,-0.7228418254323786,-1.0,0.0,0.0,0.6910135276574451,-0.7228418254323787,0.095,1.0
0.0,0.7241362039407296,0.6896569858576871,0.0,0.6896569858576871,-0.7241362039407296,-1.0,0.0,0.0,0.689656985857687,-0.7241362039407298,0.095,1.0
0.0,0.7254279277315904,0.6882981342899678,0.0,0.6882981342899678,-0.7254279277315904,-1.0,0.0,0.0,0.6882981342899677,-0.7254279277315905,0.095,1.0
0.0,0.7267169845522257,0.6869369871853751,0.0,0.6869369871853751,-0.7267169845522257,-1.0,0.0,0.0,0.686936987185375,-0.7267169845522258,0.095,1.0
0.0,0.7280033622285973,0.6855735588424176,0.0,0.6855735588424176,-0.7280033622285973,-1.0,0.0,0.0,0.6855735588424174,-0.7280033622285974,0.095,1.0
0.0,0.7292870486657129,0.6842078636265839,0.0,0.6842078636265839,-0.7292870486657129,-1.0,0.0,0.0,0.6842078636265838,-0.729287048665713,0.095,1.0
0.0,0.7305680318479834,0.6828399159698882,0.0,0.6828399159698882,-0.7305680318479834,-1.0,0.0,0.0,0.6828399159698881,-0.7305680318479834,0.095,1.0
0.0,0.7318462998395655,0.6814697303704228,0.0,0.6814697303704228,-0.7318462998395655,-1.0,0.0,0.0,0.6814697303704226,-0.7318462998395656,0.095,1.0
0.0,0.7331218407847108,0.6800973213918999,0.0,0.6800973213918999,-0.7331218407847108,-1.0,0.0,0.0,0.6800973213918997,-0.7331218407847108,0.095,1.0
0.0,0.734394642908106,0.6787227036631938,0.0,0.6787227036631938,-0.734394642908106,-1.0,0.0,0.0,0.6787227036631935,-0.7343946429081061,0.095,1.0
0.0,0.7356646945152066,0.6773458918778853,0.0,0.6773458918778853,-0.7356646945152066,-1.0,0.0,0.0,0.6773458918778852,-0.7356646945152067,0.095,1.0
0.0,0.7369319839925752,0.675966900793794,0.0,0.675966900793794,-0.7369319839925752,-1.0,0.0,0.0,0.6759669007937938,-0.7369319839925752,0.095,1.0
0.0,0.7381964998082093,0.6745857452325156,0.0,0.6745857452325156,-0.7381964998082093,-1.0,0.0,0.0,0.6745857452325155,-0.7381964998082094,0.095,1.0
0.0,0.7394582305118697,0.6732024400789518,0.0,0.6732024400789518,-0.7394582305118697,-1.0,0.0,0.0,0.6732024400789516,-0.7394582305118698,0.095,1.0
0.0,0.7407171647354004,0.6718170002808426,0.0,0.6718170002808426,-0.7407171647354004,-1.0,0.0,0.0,0.6718170002808423,-0.7407171647354005,0.095,1.0
0.0,0.7419732911930504,0.6704294408482915,0.0,0.6704294408482915,-0.7419732911930504,-1.0,0.0,0.0,0.6704294408482914,-0.7419732911930506,0.095,1.0
0.0,0.7432265986817898,0.6690397768532883,0.0,0.6690397768532883,-0.7432265986817898,-1.0,0.0,0.0,0.6690397768532881,-0.7432265986817899,0.095,1.0
0.0,0.7444770760816184,0.6676480234292349,0.0,0.6676480234292349,-0.7444770760816184,-1.0,0.0,0.0,0.6676480234292348,-0.7444770760816185,0.095,1.0
0.0,0.7457247123558776,0.666254195770461,0.0,0.666254195770461,-0.7457247123558776,-1.0,0.0,0.0,0.6662541957704609,-0.7457247123558777,0.095,1.0
0.0,0.7469694965515511,0.6648583091317444,0.0,0.6648583091317444,-0.7469694965515511,-1.0,0.0,0.0,0.6648583091317442,-0.7469694965515512,0.095,1.0
0.0,0.748211417799571,0.6634603788278209,0.0,0.6634603788278209,-0.748211417799571,-1.0,0.0,0.0,0.6634603788278207,-0.7482114177995711,0.095,1.0
0.0,0.7494504653151075,0.6620604202329036,0.0,0.6620604202329036,-0.7494504653151075,-1.0,0.0,0.0,0.6620604202329033,-0.7494504653151076,0.095,1.0
0.0,0.7506866283978681,0.6606584487801855,0.0,0.6606584487801855,-0.7506866283978681,-1.0,0.0,0.0,0.6606584487801854,-0.7506866283978683,0.095,1.0
0.0,0.7519198964323832,0.6592544799613531,0.0,0.6592544799613531,-0.7519198964323832,-1.0,0.0,0.0,0.6592544799613529,-0.7519198964323833,0.095,1.0
0.0,0.7531502588882947,0.6578485293260864,0.0,0.6578485293260864,-0.7531502588882947,-1.0,0.0,0.0,0.6578485293260862,-0.7531502588882947,0.095,1.0
0.0,0.7543777053206338,0.6564406124815673,0.0,0.6564406124815673,-0.7543777053206338,-1.0,0.0,0.0,0.6564406124815672,-0.7543777053206339,0.095,1.0
0.0,0.755602225370102,0.6550307450919762,0.0,0.6550307450919762,-0.755602225370102,-1.0,0.0,0.0,0.6550307450919761,-0.7556022253701021,0.095,1.0
0.0,0.7568238087633435,0.6536189428779937,0.0,0.6536189428779937,-0.7568238087633435,-1.0,0.0,0.0,0.6536189428779935,-0.7568238087633437,0.095,1.0
0.0,0.7580424453132155,0.6522052216162951,0.0,0.6522052216162951,-0.7580424453132155,-1.0,0.0,0.0,0.652205221616295,-0.7580424453132156,0.095,1.0
0.0,0.759258124919055,0.6507895971390452,0.0,0.6507895971390452,-0.759258124919055,-1.0,0.0,0.0,0.6507895971390449,-0.7592581249190551,0.095,1.0
0.0,0.7604708375669398,0.6493720853333912,0.0,0.6493720853333912,-0.7604708375669398,-1.0,0.0,0.0,0.6493720853333911,-0.7604708375669399,0.095,1.0
0.0,0.7616805733299461,0.6479527021409546,0.0,0.6479527021409546,-0.7616805733299461,-1.0,0.0,0.0,0.6479527021409544,-0.7616805733299462,0.095,1.0
0.0,0.762887322368407,0.646531463557314,0.0,0.646531463557314,-0.762887322368407,-1.0,0.0,0.0,0.6465314635573137,-0.7628873223684071,0.095,1.0
0.0,0.7640910749301583,0.6451083856314963,0.0,0.6451083856314963,-0.7640910749301583,-1.0,0.0,0.0,0.6451083856314961,-0.7640910749301584,0.095,1.0
0.0,0.7652918213507863,0.64368348446546,0.0,0.64368348446546,-0.7652918213507863,-1.0,0.0,0.0,0.6436834844654598,-0.7652918213507863,0.095,1.0
0.0,0.7664895520538707,0.6422567762135769,0.0,0.6422567762135769,-0.7664895520538707,-1.0,0.0,0.0,0.6422567762135767,-0.7664895520538708,0.095,1.0
0.0,0.7676842575512238,0.6408282770821105,0.0,0.6408282770821105,-0.7676842575512238,-1.0,0.0,0.0,0.6408282770821103,-0.7676842575512239,0.095,1.0
0.0,0.7688759284431238,0.639398003328697,0.0,0.639398003328697,-0.7688759284431238,-1.0,0.0,0.0,0.6393980033286968,-0.7688759284431239,0.095,1.0
0.0,0.770064555418544,0.6379659712618222,0.0,0.6379659712618222,-0.770064555418544,-1.0,0.0,0.0,0.637965971261822,-0.7700645554185441,0.095,1.0
0.0,0.7712501292553817,0.6365321972402944,0.0,0.6365321972402944,-0.7712501292553817,-1.0,0.0,0.0,0.6365321972402942,-0.7712501292553818,0.095,1.0
0.0,0.7724326408206803,0.6350966976727165,0.0,0.6350966976727165,-0.7724326408206803,-1.0,0.0,0.0,0.6350966976727164,-0.7724326408206804,0.095,1.0
0.0,0.7736120810708448,0.6336594890169615,0.0,0.6336594890169615,-0.7736120810708448,-1.0,0.0,0.0,0.6336594890169613,-0.7736120810708449,0.095,1.0
0.0,0.7747884410518592,0.6322205877796371,0.0,0.6322205877796371,-0.7747884410518592,-1.0,0.0,0.0,0.632220587779637,-0.7747884410518593,0.095,1.0
0.0,0.7759617118994946,0.6307800105155567,0.0,0.6307800105155567,-0.7759617118994946,-1.0,0.0,0.0,0.6307800105155565,-0.7759617118994947,0.095,1.0
0.0,0.7771318848395162,0.6293377738272039,0.0,0.6293377738272039,-0.7771318848395162,-1.0,0.0,0.0,0.6293377738272037,-0.7771318848395165,0.095,1.0
0.0,0.7782989511878858,0.6278938943641967,0.0,0.6278938943641967,-0.7782989511878858,-1.0,0.0,0.0,0.6278938943641965,-0.7782989511878858,0.095,1.0
0.0,0.7794629023509576,0.6264483888227518,0.0,0.6264483888227518,-0.7794629023509576,-1.0,0.0,0.0,0.6264483888227517,-0.7794629023509577,0.095,1.0
0.0,0.7806237298256731,0.6250012739451453,0.0,0.6250012739451453,-0.7806237298256731,-1.0,0.0,0.0,0.6250012739451452,-0.7806237298256732,0.095,1.0
0.0,0.781781425199752,0.6235525665191705,0.0,0.6235525665191705,-0.781781425199752,-1.0,0.0,0.0,0.6235525665191703,-0.7817814251997521,0.095,1.0
0.0,0.7829359801518752,0.622102283377599,0.0,0.622102283377599,-0.7829359801518752,-1.0,0.0,0.0,0.6221022833775989,-0.7829359801518752,0.095,1.0
0.0,0.7840873864518674,0.6206504413976357,0.0,0.6206504413976357,-0.7840873864518674,-1.0,0.0,0.0,0.6206504413976355,-0.7840873864518676,0.095,1.0
0.0,0.7852356359608739,0.6191970575003745,0.0,0.6191970575003745,-0.7852356359608739,-1.0,0.0,0.0,0.6191970575003742,-0.785235635960874,0.095,1.0
0.0,0.7863807206315337,0.6177421486502518,0.0,0.6177421486502518,-0.7863807206315337,-1.0,0.0,0.0,0.6177421486502516,-0.786380720631534,0.095,1.0
0.0,0.7875226325081494,0.6162857318544981,0.0,0.6162857318544981,-0.7875226325081494,-1.0,0.0,0.0,0.6162857318544979,-0.7875226325081495,0.095,1.0
0.0,0.7886613637268495,0.6148278241625911,0.0,0.6148278241625911,-0.7886613637268495,-1.0,0.0,0.0,0.6148278241625909,-0.7886613637268496,0.095,1.0
0.0,0.7897969065157486,0.6133684426657063,0.0,0.6133684426657063,-0.7897969065157486,-1.0,0.0,0.0,0.6133684426657061,-0.7897969065157486,0.095,1.0
0.0,0.7909292531951082,0.6119076044961597,0.0,0.6119076044961597,-0.7909292531951082,-1.0,0.0,0.0,0.6119076044961596,-0.7909292531951082,0.095,1.0
0.0,0.792058396177484,0.6104453268268599,0.0,0.6104453268268599,-0.792058396177484,-1.0,0.0,0.0,0.6104453268268597,-0.7920583961774841,0.095,1.0
0.0,0.793184327967874,0.6089816268707556,0.0,0.6089816268707556,-0.793184327967874,-1.0,0.0,0.0,0.6089816268707555,-0.7931843279678741,0.095,1.0
0.0,0.7943070411638642,0.6075165218802756,0.0,0.6075165218802756,-0.7943070411638642,-1.0,0.0,0.0,0.6075165218802754,-0.7943070411638644,0.095,1.0
0.0,0.795426528455768,0.6060500291467737,0.0,0.6060500291467737,-0.795426528455768,-1.0,0.0,0.0,0.6060500291467736,-0.7954265284557681,0.095,1.0
0.0,0.7965427826267594,0.6045821659999732,0.0,0.6045821659999732,-0.7965427826267594,-1.0,0.0,0.0,0.604582165999973,-0.7965427826267595,0.095,1.0
0.0,0.7976557965530044,0.603112949807407,0.0,0.603112949807407,-0.7976557965530044,-1.0,0.0,0.0,0.6031129498074068,-0.7976557965530046,0.095,1.0
0.0,0.7987655632037884,0.6016423979738583,0.0,0.6016423979738583,-0.7987655632037884,-1.0,0.0,0.0,0.6016423979738581,-0.7987655632037884,0.095,1.0
0.0,0.7998720756416392,0.6001705279407976,0.0,0.6001705279407976,-0.7998720756416392,-1.0,0.0,0.0,0.6001705279407974,-0.7998720756416393,0.095,1.0
0.0,0.800975327022443,0.5986973571858242,0.0,0.5986973571858242,-0.800975327022443,-1.0,0.0,0.0,0.5986973571858241,-0.8009753270224431,0.095,1.0
0.0,0.8020753105955603,0.5972229032221015,0.0,0.5972229032221015,-0.8020753105955603,-1.0,0.0,0.0,0.5972229032221013,-0.8020753105955603,0.095,1.0
0.0,0.8031720197039335,0.5957471835977945,0.0,0.5957471835977945,-0.8031720197039335,-1.0,0.0,0.0,0.5957471835977943,-0.8031720197039336,0.095,1.0
0.0,0.804265447784195,0.5942702158955036,0.0,0.5942702158955036,-0.804265447784195,-1.0,0.0,0.0,0.5942702158955033,-0.8042654477841951,0.095,1.0
0.0,0.8053555883667664,0.5927920177316994,0.0,0.5927920177316994,-0.8053555883667664,-1.0,0.0,0.0,0.5927920177316992,-0.8053555883667665,0.095,1.0
0.0,0.8064424350759546,0.5913126067561597,0.0,0.5913126067561597,-0.8064424350759546,-1.0,0.0,0.0,0.5913126067561596,-0.8064424350759547,0.095,1.0
0.0,0.8075259816300472,0.5898320006513963,0.0,0.5898320006513963,-0.8075259816300472,-1.0,0.0,0.0,0.5898320006513962,-0.8075259816300472,0.095,1.0
0.0,0.8086062218413976,0.5883502171320925,0.0,0.5883502171320925,-0.8086062218413976,-1.0,0.0,0.0,0.5883502171320922,-0.8086062218413977,0.095,1.0
0.0,0.8096831496165117,0.5868672739445313,0.0,0.5868672739445313,-0.8096831496165117,-1.0,0.0,0.0,0.5868672739445311,-0.8096831496165117,0.095,1.0
0.0,0.8107567589561246,0.5853831888660285,0.0,0.5853831888660285,-0.8107567589561246,-1.0,0.0,0.0,0.5853831888660284,-0.8107567589561248,0.095,1.0
0.0,0.8118270439552795,0.5838979797043595,0.0,0.5838979797043595,-0.8118270439552795,-1.0,0.0,0.0,0.5838979797043593,-0.8118270439552794,0.095,1.0
0.0,0.8128939988033965,0.5824116642971907,0.0,0.5824116642971907,-0.8128939988033965,-1.0,0.0,0.0,0.5824116642971906,-0.8128939988033965,0.095,1.0
0.0,0.813957617784339,0.5809242605115094,0.0,0.5809242605115094,-0.813957617784339,-1.0,0.0,0.0,0.5809242605115092,-0.813957617784339,0.095,1.0
0.0,0.8150178952764798,0.5794357862430461,0.0,0.5794357862430461,-0.8150178952764798,-1.0,0.0,0.0,0.5794357862430459,-0.8150178952764798,0.095,1.0
0.0,0.816074825752754,0.5779462594157109,0.0,0.5779462594157109,-0.816074825752754,-1.0,0.0,0.0,0.5779462594157108,-0.8160748257527539,0.095,1.0
0.0,0.8171284037807179,0.5764556979810121,0.0,0.5764556979810121,-0.8171284037807179,-1.0,0.0,0.0,0.576455697981012,-0.8171284037807178,0.095,1.0
0.0,0.8181786240225958,0.5749641199174883,0.0,0.5749641199174883,-0.8181786240225958,-1.0,0.0,0.0,0.5749641199174882,-0.8181786240225958,0.095,1.0
0.0,0.8192254812353267,0.5734715432301304,0.0,0.5734715432301304,-0.8192254812353267,-1.0,0.0,0.0,0.5734715432301303,-0.8192254812353267,0.095,1.0
0.0,0.8202689702706046,0.5719779859498108,0.0,0.5719779859498108,-0.8202689702706046,-1.0,0.0,0.0,0.5719779859498106,-0.8202689702706045,0.095,1.0
0.0,0.8213090860749163,0.5704834661327056,0.0,0.5704834661327056,-0.8213090860749163,-1.0,0.0,0.0,0.5704834661327054,-0.8213090860749163,0.095,1.0
0.0,0.8223458236895727,0.5689880018597213,0.0,0.5689880018597213,-0.8223458236895727,-1.0,0.0,0.0,0.5689880018597211,-0.8223458236895727,0.095,1.0
0.0,0.8233791782507381,0.5674916112359187,0.0,0.5674916112359187,-0.8233791782507381,-1.0,0.0,0.0,0.5674916112359185,-0.8233791782507381,0.095,1.0
0.0,0.8244091449894538,0.565994312389937,0.0,0.565994312389937,-0.8244091449894538,-1.0,0.0,0.0,0.5659943123899369,-0.8244091449894538,0.095,1.0
0.0,0.8254357192316573,0.5644961234734183,0.0,0.5644961234734183,-0.8254357192316573,-1.0,0.0,0.0,0.564496123473418,-0.8254357192316573,0.095,1.0
0.0,0.8264588963981995,0.5629970626604283,0.0,0.5629970626604283,-0.8264588963981995,-1.0,0.0,0.0,0.562997062660428,-0.8264588963981996,0.095,1.0
0.0,0.8274786720048531,0.5614971481468848,0.0,0.5614971481468848,-0.8274786720048531,-1.0,0.0,0.0,0.5614971481468847,-0.8274786720048533,0.095,1.0
0.0,0.8284950416623209,0.5599963981499784,0.0,0.5599963981499784,-0.8284950416623209,-1.0,0.0,0.0,0.5599963981499783,-0.8284950416623209,0.095,1.0
0.0,0.8295080010762395,0.5584948309075936,0.0,0.5584948309075936,-0.8295080010762395,-1.0,0.0,0.0,0.5584948309075934,-0.8295080010762395,0.095,1.0
0.0,0.8305175460471754,0.5569924646777349,0.0,0.5569924646777349,-0.8305175460471754,-1.0,0.0,0.0,0.5569924646777347,-0.8305175460471754,0.095,1.0
0.0,0.8315236724706212,0.5554893177379481,0.0,0.5554893177379481,-0.8315236724706212,-1.0,0.0,0.0,0.5554893177379479,-0.8315236724706212,0.095,1.0
0.0,0.832526376336982,0.553985408384746,0.0,0.553985408384746,-0.832526376336982,-1.0,0.0,0.0,0.5539854083847457,-0.8325263763369819,0.095,1.0
0.0,0.8335256537315663,0.552480754933025,0.0,0.552480754933025,-0.8335256537315663,-1.0,0.0,0.0,0.5524807549330248,-0.8335256537315663,0.095,1.0
0.0,0.8345215008345618,0.5509753757154947,0.0,0.5509753757154947,-0.8345215008345618,-1.0,0.0,0.0,0.5509753757154945,-0.8345215008345618,0.095,1.0
0.0,0.8355139139210153,0.5494692890820981,0.0,0.5494692890820981,-0.8355139139210153,-1.0,0.0,0.0,0.5494692890820979,-0.8355139139210154,0.095,1.0
0.0,0.8365028893608046,0.5479625133994345,0.0,0.5479625133994345,-0.8365028893608046,-1.0,0.0,0.0,0.5479625133994344,-0.8365028893608046,0.095,1.0
0.0,0.8374884236186095,0.5464550670501798,0.0,0.5464550670501798,-0.8374884236186095,-1.0,0.0,0.0,0.5464550670501795,-0.8374884236186094,0.095,1.0
0.0,0.8384705132538718,0.5449469684325152,0.0,0.5449469684325152,-0.8384705132538718,-1.0,0.0,0.0,0.544946968432515,-0.8384705132538718,0.095,1.0
0.0,0.8394491549207576,0.5434382359595487,0.0,0.5434382359595487,-0.8394491549207576,-1.0,0.0,0.0,0.5434382359595484,-0.8394491549207576,0.095,1.0
0.0,0.8404243453681133,0.5419288880587362,0.0,0.5419288880587362,-0.8404243453681133,-1.0,0.0,0.0,0.5419288880587361,-0.8404243453681133,0.095,1.0
0.0,0.841396081439418,0.5404189431713069,0.0,0.5404189431713069,-0.841396081439418,-1.0,0.0,0.0,0.5404189431713067,-0.841396081439418,0.095,1.0
0.0,0.8423643600727289,0.5389084197516885,0.0,0.5389084197516885,-0.8423643600727289,-1.0,0.0,0.0,0.5389084197516884,-0.8423643600727287,0.095,1.0
0.0,0.8433291783006253,0.5373973362669303,0.0,0.5373973362669303,-0.8433291783006253,-1.0,0.0,0.0,0.5373973362669301,-0.8433291783006254,0.095,1.0
0.0,0.8442905332501491,0.535885711196127,0.0,0.535885711196127,-0.8442905332501491,-1.0,0.0,0.0,0.5358857111961268,-0.8442905332501491,0.095,1.0
0.0,0.8452484221427373,0.5343735630298462,0.0,0.5343735630298462,-0.8452484221427373,-1.0,0.0,0.0,0.534373563029846,-0.8452484221427373,0.095,1.0
0.0,0.8462028422941543,0.5328609102695511,0.0,0.5328609102695511,-0.8462028422941543,-1.0,0.0,0.0,0.532860910269551,-0.8462028422941542,0.095,1.0
0.0,0.8471537911144174,0.5313477714270289,0.0,0.5313477714270289,-0.8471537911144174,-1.0,0.0,0.0,0.5313477714270287,-0.8471537911144175,0.095,1.0
0.0,0.8481012661077197,0.5298341650238145,0.0,0.5298341650238145,-0.8481012661077197,-1.0,0.0,0.0,0.5298341650238144,-0.8481012661077196,0.095,1.0
0.0,0.8490452648723484,0.528320109590619,0.0,0.528320109590619,-0.8490452648723484,-1.0,0.0,0.0,0.5283201095906188,-0.8490452648723485,0.095,1.0
0.0,0.8499857851005984,0.5268056236667557,0.0,0.5268056236667557,-0.8499857851005984,-1.0,0.0,0.0,0.5268056236667554,-0.8499857851005985,0.095,1.0
0.0,0.850922824578681,0.5252907257995703,0.0,0.5252907257995703,-0.850922824578681,-1.0,0.0,0.0,0.5252907257995701,-0.8509228245786808,0.095,1.0
0.0,0.8518563811866334,0.5237754345438635,0.0,0.5237754345438635,-0.8518563811866334,-1.0,0.0,0.0,0.5237754345438634,-0.8518563811866333,0.095,1.0
0.0,0.8527864528982158,0.5222597684613274,0.0,0.5222597684613274,-0.8527864528982158,-1.0,0.0,0.0,0.5222597684613272,-0.8527864528982159,0.095,1.0
0.0,0.8537130377808121,0.520743746119968,0.0,0.520743746119968,-0.8537130377808121,-1.0,0.0,0.0,0.520743746119968,-0.853713037780812,0.095,1.0
0.0,0.8546361339953211,0.5192273860935415,0.0,0.5192273860935415,-0.8546361339953211,-1.0,0.0,0.0,0.5192273860935412,-0.8546361339953212,0.095,1.0
0.0,0.8555557397960478,0.5177107069609796,0.0,0.5177107069609796,-0.8555557397960478,-1.0,0.0,0.0,0.5177107069609795,-0.8555557397960477,0.095,1.0
0.0,0.8564718535305874,0.5161937273058246,0.0,0.5161937273058246,-0.8564718535305874,-1.0,0.0,0.0,0.5161937273058245,-0.8564718535305873,0.095,1.0
0.0,0.857384473639707,0.5146764657156595,0.0,0.5146764657156595,-0.857384473639707,-1.0,0.0,0.0,0.5146764657156593,-0.857384473639707,0.095,1.0
0.0,0.8582935986572223,0.5131589407815428,0.0,0.5131589407815428,-0.8582935986572223,-1.0,0.0,0.0,0.5131589407815427,-0.8582935986572224,0.095,1.0
0.0,0.8591992272098706,0.5116411710974412,0.0,0.5116411710974412,-0.8591992272098706,-1.0,0.0,0.0,0.5116411710974411,-0.8591992272098707,0.095,1.0
0.0,0.860101358017181,0.5101231752596631,0.0,0.5101231752596631,-0.860101358017181,-1.0,0.0,0.0,0.5101231752596629,-0.8601013580171811,0.095,1.0
0.0,0.8609999898913383,0.5086049718662957,0.0,0.5086049718662957,-0.8609999898913383,-1.0,0.0,0.0,0.5086049718662955,-0.8609999898913383,0.095,1.0
0.0,0.8618951217370437,0.5070865795166409,0.0,0.5070865795166409,-0.8618951217370437,-1.0,0.0,0.0,0.5070865795166408,-0.8618951217370436,0.095,1.0
0.0,0.8627867525513725,0.5055680168106531,0.0,0.5055680168106531,-0.8627867525513725,-1.0,0.0,0.0,0.5055680168106531,-0.8627867525513724,0.095,1.0
0.0,0.8636748814236271,0.5040493023483751,0.0,0.5040493023483751,-0.8636748814236271,-1.0,0.0,0.0,0.504049302348375,-0.863674881423627,0.095,1.0
0.0,0.8645595075351872,0.5025304547293773,0.0,0.5025304547293773,-0.8645595075351872,-1.0,0.0,0.0,0.5025304547293772,-0.8645595075351871,0.095,1.0
0.0,0.865440630159351,0.5010114925522022,0.0,0.5010114925522022,-0.865440630159351,-1.0,0.0,0.0,0.501011492552202,-0.8654406301593511,0.095,1.0
0.0,0.8663182486611813,0.4994924344137992,0.0,0.4994924344137992,-0.8663182486611813,-1.0,0.0,0.0,0.499492434413799,-0.8663182486611815,0.095,1.0
0.0,0.8671923624973397,0.49797329890897024,0.0,0.49797329890897024,-0.8671923624973397,-1.0,0.0,0.0,0.49797329890897013,-0.8671923624973396,0.095,1.0
0.0,0.86806297121592,0.49645410462981254,0.0,0.49645410462981254,-0.86806297121592,-1.0,0.0,0.0,0.49645410462981243,-0.8680629712159199,0.095,1.0
0.0,0.8689300744562785,0.4949348701651626,0.0,0.4949348701651626,-0.8689300744562785,-1.0,0.0,0.0,0.49493487016516247,-0.8689300744562783,0.095,1.0
0.0,0.8697936719488595,0.4934156141000403,0.0,0.4934156141000403,-0.8697936719488595,-1.0,0.0,0.0,0.4934156141000401,-0.8697936719488595,0.095,1.0
0.0,0.8706537635150164,0.49189635501509654,0.0,0.49189635501509654,-0.8706537635150164,-1.0,0.0,0.0,0.4918963550150963,-0.8706537635150166,0.095,1.0
0.0,0.8715103490668293,0.49037711148606156,0.0,0.49037711148606156,-0.8715103490668293,-1.0,0.0,0.0,0.49037711148606133,-0.8715103490668294,0.095,1.0
0.0,0.8723634286069196,0.488857902083192,0.0,0.488857902083192,-0.8723634286069196,-1.0,0.0,0.0,0.4888579020831918,-0.8723634286069197,0.095,1.0
0.0,0.8732130022282585,0.4873387453707241,0.0,0.4873387453707241,-0.8732130022282585,-1.0,0.0,0.0,0.48733874537072397,-0.8732130022282584,0.095,1.0
0.0,0.8740590701139773,0.4858196599063168,0.0,0.4858196599063168,-0.8740590701139773,-1.0,0.0,0.0,0.4858196599063166,-0.8740590701139774,0.095,1.0
0.0,0.8749016325371642,0.48430066424051577,0.0,0.48430066424051577,-0.8749016325371642,-1.0,0.0,0.0,0.48430066424051554,-0.8749016325371644,0.095,1.0
0.0,0.875740689860667,0.4827817769161995,0.0,0.4827817769161995,-0.875740689860667,-1.0,0.0,0.0,0.4827817769161993,-0.8757406898606671,0.095,1.0
0.0,0.8765762425368868,0.48126301646803604,0.0,0.48126301646803604,-0.8765762425368868,-1.0,0.0,0.0,0.4812630164680358,-0.8765762425368869,0.095,1.0
0.0,0.877408291107569,0.47974440142193986,0.0,0.47974440142193986,-0.877408291107569,-1.0,0.0,0.0,0.47974440142193975,-0.8774082911075691,0.095,1.0
0.0,0.8782368362035913,0.4782259502945302,0.0,0.4782259502945302,-0.8782368362035913,-1.0,0.0,0.0,0.47822595029452997,-0.8782368362035914,0.095,1.0
0.0,0.8790618785447458,0.47670768159259036,0.0,0.47670768159259036,-0.8790618785447458,-1.0,0.0,0.0,0.47670768159259025,-0.8790618785447457,0.095,1.0
0.0,0.8798834189395218,0.4751896138125262,0.0,0.4751896138125262,-0.8798834189395218,-1.0,0.0,0.0,0.475189613812526,-0.8798834189395219,0.095,1.0
0.0,0.8807014582848792,0.4736717654398318,0.0,0.4736717654398318,-0.8807014582848792,-1.0,0.0,0.0,0.4736717654398316,-0.8807014582848792,0.095,1.0
0.0,0.8815159975660236,0.47215415494854873,0.0,0.47215415494854873,-0.8815159975660236,-1.0,0.0,0.0,0.4721541549485485,-0.8815159975660237,0.095,1.0
0.0,0.882327037856173,0.4706368008007359,0.0,0.4706368008007359,-0.882327037856173,-1.0,0.0,0.0,0.4706368008007358,-0.8823270378561728,0.095,1.0
0.0,0.8831345803163253,0.46911972144593106,0.0,0.46911972144593106,-0.8831345803163253,-1.0,0.0,0.0,0.46911972144593095,-0.8831345803163252,0.095,1.0
0.0,0.883938626195018,0.4676029353206246,0.0,0.4676029353206246,-0.883938626195018,-1.0,0.0,0.0,0.46760293532062436,-0.8839386261950181,0.095,1.0
0.0,0.884739176828089,0.46608646084772243,0.0,0.46608646084772243,-0.884739176828089,-1.0,0.0,0.0,0.4660864608477222,-0.8847391768280891,0.095,1.0
0.0,0.8855362336384279,0.4645703164360241,0.0,0.4645703164360241,-0.8855362336384279,-1.0,0.0,0.0,0.46457031643602387,-0.885536233638428,0.095,1.0
0.0,0.8863297981357297,0.4630545204796912,0.0,0.4630545204796912,-0.8863297981357297,-1.0,0.0,0.0,0.463054520479691,-0.8863297981357298,0.095,1.0
0.0,0.8871198719162402,0.4615390913577241,0.0,0.4615390913577241,-0.8871198719162402,-1.0,0.0,0.0,0.461539091357724,-0.8871198719162401,0.095,1.0
0.0,0.8879064566625038,0.46002404743343284,0.0,0.46002404743343284,-0.8879064566625038,-1.0,0.0,0.0,0.4600240474334326,-0.8879064566625038,0.095,1.0
0.0,0.8886895541430982,0.4585094070539244,0.0,0.4585094070539244,-0.8886895541430982,-1.0,0.0,0.0,0.4585094070539243,-0.8886895541430981,0.095,1.0
0.0,0.8894691662123754,0.4569951885495752,0.0,0.4569951885495752,-0.8894691662123754,-1.0,0.0,0.0,0.4569951885495751,-0.8894691662123753,0.095,1.0
0.0,0.8902452948101943,0.4554814102335135,0.0,0.4554814102335135,-0.8902452948101943,-1.0,0.0,0.0,0.4554814102335133,-0.8902452948101943,0.095,1.0
0.0,0.891017941961652,0.453968090401101,0.0,0.453968090401101,-0.891017941961652,-1.0,0.0,0.0,0.45396809040110075,-0.891017941961652,0.095,1.0
0.0,0.8917871097768069,0.4524552473294232,0.0,0.4524552473294232,-0.8917871097768069,-1.0,0.0,0.0,0.452455247329423,-0.891787109776807,0.095,1.0
0.0,0.892552800450405,0.45094289927677034,0.0,0.45094289927677034,-0.892552800450405,-1.0,0.0,0.0,0.4509428992767701,-0.8925528004504051,0.095,1.0
0.0,0.8933150162615994,0.44943106448212766,0.0,0.44943106448212766,-0.8933150162615994,-1.0,0.0,0.0,0.44943106448212755,-0.8933150162615993,0.095,1.0
0.0,0.8940737595736661,0.4479197611646648,0.0,0.4479197611646648,-0.8940737595736661,-1.0,0.0,0.0,0.4479197611646646,-0.8940737595736662,0.095,1.0
0.0,0.8948290328337178,0.44640900752322754,0.0,0.44640900752322754,-0.8948290328337178,-1.0,0.0,0.0,0.4464090075232273,-0.894829032833718,0.095,1.0
0.0,0.895580838572413,0.4448988217358343,0.0,0.4448988217358343,-0.895580838572413,-1.0,0.0,0.0,0.44489882173583406,-0.895580838572413,0.095,1.0
0.0,0.8963291794036617,0.4433892219591702,0.0,0.4433892219591702,-0.8963291794036617,-1.0,0.0,0.0,0.44338922195916997,-0.8963291794036617,0.095,1.0
0.0,0.8970740580243327,0.441880226328081,0.0,0.441880226328081,-0.8970740580243327,-1.0,0.0,0.0,0.44188022632808077,-0.8970740580243328,0.095,1.0
0.0,0.8978154772139484,0.4403718529550793,0.0,0.4403718529550793,-0.8978154772139484,-1.0,0.0,0.0,0.4403718529550791,-0.8978154772139485,0.095,1.0
0.0,0.8985534398343844,0.43886411992984276,0.0,0.43886411992984276,-0.8985534398343844,-1.0,0.0,0.0,0.43886411992984264,-0.8985534398343845,0.095,1.0
0.0,0.8992879488295635,0.4373570453187149,0.0,0.4373570453187149,-0.8992879488295635,-1.0,0.0,0.0,0.43735704531871467,-0.8992879488295638,0.095,1.0
0.0,0.9000190072251449,0.4358506471642143,0.0,0.4358506471642143,-0.9000190072251449,-1.0,0.0,0.0,0.43585064716421407,-0.9000190072251452,0.095,1.0
0.0,0.9007466181282116,0.4343449434845419,0.0,0.4343449434845419,-0.9007466181282116,-1.0,0.0,0.0,0.4343449434845418,-0.9007466181282114,0.095,1.0
0.0,0.9014707847269549,0.432839952273087,0.0,0.432839952273087,-0.9014707847269549,-1.0,0.0,0.0,0.4328399522730869,-0.901470784726955,0.095,1.0
0.0,0.9021915102903536,0.4313356914979454,0.0,0.4313356914979454,-0.9021915102903536,-1.0,0.0,0.0,0.43133569149794515,-0.9021915102903538,0.095,1.0
0.0,0.9029087981678555,0.42983217910142413,0.0,0.42983217910142413,-0.9029087981678555,-1.0,0.0,0.0,0.4298321791014239,-0.9029087981678557,0.095,1.0
0.0,0.9036226517890488,0.4283294329995634,0.0,0.4283294329995634,-0.9036226517890488,-1.0,0.0,0.0,0.42832943299956316,-0.903622651789049,0.095,1.0
0.0,0.9043330746633352,0.426827471081652,0.0,0.426827471081652,-0.9043330746633352,-1.0,0.0,0.0,0.42682747108165175,-0.9043330746633353,0.095,1.0
0.0,0.9050400703795973,0.4253263112097505,0.0,0.4253263112097505,-0.9050400703795973,-1.0,0.0,0.0,0.4253263112097503,-0.9050400703795975,0.095,1.0
0.0,0.9057436426058681,0.4238259712182034,0.0,0.4238259712182034,-0.9057436426058681,-1.0,0.0,0.0,0.4238259712182032,-0.9057436426058683,0.095,1.0
0.0,0.9064437950889878,0.4223264689131776,0.0,0.4223264689131776,-0.9064437950889878,-1.0,0.0,0.0,0.4223264689131774,-0.9064437950889879,0.095,1.0
0.0,0.9071405316542678,0.4208278220721775,0.0,0.4208278220721775,-0.9071405316542678,-1.0,0.0,0.0,0.4208278220721773,-0.907140531654268,0.095,1.0
0.0,0.9078338562051471,0.4193300484435767,0.0,0.4193300484435767,-0.9078338562051471,-1.0,0.0,0.0,0.4193300484435766,-0.9078338562051471,0.095,1.0
0.0,0.9085237727228448,0.4178331657461488,0.0,0.4178331657461488,-0.9085237727228448,-1.0,0.0,0.0,0.4178331657461487,-0.9085237727228449,0.095,1.0
0.0,0.9092102852660112,0.4163371916686024,0.0,0.4163371916686024,-0.9092102852660112,-1.0,0.0,0.0,0.41633719166860217,-0.9092102852660113,0.095,1.0
0.0,0.9098933979703774,0.4148421438691112,0.0,0.4148421438691112,-0.9098933979703774,-1.0,0.0,0.0,0.4148421438691111,-0.9098933979703775,0.095,1.0
0.0,0.9105731150483984,0.41334803997485725,0.0,0.41334803997485725,-0.9105731150483984,-1.0,0.0,0.0,0.41334803997485703,-0.9105731150483986,0.095,1.0
0.0,0.9112494407888979,0.41185489758156435,0.0,0.41185489758156435,-0.9112494407888979,-1.0,0.0,0.0,0.41185489758156413,-0.9112494407888981,0.095,1.0
0.0,0.9119223795567064,0.4103627342530438,0.0,0.4103627342530438,-0.9119223795567064,-1.0,0.0,0.0,0.4103627342530436,-0.9119223795567066,0.095,1.0
0.0,0.9125919357922978,0.4088715675207395,0.0,0.4088715675207395,-0.9125919357922978,-1.0,0.0,0.0,0.4088715675207393,-0.912591935792298,0.095,1.0
0.0,0.9132581140114252,0.4073814148832695,0.0,0.4073814148832695,-0.9132581140114252,-1.0,0.0,0.0,0.4073814148832693,-0.9132581140114254,0.095,1.0
0.0,0.9139209188047517,0.40589229380597813,0.0,0.40589229380597813,-0.9139209188047517,-1.0,0.0,0.0,0.4058922938059779,-0.9139209188047519,0.095,1.0
0.0,0.9145803548374773,0.4044042217204886,0.0,0.4044042217204886,-0.9145803548374773,-1.0,0.0,0.0,0.4044042217204885,-0.9145803548374776,0.095,1.0
0.0,0.915236426848968,0.402917216024252,0.0,0.402917216024252,-0.915236426848968,-1.0,0.0,0.0,0.4029172160242518,-0.9152364268489682,0.095,1.0
0.0,0.9158891396523766,0.40143129408010714,0.0,0.40143129408010714,-0.9158891396523766,-1.0,0.0,0.0,0.4014312940801069,-0.9158891396523768,0.095,1.0
0.0,0.9165384981342665,0.3999464732158333,0.0,0.3999464732158333,-0.9165384981342665,-1.0,0.0,0.0,0.3999464732158331,-0.9165384981342667,0.095,1.0
0.0,0.9171845072542267,0.3984627707237167,0.0,0.3984627707237167,-0.9171845072542267,-1.0,0.0,0.0,0.3984627707237167,-0.9171845072542267,0.095,1.0
0.0,0.917827172044489,0.3969802038601118,0.0,0.3969802038601118,-0.917827172044489,-1.0,0.0,0.0,0.39698020386011157,-0.9178271720444892,0.095,1.0
0.0,0.9184664976095404,0.39549878984500597,0.0,0.39549878984500597,-0.9184664976095404,-1.0,0.0,0.0,0.39549878984500575,-0.9184664976095405,0.095,1.0
0.0,0.9191024891257363,0.39401854586158214,0.0,0.39401854586158214,-0.9191024891257363,-1.0,0.0,0.0,0.394018545861582,-0.9191024891257362,0.095,1.0
0.0,0.9197351518409054,0.3925394890557976,0.0,0.3925394890557976,-0.9197351518409054,-1.0,0.0,0.0,0.3925394890557974,-0.9197351518409056,0.095,1.0
0.0,0.9203644910739561,0.39106163653595294,0.0,0.39106163653595294,-0.9203644910739561,-1.0,0.0,0.0,0.39106163653595283,-0.9203644910739561,0.095,1.0
0.0,0.9209905122144809,0.3895850053722655,0.0,0.3895850053722655,-0.9209905122144809,-1.0,0.0,0.0,0.38958500537226526,-0.920990512214481,0.095,1.0
0.0,0.9216132207223571,0.3881096125964467,0.0,0.3881096125964467,-0.9216132207223571,-1.0,0.0,0.0,0.3881096125964465,-0.9216132207223573,0.095,1.0
0.0,0.9222326221273434,0.3866354752012866,0.0,0.3866354752012866,-0.9222326221273434,-1.0,0.0,0.0,0.3866354752012865,-0.9222326221273436,0.095,1.0
0.0,0.9228487220286781,0.3851626101402311,0.0,0.3851626101402311,-0.9228487220286781,-1.0,0.0,0.0,0.385162610140231,-0.922848722028678,0.095,1.0
0.0,0.9234615260946718,0.3836910343269697,0.0,0.3836910343269697,-0.9234615260946718,-1.0,0.0,0.0,0.3836910343269695,-0.923461526094672,0.095,1.0
0.0,0.9240710400622993,0.3822207646350213,0.0,0.3822207646350213,-0.9240710400622993,-1.0,0.0,0.0,0.3822207646350211,-0.9240710400622995,0.095,1.0
0.0,0.9246772697367877,0.38075181789732804,0.0,0.38075181789732804,-0.9246772697367877,-1.0,0.0,0.0,0.3807518178973278,-0.9246772697367879,0.095,1.0
0.0,0.9252802209912044,0.37928421090584297,0.0,0.37928421090584297,-0.9252802209912044,-1.0,0.0,0.0,0.37928421090584274,-0.9252802209912047,0.095,1.0
0.0,0.9258798997660418,0.3778179604111277,0.0,0.3778179604111277,-0.9258798997660418,-1.0,0.0,0.0,0.3778179604111275,-0.925879899766042,0.095,1.0
0.0,0.9264763120688003,0.3763530831219466,0.0,0.3763530831219466,-0.9264763120688003,-1.0,0.0,0.0,0.3763530831219464,-0.9264763120688005,0.095,1.0
0.0,0.9270694639735653,0.37488959570487745,0.0,0.37488959570487745,-0.9270694639735653,-1.0,0.0,0.0,0.37488959570487723,-0.9270694639735655,0.095,1.0
0.0,0.9276593616205908,0.37342751478389746,0.0,0.37342751478389746,-0.9276593616205908,-1.0,0.0,0.0,0.37342751478389724,-0.9276593616205909,0.095,1.0
0.0,0.9282460112158701,0.37196685694000564,0.0,0.37196685694000564,-0.9282460112158701,-1.0,0.0,0.0,0.3719668569400054,-0.9282460112158704,0.095,1.0
0.0,0.9288294190307145,0.37050763871081704,0.0,0.37050763871081704,-0.9288294190307145,-1.0,0.0,0.0,0.37050763871081693,-0.9288294190307145,0.095,1.0
0.0,0.9294095914013205,0.3690498765901846,0.0,0.3690498765901846,-0.9294095914013205,-1.0,0.0,0.0,0.3690498765901844,-0.9294095914013207,0.095,1.0
0.0,0.9299865347283447,0.36759358702780087,0.0,0.36759358702780087,-0.9299865347283447,-1.0,0.0,0.0,0.36759358702780076,-0.9299865347283448,0.095,1.0
0.0,0.9305602554764668,0.366138786428825,0.0,0.366138786428825,-0.9305602554764668,-1.0,0.0,0.0,0.366138786428825,-0.9305602554764668,0.095,1.0
0.0,0.9311307601739593,0.36468549115349336,0.0,0.36468549115349336,-0.9311307601739593,-1.0,0.0,0.0,0.36468549115349314,-0.9311307601739596,0.095,1.0
0.0,0.9316980554122498,0.36323371751674194,0.0,0.36323371751674194,-0.9316980554122498,-1.0,0.0,0.0,0.3632337175167417,-0.93169805541225,0.095,1.0
0.0,0.9322621478454821,0.3617834817878347,0.0,0.3617834817878347,-0.9322621478454821,-1.0,0.0,0.0,0.3617834817878345,-0.9322621478454823,0.095,1.0
0.0,0.9328230441900791,0.3603348001899811,0.0,0.3603348001899811,-0.9328230441900791,-1.0,0.0,0.0,0.360334800189981,-0.9328230441900792,0.095,1.0
0.0,0.9333807512242982,0.35888768889997424,0.0,0.35888768889997424,-0.9333807512242982,-1.0,0.0,0.0,0.358887688899974,-0.9333807512242984,0.095,1.0
0.0,0.9339352757877893,0.35744216404781604,0.0,0.35744216404781604,-0.9339352757877893,-1.0,0.0,0.0,0.3574421640478159,-0.9339352757877893,0.095,1.0
0.0,0.9344866247811496,0.35599824171635297,0.0,0.35599824171635297,-0.9344866247811496,-1.0,0.0,0.0,0.35599824171635275,-0.9344866247811497,0.095,1.0
0.0,0.9350348051654743,0.3545559379409171,0.0,0.3545559379409171,-0.9350348051654743,-1.0,0.0,0.0,0.3545559379409169,-0.9350348051654745,0.095,1.0
0.0,0.935579823961912,0.3531152687089556,0.0,0.3531152687089556,-0.935579823961912,-1.0,0.0,0.0,0.3531152687089555,-0.935579823961912,0.095,1.0
0.0,0.9361216882512086,0.3516762499596855,0.0,0.3516762499596855,-0.9361216882512086,-1.0,0.0,0.0,0.3516762499596854,-0.9361216882512085,0.095,1.0
0.0,0.9366604051732585,0.3502388975837307,0.0,0.3502388975837307,-0.9366604051732585,-1.0,0.0,0.0,0.3502388975837305,-0.9366604051732584,0.095,1.0
0.0,0.9371959819266509,0.34880322742277015,0.0,0.34880322742277015,-0.9371959819266509,-1.0,0.0,0.0,0.3488032274227699,-0.9371959819266509,0.095,1.0
0.0,0.9377284257682124,0.3473692552691878,0.0,0.3473692552691878,-0.9377284257682124,-1.0,0.0,0.0,0.3473692552691877,-0.9377284257682122,0.095,1.0
0.0,0.9382577440125495,0.34593699686573165,0.0,0.34593699686573165,-0.9382577440125495,-1.0,0.0,0.0,0.34593699686573154,-0.9382577440125494,0.095,1.0
0.0,0.9387839440315908,0.3445064679051626,0.0,0.3445064679051626,-0.9387839440315908,-1.0,0.0,0.0,0.3445064679051624,-0.9387839440315908,0.095,1.0
0.0,0.9393070332541287,0.34307768402991057,0.0,0.34307768402991057,-0.9393070332541287,-1.0,0.0,0.0,0.34307768402991035,-0.9393070332541286,0.095,1.0
0.0,0.9398270191653517,0.3416506608317472,0.0,0.3416506608317472,-0.9398270191653517,-1.0,0.0,0.0,0.341650660831747,-0.9398270191653516,0.095,1.0
0.0,0.9403439093063871,0.34022541385143645,0.0,0.34022541385143645,-0.9403439093063871,-1.0,0.0,0.0,0.34022541385143623,-0.940343909306387,0.095,1.0
0.0,0.9408577112738314,0.33880195857841133,0.0,0.33880195857841133,-0.9408577112738314,-1.0,0.0,0.0,0.3388019585784111,-0.9408577112738314,0.095,1.0
0.0,0.9413684327192869,0.33738031045043715,0.0,0.33738031045043715,-0.9413684327192869,-1.0,0.0,0.0,0.3373803104504369,-0.9413684327192868,0.095,1.0
0.0,0.9418760813488936,0.335960484853282,0.0,0.335960484853282,-0.9418760813488936,-1.0,0.0,0.0,0.3359604848532818,-0.9418760813488936,0.095,1.0
0.0,0.9423806649228581,0.3345424971203985,0.0,0.3345424971203985,-0.9423806649228581,-1.0,0.0,0.0,0.3345424971203984,-0.942380664922858,0.095,1.0
0.0,0.9428821912549847,0.33312636253259575,0.0,0.33312636253259575,-0.9428821912549847,-1.0,0.0,0.0,0.33312636253259553,-0.9428821912549846,0.095,1.0
0.0,0.9433806682122036,0.33171209631772003,0.0,0.33171209631772003,-0.9433806682122036,-1.0,0.0,0.0,0.3317120963177198,-0.9433806682122036,0.095,1.0
0.0,0.9438761037140978,0.3302997136503356,0.0,0.3302997136503356,-0.9438761037140978,-1.0,0.0,0.0,0.3302997136503354,-0.9438761037140978,0.095,1.0
0.0,0.9443685057324271,0.3288892296514173,0.0,0.3288892296514173,-0.9443685057324271,-1.0,0.0,0.0,0.3288892296514171,-0.944368505732427,0.095,1.0
0.0,0.9448578822906536,0.32748065938803395,0.0,0.32748065938803395,-0.9448578822906536,-1.0,0.0,0.0,0.3274806593880337,-0.9448578822906535,0.095,1.0
0.0,0.9453442414634656,0.3260740178730357,0.0,0.3260740178730357,-0.9453442414634656,-1.0,0.0,0.0,0.32607401787303547,-0.9453442414634655,0.095,1.0
0.0,0.9458275913762981,0.32466932006475524,0.0,0.32466932006475524,-0.9458275913762981,-1.0,0.0,0.0,0.32466932006475513,-0.9458275913762982,0.095,1.0
0.0,0.9463079402048548,0.3232665808666976,0.0,0.3232665808666976,-0.9463079402048548,-1.0,0.0,0.0,0.32326658086669735,-0.9463079402048548,0.095,1.0
0.0,0.9467852961746259,0.3218658151272451,0.0,0.3218658151272451,-0.9467852961746259,-1.0,0.0,0.0,0.321865815127245,-0.9467852961746257,0.095,1.0
0.0,0.9472596675604087,0.32046703763935525,0.0,0.32046703763935525,-0.9472596675604087,-1.0,0.0,0.0,0.3204670376393549,-0.9472596675604086,0.095,1.0
0.0,0.9477310626858246,0.3190702631402642,0.0,0.3190702631402642,-0.9477310626858246,-1.0,0.0,0.0,0.319070263140264,-0.9477310626858246,0.095,1.0
0.0,0.9481994899228338,0.317675506311201,0.0,0.317675506311201,-0.9481994899228338,-1.0,0.0,0.0,0.3176755063112007,-0.9481994899228336,0.095,1.0
0.0,0.9486649576912525,0.3162827817770899,0.0,0.3162827817770899,-0.9486649576912525,-1.0,0.0,0.0,0.31628278177708957,-0.9486649576912524,0.095,1.0
0.0,0.9491274744582673,0.3148921041062658,0.0,0.3148921041062658,-0.9491274744582673,-1.0,0.0,0.0,0.31489210410626545,-0.9491274744582673,0.095,1.0
0.0,0.9495870487379476,0.3135034878101911,0.0,0.3135034878101911,-0.9495870487379476,-1.0,0.0,0.0,0.3135034878101908,-0.9495870487379475,0.095,1.0
0.0,0.9500436890907588,0.31211694734317397,0.0,0.31211694734317397,-0.9500436890907588,-1.0,0.0,0.0,0.31211694734317363,-0.9500436890907586,0.095,1.0
0.0,0.9504974041230739,0.31073249710208617,0.0,0.31073249710208617,-0.9504974041230739,-1.0,0.0,0.0,0.31073249710208584,-0.9504974041230739,0.095,1.0
0.0,0.9509482024866837,0.3093501514260907,0.0,0.3093501514260907,-0.9509482024866837,-1.0,0.0,0.0,0.30935015142609057,-0.9509482024866834,0.095,1.0
0.0,0.9513960928783072,0.3079699245963662,0.0,0.3079699245963662,-0.9513960928783072,-1.0,0.0,0.0,0.30796992459636585,-0.9513960928783073,0.095,1.0
0.0,0.9518410840391013,0.30659183083583375,0.0,0.30659183083583375,-0.9518410840391013,-1.0,0.0,0.0,0.3065918308358334,-0.9518410840391012,0.095,1.0
0.0,0.9522831847541684,0.30521588430889124,0.0,0.30521588430889124,-0.9522831847541684,-1.0,0.0,0.0,0.3052158843088909,-0.9522831847541684,0.095,1.0
0.0,0.9527224038520613,0.30384209912115523,0.0,0.30384209912115523,-0.9527224038520613,-1.0,0.0,0.0,0.3038420991211551,-0.9527224038520611,0.095,1.0
0.0,0.9531587502042962,0.30247048931917986,0.0,0.30247048931917986,-0.9531587502042962,-1.0,0.0,0.0,0.3024704893191795,-0.9531587502042961,0.095,1.0
0.0,0.9535922327248536,0.30110106889021293,0.0,0.30110106889021293,-0.9535922327248536,-1.0,0.0,0.0,0.3011010688902126,-0.9535922327248535,0.095,1.0
0.0,0.954022860369685,0.29973385176193323,0.0,0.29973385176193323,-0.954022860369685,-1.0,0.0,0.0,0.2997338517619329,-0.954022860369685,0.095,1.0
0.0,0.954450642136218,0.2983688518021965,0.0,0.2983688518021965,-0.954450642136218,-1.0,0.0,0.0,0.2983688518021962,-0.9544506421362179,0.095,1.0
0.0,0.954875587062861,0.29700608281878105,0.0,0.29700608281878105,-0.954875587062861,-1.0,0.0,0.0,0.2970060828187807,-0.954875587062861,0.095,1.0
0.0,0.9552977042285064,0.295645558559139,0.0,0.295645558559139,-0.9552977042285064,-1.0,0.0,0.0,0.29564555855913865,-0.9552977042285064,0.095,1.0
0.0,0.9557170027520325,0.2942872927101532,0.0,0.2942872927101532,-0.9557170027520325,-1.0,0.0,0.0,0.29428729271015297,-0.9557170027520323,0.095,1.0
0.0,0.956133491791808,0.2929312988978896,0.0,0.2929312988978896,-0.956133491791808,-1.0,0.0,0.0,0.2929312988978894,-0.9561334917918077,0.095,1.0
0.0,0.9565471805451913,0.29157759068735944,0.0,0.29157759068735944,-0.9565471805451913,-1.0,0.0,0.0,0.2915775906873591,-0.9565471805451913,0.095,1.0
0.0,0.9569580782480356,0.2902261815822733,0.0,0.2902261815822733,-0.9569580782480356,-1.0,0.0,0.0,0.2902261815822732,-0.9569580782480354,0.095,1.0
0.0,0.9573661941741854,0.2888770850248179,0.0,0.2888770850248179,-0.9573661941741854,-1.0,0.0,0.0,0.28887708502481757,-0.9573661941741853,0.095,1.0
0.0,0.9577715376349824,0.2875303143954071,0.0,0.2875303143954071,-0.9577715376349824,-1.0,0.0,0.0,0.28753031439540677,-0.9577715376349824,0.095,1.0
0.0,0.9581741179787602,0.2861858830124664,0.0,0.2861858830124664,-0.9581741179787602,-1.0,0.0,0.0,0.28618588301246606,-0.9581741179787603,0.095,1.0
0.0,0.9585739445903487,0.2848438041321928,0.0,0.2848438041321928,-0.9585739445903487,-1.0,0.0,0.0,0.28484380413219246,-0.9585739445903487,0.095,1.0
0.0,0.9589710268905711,0.28350409094833806,0.0,0.28350409094833806,-0.9589710268905711,-1.0,0.0,0.0,0.28350409094833784,-0.9589710268905711,0.095,1.0
0.0,0.9593653743357436,0.2821667565919814,0.0,0.2821667565919814,-0.9593653743357436,-1.0,0.0,0.0,0.2821667565919811,-0.9593653743357436,0.095,1.0
0.0,0.9597569964171749,0.2808318141313104,0.0,0.2808318141313104,-0.9597569964171749,-1.0,0.0,0.0,0.2808318141313101,-0.959756996417175,0.095,1.0
0.0,0.9601459026606641,0.2794992765714045,0.0,0.2794992765714045,-0.9601459026606641,-1.0,0.0,0.0,0.2794992765714043,-0.9601459026606641,0.095,1.0
0.0,0.9605321026260003,0.2781691568540172,0.0,0.2781691568540172,-0.9605321026260003,-1.0,0.0,0.0,0.2781691568540169,-0.9605321026260002,0.095,1.0
0.0,0.9609156059064589,0.2768414678573696,0.0,0.2768414678573696,-0.9609156059064589,-1.0,0.0,0.0,0.2768414678573693,-0.9609156059064587,0.095,1.0
0.0,0.9612964221283016,0.2755162223959349,0.0,0.2755162223959349,-0.9612964221283016,-1.0,0.0,0.0,0.27551622239593465,-0.9612964221283015,0.095,1.0
0.0,0.9616745609502736,0.27419343322023315,0.0,0.27419343322023315,-0.9616745609502736,-1.0,0.0,0.0,0.2741934332202328,-0.9616745609502736,0.095,1.0
0.0,0.9620500320631012,0.27287311301662887,0.0,0.27287311301662887,-0.9620500320631012,-1.0,0.0,0.0,0.27287311301662864,-0.9620500320631011,0.095,1.0
0.0,0.9624228451889895,0.2715552744071277,0.0,0.2715552744071277,-0.9624228451889895,-1.0,0.0,0.0,0.27155527440712734,-0.9624228451889895,0.095,1.0
0.0,0.9627930100811206,0.27023992994917523,0.0,0.27023992994917523,-0.9627930100811206,-1.0,0.0,0.0,0.270239929949175,-0.9627930100811205,0.095,1.0
0.0,0.9631605365231505,0.2689270921354652,0.0,0.2689270921354652,-0.9631605365231505,-1.0,0.0,0.0,0.26892709213546495,-0.9631605365231503,0.095,1.0
0.0,0.9635254343287076,0.26761677339373824,0.0,0.26761677339373824,-0.9635254343287076,-1.0,0.0,0.0,0.267616773393738,-0.9635254343287076,0.095,1.0
0.0,0.9638877133408894,0.26630898608659703,0.0,0.26630898608659703,-0.9638877133408894,-1.0,0.0,0.0,0.2663089860865968,-0.9638877133408893,0.095,1.0
0.0,0.964247383431761,0.2650037425113133,0.0,0.2650037425113133,-0.964247383431761,-1.0,0.0,0.0,0.265003742511313,-0.964247383431761,0.095,1.0
0.0,0.9646044545018525,0.263701054899641,0.0,0.263701054899641,-0.9646044545018525,-1.0,0.0,0.0,0.2637010548996409,-0.9646044545018524,0.095,1.0
0.0,0.9649589364796565,0.26240093541763576,0.0,0.26240093541763576,-0.9649589364796565,-1.0,0.0,0.0,0.26240093541763543,-0.9649589364796566,0.095,1.0
0.0,0.9653108393211262,0.26110339616547096,0.0,0.26110339616547096,-0.9653108393211262,-1.0,0.0,0.0,0.2611033961654706,-0.965310839321126,0.095,1.0
0.0,0.9656601730091746,0.2598084491772561,0.0,0.2598084491772561,-0.9656601730091746,-1.0,0.0,0.0,0.25980844917725576,-0.9656601730091746,0.095,1.0
0.0,0.9660069475531716,0.25851610642086476,0.0,0.25851610642086476,-0.9660069475531716,-1.0,0.0,0.0,0.25851610642086464,-0.9660069475531715,0.095,1.0
0.0,0.9663511729884425,0.2572263797977594,0.0,0.2572263797977594,-0.9663511729884425,-1.0,0.0,0.0,0.2572263797977591,-0.9663511729884425,0.095,1.0
0.0,0.9666928593757678,0.2559392811428174,0.0,0.2559392811428174,-0.9666928593757678,-1.0,0.0,0.0,0.25593928114281705,-0.9666928593757678,0.095,1.0
0.0,0.9670320168008815,0.25465482222416247,0.0,0.25465482222416247,-0.9670320168008815,-1.0,0.0,0.0,0.25465482222416236,-0.9670320168008814,0.095,1.0
0.0,0.9673686553739695,0.2533730147430032,0.0,0.2533730147430032,-0.9673686553739695,-1.0,0.0,0.0,0.253373014743003,-0.9673686553739693,0.095,1.0
0.0,0.9677027852291722,0.25209387033345865,0.0,0.25209387033345865,-0.9677027852291722,-1.0,0.0,0.0,0.2520938703334583,-0.9677027852291722,0.095,1.0
0.0,0.9680344165240807,0.2508174005624064,0.0,0.2508174005624064,-0.9680344165240807,-1.0,0.0,0.0,0.2508174005624061,-0.9680344165240807,0.095,1.0
0.0,0.9683635594392395,0.2495436169293187,0.0,0.2495436169293187,-0.9683635594392395,-1.0,0.0,0.0,0.24954361692931837,-0.9683635594392395,0.095,1.0
0.0,0.9686902241776468,0.24827253086610368,0.0,0.24827253086610368,-0.9686902241776468,-1.0,0.0,0.0,0.24827253086610335,-0.9686902241776467,0.095,1.0
0.0,0.9690144209642555,0.24700415373695372,0.0,0.24700415373695372,-0.9690144209642555,-1.0,0.0,0.0,0.2470041537369534,-0.9690144209642555,0.095,1.0
0.0,0.9693361600454742,0.2457384968381935,0.0,0.2457384968381935,-0.9693361600454742,-1.0,0.0,0.0,0.24573849683819327,-0.9693361600454742,0.095,1.0
0.0,0.9696554516886704,0.2444755713981266,0.0,0.2444755713981266,-0.9696554516886704,-1.0,0.0,0.0,0.24447557139812626,-0.9696554516886704,0.095,1.0
0.0,0.9699723061816721,0.24321538857689196,0.0,0.24321538857689196,-0.9699723061816721,-1.0,0.0,0.0,0.24321538857689173,-0.9699723061816722,0.095,1.0
0.0,0.9702867338322709,0.24195795946631704,0.0,0.24195795946631704,-0.9702867338322709,-1.0,0.0,0.0,0.24195795946631693,-0.9702867338322707,0.095,1.0
0.0,0.9705987449677265,0.24070329508977284,0.0,0.24070329508977284,-0.9705987449677265,-1.0,0.0,0.0,0.24070329508977262,-0.9705987449677265,0.095,1.0
0.0,0.97090834993427,0.23945140640203633,0.0,0.23945140640203633,-0.97090834993427,-1.0,0.0,0.0,0.2394514064020361,-0.9709083499342698,0.095,1.0
0.0,0.9712155590966081,0.23820230428915445,0.0,0.23820230428915445,-0.9712155590966081,-1.0,0.0,0.0,0.23820230428915412,-0.971215559096608,0.095,1.0
0.0,0.9715203828374309,0.23695599956829883,0.0,0.23695599956829883,-0.9715203828374309,-1.0,0.0,0.0,0.2369559995682985,-0.9715203828374309,0.095,1.0
0.0,0.9718228315569148,0.23571250298764457,0.0,0.23571250298764457,-0.9718228315569148,-1.0,0.0,0.0,0.23571250298764423,-0.9718228315569147,0.095,1.0
0.0,0.972122915672232,0.23447182522622734,0.0,0.23447182522622734,-0.972122915672232,-1.0,0.0,0.0,0.23447182522622723,-0.9721229156722319,0.095,1.0
0.0,0.9724206456170551,0.23323397689382608,0.0,0.23323397689382608,-0.9724206456170551,-1.0,0.0,0.0,0.23323397689382586,-0.972420645617055,0.095,1.0
0.0,0.9727160318410688,0.23199896853082103,0.0,0.23199896853082103,-0.9727160318410688,-1.0,0.0,0.0,0.2319989685308208,-0.9727160318410689,0.095,1.0
0.0,0.9730090848094748,0.2307668106080859,0.0,0.2307668106080859,-0.9730090848094748,-1.0,0.0,0.0,0.23076681060808568,-0.9730090848094748,0.095,1.0
0.0,0.9732998150025046,0.22953751352685292,0.0,0.22953751352685292,-0.9732998150025046,-1.0,0.0,0.0,0.2295375135268527,-0.9732998150025046,0.095,1.0
0.0,0.9735882329149286,0.22831108761859698,0.0,0.22831108761859698,-0.9735882329149286,-1.0,0.0,0.0,0.22831108761859664,-0.9735882329149286,0.095,1.0
0.0,0.9738743490555667,0.22708754314492074,0.0,0.22708754314492074,-0.9738743490555667,-1.0,0.0,0.0,0.22708754314492052,-0.9738743490555667,0.095,1.0
0.0,0.9741581739468016,0.22586689029743412,0.0,0.22586689029743412,-0.9741581739468016,-1.0,0.0,0.0,0.2258668902974338,-0.9741581739468017,0.095,1.0
0.0,0.9744397181240915,0.22464913919764107,0.0,0.22464913919764107,-0.9744397181240915,-1.0,0.0,0.0,0.22464913919764085,-0.9744397181240912,0.095,1.0
0.0,0.9747189921354842,0.22343429989682861,0.0,0.22343429989682861,-0.9747189921354842,-1.0,0.0,0.0,0.2234342998968284,-0.9747189921354842,0.095,1.0
0.0,0.9749960065411302,0.2222223823759626,0.0,0.2222223823759626,-0.9749960065411302,-1.0,0.0,0.0,0.22222238237596226,-0.9749960065411302,0.095,1.0
0.0,0.9752707719128006,0.22101339654557117,0.0,0.22101339654557117,-0.9752707719128006,-1.0,0.0,0.0,0.22101339654557084,-0.9752707719128006,0.095,1.0
0.0,0.9755432988334024,0.2198073522456493,0.0,0.2198073522456493,-0.9755432988334024,-1.0,0.0,0.0,0.21980735224564896,-0.9755432988334025,0.095,1.0
0.0,0.9758135978964971,0.21860425924554494,0.0,0.21860425924554494,-0.9758135978964971,-1.0,0.0,0.0,0.2186042592455446,-0.9758135978964971,0.095,1.0
0.0,0.9760816797058183,0.21740412724386926,0.0,0.21740412724386926,-0.9760816797058183,-1.0,0.0,0.0,0.21740412724386904,-0.9760816797058182,0.095,1.0
0.0,0.9763475548747922,0.21620696586838872,0.0,0.21620696586838872,-0.9763475548747922,-1.0,0.0,0.0,0.2162069658683885,-0.9763475548747922,0.095,1.0
0.0,0.9766112340260575,0.21501278467593754,0.0,0.21501278467593754,-0.9766112340260575,-1.0,0.0,0.0,0.21501278467593732,-0.9766112340260574,0.095,1.0
0.0,0.9768727277909892,0.21382159315230986,0.0,0.21382159315230986,-0.9768727277909892,-1.0,0.0,0.0,0.21382159315230964,-0.9768727277909892,0.095,1.0
0.0,0.977132046809219,0.2126334007121795,0.0,0.2126334007121795,-0.977132046809219,-1.0,0.0,0.0,0.21263340071217918,-0.977132046809219,0.095,1.0
0.0,0.9773892017281607,0.21144821669900382,0.0,0.21144821669900382,-0.9773892017281607,-1.0,0.0,0.0,0.2114482166990035,-0.9773892017281607,0.095,1.0
0.0,0.9776442032025352,0.21026605038493484,0.0,0.21026605038493484,-0.9776442032025352,-1.0,0.0,0.0,0.21026605038493462,-0.977644203202535,0.095,1.0
0.0,0.9778970618938978,0.2090869109707304,0.0,0.2090869109707304,-0.9778970618938978,-1.0,0.0,0.0,0.20908691097073018,-0.9778970618938978,0.095,1.0
0.0,0.9781477884701639,0.20791080758567448,0.0,0.20791080758567448,-0.9781477884701639,-1.0,0.0,0.0,0.20791080758567415,-0.9781477884701639,0.095,1.0
0.0,0.9783963936051387,0.20673774928749344,0.0,0.20673774928749344,-0.9783963936051387,-1.0,0.0,0.0,0.2067377492874931,-0.9783963936051387,0.095,1.0
0.0,0.9786428879780487,0.20556774506226538,0.0,0.20556774506226538,-0.9786428879780487,-1.0,0.0,0.0,0.20556774506226516,-0.9786428879780487,0.095,1.0
0.0,0.9788872822730696,0.20440080382435788,0.0,0.20440080382435788,-0.9788872822730696,-1.0,0.0,0.0,0.20440080382435755,-0.9788872822730698,0.095,1.0
0.0,0.9791295871788627,0.20323693441633583,0.0,0.20323693441633583,-0.9791295871788627,-1.0,0.0,0.0,0.2032369344163355,-0.9791295871788627,0.095,1.0
0.0,0.9793698133881057,0.2020761456088943,0.0,0.2020761456088943,-0.9793698133881057,-1.0,0.0,0.0,0.2020761456088941,-0.9793698133881057,0.095,1.0
0.0,0.9796079715970293,0.20091844610078458,0.0,0.20091844610078458,-0.9796079715970293,-1.0,0.0,0.0,0.20091844610078424,-0.9796079715970293,0.095,1.0
0.0,0.9798440725049548,0.19976384451873408,0.0,0.19976384451873408,-0.9798440725049548,-1.0,0.0,0.0,0.19976384451873375,-0.9798440725049548,0.095,1.0
0.0,0.9800781268138289,0.19861234941739214,0.0,0.19861234941739214,-0.9800781268138289,-1.0,0.0,0.0,0.19861234941739192,-0.980078126813829,0.095,1.0
0.0,0.9803101452277667,0.1974639692792458,0.0,0.1974639692792458,-0.9803101452277667,-1.0,0.0,0.0,0.1974639692792456,-0.9803101452277667,0.095,1.0
0.0,0.9805401384525892,0.1963187125145669,0.0,0.1963187125145669,-0.9805401384525892,-1.0,0.0,0.0,0.19631871251456656,-0.9805401384525892,0.095,1.0
0.0,0.9807681171953683,0.1951765874613357,0.0,0.1951765874613357,-0.9807681171953683,-1.0,0.0,0.0,0.19517658746133548,-0.9807681171953683,0.095,1.0
0.0,0.9809940921639674,0.1940376023851913,0.0,0.1940376023851913,-0.9809940921639674,-1.0,0.0,0.0,0.19403760238519097,-0.9809940921639674,0.095,1.0
0.0,0.981218074066589,0.19290176547935955,0.0,0.19290176547935955,-0.981218074066589,-1.0,0.0,0.0,0.19290176547935922,-0.981218074066589,0.095,1.0
0.0,0.9814400736113205,0.1917690848645991,0.0,0.1917690848645991,-0.9814400736113205,-1.0,0.0,0.0,0.19176908486459876,-0.9814400736113205,0.095,1.0
0.0,0.9816601015056822,0.19063956858914088,0.0,0.19063956858914088,-0.9816601015056822,-1.0,0.0,0.0,0.19063956858914077,-0.981660101505682,0.095,1.0
0.0,0.9818781684561757,0.18951322462864117,0.0,0.18951322462864117,-0.9818781684561757,-1.0,0.0,0.0,0.18951322462864095,-0.9818781684561757,0.095,1.0
0.0,0.9820942851678375,0.18839006088611554,0.0,0.18839006088611554,-0.9820942851678375,-1.0,0.0,0.0,0.18839006088611532,-0.9820942851678375,0.095,1.0
0.0,0.9823084623437899,0.1872700851918936,0.0,0.1872700851918936,-0.9823084623437899,-1.0,0.0,0.0,0.18727008519189337,-0.98230846234379,0.095,1.0
0.0,0.9825207106847965,0.18615330530356522,0.0,0.18615330530356522,-0.9825207106847965,-1.0,0.0,0.0,0.186153305303565,-0.9825207106847964,0.095,1.0
0.0,0.9827310408888167,0.18503972890593745,0.0,0.18503972890593745,-0.9827310408888167,-1.0,0.0,0.0,0.18503972890593723,-0.9827310408888166,0.095,1.0
0.0,0.9829394636505652,0.18392936361097756,0.0,0.18392936361097756,-0.9829394636505652,-1.0,0.0,0.0,0.18392936361097734,-0.9829394636505651,0.095,1.0
0.0,0.9831459896610696,0.18282221695777556,0.0,0.18282221695777556,-0.9831459896610696,-1.0,0.0,0.0,0.18282221695777523,-0.9831459896610697,0.095,1.0
0.0,0.9833506296072329,0.18171829641249326,0.0,0.18171829641249326,-0.9833506296072329,-1.0,0.0,0.0,0.18171829641249293,-0.983350629607233,0.095,1.0
0.0,0.9835533941713944,0.18061760936832738,0.0,0.18061760936832738,-0.9835533941713944,-1.0,0.0,0.0,0.18061760936832705,-0.9835533941713943,0.095,1.0
0.0,0.9837542940308962,0.17952016314546104,0.0,0.17952016314546104,-0.9837542940308962,-1.0,0.0,0.0,0.17952016314546082,-0.9837542940308962,0.095,1.0
0.0,0.9839533398576461,0.17842596499103924,0.0,0.17842596499103924,-0.9839533398576461,-1.0,0.0,0.0,0.1784259649910389,-0.9839533398576462,0.095,1.0
0.0,0.9841505423176893,0.17733502207910867,0.0,0.17733502207910867,-0.9841505423176893,-1.0,0.0,0.0,0.17733502207910845,-0.9841505423176891,0.095,1.0
0.0,0.9843459120707756,0.17624734151059696,0.0,0.17624734151059696,-0.9843459120707756,-1.0,0.0,0.0,0.17624734151059684,-0.9843459120707755,0.095,1.0
0.0,0.9845394597699304,0.1751629303132758,0.0,0.1751629303132758,-0.9845394597699304,-1.0,0.0,0.0,0.17516293031327546,-0.9845394597699304,0.095,1.0
0.0,0.9847311960610303,0.1740817954417193,0.0,0.1740817954417193,-0.9847311960610303,-1.0,0.0,0.0,0.1740817954417192,-0.9847311960610301,0.095,1.0
0.0,0.9849211315823758,0.17300394377728,0.0,0.17300394377728,-0.9849211315823758,-1.0,0.0,0.0,0.1730039437772799,-0.9849211315823756,0.095,1.0
0.0,0.9851092769642696,0.1719293821280522,0.0,0.1719293821280522,-0.9851092769642696,-1.0,0.0,0.0,0.17192938212805198,-0.9851092769642696,0.095,1.0
0.0,0.9852956428285942,0.1708581172288497,0.0,0.1708581172288497,-0.9852956428285942,-1.0,0.0,0.0,0.17085811722884947,-0.9852956428285942,0.095,1.0
0.0,0.9854802397883934,0.1697901557411694,0.0,0.1697901557411694,-0.9854802397883934,-1.0,0.0,0.0,0.16979015574116907,-0.9854802397883934,0.095,1.0
0.0,0.9856630784474556,0.1687255042531658,0.0,0.1687255042531658,-0.9856630784474556,-1.0,0.0,0.0,0.16872550425316546,-0.9856630784474555,0.095,1.0
0.0,0.9858441693998957,0.1676641692796338,0.0,0.1676641692796338,-0.9858441693998957,-1.0,0.0,0.0,0.16766416927963346,-0.9858441693998956,0.095,1.0
0.0,0.9860235232297444,0.16660615726197447,0.0,0.16660615726197447,-0.9860235232297444,-1.0,0.0,0.0,0.16660615726197414,-0.9860235232297444,0.095,1.0
0.0,0.9862011505105344,0.16555147456817887,0.0,0.16555147456817887,-0.9862011505105344,-1.0,0.0,0.0,0.16555147456817865,-0.9862011505105345,0.095,1.0
0.0,0.9863770618048919,0.16450012749280318,0.0,0.16450012749280318,-0.9863770618048919,-1.0,0.0,0.0,0.16450012749280285,-0.9863770618048919,0.095,1.0
0.0,0.9865512676641292,0.16345212225694683,0.0,0.16345212225694683,-0.9865512676641292,-1.0,0.0,0.0,0.1634521222569465,-0.9865512676641292,0.095,1.0
0.0,0.986723778627837,0.1624074650082421,0.0,0.1624074650082421,-0.986723778627837,-1.0,0.0,0.0,0.16240746500824188,-0.9867237786278369,0.095,1.0
0.0,0.9868946052234827,0.1613661618208294,0.0,0.1613661618208294,-0.9868946052234827,-1.0,0.0,0.0,0.1613661618208292,-0.9868946052234827,0.095,1.0
0.0,0.9870637579660098,0.16032821869533298,0.0,0.16032821869533298,-0.9870637579660098,-1.0,0.0,0.0,0.16032821869533265,-0.9870637579660098,0.095,1.0
0.0,0.9872312473574336,0.15929364155886971,0.0,0.15929364155886971,-0.9872312473574336,-1.0,0.0,0.0,0.1592936415588695,-0.9872312473574336,0.095,1.0
0.0,0.9873970838864492,0.15826243626501046,0.0,0.15826243626501046,-0.9873970838864492,-1.0,0.0,0.0,0.15826243626501013,-0.9873970838864492,0.095,1.0
0.0,0.9875612780280332,0.15723460859377525,0.0,0.15723460859377525,-0.9875612780280332,-1.0,0.0,0.0,0.15723460859377514,-0.987561278028033,0.095,1.0
0.0,0.9877238402430505,0.15621016425162904,0.0,0.15621016425162904,-0.9877238402430505,-1.0,0.0,0.0,0.1562101642516287,-0.9877238402430506,0.095,1.0
0.0,0.9878847809778634,0.15518910887146342,0.0,0.15518910887146342,-0.9878847809778634,-1.0,0.0,0.0,0.1551891088714631,-0.9878847809778634,0.095,1.0
0.0,0.9880441106639436,0.15417144801258365,0.0,0.15417144801258365,-0.9880441106639436,-1.0,0.0,0.0,0.15417144801258342,-0.9880441106639436,0.095,1.0
0.0,0.9882018397174832,0.15315718716071292,0.0,0.15315718716071292,-0.9882018397174832,-1.0,0.0,0.0,0.1531571871607127,-0.9882018397174832,0.095,1.0
0.0,0.988357978539012,0.1521463317279712,0.0,0.1521463317279712,-0.988357978539012,-1.0,0.0,0.0,0.15214633172797087,-0.9883579785390121,0.095,1.0
0.0,0.9885125375130139,0.1511388870528768,0.0,0.1511388870528768,-0.9885125375130139,-1.0,0.0,0.0,0.1511388870528766,-0.9885125375130139,0.095,1.0
0.0,0.9886655270075467,0.15013485840033902,0.0,0.15013485840033902,-0.9886655270075467,-1.0,0.0,0.0,0.1501348584003389,-0.9886655270075465,0.095,1.0
0.0,0.9888169573738638,0.1491342509616569,0.0,0.1491342509616569,-0.9888169573738638,-1.0,0.0,0.0,0.14913425096165667,-0.9888169573738639,0.095,1.0
0.0,0.9889668389460384,0.14813706985451192,0.0,0.14813706985451192,-0.9889668389460384,-1.0,0.0,0.0,0.14813706985451158,-0.9889668389460384,0.095,1.0
0.0,0.9891151820405909,0.1471433201229626,0.0,0.1471433201229626,-0.9891151820405909,-1.0,0.0,0.0,0.14714332012296238,-0.9891151820405909,0.095,1.0
0.0,0.9892619969561156,0.14615300673745435,0.0,0.14615300673745435,-0.9892619969561156,-1.0,0.0,0.0,0.14615300673745424,-0.9892619969561155,0.095,1.0
0.0,0.9894072939729127,0.14516613459480943,0.0,0.14516613459480943,-0.9894072939729127,-1.0,0.0,0.0,0.1451661345948092,-0.9894072939729127,0.095,1.0
0.0,0.989551083352622,0.14418270851822745,0.0,0.14418270851822745,-0.989551083352622,-1.0,0.0,0.0,0.14418270851822712,-0.9895510833526219,0.095,1.0
0.0,0.9896933753378564,0.14320273325729815,0.0,0.14320273325729815,-0.9896933753378564,-1.0,0.0,0.0,0.14320273325729793,-0.9896933753378564,0.095,1.0
0.0,0.9898341801518422,0.14222621348798659,0.0,0.14222621348798659,-0.9898341801518422,-1.0,0.0,0.0,0.14222621348798625,-0.9898341801518422,0.095,1.0
0.0,0.9899735079980568,0.1412531538126537,0.0,0.1412531538126537,-0.9899735079980568,-1.0,0.0,0.0,0.14125315381265346,-0.9899735079980567,0.095,1.0
0.0,0.9901113690598736,0.14028355876004373,0.0,0.14028355876004373,-0.9901113690598736,-1.0,0.0,0.0,0.1402835587600435,-0.9901113690598736,0.095,1.0
0.0,0.9902477735002045,0.13931743278530329,0.0,0.13931743278530329,-0.9902477735002045,-1.0,0.0,0.0,0.13931743278530295,-0.9902477735002047,0.095,1.0
0.0,0.9903827314611482,0.13835478026998282,0.0,0.13835478026998282,-0.9903827314611482,-1.0,0.0,0.0,0.1383547802699826,-0.9903827314611482,0.095,1.0
0.0,0.9905162530636398,0.13739560552203778,0.0,0.13739560552203778,-0.9905162530636398,-1.0,0.0,0.0,0.13739560552203756,-0.9905162530636398,0.095,1.0
0.0,0.9906483484071031,0.13643991277583956,0.0,0.13643991277583956,-0.9906483484071031,-1.0,0.0,0.0,0.13643991277583922,-0.9906483484071031,0.095,1.0
0.0,0.9907790275691042,0.13548770619218686,0.0,0.13548770619218686,-0.9907790275691042,-1.0,0.0,0.0,0.13548770619218664,-0.9907790275691042,0.095,1.0
0.0,0.9909083006050078,0.1345389898583137,0.0,0.1345389898583137,-0.9909083006050078,-1.0,0.0,0.0,0.13453898985831336,-0.9909083006050078,0.095,1.0
0.0,0.9910361775476391,0.13359376778788923,0.0,0.13359376778788923,-0.9910361775476391,-1.0,0.0,0.0,0.1335937677878889,-0.9910361775476391,0.095,1.0
0.0,0.9911626684069412,0.13265204392104912,0.0,0.13265204392104912,-0.9911626684069412,-1.0,0.0,0.0,0.1326520439210488,-0.9911626684069412,0.095,1.0
0.0,0.9912877831696437,0.13171382212438265,0.0,0.13171382212438265,-0.9912877831696437,-1.0,0.0,0.0,0.13171382212438232,-0.9912877831696437,0.095,1.0
0.0,0.9914115317989269,0.130779106190956,0.0,0.130779106190956,-0.9914115317989269,-1.0,0.0,0.0,0.13077910619095567,-0.9914115317989269,0.095,1.0
0.0,0.9915339242340909,0.1298478998403283,0.0,0.1298478998403283,-0.9915339242340909,-1.0,0.0,0.0,0.12984789984032796,-0.9915339242340909,0.095,1.0
0.0,0.991654970390228,0.12892020671855942,0.0,0.12892020671855942,-0.991654970390228,-1.0,0.0,0.0,0.12892020671855908,-0.991654970390228,0.095,1.0
0.0,0.9917746801578963,0.12799603039822194,0.0,0.12799603039822194,-0.9917746801578963,-1.0,0.0,0.0,0.1279960303982216,-0.9917746801578963,0.095,1.0
0.0,0.9918930634027964,0.12707537437842253,0.0,0.12707537437842253,-0.9918930634027964,-1.0,0.0,0.0,0.1270753743784223,-0.9918930634027964,0.095,1.0
0.0,0.9920101299654515,0.1261582420848043,0.0,0.1261582420848043,-0.9920101299654515,-1.0,0.0,0.0,0.12615824208480408,-0.9920101299654515,0.095,1.0
0.0,0.9921258896608874,0.12524463686957898,0.0,0.12524463686957898,-0.9921258896608874,-1.0,0.0,0.0,0.12524463686957876,-0.9921258896608874,0.095,1.0
0.0,0.9922403522783185,0.12433456201152715,0.0,0.12433456201152715,-0.9922403522783185,-1.0,0.0,0.0,0.12433456201152693,-0.9922403522783185,0.095,1.0
0.0,0.9923535275808332,0.12342802071602899,0.0,0.12342802071602899,-0.9923535275808332,-1.0,0.0,0.0,0.12342802071602865,-0.9923535275808332,0.095,1.0
0.0,0.9924654253050851,0.12252501611506394,0.0,0.12252501611506394,-0.9924654253050851,-1.0,0.0,0.0,0.12252501611506361,-0.9924654253050851,0.095,1.0
0.0,0.9925760551609829,0.12162555126724561,0.0,0.12162555126724561,-0.9925760551609829,-1.0,0.0,0.0,0.12162555126724539,-0.9925760551609829,0.095,1.0
0.0,0.9926854268313869,0.12072962915782992,0.0,0.12072962915782992,-0.9926854268313869,-1.0,0.0,0.0,0.12072962915782959,-0.9926854268313869,0.095,1.0
0.0,0.992793549971805,0.11983725269873713,0.0,0.11983725269873713,-0.992793549971805,-1.0,0.0,0.0,0.1198372526987368,-0.992793549971805,0.095,1.0
0.0,0.9929004342100936,0.11894842472856748,0.0,0.11894842472856748,-0.9929004342100936,-1.0,0.0,0.0,0.11894842472856726,-0.9929004342100936,0.095,1.0
0.0,0.9930060891461588,0.11806314801262396,0.0,0.11806314801262396,-0.9930060891461588,-1.0,0.0,0.0,0.11806314801262363,-0.9930060891461588,0.095,1.0
0.0,0.9931105243516628,0.11718142524293385,0.0,0.11718142524293385,-0.9931105243516628,-1.0,0.0,0.0,0.11718142524293362,-0.9931105243516628,0.095,1.0
0.0,0.9932137493697315,0.11630325903825811,0.0,0.11630325903825811,-0.9932137493697315,-1.0,0.0,0.0,0.11630325903825778,-0.9932137493697314,0.095,1.0
0.0,0.9933157737146641,0.11542865194412677,0.0,0.11542865194412677,-0.9933157737146641,-1.0,0.0,0.0,0.11542865194412644,-0.9933157737146641,0.095,1.0
0.0,0.9934166068716467,0.11455760643285218,0.0,0.11455760643285218,-0.9934166068716467,-1.0,0.0,0.0,0.11455760643285195,-0.9934166068716466,0.095,1.0
0.0,0.9935162582964692,0.11369012490354424,0.0,0.11369012490354424,-0.9935162582964692,-1.0,0.0,0.0,0.11369012490354391,-0.9935162582964691,0.095,1.0
0.0,0.993614737415242,0.11282620968214663,0.0,0.11282620968214663,-0.993614737415242,-1.0,0.0,0.0,0.1128262096821463,-0.993614737415242,0.095,1.0
0.0,0.9937120536241179,0.11196586302145084,0.0,0.11196586302145084,-0.9937120536241179,-1.0,0.0,0.0,0.1119658630214505,-0.9937120536241179,0.095,1.0
0.0,0.9938082162890172,0.11110908710111,0.0,0.11110908710111,-0.9938082162890172,-1.0,0.0,0.0,0.11110908710110967,-0.9938082162890172,0.095,1.0
0.0,0.9939032347453528,0.11025588402767539,0.0,0.11025588402767539,-0.9939032347453528,-1.0,0.0,0.0,0.11025588402767506,-0.9939032347453528,0.095,1.0
0.0,0.9939971182977599,0.10940625583461405,0.0,0.10940625583461405,-0.9939971182977599,-1.0,0.0,0.0,0.10940625583461372,-0.9939971182977599,0.095,1.0
0.0,0.9940898762198286,0.10856020448233283,0.0,0.10856020448233283,-0.9940898762198286,-1.0,0.0,0.0,0.1085602044823325,-0.9940898762198286,0.095,1.0
0.0,0.9941815177538391,0.10771773185819022,0.0,0.10771773185819022,-0.9941815177538391,-1.0,0.0,0.0,0.10771773185819,-0.9941815177538391,0.095,1.0
0.0,0.9942720521104975,0.10687883977654322,0.0,0.10687883977654322,-0.9942720521104975,-1.0,0.0,0.0,0.106878839776543,-0.9942720521104975,0.095,1.0
0.0,0.9943614884686788,0.10604352997874833,0.0,0.10604352997874833,-0.9943614884686788,-1.0,0.0,0.0,0.10604352997874811,-0.9943614884686788,0.095,1.0
0.0,0.9944498359751678,0.10521180413319575,0.0,0.10521180413319575,-0.9944498359751678,-1.0,0.0,0.0,0.10521180413319542,-0.9944498359751678,0.095,1.0
0.0,0.9945371037444057,0.10438366383533937,0.0,0.10438366383533937,-0.9945371037444057,-1.0,0.0,0.0,0.10438366383533915,-0.9945371037444056,0.095,1.0
0.0,0.9946233008582406,0.10355911060769984,0.0,0.10355911060769984,-0.9946233008582406,-1.0,0.0,0.0,0.10355911060769962,-0.9946233008582406,0.095,1.0
0.0,0.9947084363656754,0.10273814589991948,0.0,0.10273814589991948,-0.9947084363656754,-1.0,0.0,0.0,0.10273814589991925,-0.9947084363656754,0.095,1.0
0.0,0.9947925192826259,0.10192077108875452,0.0,0.10192077108875452,-0.9947925192826259,-1.0,0.0,0.0,0.1019207710887543,-0.994792519282626,0.095,1.0
0.0,0.9948755585916755,0.1011069874781243,0.0,0.1011069874781243,-0.9948755585916755,-1.0,0.0,0.0,0.10110698747812397,-0.9948755585916755,0.095,1.0
0.0,0.9949575632418358,0.10029679629912513,0.0,0.10029679629912513,-0.9949575632418358,-1.0,0.0,0.0,0.1002967962991248,-0.9949575632418358,0.095,1.0
0.0,0.9950385421483096,0.09949019871005826,0.0,0.09949019871005826,-0.9950385421483096,-1.0,0.0,0.0,0.09949019871005804,-0.9950385421483096,0.095,1.0
0.0,0.9951185041922564,0.09868719579644569,0.0,0.09868719579644569,-0.9951185041922564,-1.0,0.0,0.0,0.09868719579644547,-0.9951185041922563,0.095,1.0
0.0,0.9951974582205607,0.09788778857107383,0.0,0.09788778857107383,-0.9951974582205607,-1.0,0.0,0.0,0.09788778857107361,-0.9951974582205606,0.095,1.0
0.0,0.9952754130456035,0.09709197797399771,0.0,0.09709197797399771,-0.9952754130456035,-1.0,0.0,0.0,0.09709197797399738,-0.9952754130456035,0.095,1.0
0.0,0.9953523774450365,0.09629976487257708,0.0,0.09629976487257708,-0.9953523774450365,-1.0,0.0,0.0,0.09629976487257674,-0.9953523774450364,0.095,1.0
0.0,0.9954283601615586,0.09551115006150013,0.0,0.09551115006150013,-0.9954283601615586,-1.0,0.0,0.0,0.0955111500614999,-0.9954283601615583,0.095,1.0
0.0,0.9955033699026961,0.09472613426280974,0.0,0.09472613426280974,-0.9955033699026961,-1.0,0.0,0.0,0.09472613426280951,-0.9955033699026962,0.095,1.0
0.0,0.9955774153405857,0.09394471812592098,0.0,0.09394471812592098,-0.9955774153405857,-1.0,0.0,0.0,0.09394471812592065,-0.9955774153405856,0.095,1.0
0.0,0.9956505051117598,0.093166902227656,0.0,0.093166902227656,-0.9956505051117598,-1.0,0.0,0.0,0.09316690222765567,-0.9956505051117598,0.095,1.0
0.0,0.9957226478169348,0.09239268707225956,0.0,0.09239268707225956,-0.9957226478169348,-1.0,0.0,0.0,0.09239268707225934,-0.9957226478169348,0.095,1.0
0.0,0.9957938520208028,0.09162207309143078,0.0,0.09162207309143078,-0.9957938520208028,-1.0,0.0,0.0,0.09162207309143044,-0.9957938520208028,0.095,1.0
0.0,0.9958641262518261,0.09085506064434112,0.0,0.09085506064434112,-0.9958641262518261,-1.0,0.0,0.0,0.0908550606443409,-0.995864126251826,0.095,1.0
0.0,0.9959334790020337,0.0900916500176675,0.0,0.0900916500176675,-0.9959334790020337,-1.0,0.0,0.0,0.09009165001766728,-0.9959334790020336,0.095,1.0
0.0,0.9960019187268219,0.0893318414256048,0.0,0.0893318414256048,-0.9960019187268219,-1.0,0.0,0.0,0.08933184142560446,-0.996001918726822,0.095,1.0
0.0,0.996069453844757,0.08857563500990306,0.0,0.08857563500990306,-0.996069453844757,-1.0,0.0,0.0,0.08857563500990273,-0.996069453844757,0.095,1.0
0.0,0.9961360927373815,0.08782303083988308,0.0,0.08782303083988308,-0.9961360927373815,-1.0,0.0,0.0,0.08782303083988274,-0.9961360927373815,0.095,1.0
0.0,0.9962018437490227,0.08707402891245963,0.0,0.08707402891245963,-0.9962018437490227,-1.0,0.0,0.0,0.0870740289124593,-0.9962018437490227,0.095,1.0
0.0,0.9962667151866045,0.08632862915217143,0.0,0.08632862915217143,-0.9962667151866045,-1.0,0.0,0.0,0.08632862915217121,-0.9962667151866045,0.095,1.0
0.0,0.9963307153194616,0.08558683141120493,0.0,0.08558683141120493,-0.9963307153194616,-1.0,0.0,0.0,0.0855868314112046,-0.9963307153194616,0.095,1.0
0.0,0.9963938523791585,0.08484863546940458,0.0,0.08484863546940458,-0.9963938523791585,-1.0,0.0,0.0,0.08484863546940435,-0.9963938523791585,0.095,1.0
0.0,0.9964561345593079,0.0841140410343153,0.0,0.0841140410343153,-0.9964561345593079,-1.0,0.0,0.0,0.08411404103431508,-0.996456134559308,0.095,1.0
0.0,0.9965175700153966,0.08338304774118666,0.0,0.08338304774118666,-0.9965175700153966,-1.0,0.0,0.0,0.08338304774118632,-0.9965175700153968,0.095,1.0
0.0,0.99657816686461,0.08265565515301121,0.0,0.08265565515301121,-0.99657816686461,-1.0,0.0,0.0,0.08265565515301099,-0.99657816686461,0.095,1.0
0.0,0.9966379331856621,0.08193186276053954,0.0,0.08193186276053954,-0.9966379331856621,-1.0,0.0,0.0,0.08193186276053932,-0.9966379331856621,0.095,1.0
0.0,0.9966968770186277,0.08121166998230256,0.0,0.08121166998230256,-0.9966968770186277,-1.0,0.0,0.0,0.08121166998230223,-0.9966968770186277,0.095,1.0
0.0,0.9967550063647791,0.08049507616462814,0.0,0.08049507616462814,-0.9967550063647791,-1.0,0.0,0.0,0.08049507616462781,-0.9967550063647791,0.095,1.0
0.0,0.9968123291864215,0.07978208058167713,0.0,0.07978208058167713,-0.9968123291864215,-1.0,0.0,0.0,0.0797820805816769,-0.9968123291864215,0.095,1.0
0.0,0.9968688534067367,0.0790726824354534,0.0,0.0790726824354534,-0.9968688534067367,-1.0,0.0,0.0,0.07907268243545307,-0.9968688534067367,0.095,1.0
0.0,0.9969245869096262,0.07836688085582588,0.0,0.07836688085582588,-0.9969245869096262,-1.0,0.0,0.0,0.07836688085582555,-0.9969245869096262,0.095,1.0
0.0,0.9969795375395583,0.07766467490055251,0.0,0.07766467490055251,-0.9969795375395583,-1.0,0.0,0.0,0.07766467490055229,-0.9969795375395583,0.095,1.0
0.0,0.9970337131014184,0.07696606355529956,0.0,0.07696606355529956,-0.9970337131014184,-1.0,0.0,0.0,0.07696606355529934,-0.9970337131014184,0.095,1.0
0.0,0.9970871213603623,0.07627104573366117,0.0,0.07627104573366117,-0.9970871213603623,-1.0,0.0,0.0,0.07627104573366095,-0.9970871213603621,0.095,1.0
0.0,0.9971397700416718,0.07557962027717524,0.0,0.07557962027717524,-0.9971397700416718,-1.0,0.0,0.0,0.07557962027717491,-0.9971397700416719,0.095,1.0
0.0,0.9971916668306141,0.07489178595534696,0.0,0.07489178595534696,-0.9971916668306141,-1.0,0.0,0.0,0.07489178595534673,-0.9971916668306141,0.095,1.0
0.0,0.997242819372303,0.07420754146567732,0.0,0.07420754146567732,-0.997242819372303,-1.0,0.0,0.0,0.0742075414656771,-0.997242819372303,0.095,1.0
0.0,0.9972932352715653,0.07352688543365804,0.0,0.07352688543365804,-0.9972932352715653,-1.0,0.0,0.0,0.07352688543365771,-0.9972932352715653,0.095,1.0
0.0,0.9973429220928077,0.07284981641280752,0.0,0.07284981641280752,-0.9973429220928077,-1.0,0.0,0.0,0.07284981641280719,-0.9973429220928076,0.095,1.0
0.0,0.9973918873598878,0.0721763328846855,0.0,0.0721763328846855,-0.9973918873598878,-1.0,0.0,0.0,0.07217633288468517,-0.9973918873598878,0.095,1.0
0.0,0.9974401385559881,0.07150643325891237,0.0,0.07150643325891237,-0.9974401385559881,-1.0,0.0,0.0,0.07150643325891204,-0.9974401385559881,0.095,1.0
0.0,0.9974876831234938,0.07084011587317218,0.0,0.07084011587317218,-0.9974876831234938,-1.0,0.0,0.0,0.07084011587317185,-0.9974876831234938,0.095,1.0
0.0,0.9975345284638713,0.07017737899324883,0.0,0.07017737899324883,-0.9975345284638713,-1.0,0.0,0.0,0.0701773789932485,-0.9975345284638713,0.095,1.0
0.0,0.9975806819375519,0.06951822081302805,0.0,0.06951822081302805,-0.9975806819375519,-1.0,0.0,0.0,0.06951822081302783,-0.9975806819375519,0.095,1.0
0.0,0.9976261508638181,0.06886263945451443,0.0,0.06886263945451443,-0.9976261508638181,-1.0,0.0,0.0,0.06886263945451421,-0.9976261508638181,0.095,1.0
0.0,0.9976709425206912,0.06821063296785601,0.0,0.06821063296785601,-0.9976709425206912,-1.0,0.0,0.0,0.06821063296785579,-0.9976709425206912,0.095,1.0
0.0,0.9977150641448244,0.06756219933134877,0.0,0.06756219933134877,-0.9977150641448244,-1.0,0.0,0.0,0.06756219933134844,-0.9977150641448244,0.095,1.0
0.0,0.9977585229313973,0.06691733645144782,0.0,0.06691733645144782,-0.9977585229313973,-1.0,0.0,0.0,0.0669173364514476,-0.9977585229313971,0.095,1.0
0.0,0.9978013260340133,0.06627604216279592,0.0,0.06627604216279592,-0.9978013260340133,-1.0,0.0,0.0,0.06627604216279559,-0.9978013260340133,0.095,1.0
0.0,0.997843480564601,0.06563831422822042,0.0,0.06563831422822042,-0.997843480564601,-1.0,0.0,0.0,0.0656383142282202,-0.997843480564601,0.095,1.0
0.0,0.9978849935933182,0.06500415033875351,0.0,0.06500415033875351,-0.9978849935933182,-1.0,0.0,0.0,0.06500415033875317,-0.9978849935933182,0.095,1.0
0.0,0.997925872148458,0.06437354811364249,0.0,0.06437354811364249,-0.997925872148458,-1.0,0.0,0.0,0.06437354811364226,-0.997925872148458,0.095,1.0
0.0,0.997966123216359,0.06374650510036473,0.0,0.06374650510036473,-0.997966123216359,-1.0,0.0,0.0,0.06374650510036439,-0.997966123216359,0.095,1.0
0.0,0.9980057537413186,0.06312301877463178,0.0,0.06312301877463178,-0.9980057537413186,-1.0,0.0,0.0,0.06312301877463145,-0.9980057537413185,0.095,1.0
0.0,0.998044770625508,0.06250308654040215,0.0,0.06250308654040215,-0.998044770625508,-1.0,0.0,0.0,0.06250308654040193,-0.998044770625508,0.095,1.0
0.0,0.9980831807288919,0.06188670572989141,0.0,0.06188670572989141,-0.9980831807288919,-1.0,0.0,0.0,0.06188670572989119,-0.9980831807288918,0.095,1.0
0.0,0.998120990869149,0.061273873603586604,0.0,0.061273873603586604,-0.998120990869149,-1.0,0.0,0.0,0.06127387360358627,-0.9981209908691491,0.095,1.0
0.0,0.9981582078215981,0.060664587350243604,0.0,0.060664587350243604,-0.9981582078215981,-1.0,0.0,0.0,0.06066458735024338,-0.9981582078215981,0.095,1.0
0.0,0.9981948383191258,0.06005884408689821,0.0,0.06005884408689821,-0.9981948383191258,-1.0,0.0,0.0,0.06005884408689799,-0.9981948383191258,0.095,1.0
0.0,0.9982308890521159,0.05945664085888447,0.0,0.05945664085888447,-0.9982308890521159,-1.0,0.0,0.0,0.059456640858884136,-0.9982308890521159,0.095,1.0
0.0,0.9982663666683848,0.05885797463982212,0.0,0.05885797463982212,-0.9982663666683848,-1.0,0.0,0.0,0.0588579746398219,-0.9982663666683848,0.095,1.0
0.0,0.9983012777731167,0.0582628423316478,0.0,0.0582628423316478,-0.9983012777731167,-1.0,0.0,0.0,0.05826284233164747,-0.9983012777731168,0.095,1.0
0.0,0.9983356289288053,0.057671240764584186,0.0,0.057671240764584186,-0.9983356289288053,-1.0,0.0,0.0,0.05767124076458385,-0.9983356289288053,0.095,1.0
0.0,0.998369426655194,0.05708316669719027,0.0,0.05708316669719027,-0.998369426655194,-1.0,0.0,0.0,0.057083166697190046,-0.998369426655194,0.095,1.0
0.0,0.9984026774292241,0.05649861681631552,0.0,0.05649861681631552,-0.9984026774292241,-1.0,0.0,0.0,0.056498616816315184,-0.9984026774292241,0.095,1.0
0.0,0.9984353876849809,0.05591758773715094,0.0,0.05591758773715094,-0.9984353876849809,-1.0,0.0,0.0,0.05591758773715072,-0.9984353876849809,0.095,1.0
0.0,0.9984675638136475,0.05534007600319679,0.0,0.05534007600319679,-0.9984675638136475,-1.0,0.0,0.0,0.05534007600319646,-0.9984675638136475,0.095,1.0
0.0,0.9984992121634585,0.054766078086281755,0.0,0.054766078086281755,-0.9984992121634585,-1.0,0.0,0.0,0.05476607808628142,-0.9984992121634585,0.095,1.0
0.0,0.998530339039657,0.054195590386557635,0.0,0.054195590386557635,-0.998530339039657,-1.0,0.0,0.0,0.05419559038655741,-0.998530339039657,0.095,1.0
0.0,0.9985609507044563,0.053628609232503344,0.0,0.053628609232503344,-0.9985609507044563,-1.0,0.0,0.0,0.05362860923250312,-0.9985609507044564,0.095,1.0
0.0,0.9985910533770017,0.053065130880928346,0.0,0.053065130880928346,-0.9985910533770017,-1.0,0.0,0.0,0.05306513088092801,-0.9985910533770017,0.095,1.0
0.0,0.9986206532333394,0.05250515151695645,0.0,0.05250515151695645,-0.9986206532333394,-1.0,0.0,0.0,0.05250515151695612,-0.9986206532333395,0.095,1.0
0.0,0.9986497564063831,0.051948667254047565,0.0,0.051948667254047565,-0.9986497564063831,-1.0,0.0,0.0,0.05194866725404734,-0.9986497564063831,0.095,1.0
0.0,0.9986783689858887,0.05139567413397006,0.0,0.05139567413397006,-0.9986783689858887,-1.0,0.0,0.0,0.05139567413396984,-0.9986783689858887,0.095,1.0
0.0,0.9987064970184277,0.05084616812682308,0.0,0.05084616812682308,-0.9987064970184277,-1.0,0.0,0.0,0.050846168126822744,-0.9987064970184278,0.095,1.0
0.0,0.998734146507367,0.05030014513101577,0.0,0.05030014513101577,-0.998734146507367,-1.0,0.0,0.0,0.05030014513101555,-0.998734146507367,0.095,1.0
0.0,0.9987613234128488,0.04975760097326598,0.0,0.04975760097326598,-0.9987613234128488,-1.0,0.0,0.0,0.04975760097326576,-0.998761323412849,0.095,1.0
0.0,0.9987880336517757,0.049218531408599886,0.0,0.049218531408599886,-0.9987880336517757,-1.0,0.0,0.0,0.04921853140859955,-0.9987880336517757,0.095,1.0
0.0,0.9988142830977969,0.048682932120344136,0.0,0.048682932120344136,-0.9988142830977969,-1.0,0.0,0.0,0.0486829321203438,-0.9988142830977969,0.095,1.0
0.0,0.9988400775812988,0.048150798720114185,0.0,0.048150798720114185,-0.9988400775812988,-1.0,0.0,0.0,0.04815079872011396,-0.9988400775812988,0.095,1.0
0.0,0.9988654228893975,0.04762212674781574,0.0,0.04762212674781574,-0.9988654228893975,-1.0,0.0,0.0,0.04762212674781541,-0.9988654228893974,0.095,1.0
0.0,0.9988903247659348,0.04709691167163088,0.0,0.04709691167163088,-0.9988903247659348,-1.0,0.0,0.0,0.04709691167163055,-0.9988903247659349,0.095,1.0
0.0,0.9989147889114762,0.04657514888801528,0.0,0.04657514888801528,-0.9989147889114762,-1.0,0.0,0.0,0.04657514888801495,-0.9989147889114762,0.095,1.0
0.0,0.9989388209833144,0.04605683372167013,0.0,0.04605683372167013,-0.9989388209833144,-1.0,0.0,0.0,0.0460568337216698,-0.9989388209833145,0.095,1.0
0.0,0.9989624265954714,0.04554196142556166,0.0,0.04554196142556166,-0.9989624265954714,-1.0,0.0,0.0,0.04554196142556144,-0.9989624265954713,0.095,1.0
0.0,0.9989856113187076,0.04503052718088174,0.0,0.04503052718088174,-0.9989856113187076,-1.0,0.0,0.0,0.04503052718088152,-0.9989856113187076,0.095,1.0
0.0,0.9990083806805311,0.04452252609705731,0.0,0.04452252609705731,-0.9990083806805311,-1.0,0.0,0.0,0.04452252609705709,-0.999008380680531,0.095,1.0
0.0,0.9990307401652117,0.04401795321172197,0.0,0.04401795321172197,-0.9990307401652117,-1.0,0.0,0.0,0.04401795321172175,-0.9990307401652117,0.095,1.0
0.0,0.9990526952137964,0.04351680349071363,0.0,0.04351680349071363,-0.9990526952137964,-1.0,0.0,0.0,0.04351680349071341,-0.9990526952137964,0.095,1.0
0.0,0.9990742512241286,0.04301907182804743,0.0,0.04301907182804743,-0.9990742512241286,-1.0,0.0,0.0,0.043019071828047095,-0.9990742512241287,0.095,1.0
0.0,0.99909541355087,0.0425247530459163,0.0,0.0425247530459163,-0.99909541355087,-1.0,0.0,0.0,0.042524753045915964,-0.99909541355087,0.095,1.0
0.0,0.9991161875055243,0.04203384189466863,0.0,0.04203384189466863,-0.9991161875055243,-1.0,0.0,0.0,0.0420338418946683,-0.9991161875055243,0.095,1.0
0.0,0.9991365783564664,0.0415463330527821,0.0,0.0415463330527821,-0.9991365783564664,-1.0,0.0,0.0,0.04154633305278177,-0.9991365783564664,0.095,1.0
0.0,0.9991565913289713,0.04106222112685809,0.0,0.04106222112685809,-0.9991565913289713,-1.0,0.0,0.0,0.04106222112685787,-0.9991565913289712,0.095,1.0
0.0,0.9991762316052482,0.04058150065159705,0.0,0.04058150065159705,-0.9991762316052482,-1.0,0.0,0.0,0.040581500651596936,-0.9991762316052479,0.095,1.0
0.0,0.9991955043244752,0.04010416608979217,0.0,0.04010416608979217,-0.9991955043244752,-1.0,0.0,0.0,0.04010416608979195,-0.9991955043244752,0.095,1.0
0.0,0.9992144145828402,0.03963021183228599,0.0,0.03963021183228599,-0.9992144145828402,-1.0,0.0,0.0,0.039630211832285656,-0.9992144145828401,0.095,1.0
0.0,0.9992329674335809,0.0391596321979677,0.0,0.0391596321979677,-0.9992329674335809,-1.0,0.0,0.0,0.039159632197967364,-0.9992329674335808,0.095,1.0
0.0,0.9992511678870298,0.038692421433748625,0.0,0.038692421433748625,-0.9992511678870298,-1.0,0.0,0.0,0.03869242143374829,-0.9992511678870298,0.095,1.0
0.0,0.9992690209106619,0.03822857371452826,0.0,0.03822857371452826,-0.9992690209106619,-1.0,0.0,0.0,0.038228573714528036,-0.9992690209106619,0.095,1.0
0.0,0.9992865314291436,0.03776808314319369,0.0,0.03776808314319369,-0.9992865314291436,-1.0,0.0,0.0,0.037768083143193354,-0.9992865314291436,0.095,1.0
0.0,0.9993037043243868,0.03731094375057664,0.0,0.03731094375057664,-0.9993037043243868,-1.0,0.0,0.0,0.03731094375057642,-0.9993037043243869,0.095,1.0
0.0,0.999320544435604,0.036857149495422625,0.0,0.036857149495422625,-0.999320544435604,-1.0,0.0,0.0,0.03685714949542229,-0.999320544435604,0.095,1.0
0.0,0.9993370565593666,0.03640669426439769,0.0,0.03640669426439769,-0.9993370565593666,-1.0,0.0,0.0,0.036406694264397466,-0.9993370565593666,0.095,1.0
0.0,0.9993532454496662,0.035959571872022256,0.0,0.035959571872022256,-0.9993532454496662,-1.0,0.0,0.0,0.03595957187202192,-0.9993532454496662,0.095,1.0
0.0,0.9993691158179789,0.03551577606066181,0.0,0.03551577606066181,-0.9993691158179789,-1.0,0.0,0.0,0.035515776060661586,-0.9993691158179789,0.095,1.0
0.0,0.9993846723333305,0.03507530050051899,0.0,0.03507530050051899,-0.9993846723333305,-1.0,0.0,0.0,0.03507530050051866,-0.9993846723333305,0.095,1.0
0.0,0.9993999196223678,0.034638138789559236,0.0,0.034638138789559236,-0.9993999196223678,-1.0,0.0,0.0,0.034638138789559014,-0.9993999196223678,0.095,1.0
0.0,0.9994148622694294,0.03420428445351975,0.0,0.03420428445351975,-0.9994148622694294,-1.0,0.0,0.0,0.03420428445351953,-0.9994148622694294,0.095,1.0
0.0,0.9994295048166214,0.03377373094585501,0.0,0.03377373094585501,-0.9994295048166214,-1.0,0.0,0.0,0.033773730945854785,-0.9994295048166214,0.095,1.0
0.0,0.9994438517638933,0.03334647164773075,0.0,0.03334647164773075,-0.9994438517638933,-1.0,0.0,0.0,0.033346471647730414,-0.9994438517638933,0.095,1.0
0.0,0.9994579075691203,0.032922499867957034,0.0,0.032922499867957034,-0.9994579075691203,-1.0,0.0,0.0,0.0329224998679567,-0.9994579075691203,0.095,1.0
0.0,0.9994716766481851,0.03250180884298104,0.0,0.03250180884298104,-0.9994716766481851,-1.0,0.0,0.0,0.03250180884298082,-0.9994716766481851,0.095,1.0
0.0,0.9994851633750631,0.03208439173684663,0.0,0.03208439173684663,-0.9994851633750631,-1.0,0.0,0.0,0.03208439173684641,-0.9994851633750631,0.095,1.0
0.0,0.9994983720819113,0.03167024164115484,0.0,0.03167024164115484,-0.9994983720819113,-1.0,0.0,0.0,0.031670241641154506,-0.9994983720819113,0.095,1.0
0.0,0.9995113070591592,0.03125935157502624,0.0,0.03125935157502624,-0.9995113070591592,-1.0,0.0,0.0,0.03125935157502591,-0.9995113070591592,0.095,1.0
0.0,0.9995239725556017,0.030851714485077952,0.0,0.030851714485077952,-0.9995239725556017,-1.0,0.0,0.0,0.03085171448507773,-0.9995239725556017,0.095,1.0
0.0,0.9995363727784958,0.030447323245366698,0.0,0.030447323245366698,-0.9995363727784958,-1.0,0.0,0.0,0.030447323245366364,-0.9995363727784958,0.095,1.0
0.0,0.999548511893659,0.030046170657368698,0.0,0.030046170657368698,-0.999548511893659,-1.0,0.0,0.0,0.030046170657368365,-0.999548511893659,0.095,1.0
0.0,0.9995603940255713,0.029648249449921282,0.0,0.029648249449921282,-0.9995603940255713,-1.0,0.0,0.0,0.02964824944992106,-0.9995603940255713,0.095,1.0
0.0,0.9995720232574778,0.029253552279206008,0.0,0.029253552279206008,-0.9995720232574778,-1.0,0.0,0.0,0.029253552279205675,-0.9995720232574778,0.095,1.0
0.0,0.999583403631497,0.02886207172868327,0.0,0.02886207172868327,-0.999583403631497,-1.0,0.0,0.0,0.028862071728683047,-0.9995834036314971,0.095,1.0
0.0,0.9995945391487286,0.028473800309068986,0.0,0.028473800309068986,-0.9995945391487286,-1.0,0.0,0.0,0.028473800309068653,-0.9995945391487286,0.095,1.0
0.0,0.9996054337693658,0.02808873045828264,0.0,0.02808873045828264,-0.9996054337693658,-1.0,0.0,0.0,0.028088730458282307,-0.9996054337693658,0.095,1.0
0.0,0.999616091412809,0.02770685454140498,0.0,0.02770685454140498,-0.999616091412809,-1.0,0.0,0.0,0.027706854541404757,-0.999616091412809,0.095,1.0
0.0,0.9996265159577835,0.027328164850627834,0.0,0.027328164850627834,-0.9996265159577835,-1.0,0.0,0.0,0.027328164850627612,-0.9996265159577835,0.095,1.0
0.0,0.9996367112424575,0.02695265360523358,0.0,0.02695265360523358,-0.9996367112424575,-1.0,0.0,0.0,0.026952653605233245,-0.9996367112424575,0.095,1.0
0.0,0.9996466810645646,0.02658031295151997,0.0,0.02658031295151997,-0.9996466810645646,-1.0,0.0,0.0,0.026580312951519858,-0.9996466810645643,0.095,1.0
0.0,0.9996564291815285,0.026211134962751625,0.0,0.026211134962751625,-0.9996564291815285,-1.0,0.0,0.0,0.026211134962751292,-0.9996564291815285,0.095,1.0
0.0,0.9996659593105889,0.025845111639148488,0.0,0.025845111639148488,-0.9996659593105889,-1.0,0.0,0.0,0.025845111639148155,-0.9996659593105889,0.095,1.0
0.0,0.999675275128931,0.02548223490779644,0.0,0.02548223490779644,-0.999675275128931,-1.0,0.0,0.0,0.02548223490779622,-0.999675275128931,0.095,1.0
0.0,0.9996843802738175,0.02512249662262045,0.0,0.02512249662262045,-0.9996843802738175,-1.0,0.0,0.0,0.025122496622620116,-0.9996843802738173,0.095,1.0
0.0,0.9996932783427221,0.024765888564329153,0.0,0.024765888564329153,-0.9996932783427221,-1.0,0.0,0.0,0.02476588856432882,-0.9996932783427223,0.095,1.0
0.0,0.9997019728934667,0.024412402440363024,0.0,0.024412402440363024,-0.9997019728934667,-1.0,0.0,0.0,0.02441240244036269,-0.9997019728934667,0.095,1.0
0.0,0.9997104674443601,0.024062029884839853,0.0,0.024062029884839853,-0.9997104674443601,-1.0,0.0,0.0,0.02406202988483963,-0.9997104674443601,0.095,1.0
0.0,0.9997187654743389,0.023714762458513894,0.0,0.023714762458513894,-0.9997187654743389,-1.0,0.0,0.0,0.02371476245851356,-0.9997187654743388,0.095,1.0
0.0,0.9997268704231121,0.023370591648694705,0.0,0.023370591648694705,-0.9997268704231121,-1.0,0.0,0.0,0.023370591648694372,-0.9997268704231121,0.095,1.0
0.0,0.9997347856913062,0.023029508869232163,0.0,0.023029508869232163,-0.9997347856913062,-1.0,0.0,0.0,0.02302950886923194,-0.9997347856913062,0.095,1.0
0.0,0.9997425146406146,0.022691505460424977,0.0,0.022691505460424977,-0.9997425146406146,-1.0,0.0,0.0,0.022691505460424644,-0.9997425146406146,0.095,1.0
0.0,0.9997500605939477,0.022356572688985388,0.0,0.022356572688985388,-0.9997500605939477,-1.0,0.0,0.0,0.022356572688985166,-0.9997500605939477,0.095,1.0
0.0,0.9997574268355863,0.02202470174797344,0.0,0.02202470174797344,-0.9997574268355863,-1.0,0.0,0.0,0.022024701747973108,-0.9997574268355862,0.095,1.0
0.0,0.999764616611337,0.02169588375675191,0.0,0.02169588375675191,-0.999764616611337,-1.0,0.0,0.0,0.021695883756751577,-0.999764616611337,0.095,1.0
0.0,0.9997716331286896,0.02137010976089948,0.0,0.02137010976089948,-0.9997716331286896,-1.0,0.0,0.0,0.021370109760899147,-0.9997716331286896,0.095,1.0
0.0,0.9997784795569775,0.02104737073219154,0.0,0.02104737073219154,-0.9997784795569775,-1.0,0.0,0.0,0.021047370732191206,-0.9997784795569775,0.095,1.0
0.0,0.9997851590275397,0.020727657568499924,0.0,0.020727657568499924,-0.9997851590275397,-1.0,0.0,0.0,0.020727657568499702,-0.9997851590275397,0.095,1.0
0.0,0.9997916746338852,0.020410961093771274,0.0,0.020410961093771274,-0.9997916746338852,-1.0,0.0,0.0,0.02041096109377094,-0.9997916746338852,0.095,1.0
0.0,0.9997980294318598,0.02009727205792089,0.0,0.02009727205792089,-0.9997980294318598,-1.0,0.0,0.0,0.020097272057920668,-0.9997980294318598,0.095,1.0
0.0,0.9998042264398148,0.019786581136810533,0.0,0.019786581136810533,-0.9998042264398148,-1.0,0.0,0.0,0.01978658113681031,-0.9998042264398148,0.095,1.0
0.0,0.9998102686387783,0.01947887893216249,0.0,0.01947887893216249,-0.9998102686387783,-1.0,0.0,0.0,0.01947887893216227,-0.9998102686387783,0.095,1.0
0.0,0.9998161589726285,0.019174155971504847,0.0,0.019174155971504847,-0.9998161589726285,-1.0,0.0,0.0,0.019174155971504514,-0.9998161589726285,0.095,1.0
0.0,0.9998219003482688,0.01887240270809687,0.0,0.01887240270809687,-0.9998219003482688,-1.0,0.0,0.0,0.018872402708096647,-0.9998219003482689,0.095,1.0
0.0,0.9998274956358053,0.018573609520871504,0.0,0.018573609520871504,-0.9998274956358053,-1.0,0.0,0.0,0.01857360952087117,-0.9998274956358053,0.095,1.0
0.0,0.9998329476687267,0.018277766714379085,0.0,0.018277766714379085,-0.9998329476687267,-1.0,0.0,0.0,0.018277766714378862,-0.9998329476687267,0.095,1.0
0.0,0.9998382592440862,0.017984864518686194,0.0,0.017984864518686194,-0.9998382592440862,-1.0,0.0,0.0,0.01798486451868586,-0.9998382592440863,0.095,1.0
0.0,0.9998434331226846,0.01769489308935024,0.0,0.01769489308935024,-0.9998434331226846,-1.0,0.0,0.0,0.017694893089350017,-0.9998434331226846,0.095,1.0
0.0,0.9998484720292573,0.017407842507316085,0.0,0.017407842507316085,-0.9998484720292573,-1.0,0.0,0.0,0.01740784250731575,-0.9998484720292573,0.095,1.0
0.0,0.9998533786526608,0.017123702778865657,0.0,0.017123702778865657,-0.9998533786526608,-1.0,0.0,0.0,0.017123702778865324,-0.9998533786526608,0.095,1.0
0.0,0.9998581556460638,0.016842463835541666,0.0,0.016842463835541666,-0.9998581556460638,-1.0,0.0,0.0,0.016842463835541333,-0.9998581556460638,0.095,1.0
0.0,0.9998628056271389,0.016564115534078994,0.0,0.016564115534078994,-0.9998628056271389,-1.0,0.0,0.0,0.01656411553407877,-0.9998628056271389,0.095,1.0
0.0,0.9998673311782559,0.016288647656330202,0.0,0.016288647656330202,-0.9998673311782559,-1.0,0.0,0.0,0.01628864765632998,-0.9998673311782558,0.095,1.0
0.0,0.9998717348466784,0.016016049909193253,0.0,0.016016049909193253,-0.9998717348466784,-1.0,0.0,0.0,0.01601604990919303,-0.9998717348466782,0.095,1.0
0.0,0.9998760191447614,0.015746311924533574,0.0,0.015746311924533574,-0.9998760191447614,-1.0,0.0,0.0,0.01574631192453324,-0.9998760191447614,0.095,1.0
0.0,0.999880186550151,0.015479423259131098,0.0,0.015479423259131098,-0.999880186550151,-1.0,0.0,0.0,0.015479423259130765,-0.999880186550151,0.095,1.0
0.0,0.9998842395059859,0.015215373394569465,0.0,0.015215373394569465,-0.9998842395059859,-1.0,0.0,0.0,0.015215373394569132,-0.9998842395059859,0.095,1.0
0.0,0.9998881804211013,0.014954151737197385,0.0,0.014954151737197385,-0.9998881804211013,-1.0,0.0,0.0,0.014954151737197163,-0.9998881804211013,0.095,1.0
0.0,0.9998920116702339,0.014695747618031607,0.0,0.014695747618031607,-0.9998920116702339,-1.0,0.0,0.0,0.014695747618031385,-0.9998920116702339,0.095,1.0
0.0,0.9998957355942293,0.014440150292678533,0.0,0.014440150292678533,-0.9998957355942293,-1.0,0.0,0.0,0.014440150292678311,-0.9998957355942293,0.095,1.0
0.0,0.999899354500251,0.014187348941269051,0.0,0.014187348941269051,-0.999899354500251,-1.0,0.0,0.0,0.014187348941268718,-0.999899354500251,0.095,1.0
0.0,0.9999028706619913,0.013937332668376046,0.0,0.013937332668376046,-0.9999028706619913,-1.0,0.0,0.0,0.013937332668375935,-0.9999028706619912,0.095,1.0
0.0,0.999906286319884,0.01369009050292569,0.0,0.01369009050292569,-0.999906286319884,-1.0,0.0,0.0,0.013690090502925467,-0.999906286319884,0.095,1.0
0.0,0.9999096036813181,0.013445611398120949,0.0,0.013445611398120949,-0.9999096036813181,-1.0,0.0,0.0,0.013445611398120727,-0.9999096036813181,0.095,1.0
0.0,0.9999128249208548,0.013203884231390628,0.0,0.013203884231390628,-0.9999128249208548,-1.0,0.0,0.0,0.013203884231390295,-0.9999128249208546,0.095,1.0
0.0,0.9999159521804447,0.012964897804251252,0.0,0.012964897804251252,-0.9999159521804447,-1.0,0.0,0.0,0.01296489780425103,-0.9999159521804447,0.095,1.0
0.0,0.9999189875696471,0.012728640842282868,0.0,0.012728640842282868,-0.9999189875696471,-1.0,0.0,0.0,0.012728640842282646,-0.9999189875696471,0.095,1.0
0.0,0.9999219331658519,0.01249510199500603,0.0,0.01249510199500603,-0.9999219331658519,-1.0,0.0,0.0,0.012495101995005697,-0.9999219331658519,0.095,1.0
0.0,0.9999247910145014,0.012264269835819963,0.0,0.012264269835819963,-0.9999247910145014,-1.0,0.0,0.0,0.012264269835819741,-0.9999247910145014,0.095,1.0
0.0,0.9999275631293151,0.012036132861908078,0.0,0.012036132861908078,-0.9999275631293151,-1.0,0.0,0.0,0.012036132861907745,-0.9999275631293152,0.095,1.0
0.0,0.9999302514925159,0.011810679494163812,0.0,0.011810679494163812,-0.9999302514925159,-1.0,0.0,0.0,0.011810679494163479,-0.9999302514925159,0.095,1.0
0.0,0.9999328580550569,0.011587898077102698,0.0,0.011587898077102698,-0.9999328580550569,-1.0,0.0,0.0,0.011587898077102476,-0.9999328580550569,0.095,1.0
0.0,0.9999353847368512,0.011367776878765667,0.0,0.011367776878765667,-0.9999353847368512,-1.0,0.0,0.0,0.011367776878765334,-0.9999353847368512,0.095,1.0
0.0,0.9999378334270017,0.011150304090646546,0.0,0.011150304090646546,-0.9999378334270017,-1.0,0.0,0.0,0.011150304090646324,-0.9999378334270018,0.095,1.0
0.0,0.9999402059840335,0.010935467827599687,0.0,0.010935467827599687,-0.9999402059840335,-1.0,0.0,0.0,0.010935467827599354,-0.9999402059840337,0.095,1.0
0.0,0.9999425042361278,0.010723256127752712,0.0,0.010723256127752712,-0.9999425042361278,-1.0,0.0,0.0,0.01072325612775249,-0.9999425042361277,0.095,1.0
0.0,0.999944729981356,0.010513656952415573,0.0,0.010513656952415573,-0.999944729981356,-1.0,0.0,0.0,0.01051365695241524,-0.9999447299813561,0.095,1.0
0.0,0.9999468849879162,0.010306658186002626,0.0,0.010306658186002626,-0.9999468849879162,-1.0,0.0,0.0,0.010306658186002404,-0.9999468849879162,0.095,1.0
0.0,0.9999489709943715,0.010102247635924155,0.0,0.010102247635924155,-0.9999489709943715,-1.0,0.0,0.0,0.010102247635923822,-0.9999489709943715,0.095,1.0
0.0,0.9999509897098885,0.009900413032515654,0.0,0.009900413032515654,-0.9999509897098885,-1.0,0.0,0.0,0.00990041303251532,-0.9999509897098885,0.095,1.0
0.0,0.9999529428144779,0.009701142028936016,0.0,0.009701142028936016,-0.9999529428144779,-1.0,0.0,0.0,0.009701142028935683,-0.9999529428144779,0.095,1.0
0.0,0.9999548319592358,0.009504422201082163,0.0,0.009504422201082163,-0.9999548319592358,-1.0,0.0,0.0,0.00950442220108183,-0.9999548319592358,0.095,1.0
0.0,0.9999566587665876,0.009310241047493006,0.0,0.009310241047493006,-0.9999566587665876,-1.0,0.0,0.0,0.009310241047492784,-0.9999566587665876,0.095,1.0
0.0,0.9999584248305309,0.00911858598925952,0.0,0.00911858598925952,-0.9999584248305309,-1.0,0.0,0.0,0.009118585989259187,-0.9999584248305309,0.095,1.0
0.0,0.9999601317168821,0.008929444369929374,0.0,0.008929444369929374,-0.9999601317168821,-1.0,0.0,0.0,0.008929444369929151,-0.9999601317168821,0.095,1.0
0.0,0.9999617809635225,0.008742803455423553,0.0,0.008742803455423553,-0.9999617809635225,-1.0,0.0,0.0,0.008742803455423331,-0.9999617809635225,0.095,1.0
0.0,0.999963374080646,0.008558650433923232,0.0,0.008558650433923232,-0.999963374080646,-1.0,0.0,0.0,0.00855865043392301,-0.999963374080646,0.095,1.0
0.0,0.999964912551008,0.008376972415796158,0.0,0.008376972415796158,-0.999964912551008,-1.0,0.0,0.0,0.008376972415795825,-0.999964912551008,0.095,1.0
0.0,0.9999663978301758,0.008197756433476422,0.0,0.008197756433476422,-0.9999663978301758,-1.0,0.0,0.0,0.0081977564334762,-0.9999663978301759,0.095,1.0
0.0,0.9999678313467792,0.008020989441414272,0.0,0.008020989441414272,-0.9999678313467792,-1.0,0.0,0.0,0.00802098944141394,-0.9999678313467791,0.095,1.0
0.0,0.9999692145027631,0.007846658315924016,0.0,0.007846658315924016,-0.9999692145027631,-1.0,0.0,0.0,0.007846658315923793,-0.999969214502763,0.095,1.0
0.0,0.9999705486736403,0.007674749855117513,0.0,0.007674749855117513,-0.9999705486736403,-1.0,0.0,0.0,0.007674749855117291,-0.9999705486736403,0.095,1.0
0.0,0.9999718352087458,0.007505250778814365,0.0,0.007505250778814365,-0.9999718352087458,-1.0,0.0,0.0,0.007505250778814143,-0.9999718352087458,0.095,1.0
0.0,0.9999730754314917,0.00733814772842134,0.0,0.00733814772842134,-0.9999730754314917,-1.0,0.0,0.0,0.007338147728421007,-0.9999730754314917,0.095,1.0
0.0,0.9999742706396235,0.007173427266859211,0.0,0.007173427266859211,-0.9999742706396235,-1.0,0.0,0.0,0.007173427266858878,-0.9999742706396235,0.095,1.0
0.0,0.999975422105477,0.007011075878438633,0.0,0.007011075878438633,-0.999975422105477,-1.0,0.0,0.0,0.007011075878438411,-0.999975422105477,0.095,1.0
0.0,0.9999765310762355,0.006851079968777318,0.0,0.006851079968777318,-0.9999765310762355,-1.0,0.0,0.0,0.006851079968777096,-0.9999765310762355,0.095,1.0
0.0,0.9999775987741895,0.006693425864700564,0.0,0.006693425864700564,-0.9999775987741895,-1.0,0.0,0.0,0.006693425864700342,-0.9999775987741895,0.095,1.0
0.0,0.9999786263969948,0.006538099814137555,0.0,0.006538099814137555,-0.9999786263969948,-1.0,0.0,0.0,0.0065380998141372215,-0.9999786263969948,0.095,1.0
0.0,0.9999796151179338,0.006385087986015114,0.0,0.006385087986015114,-0.9999796151179338,-1.0,0.0,0.0,0.006385087986014781,-0.9999796151179337,0.095,1.0
0.0,0.9999805660861756,0.006234376470163561,0.0,0.006234376470163561,-0.9999805660861756,-1.0,0.0,0.0,0.006234376470163228,-0.9999805660861756,0.095,1.0
0.0,0.9999814804270384,0.006085951277221668,0.0,0.006085951277221668,-0.9999814804270384,-1.0,0.0,0.0,0.006085951277221335,-0.9999814804270383,0.095,1.0
0.0,0.9999823592422507,0.005939798338520985,0.0,0.005939798338520985,-0.9999823592422507,-1.0,0.0,0.0,0.005939798338520763,-0.9999823592422507,0.095,1.0
0.0,0.9999832036102153,0.005795903505986355,0.0,0.005795903505986355,-0.9999832036102153,-1.0,0.0,0.0,0.005795903505986133,-0.9999832036102153,0.095,1.0
0.0,0.9999840145862722,0.0056542525520449916,0.0,0.0056542525520449916,-0.9999840145862722,-1.0,0.0,0.0,0.0056542525520446585,-0.9999840145862722,0.095,1.0
0.0,0.9999847932029625,0.005514831169511236,0.0,0.005514831169511236,-0.9999847932029625,-1.0,0.0,0.0,0.005514831169510903,-0.9999847932029625,0.095,1.0
0.0,0.9999855404702941,0.0053776249714809765,0.0,0.0053776249714809765,-0.9999855404702941,-1.0,0.0,0.0,0.0053776249714806434,-0.999985540470294,0.095,1.0
0.0,0.9999862573760051,0.005242619491251599,0.0,0.005242619491251599,-0.9999862573760051,-1.0,0.0,0.0,0.005242619491251266,-0.9999862573760051,0.095,1.0
0.0,0.9999869448858312,0.0051098001821728856,0.0,0.0051098001821728856,-0.9999869448858312,-1.0,0.0,0.0,0.0051098001821725525,-0.9999869448858312,0.095,1.0
0.0,0.9999876039437701,0.004979152417598054,0.0,0.004979152417598054,-0.9999876039437701,-1.0,0.0,0.0,0.004979152417597721,-0.9999876039437701,0.095,1.0
0.0,0.9999882354723492,0.004850661490725217,0.0,0.004850661490725217,-0.9999882354723492,-1.0,0.0,0.0,0.0048506614907248835,-0.999988235472349,0.095,1.0
0.0,0.9999888403728914,0.00472431261453643,0.0,0.00472431261453643,-0.9999888403728914,-1.0,0.0,0.0,0.004724312614536097,-0.9999888403728914,0.095,1.0
0.0,0.999989419525783,0.004600090921652256,0.0,0.004600090921652256,-0.999989419525783,-1.0,0.0,0.0,0.004600090921651923,-0.999989419525783,0.095,1.0
0.0,0.9999899737907405,0.004477981464254821,0.0,0.004477981464254821,-0.9999899737907405,-1.0,0.0,0.0,0.004477981464254599,-0.9999899737907405,0.095,1.0
0.0,0.9999905040070781,0.004357969213973134,0.0,0.004357969213973134,-0.9999905040070781,-1.0,0.0,0.0,0.004357969213972801,-0.9999905040070781,0.095,1.0
0.0,0.9999910109939762,0.004240039061774281,0.0,0.004240039061774281,-0.9999910109939762,-1.0,0.0,0.0,0.004240039061774059,-0.9999910109939762,0.095,1.0
0.0,0.999991495550749,0.004124175817850739,0.0,0.004124175817850739,-0.999991495550749,-1.0,0.0,0.0,0.004124175817850406,-0.999991495550749,0.095,1.0
0.0,0.9999919584571123,0.004010364211512241,0.0,0.004010364211512241,-0.9999919584571123,-1.0,0.0,0.0,0.004010364211511908,-0.9999919584571123,0.095,1.0
0.0,0.9999924004734527,0.0038985888911056144,0.0,0.0038985888911056144,-0.9999924004734527,-1.0,0.0,0.0,0.0038985888911052813,-0.9999924004734526,0.095,1.0
0.0,0.9999928223410949,0.0037888344238605765,0.0,0.0037888344238605765,-0.9999928223410949,-1.0,0.0,0.0,0.0037888344238603544,-0.9999928223410949,0.095,1.0
0.0,0.9999932247825707,0.0036810852958175655,0.0,0.0036810852958175655,-0.9999932247825707,-1.0,0.0,0.0,0.0036810852958173435,-0.9999932247825707,0.095,1.0
0.0,0.9999936085018869,0.003575325911696625,0.0,0.003575325911696625,-0.9999936085018869,-1.0,0.0,0.0,0.003575325911696292,-0.9999936085018869,0.095,1.0
0.0,0.9999939741847941,0.0034715405948094746,0.0,0.0034715405948094746,-0.9999939741847941,-1.0,0.0,0.0,0.0034715405948092526,-0.9999939741847941,0.095,1.0
0.0,0.999994322499054,0.0033697135869342754,0.0,0.0033697135869342754,-0.999994322499054,-1.0,0.0,0.0,0.0033697135869340533,-0.999994322499054,0.095,1.0
0.0,0.9999946540947084,0.0032698290481975034,0.0,0.0032698290481975034,-0.9999946540947084,-1.0,0.0,0.0,0.0032698290481971704,-0.9999946540947084,0.095,1.0
0.0,0.9999949696043465,0.003171871056988018,0.0,0.003171871056988018,-0.9999949696043465,-1.0,0.0,0.0,0.003171871056987685,-0.9999949696043466,0.095,1.0
0.0,0.9999952696433725,0.0030758236098327174,0.0,0.0030758236098327174,-0.9999952696433725,-1.0,0.0,0.0,0.0030758236098323843,-0.9999952696433725,0.095,1.0
0.0,0.9999955548102732,0.0029816706212824062,0.0,0.0029816706212824062,-0.9999955548102732,-1.0,0.0,0.0,0.002981670621282073,-0.9999955548102734,0.095,1.0
0.0,0.9999958256868853,0.00288939592380677,0.0,0.00288939592380677,-0.9999958256868853,-1.0,0.0,0.0,0.002889395923806437,-0.9999958256868852,0.095,1.0
0.0,0.9999960828386615,0.0027989832676887927,0.0,0.0027989832676887927,-0.9999960828386615,-1.0,0.0,0.0,0.0027989832676884596,-0.9999960828386615,0.095,1.0
0.0,0.9999963268149376,0.0027104163208905296,0.0,0.0027104163208905296,-0.9999963268149376,-1.0,0.0,0.0,0.0027104163208903076,-0.9999963268149376,0.095,1.0
0.0,0.9999965581491979,0.002623678668979612,0.0,0.002623678668979612,-0.9999965581491979,-1.0,0.0,0.0,0.00262367866897939,-0.9999965581491977,0.095,1.0
0.0,0.9999967773593408,0.002538753814973038,0.0,0.002538753814973038,-0.9999967773593408,-1.0,0.0,0.0,0.002538753814972705,-0.9999967773593408,0.095,1.0
0.0,0.9999969849479442,0.0024556251792541284,0.0,0.0024556251792541284,-0.9999969849479442,-1.0,0.0,0.0,0.0024556251792537953,-0.9999969849479442,0.095,1.0
0.0,0.9999971814025295,0.002374276099461059,0.0,0.002374276099461059,-0.9999971814025295,-1.0,0.0,0.0,0.002374276099460726,-0.9999971814025294,0.095,1.0
0.0,0.9999973671958254,0.0022946898303445318,0.0,0.0022946898303445318,-0.9999973671958254,-1.0,0.0,0.0,0.0022946898303443097,-0.9999973671958254,0.095,1.0
0.0,0.9999975427860314,0.0022168495436974966,0.0,0.0022168495436974966,-0.9999975427860314,-1.0,0.0,0.0,0.0022168495436972746,-0.9999975427860314,0.095,1.0
0.0,0.9999977086170798,0.002140738328212155,0.0,0.002140738328212155,-0.9999977086170798,-1.0,0.0,0.0,0.002140738328211933,-0.9999977086170798,0.095,1.0
0.0,0.9999978651188983,0.0020663391893742666,0.0,0.0020663391893742666,-0.9999978651188983,-1.0,0.0,0.0,0.0020663391893740446,-0.9999978651188983,0.095,1.0
0.0,0.9999980127076704,0.0019936350493351407,0.0,0.0019936350493351407,-0.9999980127076704,-1.0,0.0,0.0,0.0019936350493348076,-0.9999980127076703,0.095,1.0
0.0,0.9999981517860953,0.0019226087468392494,0.0,0.0019226087468392494,-0.9999981517860953,-1.0,0.0,0.0,0.0019226087468390274,-0.9999981517860953,0.095,1.0
0.0,0.9999982827436483,0.001853243037064023,0.0,0.001853243037064023,-0.9999982827436483,-1.0,0.0,0.0,0.0018532430370638009,-0.9999982827436483,0.095,1.0
0.0,0.9999984059568381,0.0017855205915306982,0.0,0.0017855205915306982,-0.9999984059568381,-1.0,0.0,0.0,0.0017855205915303651,-0.9999984059568381,0.095,1.0
0.0,0.999998521789465,0.0017194239979830828,0.0,0.0017194239979830828,-0.999998521789465,-1.0,0.0,0.0,0.0017194239979828607,-0.999998521789465,0.095,1.0
0.0,0.9999986305928771,0.0016549357602755332,0.0,0.0016549357602755332,-0.9999986305928771,-1.0,0.0,0.0,0.0016549357602753112,-0.9999986305928771,0.095,1.0
0.0,0.9999987327062254,0.0015920382982544945,0.0,0.0015920382982544945,-0.9999987327062254,-1.0,0.0,0.0,0.0015920382982541614,-0.9999987327062254,0.095,1.0
0.0,0.999998828456719,0.001530713947650142,0.0,0.001530713947650142,-0.999998828456719,-1.0,0.0,0.0,0.0015307139476499199,-0.999998828456719,0.095,1.0
0.0,0.9999989181598772,0.001470944959950815,0.0,0.001470944959950815,-0.9999989181598772,-1.0,0.0,0.0,0.001470944959950482,-0.9999989181598772,0.095,1.0
0.0,0.9999990021197823,0.0014127135022917736,0.0,0.0014127135022917736,-0.9999990021197823,-1.0,0.0,0.0,0.0014127135022915516,-0.9999990021197824,0.095,1.0
0.0,0.99999908062933,0.001356001657350725,0.0,0.001356001657350725,-0.99999908062933,-1.0,0.0,0.0,0.001356001657350503,-0.99999908062933,0.095,1.0
0.0,0.9999991539704788,0.00130079142322026,0.0,0.00130079142322026,-0.9999991539704788,-1.0,0.0,0.0,0.001300791423220038,-0.9999991539704788,0.095,1.0
0.0,0.9999992224144981,0.0012470647132922785,0.0,0.0012470647132922785,-0.9999992224144981,-1.0,0.0,0.0,0.0012470647132919455,-0.9999992224144981,0.095,1.0
0.0,0.9999992862222153,0.00119480335614075,0.0,0.00119480335614075,-0.9999992862222153,-1.0,0.0,0.0,0.001194803356140528,-0.9999992862222152,0.095,1.0
0.0,0.9999993456442606,0.001143989095428788,0.0,0.001143989095428788,-0.9999993456442606,-1.0,0.0,0.0,0.0011439890954284548,-0.9999993456442606,0.095,1.0
0.0,0.9999994009213112,0.0010946035897517747,0.0,0.0010946035897517747,-0.9999994009213112,-1.0,0.0,0.0,0.0010946035897514417,-0.9999994009213112,0.095,1.0
0.0,0.9999994522843331,0.0010466284125509873,0.0,0.0010466284125509873,-0.9999994522843331,-1.0,0.0,0.0,0.0010466284125507652,-0.9999994522843331,0.095,1.0
0.0,0.999999499954822,0.001000045051998355,0.0,0.001000045051998355,-0.999999499954822,-1.0,0.0,0.0,0.001000045051998022,-0.999999499954822,0.095,1.0
0.0,0.9999995441450426,0.0009548349108564613,0.0,0.0009548349108564613,-0.9999995441450426,-1.0,0.0,0.0,0.0009548349108562393,-0.9999995441450426,0.095,1.0
0.0,0.9999995850582656,0.000910979306392723,0.0,0.000910979306392723,-0.9999995850582656,-1.0,0.0,0.0,0.0009109793063923899,-0.9999995850582655,0.095,1.0
0.0,0.9999996228890032,0.0008684594702250692,0.0,0.0008684594702250692,-0.9999996228890032,-1.0,0.0,0.0,0.0008684594702248472,-0.9999996228890032,0.095,1.0
0.0,0.9999996578232432,0.000827256548248001,0.0,0.000827256548248001,-0.9999996578232432,-1.0,0.0,0.0,0.0008272565482476679,-0.9999996578232432,0.095,1.0
0.0,0.9999996900386806,0.0007873516004855974,0.0,0.0007873516004855974,-0.9999996900386806,-1.0,0.0,0.0,0.0007873516004852643,-0.9999996900386806,0.095,1.0
0.0,0.9999997197049479,0.0007487256009807153,0.0,0.0007487256009807153,-0.9999997197049479,-1.0,0.0,0.0,0.0007487256009804932,-0.9999997197049479,0.095,1.0
0.0,0.9999997469838432,0.0007113594376797483,0.0,0.0007113594376797483,-0.9999997469838432,-1.0,0.0,0.0,0.0007113594376794152,-0.9999997469838432,0.095,1.0
0.0,0.9999997720295558,0.000675233912324047,0.0,0.000675233912324047,-0.9999997720295558,-1.0,0.0,0.0,0.0006752339123238249,-0.9999997720295558,0.095,1.0
0.0,0.9999997949888908,0.000640329740322021,0.0,0.000640329740322021,-0.9999997949888908,-1.0,0.0,0.0,0.0006403297403217989,-0.9999997949888907,0.095,1.0
0.0,0.9999998160014905,0.000606627550628791,0.0,0.000606627550628791,-0.9999998160014905,-1.0,0.0,0.0,0.000606627550628569,-0.9999998160014905,0.095,1.0
0.0,0.9999998352000542,0.0005741078856372761,0.0,0.0005741078856372761,-0.9999998352000542,-1.0,0.0,0.0,0.0005741078856370541,-0.9999998352000542,0.095,1.0
0.0,0.999999852710556,0.0005427512010600655,0.0,0.0005427512010600655,-0.999999852710556,-1.0,0.0,0.0,0.0005427512010597324,-0.9999998527105561,0.095,1.0
0.0,0.9999998686524594,0.0005125378658087376,0.0,0.0005125378658087376,-0.9999998686524594,-1.0,0.0,0.0,0.0005125378658085156,-0.9999998686524593,0.095,1.0
0.0,0.9999998831389305,0.0004834481618809505,0.0,0.0004834481618809505,-0.9999998831389305,-1.0,0.0,0.0,0.0004834481618807285,-0.9999998831389305,0.095,1.0
0.0,0.9999998962770484,0.0004554622842302125,0.0,0.0004554622842302125,-0.9999998962770484,-1.0,0.0,0.0,0.00045546228422999047,-0.9999998962770484,0.095,1.0
0.0,0.999999908168013,0.00042856034066696136,0.0,0.00042856034066696136,-0.999999908168013,-1.0,0.0,0.0,0.0004285603406666283,-0.999999908168013,0.095,1.0
0.0,0.9999999189073504,0.0004027223517230061,0.0,0.0004027223517230061,-0.9999999189073504,-1.0,0.0,0.0,0.00040272235172278403,-0.9999999189073505,0.095,1.0
0.0,0.9999999285851162,0.0003779282505399495,0.0,0.0003779282505399495,-0.9999999285851162,-1.0,0.0,0.0,0.00037792825053961643,-0.9999999285851162,0.095,1.0
0.0,0.999999937286095,0.00035415788276471627,0.0,0.00035415788276471627,-0.999999937286095,-1.0,0.0,0.0,0.0003541578827644942,-0.999999937286095,0.095,1.0
0.0,0.9999999450899989,0.0003313910064112191,0.0,0.0003313910064112191,-0.9999999450899989,-1.0,0.0,0.0,0.00033139100641099706,-0.9999999450899989,0.095,1.0
0.0,0.9999999520716613,0.00030960729175144586,0.0,0.00030960729175144586,-0.9999999520716613,-1.0,0.0,0.0,0.0003096072917511128,-0.9999999520716611,0.095,1.0
0.0,0.9999999583012295,0.0002887863211922248,0.0,0.0002887863211922248,-0.9999999583012295,-1.0,0.0,0.0,0.00028878632119189174,-0.9999999583012295,0.095,1.0
0.0,0.9999999638443536,0.0002689075891679771,0.0,0.0002689075891679771,-0.9999999638443536,-1.0,0.0,0.0,0.00026890758916775503,-0.9999999638443536,0.095,1.0
0.0,0.9999999687623727,0.0002499505020172599,0.0,0.0002499505020172599,-0.9999999687623727,-1.0,0.0,0.0,0.00024995050201703783,-0.9999999687623726,0.095,1.0
0.0,0.9999999731124984,0.0002318943778629734,0.0,0.0002318943778629734,-0.9999999731124984,-1.0,0.0,0.0,0.00023189437786264033,-0.9999999731124984,0.095,1.0
0.0,0.9999999769479941,0.00021471844648912608,0.0,0.00021471844648912608,-0.9999999769479941,-1.0,0.0,0.0,0.00021471844648890404,-0.9999999769479941,0.095,1.0
0.0,0.9999999803183529,0.0001984018492292572,0.0,0.0001984018492292572,-0.9999999803183529,-1.0,0.0,0.0,0.00019840184922903514,-0.9999999803183529,0.095,1.0
0.0,0.999999983269471,0.0001829236388548594,0.0,0.0001829236388548594,-0.999999983269471,-1.0,0.0,0.0,0.00018292363885463736,-0.999999983269471,0.095,1.0
0.0,0.9999999858438184,0.00016826277943804424,0.0,0.00016826277943804424,-0.9999999858438184,-1.0,0.0,0.0,0.00016826277943771117,-0.9999999858438184,0.095,1.0
0.0,0.9999999880806062,0.00015439814625273218,0.0,0.00015439814625273218,-0.9999999880806062,-1.0,0.0,0.0,0.00015439814625239912,-0.9999999880806061,0.095,1.0
0.0,0.9999999900159502,0.00014130852565286123,0.0,0.00014130852565286123,-0.9999999900159502,-1.0,0.0,0.0,0.00014130852565263918,-0.9999999900159502,0.095,1.0
0.0,0.9999999916830322,0.00012897261493471923,0.0,0.00012897261493471923,-0.9999999916830322,-1.0,0.0,0.0,0.0001289726149344972,-0.9999999916830322,0.095,1.0
0.0,0.9999999931122563,0.0001173690222403545,0.0,0.0001173690222403545,-0.9999999931122563,-1.0,0.0,0.0,0.00011736902224002144,-0.9999999931122563,0.095,1.0
0.0,0.9999999943314023,0.00010647626643600638,0.0,0.00010647626643600638,-0.9999999943314023,-1.0,0.0,0.0,0.00010647626643578434,-0.9999999943314023,0.095,1.0
0.0,0.9999999953657762,9.6272776981432e-05,0.0,9.6272776981432e-05,-0.9999999953657762,-1.0,0.0,0.0,9.627277698109893e-05,-0.9999999953657761,0.095,1.0
0.0,0.9999999962383557,8.673689382432404e-05,0.0,8.673689382432404e-05,-0.9999999962383557,-1.0,0.0,0.0,8.673689382399097e-05,-0.9999999962383557,0.095,1.0
0.0,0.9999999969699326,7.784686728662393e-05,0.0,7.784686728662393e-05,-0.9999999969699326,-1.0,0.0,0.0,7.784686728640189e-05,-0.9999999969699326,0.095,1.0
0.0,0.9999999975792521,6.958085791153312e-05,0.0,6.958085791153312e-05,-0.9999999975792521,-1.0,0.0,0.0,6.958085791131108e-05,-0.9999999975792521,0.095,1.0
0.0,0.9999999980831465,6.19169363931249e-05,0.0,6.19169363931249e-05,-0.9999999980831465,-1.0,0.0,0.0,6.191693639290285e-05,-0.9999999980831464,0.095,1.0
0.0,0.9999999984966664,5.483308342835169e-05,0.0,5.483308342835169e-05,-0.9999999984966664,-1.0,0.0,0.0,5.4833083428018625e-05,-0.9999999984966664,0.095,1.0
0.0,0.9999999988332077,4.830718959836222e-05,0.0,4.830718959836222e-05,-0.9999999988332077,-1.0,0.0,0.0,4.830718959814018e-05,-0.9999999988332076,0.095,1.0
0.0,0.9999999991046334,4.231705526869245e-05,0.0,4.231705526869245e-05,-0.9999999991046334,-1.0,0.0,0.0,4.231705526835938e-05,-0.9999999991046334,0.095,1.0
0.0,0.9999999993213928,3.684039044016263e-05,0.0,3.684039044016263e-05,-0.9999999993213928,-1.0,0.0,0.0,3.684039043982956e-05,-0.9999999993213928,0.095,1.0
0.0,0.9999999994926354,3.1854814671383735e-05,0.0,3.1854814671383735e-05,-0.9999999994926354,-1.0,0.0,0.0,3.185481467105067e-05,-0.9999999994926354,0.095,1.0
0.0,0.9999999996263208,2.7337856917331038e-05,0.0,2.7337856917331038e-05,-0.9999999996263208,-1.0,0.0,0.0,2.733785691699797e-05,-0.9999999996263209,0.095,1.0
0.0,0.9999999997293244,2.3266955451850535e-05,0.0,2.3266955451850535e-05,-0.9999999997293244,-1.0,0.0,0.0,2.3266955451517468e-05,-0.9999999997293244,0.095,1.0
0.0,0.9999999998075384,1.961945770656559e-05,0.0,1.961945770656559e-05,-0.9999999998075384,-1.0,0.0,0.0,1.9619457706232524e-05,-0.9999999998075384,0.095,1.0
0.0,0.9999999998659687,1.637262019049679e-05,0.0,1.637262019049679e-05,-0.9999999998659687,-1.0,0.0,0.0,1.6372620190163722e-05,-0.9999999998659687,0.095,1.0
0.0,0.9999999999088263,1.3503608344067608e-05,0.0,1.3503608344067608e-05,-0.9999999999088263,-1.0,0.0,0.0,1.3503608343734541e-05,-0.9999999999088263,0.095,1.0
0.0,0.9999999999396155,1.0989496439628432e-05,0.0,1.0989496439628432e-05,-0.9999999999396155,-1.0,0.0,0.0,1.0989496439406388e-05,-0.9999999999396155,0.095,1.0
0.0,0.999999999961216,8.807267457999757e-06,0.0,8.807267457999757e-06,-0.999999999961216,-1.0,0.0,0.0,8.807267457777712e-06,-0.9999999999612159,0.095,1.0
0.0,0.9999999999759611,6.933812949139195e-06,0.0,6.933812949139195e-06,-0.9999999999759611,-1.0,0.0,0.0,6.933812948806128e-06,-0.9999999999759611,0.095,1.0
0.0,0.9999999999857105,5.345932952982579e-06,0.0,5.345932952982579e-06,-0.9999999999857105,-1.0,0.0,0.0,5.3459329526495125e-06,-0.9999999999857105,0.095,1.0
0.0,0.9999999999919185,4.020335846233181e-06,0.0,4.020335846233181e-06,-0.9999999999919185,-1.0,0.0,0.0,4.020335845900114e-06,-0.9999999999919184,0.095,1.0
0.0,0.9999999999956969,2.93363824155346e-06,0.0,2.93363824155346e-06,-0.9999999999956969,-1.0,0.0,0.0,2.933638241220393e-06,-0.9999999999956969,0.095,1.0
0.0,0.9999999999978734,2.0623648538942163e-06,0.0,2.0623648538942163e-06,-0.9999999999978734,-1.0,0.0,0.0,2.0623648535611494e-06,-0.9999999999978734,0.095,1.0
0.0,0.9999999999990438,1.3829484161176353e-06,0.0,1.3829484161176353e-06,-0.9999999999990438,-1.0,0.0,0.0,1.3829484157845684e-06,-0.9999999999990438,0.095,1.0
0.0,0.9999999999996201,8.717295155724614e-07,0.0,8.717295155724614e-07,-0.9999999999996201,-1.0,0.0,0.0,8.717295152393945e-07,-0.9999999999996201,0.095,1.0
0.0,0.9999999999998725,5.049564925085903e-07,0.0,5.049564925085903e-07,-0.9999999999998725,-1.0,0.0,0.0,5.049564921755234e-07,-0.9999999999998725,0.095,1.0
0.0,0.9999999999999665,2.5878535259149515e-07,0.0,2.5878535259149515e-07,-0.9999999999999665,-1.0,0.0,0.0,2.5878535225842825e-07,-0.9999999999999665,0.095,1.0
0.0,0.999999999999994,1.0927959104289897e-07,0.0,1.0927959104289897e-07,-0.999999999999994,-1.0,0.0,0.0,1.0927959082085437e-07,-0.9999999999999941,0.095,1.0
0.0,0.9999999999999994,3.241012247467978e-08,0.0,3.241012247467978e-08,-0.9999999999999994,-1.0,0.0,0.0,3.2410122141612874e-08,-0.9999999999999994,0.095,1.0
0.0,1.0,4.055138336234165e-09,0.0,4.055138336234165e-09,-1.0,-1.0,0.0,0.0,4.05513811418956e-09,-1.0,0.095,1.0
0.0,1.0,1.1102230246251565e-16,0.0,1.1102230246251565e-16,-1.0,-1.0,0.0,0.0,-2.220446049250313e-16,-1.0,0.095,1.0
0.0,1.0,6.123233995736766e-17,0.0,6.123233995736766e-17,-1.0,-1.0,0.0,0.0,0.0,-1.0,0.09499587910797806,1.0
0.0,1.0,6.123233995736766e-17,0.0,6.123233995736766e-17,-1.0,-1.0,0.0,0.0,0.0,-1.0,0.09496804817401895,1.0
0.0,1.0,6.123233995736766e-17,0.0,6.123233995736766e-17,-1.0,-1.0,0.0,0.0,0.0,-1.0,0.09489553190906294,1.0
0.0,1.0,6.123233995736766e-17,0.0,6.123233995736766e-17,-1.0,-1.0,0.0,0.0,0.0,-1.0,0.09476022253192173,1.0
0.0,1.0,6.123233995736766e-17,0.0,6.123233995736766e-17,-1.0,-1.0,0.0,0.0,0.0,-1.0,0.09454675232448419,1.0
0.0,1.0,6.123233995736766e-17,0.0,6.123233995736766e-17,-1.0,-1.0,0.0,0.0,0.0,-1.0,0.0942423661869221,1.0
0.0,1.0,6.123233995736766e-17,0.0,6.123233995736766e-17,-1.0,-1.0,0.0,0.0,0.0,-1.0,0.09383679419289581,1.0
0.0,1.0,6.123233995736766e-17,0.0,6.123233995736766e-17,-1.0,-1.0,0.0,0.0,0.0,-1.0,0.09332212414476003,1.0
0.0,1.0,6.123233995736766e-17,0.0,6.123233995736766e-17,-1.0,-1.0,0.0,0.0,0.0,-1.0,0.09269267412876943,1.0
0.0,1.0,6.123233995736766e-17,0.0,6.123233995736766e-17,-1.0,-1.0,0.0,0.0,0.0,-1.0,0.09194486507028445,1.0
0.0,1.0,6.123233995736766e-17,0.0,6.123233995736766e-17,-1.0,-1.0,0.0,0.0,0.0,-1.0,0.09107709328897698,1.0
0.0,1.0,6.123233995736766e-17,0.0,6.123233995736766e-17,-1.0,-1.0,0.0,0.0,0.0,-1.0,0.09008960305403607,1.0
0.0,1.0,6.123233995736766e-17,0.0,6.123233995736766e-17,-1.0,-1.0,0.0,0.0,0.0,-1.0,0.08898435913937366,1.0
0.0,1.0,6.123233995736766e-17,0.0,6.123233995736766e-17,-1.0,-1.0,0.0,0.0,0.0,-1.0,0.08776491937883026,1.0
0.0,1.0,6.123233995736766e-17,0.0,6.123233995736766e-17,-1.0,-1.0,0.0,0.0,0.0,-1.0,0.08643630722138067,1.0
0.0,1.0,6.123233995736766e-17,0.0,6.123233995736766e-17,-1.0,-1.0,0.0,0.0,0.0,-1.0,0.08500488428633972,1.0
0.0,1.0,6.123233995736766e-17,0.0,6.123233995736766e-17,-1.0,-1.0,0.0,0.0,0.0,-1.0,0.08347822291856799,1.0
0.0,1.0,6.123233995736766e-17,0.0,6.123233995736766e-17,-1.0,-1.0,0.0,0.0,0.0,-1.0,0.08186497874367747,1.0
0.0,1.0,6.123233995736766e-17,0.0,6.123233995736766e-17,-1.0,-1.0,0.0,0.0,0.0,-1.0,0.0801747632232373,1.0
0.0,1.0,6.123233995736766e-17,0.0,6.123233995736766e-17,-1.0,-1.0,0.0,0.0,0.0,-1.0,0.07841801620997951,1.0
0.0,1.0,6.123233995736766e-17,0.0,6.123233995736766e-17,-1.0,-1.0,0.0,0.0,0.0,-1.0,0.0766058785030047,1.0
0.0,1.0,6.123233995736766e-17,0.0,6.123233995736766e-17,-1.0,-1.0,0.0,0.0,0.0,-1.0,0.07475006440298775,1.0
0.0,1.0,6.123233995736766e-17,0.0,6.123233995736766e-17,-1.0,-1.0,0.0,0.0,0.0,-1.0,0.07286273426738354,1.0
0.0,1.0,6.123233995736766e-17,0.0,6.123233995736766e-17,-1.0,-1.0,0.0,0.0,0.0,-1.0,0.07095636706563271,1.0
0.0,1.0,6.123233995736766e-17,0.0,6.123233995736766e-17,-1.0,-1.0,0.0,0.0,0.0,-1.0,0.06904363293436729,1.0
0.0,1.0,6.123233995736766e-17,0.0,6.123233995736766e-17,-1.0,-1.0,0.0,0.0,0.0,-1.0,0.06713726573261647,1.0
0.0,1.0,6.123233995736766e-17,0.0,6.123233995736766e-17,-1.0,-1.0,0.0,0.0,0.0,-1.0,0.06524993559701225,1.0
0.0,1.0,6.123233995736766e-17,0.0,6.123233995736766e-17,-1.0,-1.0,0.0,0.0,0.0,-1.0,0.0633941214969953,1.0
0.0,1.0,6.123233995736766e-17,0.0,6.123233995736766e-17,-1.0,-1.0,0.0,0.0,0.0,-1.0,0.061581983790020486,1.0
0.0,1.0,6.123233995736766e-17,0.0,6.123233995736766e-17,-1.0,-1.0,0.0,0.0,0.0,-1.0,0.059825236776762714,1.0
0.0,1.0,6.123233995736766e-17,0.0,6.123233995736766e-17,-1.0,-1.0,0.0,0.0,0.0,-1.0,0.05813502125632253,1.0
0.0,1.0,6.123233995736766e-17,0.0,6.123233995736766e-17,-1.0,-1.0,0.0,0.0,0.0,-1.0,0.056521777081431995,1.0
0.0,1.0,6.123233995736766e-17,0.0,6.123233995736766e-17,-1.0,-1.0,0.0,0.0,0.0,-1.0,0.054995115713660274,1.0
0.0,1.0,6.123233995736766e-17,0.0,6.123233995736766e-17,-1.0,-1.0,0.0,0.0,0.0,-1.0,0.053563692778619346,1.0
0.0,1.0,6.123233995736766e-17,0.0,6.123233995736766e-17,-1.0,-1.0,0.0,0.0,0.0,-1.0,0.052235080621169744,1.0
0.0,1.0,6.123233995736766e-17,0.0,6.123233995736766e-17,-1.0,-1.0,0.0,0.0,0.0,-1.0,0.051015640860626335,1.0
0.0,1.0,6.123233995736766e-17,0.0,6.123233995736766e-17,-1.0,-1.0,0.0,0.0,0.0,-1.0,0.049910396945963914,1.0
0.0,1.0,6.123233995736766e-17,0.0,6.123233995736766e-17,-1.0,-1.0,0.0,0.0,0.0,-1.0,0.048922906711023006,1.0
0.0,1.0,6.123233995736766e-17,0.0,6.123233995736766e-17,-1.0,-1.0,0.0,0.0,0.0,-1.0,0.04805513492971556,1.0
0.0,1.0,6.123233995736766e-17,0.0,6.123233995736766e-17,-1.0,-1.0,0.0,0.0,0.0,-1.0,0.04730732587123057,1.0
0.0,1.0,6.123233995736766e-17,0.0,6.123233995736766e-17,-1.0,-1.0,0.0,0.0,0.0,-1.0,0.04667787585523991,1.0
0.0,1.0,6.123233995736766e-17,0.0,6.123233995736766e-17,-1.0,-1.0,0.0,0.0,0.0,-1.0,0.04616320580710414,1.0
0.0,1.0,6.123233995736766e-17,0.0,6.123233995736766e-17,-1.0,-1.0,0.0,0.0,0.0,-1.0,0.045757633813077916,1.0
0.0,1.0,6.123233995736766e-17,0.0,6.123233995736766e-17,-1.0,-1.0,0.0,0.0,0.0,-1.0,0.04545324767551578,1.0
0.0,1.0,6.123233995736766e-17,0.0,6.123233995736766e-17,-1.0,-1.0,0.0,0.0,0.0,-1.0,0.045239777468078196,1.0
0.0,1.0,6.123233995736766e-17,0.0,6.123233995736766e-17,-1.0,-1.0,0.0,0.0,0.0,-1.0,0.045104468090937,1.0
0.0,1.0,6.123233995736766e-17,0.0,6.123233995736766e-17,-1.0,-1.0,0.0,0.0,0.0,-1.0,0.04503195182598099,1.0
0.0,1.0,6.123233995736766e-17,0.0,6.123233995736766e-17,-1.0,-1.0,0.0,0.0,0.0,-1.0,0.04500412089202202,1.0
0.0,1.0,6.123233995736766e-17,0.0,6.123233995736766e-17,-1.0,-1.0,0.0,0.0,0.0,-1.0,0.045,1.0
0.0,1.0,6.123233995736766e-17,0.0,6.123233995736766e-17,-1.0,-1.0,0.0,0.0,0.0,-1.0,0.045,0.0
0.0,1.0,6.123233995736766e-17,0.0,6.123233995736766e-17,-1.0,-1.0,0.0,0.0,0.0,-1.0,0.045,0.0
0.0,1.0,6.123233995736766e-17,0.0,6.123233995736766e-17,-1.0,-1.0,0.0,0.0,0.0,-1.0,0.045,0.0
0.0,1.0,6.123233995736766e-17,0.0,6.123233995736766e-17,-1.0,-1.0,0.0,0.0,0.0,-1.0,0.045,0.0
0.0,1.0,6.123233995736766e-17,0.0,6.123233995736766e-17,-1.0,-1.0,0.0,0.0,0.0,-1.0,0.045,0.0
0.0,1.0,6.123233995736766e-17,0.0,6.123233995736766e-17,-1.0,-1.0,0.0,0.0,0.0,-1.0,0.045,0.0
0.0,1.0,6.123233995736766e-17,0.0,6.123233995736766e-17,-1.0,-1.0,0.0,0.0,0.0,-1.0,0.045,0.0
0.0,1.0,6.123233995736766e-17,0.0,6.123233995736766e-17,-1.0,-1.0,0.0,0.0,0.0,-1.0,0.045,0.0
0.0,1.0,6.123233995736766e-17,0.0,6.123233995736766e-17,-1.0,-1.0,0.0,0.0,0.0,-1.0,0.045,0.0
0.0,1.0,6.123233995736766e-17,0.0,6.123233995736766e-17,-1.0,-1.0,0.0,0.0,0.0,-1.0,0.045,0.0
0.0,1.0,6.123233995736766e-17,0.0,6.123233995736766e-17,-1.0,-1.0,0.0,0.0,0.0,-1.0,0.045,0.0
0.0,1.0,6.123233995736766e-17,0.0,6.123233995736766e-17,-1.0,-1.0,0.0,0.0,0.0,-1.0,0.045,0.0
0.0,1.0,6.123233995736766e-17,0.0,6.123233995736766e-17,-1.0,-1.0,0.0,0.0,0.0,-1.0,0.045,0.0
0.0,1.0,6.123233995736766e-17,0.0,6.123233995736766e-17,-1.0,-1.0,0.0,0.0,0.0,-1.0,0.045,0.0
0.0,1.0,6.123233995736766e-17,0.0,6.123233995736766e-17,-1.0,-1.0,0.0,0.0,0.0,-1.0,0.045,0.0
0.0,1.0,6.123233995736766e-17,0.0,6.123233995736766e-17,-1.0,-1.0,0.0,0.0,0.0,-1.0,0.045,0.0
0.0,1.0,6.123233995736766e-17,0.0,6.123233995736766e-17,-1.0,-1.0,0.0,0.0,0.0,-1.0,0.045,0.0
0.0,1.0,6.123233995736766e-17,0.0,6.123233995736766e-17,-1.0,-1.0,0.0,0.0,0.0,-1.0,0.045,0.0
0.0,1.0,6.123233995736766e-17,0.0,6.123233995736766e-17,-1.0,-1.0,0.0,0.0,0.0,-1.0,0.045,0.0
0.0,1.0,6.123233995736766e-17,0.0,6.123233995736766e-17,-1.0,-1.0,0.0,0.0,0.0,-1.0,0.045,0.0
0.0,1.0,6.123233995736766e-17,0.0,6.123233995736766e-17,-1.0,-1.0,0.0,0.0,0.0,-1.0,0.045,0.0
0.0,1.0,6.123233995736766e-17,0.0,6.123233995736766e-17,-1.0,-1.0,0.0,0.0,0.0,-1.0,0.045,0.0
0.0,1.0,6.123233995736766e-17,0.0,6.123233995736766e-17,-1.0,-1.0,0.0,0.0,0.0,-1.0,0.045,0.0
0.0,1.0,6.123233995736766e-17,0.0,6.123233995736766e-17,-1.0,-1.0,0.0,0.0,0.0,-1.0,0.045,0.0
0.0,1.0,6.123233995736766e-17,0.0,6.123233995736766e-17,-1.0,-1.0,0.0,0.0,0.0,-1.0,0.045,0.0
0.0,1.0,6.123233995736766e-17,0.0,6.123233995736766e-17,-1.0,-1.0,0.0,0.0,0.0,-1.0,0.045,0.0
0.0,1.0,6.123233995736766e-17,0.0,6.123233995736766e-17,-1.0,-1.0,0.0,0.0,0.0,-1.0,0.045,0.0
0.0,1.0,6.123233995736766e-17,0.0,6.123233995736766e-17,-1.0,-1.0,0.0,0.0,0.0,-1.0,0.045,0.0
0.0,1.0,6.123233995736766e-17,0.0,6.123233995736766e-17,-1.0,-1.0,0.0,0.0,0.0,-1.0,0.045,0.0
0.0,1.0,6.123233995736766e-17,0.0,6.123233995736766e-17,-1.0,-1.0,0.0,0.0,0.0,-1.0,0.045,0.0
0.0,1.0,6.123233995736766e-17,0.0,6.123233995736766e-17,-1.0,-1.0,0.0,0.0,0.0,-1.0,0.045,0.0
0.0,1.0,6.123233995736766e-17,0.0,6.123233995736766e-17,-1.0,-1.0,0.0,0.0,0.0,-1.0,0.045,0.0
0.0,1.0,6.123233995736766e-17,0.0,6.123233995736766e-17,-1.0,-1.0,0.0,0.0,0.0,-1.0,0.045,0.0
0.0,1.0,6.123233995736766e-17,0.0,6.123233995736766e-17,-1.0,-1.0,0.0,0.0,0.0,-1.0,0.045,0.0
0.0,1.0,6.123233995736766e-17,0.0,6.123233995736766e-17,-1.0,-1.0,0.0,0.0,0.0,-1.0,0.045,0.0
0.0,1.0,6.123233995736766e-17,0.0,6.123233995736766e-17,-1.0,-1.0,0.0,0.0,0.0,-1.0,0.045,0.0
0.0,1.0,6.123233995736766e-17,0.0,6.123233995736766e-17,-1.0,-1.0,0.0,0.0,0.0,-1.0,0.045,0.0
0.0,1.0,6.123233995736766e-17,0.0,6.123233995736766e-17,-1.0,-1.0,0.0,0.0,0.0,-1.0,0.045,0.0
0.0,1.0,6.123233995736766e-17,0.0,6.123233995736766e-17,-1.0,-1.0,0.0,0.0,0.0,-1.0,0.045,0.0
0.0,1.0,6.123233995736766e-17,0.0,6.123233995736766e-17,-1.0,-1.0,0.0,0.0,0.0,-1.0,0.045,0.0
0.0,1.0,6.123233995736766e-17,0.0,6.123233995736766e-17,-1.0,-1.0,0.0,0.0,0.0,-1.0,0.045,0.0
0.0,1.0,6.123233995736766e-17,0.0,6.123233995736766e-17,-1.0,-1.0,0.0,0.0,0.0,-1.0,0.045,0.0
0.0,1.0,6.123233995736766e-17,0.0,6.123233995736766e-17,-1.0,-1.0,0.0,0.0,0.0,-1.0,0.045,0.0
0.0,1.0,6.123233995736766e-17,0.0,6.123233995736766e-17,-1.0,-1.0,0.0,0.0,0.0,-1.0,0.045,0.0
0.0,1.0,6.123233995736766e-17,0.0,6.123233995736766e-17,-1.0,-1.0,0.0,0.0,0.0,-1.0,0.045,0.0
0.0,1.0,6.123233995736766e-17,0.0,6.123233995736766e-17,-1.0,-1.0,0.0,0.0,0.0,-1.0,0.045,0.0
0.0,1.0,6.123233995736766e-17,0.0,6.123233995736766e-17,-1.0,-1.0,0.0,0.0,0.0,-1.0,0.045,0.0
0.0,1.0,6.123233995736766e-17,0.0,6.123233995736766e-17,-1.0,-1.0,0.0,0.0,0.0,-1.0,0.045,0.0
0.0,1.0,6.123233995736766e-17,0.0,6.123233995736766e-17,-1.0,-1.0,0.0,0.0,0.0,-1.0,0.045,0.0
0.0,1.0,6.123233995736766e-17,0.0,6.123233995736766e-17,-1.0,-1.0,0.0,0.0,0.0,-1.0,0.045,0.0
0.0,1.0,6.123233995736766e-17,0.0,6.123233995736766e-17,-1.0,-1.0,0.0,0.0,0.0,-1.0,0.045,0.0
0.0,1.0,6.123233995736766e-17,0.0,6.123233995736766e-17,-1.0,-1.0,0.0,0.0,0.0,-1.0,0.045,0.0
0.0,1.0,6.123233995736766e-17,0.0,6.123233995736766e-17,-1.0,-1.0,0.0,0.0,0.0,-1.0,0.045,0.0
0.0,1.0,6.123233995736766e-17,0.0,6.123233995736766e-17,-1.0,-1.0,0.0,0.0,0.0,-1.0,0.045,0.0
0.0,1.0,6.123233995736766e-17,0.0,6.123233995736766e-17,-1.0,-1.0,0.0,0.0,0.0,-1.0,0.045,0.0
0.0,1.0,6.123233995736766e-17,0.0,6.123233995736766e-17,-1.0,-1.0,0.0,0.0,0.0,-1.0,0.045,0.0
0.0,1.0,6.123233995736766e-17,0.0,6.123233995736766e-17,-1.0,-1.0,0.0,0.0,0.0,-1.0,0.045,0.0
0.0,1.0,6.123233995736766e-17,0.0,6.123233995736766e-17,-1.0,-1.0,0.0,0.0,0.0,-1.0,0.045,0.0
0.0,1.0,6.123233995736766e-17,0.0,6.123233995736766e-17,-1.0,-1.0,0.0,0.0,0.0,-1.0,0.045,0.0
0.0,1.0,6.123233995736766e-17,0.0,6.123233995736766e-17,-1.0,-1.0,0.0,0.0,0.0,-1.0,0.045,0.0
0.0,1.0,6.123233995736766e-17,0.0,6.123233995736766e-17,-1.0,-1.0,0.0,0.0,0.0,-1.0,0.045,0.0
0.0,1.0,6.123233995736766e-17,0.0,6.123233995736766e-17,-1.0,-1.0,0.0,0.0,0.0,-1.0,0.045,0.0
0.0,1.0,6.123233995736766e-17,0.0,6.123233995736766e-17,-1.0,-1.0,0.0,0.0,0.0,-1.0,0.045,0.0
0.0,1.0,6.123233995736766e-17,0.0,6.123233995736766e-17,-1.0,-1.0,0.0,0.0,0.0,-1.0,0.045,0.0
0.0,1.0,6.123233995736766e-17,0.0,6.123233995736766e-17,-1.0,-1.0,0.0,0.0,0.0,-1.0,0.045,0.0
0.0,1.0,6.123233995736766e-17,0.0,6.123233995736766e-17,-1.0,-1.0,0.0,0.0,0.0,-1.0,0.045,0.0
0.0,1.0,6.123233995736766e-17,0.0,6.123233995736766e-17,-1.0,-1.0,0.0,0.0,0.0,-1.0,0.045,0.0
0.0,1.0,6.123233995736766e-17,0.0,6.123233995736766e-17,-1.0,-1.0,0.0,0.0,0.0,-1.0,0.045,0.0
0.0,1.0,6.123233995736766e-17,0.0,6.123233995736766e-17,-1.0,-1.0,0.0,0.0,0.0,-1.0,0.045,0.0
0.0,1.0,6.123233995736766e-17,0.0,6.123233995736766e-17,-1.0,-1.0,0.0,0.0,0.0,-1.0,0.045,0.0
0.0,1.0,6.123233995736766e-17,0.0,6.123233995736766e-17,-1.0,-1.0,0.0,0.0,0.0,-1.0,0.045,0.0
0.0,1.0,6.123233995736766e-17,0.0,6.123233995736766e-17,-1.0,-1.0,0.0,0.0,0.0,-1.0,0.045,0.0
0.0,1.0,6.123233995736766e-17,0.0,6.123233995736766e-17,-1.0,-1.0,0.0,0.0,0.0,-1.0,0.045,0.0
0.0,1.0,6.123233995736766e-17,0.0,6.123233995736766e-17,-1.0,-1.0,0.0,0.0,0.0,-1.0,0.045,0.0
0.0,1.0,6.123233995736766e-17,0.0,6.123233995736766e-17,-1.0,-1.0,0.0,0.0,0.0,-1.0,0.045,0.0
0.0,1.0,6.123233995736766e-17,0.0,6.123233995736766e-17,-1.0,-1.0,0.0,0.0,0.0,-1.0,0.045,0.0
0.0,1.0,6.123233995736766e-17,0.0,6.123233995736766e-17,-1.0,-1.0,0.0,0.0,0.0,-1.0,0.045,0.0
0.0,1.0,6.123233995736766e-17,0.0,6.123233995736766e-17,-1.0,-1.0,0.0,0.0,0.0,-1.0,0.045,0.0
0.0,1.0,6.123233995736766e-17,0.0,6.123233995736766e-17,-1.0,-1.0,0.0,0.0,0.0,-1.0,0.045,0.0
0.0,1.0,6.123233995736766e-17,0.0,6.123233995736766e-17,-1.0,-1.0,0.0,0.0,0.0,-1.0,0.045,0.0
0.0,1.0,6.123233995736766e-17,0.0,6.123233995736766e-17,-1.0,-1.0,0.0,0.0,0.0,-1.0,0.045,0.0
0.0,1.0,6.123233995736766e-17,0.0,6.123233995736766e-17,-1.0,-1.0,0.0,0.0,0.0,-1.0,0.045,0.0
0.0,1.0,6.123233995736766e-17,0.0,6.123233995736766e-17,-1.0,-1.0,0.0,0.0,0.0,-1.0,0.045,0.0
0.0,1.0,6.123233995736766e-17,0.0,6.123233995736766e-17,-1.0,-1.0,0.0,0.0,0.0,-1.0,0.045,0.0
0.0,1.0,6.123233995736766e-17,0.0,6.123233995736766e-17,-1.0,-1.0,0.0,0.0,0.0,-1.0,0.045,0.0
0.0,1.0,6.123233995736766e-17,0.0,6.123233995736766e-17,-1.0,-1.0,0.0,0.0,0.0,-1.0,0.045,0.0
0.0,1.0,6.123233995736766e-17,0.0,6.123233995736766e-17,-1.0,-1.0,0.0,0.0,0.0,-1.0,0.045,0.0
0.0,1.0,6.123233995736766e-17,0.0,6.123233995736766e-17,-1.0,-1.0,0.0,0.0,0.0,-1.0,0.045,0.0
0.0,1.0,6.123233995736766e-17,0.0,6.123233995736766e-17,-1.0,-1.0,0.0,0.0,0.0,-1.0,0.045,0.0
0.0,1.0,6.123233995736766e-17,0.0,6.123233995736766e-17,-1.0,-1.0,0.0,0.0,0.0,-1.0,0.045,0.0
0.0,1.0,6.123233995736766e-17,0.0,6.123233995736766e-17,-1.0,-1.0,0.0,0.0,0.0,-1.0,0.045,0.0
0.0,1.0,6.123233995736766e-17,0.0,6.123233995736766e-17,-1.0,-1.0,0.0,0.0,0.0,-1.0,0.045,0.0
0.0,1.0,6.123233995736766e-17,0.0,6.123233995736766e-17,-1.0,-1.0,0.0,0.0,0.0,-1.0,0.045,0.0
0.0,1.0,6.123233995736766e-17,0.0,6.123233995736766e-17,-1.0,-1.0,0.0,0.0,0.0,-1.0,0.045,0.0
0.0,1.0,6.123233995736766e-17,0.0,6.123233995736766e-17,-1.0,-1.0,0.0,0.0,0.0,-1.0,0.045,0.0
0.0,1.0,6.123233995736766e-17,0.0,6.123233995736766e-17,-1.0,-1.0,0.0,0.0,0.0,-1.0,0.045,0.0
0.0,1.0,6.123233995736766e-17,0.0,6.123233995736766e-17,-1.0,-1.0,0.0,0.0,0.0,-1.0,0.045,0.0
0.0,1.0,6.123233995736766e-17,0.0,6.123233995736766e-17,-1.0,-1.0,0.0,0.0,0.0,-1.0,0.045,0.0
0.0,1.0,6.123233995736766e-17,0.0,6.123233995736766e-17,-1.0,-1.0,0.0,0.0,0.0,-1.0,0.045,0.0
0.0,1.0,6.123233995736766e-17,0.0,6.123233995736766e-17,-1.0,-1.0,0.0,0.0,0.0,-1.0,0.045,0.0
0.0,1.0,6.123233995736766e-17,0.0,6.123233995736766e-17,-1.0,-1.0,0.0,0.0,0.0,-1.0,0.045,0.0
0.0,1.0,6.123233995736766e-17,0.0,6.123233995736766e-17,-1.0,-1.0,0.0,0.0,0.0,-1.0,0.045,0.0
0.0,1.0,6.123233995736766e-17,0.0,6.123233995736766e-17,-1.0,-1.0,0.0,0.0,0.0,-1.0,0.045,0.0
0.0,1.0,6.123233995736766e-17,0.0,6.123233995736766e-17,-1.0,-1.0,0.0,0.0,0.0,-1.0,0.045,0.0
0.0,1.0,6.123233995736766e-17,0.0,6.123233995736766e-17,-1.0,-1.0,0.0,0.0,0.0,-1.0,0.045,0.0
0.0,1.0,6.123233995736766e-17,0.0,6.123233995736766e-17,-1.0,-1.0,0.0,0.0,0.0,-1.0,0.045,0.0
0.0,1.0,6.123233995736766e-17,0.0,6.123233995736766e-17,-1.0,-1.0,0.0,0.0,0.0,-1.0,0.045,0.0
0.0,1.0,6.123233995736766e-17,0.0,6.123233995736766e-17,-1.0,-1.0,0.0,0.0,0.0,-1.0,0.045,0.0
0.0,1.0,6.123233995736766e-17,0.0,6.123233995736766e-17,-1.0,-1.0,0.0,0.0,0.0,-1.0,0.045,0.0
0.0,1.0,6.123233995736766e-17,0.0,6.123233995736766e-17,-1.0,-1.0,0.0,0.0,0.0,-1.0,0.045,0.0
0.0,1.0,6.123233995736766e-17,0.0,6.123233995736766e-17,-1.0,-1.0,0.0,0.0,0.0,-1.0,0.045,0.0
0.0,1.0,6.123233995736766e-17,0.0,6.123233995736766e-17,-1.0,-1.0,0.0,0.0,0.0,-1.0,0.045,0.0
0.0,1.0,6.123233995736766e-17,0.0,6.123233995736766e-17,-1.0,-1.0,0.0,0.0,0.0,-1.0,0.045,0.0
0.0,1.0,6.123233995736766e-17,0.0,6.123233995736766e-17,-1.0,-1.0,0.0,0.0,0.0,-1.0,0.045,0.0
0.0,1.0,6.123233995736766e-17,0.0,6.123233995736766e-17,-1.0,-1.0,0.0,0.0,0.0,-1.0,0.045,0.0
0.0,1.0,6.123233995736766e-17,0.0,6.123233995736766e-17,-1.0,-1.0,0.0,0.0,0.0,-1.0,0.045,0.0
0.0,1.0,6.123233995736766e-17,0.0,6.123233995736766e-17,-1.0,-1.0,0.0,0.0,0.0,-1.0,0.045,0.0
0.0,1.0,6.123233995736766e-17,0.0,6.123233995736766e-17,-1.0,-1.0,0.0,0.0,0.0,-1.0,0.045,0.0
0.0,1.0,6.123233995736766e-17,0.0,6.123233995736766e-17,-1.0,-1.0,0.0,0.0,0.0,-1.0,0.045,0.0
0.0,1.0,6.123233995736766e-17,0.0,6.123233995736766e-17,-1.0,-1.0,0.0,0.0,0.0,-1.0,0.045,0.0
0.0,1.0,6.123233995736766e-17,0.0,6.123233995736766e-17,-1.0,-1.0,0.0,0.0,0.0,-1.0,0.045,0.0
0.0,1.0,6.123233995736766e-17,0.0,6.123233995736766e-17,-1.0,-1.0,0.0,0.0,0.0,-1.0,0.045,0.0
0.0,1.0,6.123233995736766e-17,0.0,6.123233995736766e-17,-1.0,-1.0,0.0,0.0,0.0,-1.0,0.045,0.0
0.0,1.0,6.123233995736766e-17,0.0,6.123233995736766e-17,-1.0,-1.0,0.0,0.0,0.0,-1.0,0.045,0.0
0.0,1.0,6.123233995736766e-17,0.0,6.123233995736766e-17,-1.0,-1.0,0.0,0.0,0.0,-1.0,0.045,0.0
0.0,1.0,6.123233995736766e-17,0.0,6.123233995736766e-17,-1.0,-1.0,0.0,0.0,0.0,-1.0,0.045,0.0
0.0,1.0,6.123233995736766e-17,0.0,6.123233995736766e-17,-1.0,-1.0,0.0,0.0,0.0,-1.0,0.045,0.0
0.0,1.0,6.123233995736766e-17,0.0,6.123233995736766e-17,-1.0,-1.0,0.0,0.0,0.0,-1.0,0.045,0.0
0.0,1.0,6.123233995736766e-17,0.0,6.123233995736766e-17,-1.0,-1.0,0.0,0.0,0.0,-1.0,0.045,0.0
0.0,1.0,6.123233995736766e-17,0.0,6.123233995736766e-17,-1.0,-1.0,0.0,0.0,0.0,-1.0,0.045,0.0
0.0,1.0,6.123233995736766e-17,0.0,6.123233995736766e-17,-1.0,-1.0,0.0,0.0,0.0,-1.0,0.045,0.0
0.0,1.0,6.123233995736766e-17,0.0,6.123233995736766e-17,-1.0,-1.0,0.0,0.0,0.0,-1.0,0.045,0.0
0.0,1.0,6.123233995736766e-17,0.0,6.123233995736766e-17,-1.0,-1.0,0.0,0.0,0.0,-1.0,0.045,0.0
0.0,1.0,6.123233995736766e-17,0.0,6.123233995736766e-17,-1.0,-1.0,0.0,0.0,0.0,-1.0,0.045,0.0
0.0,1.0,6.123233995736766e-17,0.0,6.123233995736766e-17,-1.0,-1.0,0.0,0.0,0.0,-1.0,0.045,0.0
0.0,1.0,6.123233995736766e-17,0.0,6.123233995736766e-17,-1.0,-1.0,0.0,0.0,0.0,-1.0,0.045,0.0
0.0,1.0,6.123233995736766e-17,0.0,6.123233995736766e-17,-1.0,-1.0,0.0,0.0,0.0,-1.0,0.045,0.0
0.0,1.0,6.123233995736766e-17,0.0,6.123233995736766e-17,-1.0,-1.0,0.0,0.0,0.0,-1.0,0.045,0.0
0.0,1.0,6.123233995736766e-17,0.0,6.123233995736766e-17,-1.0,-1.0,0.0,0.0,0.0,-1.0,0.045,0.0
0.0,1.0,6.123233995736766e-17,0.0,6.123233995736766e-17,-1.0,-1.0,0.0,0.0,0.0,-1.0,0.045,0.0
0.0,1.0,6.123233995736766e-17,0.0,6.123233995736766e-17,-1.0,-1.0,0.0,0.0,0.0,-1.0,0.045,0.0
0.0,1.0,6.123233995736766e-17,0.0,6.123233995736766e-17,-1.0,-1.0,0.0,0.0,0.0,-1.0,0.045,0.0
0.0,1.0,6.123233995736766e-17,0.0,6.123233995736766e-17,-1.0,-1.0,0.0,0.0,0.0,-1.0,0.045,0.0
0.0,1.0,6.123233995736766e-17,0.0,6.123233995736766e-17,-1.0,-1.0,0.0,0.0,0.0,-1.0,0.045,0.0
0.0,1.0,6.123233995736766e-17,0.0,6.123233995736766e-17,-1.0,-1.0,0.0,0.0,0.0,-1.0,0.045,0.0
0.0,1.0,6.123233995736766e-17,0.0,6.123233995736766e-17,-1.0,-1.0,0.0,0.0,0.0,-1.0,0.045,0.0
0.0,1.0,6.123233995736766e-17,0.0,6.123233995736766e-17,-1.0,-1.0,0.0,0.0,0.0,-1.0,0.045,0.0
0.0,1.0,6.123233995736766e-17,0.0,6.123233995736766e-17,-1.0,-1.0,0.0,0.0,0.0,-1.0,0.045,0.0
0.0,1.0,6.123233995736766e-17,0.0,6.123233995736766e-17,-1.0,-1.0,0.0,0.0,0.0,-1.0,0.045,0.0
0.0,1.0,6.123233995736766e-17,0.0,6.123233995736766e-17,-1.0,-1.0,0.0,0.0,0.0,-1.0,0.045,0.0
0.0,1.0,6.123233995736766e-17,0.0,6.123233995736766e-17,-1.0,-1.0,0.0,0.0,0.0,-1.0,0.045,0.0
0.0,1.0,6.123233995736766e-17,0.0,6.123233995736766e-17,-1.0,-1.0,0.0,0.0,0.0,-1.0,0.045,0.0
0.0,1.0,6.123233995736766e-17,0.0,6.123233995736766e-17,-1.0,-1.0,0.0,0.0,0.0,-1.0,0.045,0.0
0.0,1.0,6.123233995736766e-17,0.0,6.123233995736766e-17,-1.0,-1.0,0.0,0.0,0.0,-1.0,0.045,0.0
0.0,1.0,6.123233995736766e-17,0.0,6.123233995736766e-17,-1.0,-1.0,0.0,0.0,0.0,-1.0,0.045,0.0
0.0,1.0,6.123233995736766e-17,0.0,6.123233995736766e-17,-1.0,-1.0,0.0,0.0,0.0,-1.0,0.045,0.0
0.0,1.0,6.123233995736766e-17,0.0,6.123233995736766e-17,-1.0,-1.0,0.0,0.0,0.0,-1.0,0.045,0.0
0.0,1.0,6.123233995736766e-17,0.0,6.123233995736766e-17,-1.0,-1.0,0.0,0.0,0.0,-1.0,0.045,0.0
0.0,1.0,6.123233995736766e-17,0.0,6.123233995736766e-17,-1.0,-1.0,0.0,0.0,0.0,-1.0,0.045,0.0
0.0,1.0,6.123233995736766e-17,0.0,6.123233995736766e-17,-1.0,-1.0,0.0,0.0,0.0,-1.0,0.045,0.0
0.0,1.0,6.123233995736766e-17,0.0,6.123233995736766e-17,-1.0,-1.0,0.0,0.0,0.0,-1.0,0.045,0.0
0.0,1.0,6.123233995736766e-17,0.0,6.123233995736766e-17,-1.0,-1.0,0.0,0.0,0.0,-1.0,0.045,0.0
0.0,1.0,6.123233995736766e-17,0.0,6.123233995736766e-17,-1.0,-1.0,0.0,0.0,0.0,-1.0,0.045,0.0
0.0,1.0,6.123233995736766e-17,0.0,6.123233995736766e-17,-1.0,-1.0,0.0,0.0,0.0,-1.0,0.045,0.0
0.0,1.0,6.123233995736766e-17,0.0,6.123233995736766e-17,-1.0,-1.0,0.0,0.0,0.0,-1.0,0.045,0.0
0.0,1.0,6.123233995736766e-17,0.0,6.123233995736766e-17,-1.0,-1.0,0.0,0.0,0.0,-1.0,0.045,0.0
0.0,1.0,6.123233995736766e-17,0.0,6.123233995736766e-17,-1.0,-1.0,0.0,0.0,0.0,-1.0,0.045,0.0
0.0,1.0,6.123233995736766e-17,0.0,6.123233995736766e-17,-1.0,-1.0,0.0,0.0,0.0,-1.0,0.045,0.0
0.0,1.0,6.123233995736766e-17,0.0,6.123233995736766e-17,-1.0,-1.0,0.0,0.0,0.0,-1.0,0.045,0.0
0.0,1.0,6.123233995736766e-17,0.0,6.123233995736766e-17,-1.0,-1.0,0.0,0.0,0.0,-1.0,0.045,0.0
0.0,1.0,6.123233995736766e-17,0.0,6.123233995736766e-17,-1.0,-1.0,0.0,0.0,0.0,-1.0,0.045,0.0
0.0,1.0,6.123233995736766e-17,0.0,6.123233995736766e-17,-1.0,-1.0,0.0,0.0,0.0,-1.0,0.045,0.0
0.0,1.0,6.123233995736766e-17,0.0,6.123233995736766e-17,-1.0,-1.0,0.0,0.0,0.0,-1.0,0.045,0.0
0.0,1.0,6.123233995736766e-17,0.0,6.123233995736766e-17,-1.0,-1.0,0.0,0.0,0.0,-1.0,0.045,0.0
0.0,1.0,6.123233995736766e-17,0.0,6.123233995736766e-17,-1.0,-1.0,0.0,0.0,0.0,-1.0,0.045,0.0
0.0,1.0,6.123233995736766e-17,0.0,6.123233995736766e-17,-1.0,-1.0,0.0,0.0,0.0,-1.0,0.045,0.0
0.0,1.0,6.123233995736766e-17,0.0,6.123233995736766e-17,-1.0,-1.0,0.0,0.0,0.0,-1.0,0.045,0.0
0.0,1.0,6.123233995736766e-17,0.0,6.123233995736766e-17,-1.0,-1.0,0.0,0.0,0.0,-1.0,0.045,0.0
0.0,1.0,6.123233995736766e-17,0.0,6.123233995736766e-17,-1.0,-1.0,0.0,0.0,0.0,-1.0,0.045,0.0
0.0,1.0,6.123233995736766e-17,0.0,6.123233995736766e-17,-1.0,-1.0,0.0,0.0,0.0,-1.0,0.045,0.0
0.0,1.0,6.123233995736766e-17,0.0,6.123233995736766e-17,-1.0,-1.0,0.0,0.0,0.0,-1.0,0.045,0.0
0.0,1.0,6.123233995736766e-17,0.0,6.123233995736766e-17,-1.0,-1.0,0.0,0.0,0.0,-1.0,0.045,0.0
0.0,1.0,6.123233995736766e-17,0.0,6.123233995736766e-17,-1.0,-1.0,0.0,0.0,0.0,-1.0,0.045,0.0
0.0,1.0,6.123233995736766e-17,0.0,6.123233995736766e-17,-1.0,-1.0,0.0,0.0,0.0,-1.0,0.045,0.0
0.0,1.0,6.123233995736766e-17,0.0,6.123233995736766e-17,-1.0,-1.0,0.0,0.0,0.0,-1.0,0.045,0.0
0.0,1.0,6.123233995736766e-17,0.0,6.123233995736766e-17,-1.0,-1.0,0.0,0.0,0.0,-1.0,0.045,0.0
0.0,1.0,6.123233995736766e-17,0.0,6.123233995736766e-17,-1.0,-1.0,0.0,0.0,0.0,-1.0,0.045,0.0
0.0,1.0,6.123233995736766e-17,0.0,6.123233995736766e-17,-1.0,-1.0,0.0,0.0,0.0,-1.0,0.045,0.0
0.0,1.0,6.123233995736766e-17,0.0,6.123233995736766e-17,-1.0,-1.0,0.0,0.0,0.0,-1.0,0.045,0.0
0.0,1.0,6.123233995736766e-17,0.0,6.123233995736766e-17,-1.0,-1.0,0.0,0.0,0.0,-1.0,0.045,0.0
0.0,1.0,6.123233995736766e-17,0.0,6.123233995736766e-17,-1.0,-1.0,0.0,0.0,0.0,-1.0,0.045,0.0
0.0,1.0,6.123233995736766e-17,0.0,6.123233995736766e-17,-1.0,-1.0,0.0,0.0,0.0,-1.0,0.045,0.0
0.0,1.0,6.123233995736766e-17,0.0,6.123233995736766e-17,-1.0,-1.0,0.0,0.0,0.0,-1.0,0.045,0.0
0.0,1.0,6.123233995736766e-17,0.0,6.123233995736766e-17,-1.0,-1.0,0.0,0.0,0.0,-1.0,0.045,0.0
0.0,1.0,6.123233995736766e-17,0.0,6.123233995736766e-17,-1.0,-1.0,0.0,0.0,0.0,-1.0,0.045,0.0
0.0,1.0,6.123233995736766e-17,0.0,6.123233995736766e-17,-1.0,-1.0,0.0,0.0,0.0,-1.0,0.045,0.0
0.0,1.0,6.123233995736766e-17,0.0,6.123233995736766e-17,-1.0,-1.0,0.0,0.0,0.0,-1.0,0.045,0.0
0.0,1.0,6.123233995736766e-17,0.0,6.123233995736766e-17,-1.0,-1.0,0.0,0.0,0.0,-1.0,0.045,0.0
0.0,1.0,6.123233995736766e-17,0.0,6.123233995736766e-17,-1.0,-1.0,0.0,0.0,0.0,-1.0,0.045,0.0
0.0,1.0,6.123233995736766e-17,0.0,6.123233995736766e-17,-1.0,-1.0,0.0,0.0,0.0,-1.0,0.04500412089202194,0.0
0.0,1.0,6.123233995736766e-17,0.0,6.123233995736766e-17,-1.0,-1.0,0.0,0.0,0.0,-1.0,0.04503195182598104,0.0
0.0,1.0,6.123233995736766e-17,0.0,6.123233995736766e-17,-1.0,-1.0,0.0,0.0,0.0,-1.0,0.04510446809093706,0.0
0.0,1.0,6.123233995736766e-17,0.0,6.123233995736766e-17,-1.0,-1.0,0.0,0.0,0.0,-1.0,0.04523977746807827,0.0
0.0,1.0,6.123233995736766e-17,0.0,6.123233995736766e-17,-1.0,-1.0,0.0,0.0,0.0,-1.0,0.04545324767551581,0.0
0.0,1.0,6.123233995736766e-17,0.0,6.123233995736766e-17,-1.0,-1.0,0.0,0.0,0.0,-1.0,0.0457576338130779,0.0
0.0,1.0,6.123233995736766e-17,0.0,6.123233995736766e-17,-1.0,-1.0,0.0,0.0,0.0,-1.0,0.04616320580710418,0.0
0.0,1.0,6.123233995736766e-17,0.0,6.123233995736766e-17,-1.0,-1.0,0.0,0.0,0.0,-1.0,0.04667787585523998,0.0
0.0,1.0,6.123233995736766e-17,0.0,6.123233995736766e-17,-1.0,-1.0,0.0,0.0,0.0,-1.0,0.04730732587123058,0.0
0.0,1.0,6.123233995736766e-17,0.0,6.123233995736766e-17,-1.0,-1.0,0.0,0.0,0.0,-1.0,0.048055134929715554,0.0
0.0,1.0,6.123233995736766e-17,0.0,6.123233995736766e-17,-1.0,-1.0,0.0,0.0,0.0,-1.0,0.04892290671102302,0.0
0.0,1.0,6.123233995736766e-17,0.0,6.123233995736766e-17,-1.0,-1.0,0.0,0.0,0.0,-1.0,0.04991039694596393,0.0
0.0,1.0,6.123233995736766e-17,0.0,6.123233995736766e-17,-1.0,-1.0,0.0,0.0,0.0,-1.0,0.051015640860626335,0.0
0.0,1.0,6.123233995736766e-17,0.0,6.123233995736766e-17,-1.0,-1.0,0.0,0.0,0.0,-1.0,0.05223508062116975,0.0
0.0,1.0,6.123233995736766e-17,0.0,6.123233995736766e-17,-1.0,-1.0,0.0,0.0,0.0,-1.0,0.05356369277861933,0.0
0.0,1.0,6.123233995736766e-17,0.0,6.123233995736766e-17,-1.0,-1.0,0.0,0.0,0.0,-1.0,0.05499511571366028,0.0
0.0,1.0,6.123233995736766e-17,0.0,6.123233995736766e-17,-1.0,-1.0,0.0,0.0,0.0,-1.0,0.05652177708143201,0.0
0.0,1.0,6.123233995736766e-17,0.0,6.123233995736766e-17,-1.0,-1.0,0.0,0.0,0.0,-1.0,0.05813502125632253,0.0
0.0,1.0,6.123233995736766e-17,0.0,6.123233995736766e-17,-1.0,-1.0,0.0,0.0,0.0,-1.0,0.05982523677676269,0.0
0.0,1.0,6.123233995736766e-17,0.0,6.123233995736766e-17,-1.0,-1.0,0.0,0.0,0.0,-1.0,0.061581983790020486,0.0
0.0,1.0,6.123233995736766e-17,0.0,6.123233995736766e-17,-1.0,-1.0,0.0,0.0,0.0,-1.0,0.0633941214969953,0.0
0.0,1.0,6.123233995736766e-17,0.0,6.123233995736766e-17,-1.0,-1.0,0.0,0.0,0.0,-1.0,0.06524993559701225,0.0
0.0,1.0,6.123233995736766e-17,0.0,6.123233995736766e-17,-1.0,-1.0,0.0,0.0,0.0,-1.0,0.06713726573261646,0.0
0.0,1.0,6.123233995736766e-17,0.0,6.123233995736766e-17,-1.0,-1.0,0.0,0.0,0.0,-1.0,0.06904363293436727,0.0
0.0,1.0,6.123233995736766e-17,0.0,6.123233995736766e-17,-1.0,-1.0,0.0,0.0,0.0,-1.0,0.07095636706563271,0.0
0.0,1.0,6.123233995736766e-17,0.0,6.123233995736766e-17,-1.0,-1.0,0.0,0.0,0.0,-1.0,0.07286273426738354,0.0
0.0,1.0,6.123233995736766e-17,0.0,6.123233995736766e-17,-1.0,-1.0,0.0,0.0,0.0,-1.0,0.07475006440298775,0.0
0.0,1.0,6.123233995736766e-17,0.0,6.123233995736766e-17,-1.0,-1.0,0.0,0.0,0.0,-1.0,0.07660587850300471,0.0
0.0,1.0,6.123233995736766e-17,0.0,6.123233995736766e-17,-1.0,-1.0,0.0,0.0,0.0,-1.0,0.07841801620997951,0.0
0.0,1.0,6.123233995736766e-17,0.0,6.123233995736766e-17,-1.0,-1.0,0.0,0.0,0.0,-1.0,0.08017476322323729,0.0
0.0,1.0,6.123233995736766e-17,0.0,6.123233995736766e-17,-1.0,-1.0,0.0,0.0,0.0,-1.0,0.08186497874367747,0.0
0.0,1.0,6.123233995736766e-17,0.0,6.123233995736766e-17,-1.0,-1.0,0.0,0.0,0.0,-1.0,0.083478222918568,0.0
0.0,1.0,6.123233995736766e-17,0.0,6.123233995736766e-17,-1.0,-1.0,0.0,0.0,0.0,-1.0,0.08500488428633973,0.0
0.0,1.0,6.123233995736766e-17,0.0,6.123233995736766e-17,-1.0,-1.0,0.0,0.0,0.0,-1.0,0.08643630722138065,0.0
0.0,1.0,6.123233995736766e-17,0.0,6.123233995736766e-17,-1.0,-1.0,0.0,0.0,0.0,-1.0,0.08776491937883026,0.0
0.0,1.0,6.123233995736766e-17,0.0,6.123233995736766e-17,-1.0,-1.0,0.0,0.0,0.0,-1.0,0.08898435913937366,0.0
0.0,1.0,6.123233995736766e-17,0.0,6.123233995736766e-17,-1.0,-1.0,0.0,0.0,0.0,-1.0,0.09008960305403609,0.0
0.0,1.0,6.123233995736766e-17,0.0,6.123233995736766e-17,-1.0,-1.0,0.0,0.0,0.0,-1.0,0.09107709328897699,0.0
0.0,1.0,6.123233995736766e-17,0.0,6.123233995736766e-17,-1.0,-1.0,0.0,0.0,0.0,-1.0,0.09194486507028443,0.0
0.0,1.0,6.123233995736766e-17,0.0,6.123233995736766e-17,-1.0,-1.0,0.0,0.0,0.0,-1.0,0.09269267412876943,0.0
0.0,1.0,6.123233995736766e-17,0.0,6.123233995736766e-17,-1.0,-1.0,0.0,0.0,0.0,-1.0,0.0933221241447601,0.0
0.0,1.0,6.123233995736766e-17,0.0,6.123233995736766e-17,-1.0,-1.0,0.0,0.0,0.0,-1.0,0.09383679419289587,0.0
0.0,1.0,6.123233995736766e-17,0.0,6.123233995736766e-17,-1.0,-1.0,0.0,0.0,0.0,-1.0,0.09424236618692208,0.0
0.0,1.0,6.123233995736766e-17,0.0,6.123233995736766e-17,-1.0,-1.0,0.0,0.0,0.0,-1.0,0.09454675232448423,0.0
0.0,1.0,6.123233995736766e-17,0.0,6.123233995736766e-17,-1.0,-1.0,0.0,0.0,0.0,-1.0,0.0947602225319218,0.0
0.0,1.0,6.123233995736766e-17,0.0,6.123233995736766e-17,-1.0,-1.0,0.0,0.0,0.0,-1.0,0.094895531909063,0.0
0.0,1.0,6.123233995736766e-17,0.0,6.123233995736766e-17,-1.0,-1.0,0.0,0.0,0.0,-1.0,0.094968048174019,0.0
0.0,1.0,6.123233995736766e-17,0.0,6.123233995736766e-17,-1.0,-1.0,0.0,0.0,0.0,-1.0,0.09499587910797798,0.0
0.0,1.0,6.123233995736766e-17,0.0,6.123233995736766e-17,-1.0,-1.0,0.0,0.0,0.0,-1.0,0.095,0.0
