7.453889935837843e-20,3.443258018832104e-05,2.371692252312041e-19,1.4308347046675334e-17,-0.003189373907051706,0.206272432061595,-1.5960830581545433,-2.5927301457196695e-17,0.000724896425017277,0.0007248964250172882,0.000724896425017283,0.0007248964250172919,0
-9.147955830346444e-20,6.68521257787484e-05,-1.0841780073130444e-19,1.4754139561792737e-17,-0.00626334803269212,0.21228094489718807,-1.5920525968644959,-2.5623794784998236e-17,0.001407413174289441,0.0014074131742894353,0.0014074131742894437,0.0014074131742894409,0
-8.063753657860939e-19,9.750915358438202e-05,-6.166403735752472e-19,1.5652151573030945e-17,-0.00923116963295504,0.21804721257751247,-1.5879208679445573,-2.526246058242933e-17,0.002052824285987005,0.0020528242859869663,0.002052824285987001,0.0020528242859869884,0
-6.572975670693371e-19,0.00012661080700335141,-5.658418635964099e-19,-1.2134375931671317e-19,-0.012100859242460075,0.2235899540860964,-1.5836983957186361,9.30239049117758e-19,0.0026654906737547794,0.002665490673754745,0.0026654906737547776,0.002665490673754765,0
3.2526065174565133e-19,0.0001543302191105339,1.185425378829261e-19,-1.0130961077842024e-18,-0.014879429279934756,0.22892547179290743,-1.5793942968835974,5.963239541945161e-19,0.0032490572444322813,0.003249057244432292,0.0032490572444322987,0.003249057244432299,0
3.9979955110402976e-19,0.00018081349361262437,2.8626367540640244e-19,-9.638800586070544e-19,-0.01757305502274795,0.23406807008069205,-1.575016528156716,5.629733788121934e-19,0.0038065998655289176,0.0038065998655289366,0.0038065998655289384,0.0038065998655289444,0
-7.453889935837843e-20,0.00020616460320108598,-1.3385453106949705e-19,-1.178480362831492e-19,-0.02018452711717178,0.23902670976171805,-1.5705724711262408,-2.3496991849234636e-19,0.004340307435812334,0.004340307435812327,0.004340307435812344,0.004340307435812341,0
-1.9651164376299768e-19,0.0002305219699781186,-2.558290910454271e-19,2.7433573135026806e-19,-0.022722828214560464,0.24381829372415825,-1.5660677888800658,-4.550460968575562e-19,0.0048530941048025005,0.004853094104802487,0.004853094104802505,0.004853094104802498,0
-6.403569081242511e-19,0.0002539643103764016,-3.8288863982641747e-19,3.4429776415827553e-19,-0.025190583035249407,0.24845044942376932,-1.561508209727342,-6.49370704498712e-20,0.00534661706055583,0.005346617060555804,0.005346617060555831,0.0053466170605558265,0
1.5415999640028266e-19,0.00027657161822770805,2.8964104354774036e-19,-1.9135516364298153e-17,-0.027591699490459493,0.2529321596707598,-1.5568986631682262,2.6988668506539096e-17,0.005822560383741209,0.005822560383741225,0.005822560383741222,0.005822560383741233,0
3.4897757426877174e-19,0.00029841385297322897,5.91188139969101e-19,-1.923715306009161e-17,-0.029929711994268936,0.2572715301939411,-1.552243575871445,2.7244748075969218e-17,0.006282396904699534,0.006282396904699566,0.006282396904699554,0.006282396904699575,0
-6.098637220230962e-19,0.000319552530308925,-1.3386468595624025e-19,-1.8239447972611168e-17,-0.03220783047964522,0.261475906629761,-1.5475469396431913,2.777966085462463e-17,0.006727421690714209,0.006727421690714195,0.006727421690714217,0.006727421690714222,0
-9.097133853511186e-19,0.0003400420119119067,-3.574938798228883e-19,-1.8050117669016918e-17,-0.03442898142248501,0.26555197213142956,-1.5428123680081256,2.793046544042033e-17,0.007158779198145411,0.0071587791981453834,0.007158779198145413,0.007158779198145414,0
-1.2485265642528387e-18,0.0003599305597868243,-7.691699850666952e-19,2.890736962323672e-18,-0.03659584241060012,0.2695058293817451,-1.538043143649153,-1.8159438081634552e-19,0.00757748546919632,0.00757748546919627,0.007577485469196316,0.007577485469196304,0
-6.979551485375435e-19,0.0003792612047469592,-1.8474138628496483e-19,2.2852585323731112e-18,-0.03871087145722502,0.2733430699506228,-1.533242258447401,-2.2655611303342973e-19,0.007984446415725457,0.00798444641572544,0.007984446415725464,0.007984446415725467,0
-3.4728350837426314e-19,0.0003980724668398518,2.031865741402765e-19,2.3166997071021383e-18,-0.04077633200405303,0.27706883330536286,-1.5284124474854301,-4.638369694232905e-19,0.00838047298610213,0.008380472986102136,0.008380472986102148,0.008380472986102162,0
-2.795208725939191e-19,0.00041639895687230075,1.9640394607448745e-19,2.3935324786558273e-17,-0.042794314364230694,0.2806878573000393,-1.5235562180896276,-2.9652487008904924e-17,0.008766293828890529,0.008766293828890536,0.008766293828890548,0.00876629382889056,0
1.3891340334970526e-19,0.0004342718817249831,5.453765244877085e-19,1.7043126560844735e-18,-0.0447667542062416,0.2842045216016966,-1.5186758747685392,-1.2465372585246938e-18,0.009142565931052251,0.00914256593105228,0.009142565931052277,0.009142565931052298,0
8.012931681025681e-19,0.00045171947126525957,1.0434343211772805e-18,9.542199751366717e-19,-0.04669544856323715,0.2876228852251532,-1.5137735407343822,-1.3214377940118247e-18,0.009509883605584373,0.009509883605584434,0.009509883605584407,0.009509883605584439,0
8.843023969334896e-19,0.000468767340947694,1.123069078560692e-18,1.234087175673658e-18,-0.048582069761317494,0.2909467191252585,-1.508851176563082,-1.4356713652244163e-18,0.009868786125214569,0.009868786125214635,0.009868786125214603,0.009868786125214636,0
1.2824078821430107e-18,0.0004854388013327447,1.4483444729187222e-18,7.6037754696274515e-19,-0.050428177588384956,0.29417953462001634,-1.5039105964446233,-1.6122211698870819e-18,0.010219764238584048,0.010219764238584134,0.01021976423858409,0.010219764238584129,0
2.236166980751353e-19,0.0005017551235375685,5.030766279631261e-19,2.1355724104924686e-18,-0.05223522996798969,0.2973246082788095,-1.4989534823935289,-7.6491332841724055e-19,0.01056326575868563,0.01056326575868566,0.010563265758685655,0.010563265758685672,0
-4.0149361699853836e-19,0.0005177357679024793,-3.902088474070006e-20,3.232148163488755e-18,-0.05400459235693762,0.3003850037991805,-1.4939813967241544,-6.141687145303537e-19,0.010899700376894295,0.010899700376894292,0.010899700376894311,0.010899700376894314,0
-4.0657581468206416e-19,0.0005333985817936322,-3.563904147148439e-20,3.5107883199717826e-18,-0.05573754604846816,0.3033635913062037,-1.4889957930430235,1.168755045858435e-19,0.011229443827234354,0.011229443827234351,0.011229443827234372,0.011229443827234375,0
-5.404070203482436e-19,0.0005487599713837436,-2.6603824869414133e-19,4.102409933615311e-18,-0.05743529553300462,0.30626306443651946,-1.4839980259682721,-1.3880053097194383e-19,0.011552841502815655,0.01155284150281564,0.011552841502815667,0.011552841502815664,0
-1.6940658945086007e-21,0.0005638350513920389,-1.1936511196920046e-20,3.317386697374259e-18,-0.05909897504412881,0.3090859555104853,-1.478989359752006,1.2203130687844582e-19,0.011870211608253443,0.011870211608253446,0.011870211608253458,0.011870211608253458,0
8.707498697774207e-19,0.0005786377760737301,7.444638856243791e-19,2.5154765224703267e-18,-0.06072965439742845,0.3118346490478325,-1.4739709759533106,-4.714494604563102e-19,0.012181847917341657,0.012181847917341705,0.012181847917341686,0.012181847917341703,0
1.0570971181733668e-18,0.0005931810541926271,9.57928851889991e-19,1.7747144128620405e-18,-0.06232834421350441,0.3145113938429947,-1.4689439802867919,1.5356504342855327e-19,0.012488022193528955,0.012488022193529015,0.012488022193528988,0.01248802219352901,0
8.487270131488089e-19,0.0006074768502578313,6.953637502859803e-19,1.842108951518186e-18,-0.06389600060275383,0.31711831378357425,-1.463909408752499,6.1905891673270575e-19,0.012788986321217471,0.012788986321217517,0.012788986321217501,0.012788986321217517,0
9.283481101907132e-19,0.0006215362739366098,8.190424931977736e-19,1.8321844727369644e-18,-0.0654335293782288,0.3196574175683946,-1.4588682331373775,7.932116902023186e-21,0.013084974188139123,0.013084974188139174,0.013084974188139153,0.013084974188139172,0
1.1926223897340549e-18,0.000635369659253414,1.0680830218876543e-18,1.6762839517633945e-18,-0.06694178985345633,0.32213060745914873,-1.4538213659653747,-4.883321413941268e-19,0.013376203352703415,0.01337620335270348,0.01337620335270345,0.013376203352703474,0
1.4755313941169912e-18,0.0006489866349358596,1.2535994772464255e-18,7.891280356006508e-19,-0.06842159827416713,0.32453968718076476,-1.4487696649623756,3.2763543414934126e-19,0.013662876524965421,0.013662876524965499,0.013662876524965461,0.013662876524965489,0
1.3518645838178633e-18,0.0006623961870618046,1.1299524531624405e-18,2.140939723385961e-18,-0.06987373092610552,0.32688636906955015,-1.443713937092852,-5.7433623842302645e-19,0.013945182885511635,0.013945182885511706,0.013945182885511673,0.013945182885511697,0
1.1316360175317453e-18,0.0006756067149914639,8.767074607782463e-19,1.4035263715021105e-17,-0.07129892695561463,0.32917228055514247,-1.4386549422175645,9.776618516021046e-18,0.014223299262978153,0.01422329926297821,0.014223299262978188,0.014223299262978205,0
1.2739375526704677e-18,0.0006886260814244415,1.0122474655229154e-18,1.456046523936846e-17,-0.0726978909347121,0.33139897005055385,-1.4335933964148853,9.202299066762766e-18,0.014497391187882942,0.014497391187883008,0.01449739118788298,0.014497391187883001,0
1.5432940298973352e-18,0.0007014616573027566,1.2994079863642447e-18,4.207301506618886e-18,-0.07407129519843329,0.33356791231526356,-1.4285299750029208,-1.439493398612247e-18,0.014767613837952725,0.014767613837952808,0.014767613837952767,0.014767613837952796,0
1.07742590890747e-18,0.0007141203621796876,8.640525875791972e-19,4.943500545867728e-18,-0.07541978197863615,0.335680513347866,-1.4234653152947467,-1.3492241657018913e-18,0.01503411288799339,0.015034112887993447,0.015034112887993422,0.015034112887993441,0
1.4907779871675686e-18,0.000726608700589551,1.148669113116004e-18,1.422329846264087e-17,-0.07674396535550736,0.33773811485782124,-1.4184000191150627,6.822284453820358e-18,0.015297025275569451,0.015297025275569528,0.015297025275569493,0.015297025275569517,0
1.068955579434927e-18,0.0007389327948816763,7.768400217598486e-19,1.4372105322445138e-17,-0.07804443304545187,0.3397419983598288,-1.4133346551031067,7.057556884722831e-18,0.015556479892245786,0.01555647989224584,0.015556479892245819,0.015556479892245834,0
1.6601845766184287e-19,0.0007510984149204185,-2.6134207729810468e-20,1.561533360330934e-17,-0.0793217480417781,0.3416933889290235,-1.4082697608236117,7.084784319223353e-18,0.01581259820885091,0.015812598208850913,0.015812598208850927,0.015812598208850923,0
-5.319366908757006e-19,0.0007631110050010378,-7.240873619556763e-19,4.123595521252339e-17,-0.08057645012268375,0.3435934586507079,-1.4032058447050193,3.0436218934329255e-17,0.016065494842127125,0.01606549484212709,0.01606549484212713,0.01606549484212711,0
-1.9820570965750628e-19,0.0007749757082873406,-4.140796145316067e-19,5.682347437084036e-17,-0.08180905723948897,0.3454433297946745,-1.3981433878220526,4.491481089515652e-17,0.016315278069207174,0.016315278069207156,0.016315278069207184,0.016315278069207174,0
-5.852997665527215e-19,0.0007866973890374085,-7.359544577922923e-19,6.494248794262514e-17,-0.08302006679637494,0.3472440777402437,-1.3930828455375182,5.193668541365493e-17,0.016562050295524402,0.016562050295524367,0.01656205029552441,0.01656205029552439,0
-1.3205243647694542e-18,0.0007982806528525181,-1.4398456166422228e-18,6.559516347539762e-17,-0.08420995683190662,0.3489967336758174,-1.3880246490168568,5.2358990605094135e-17,0.01680590848110568,0.016805908481105605,0.016805908481105674,0.01680590848110564,0
-1.635620621148054e-18,0.0008097298651547417,-1.7888383098747972e-18,8.697272605365806e-17,-0.08537918711128692,0.3507022870936731,-1.3829692066272223,7.163641266174678e-17,0.017046944529573557,0.01704694452957346,0.017046944529573543,0.017046944529573498,0
-1.9498698445793994e-18,0.00082104916807499,-2.0734598942375156e-18,8.78580023691359e-17,-0.08652820013745767,0.3523616880987512,-1.3779169052317237,7.181786521392208e-17,0.017285245643684055,0.01728524564368394,0.017285245643684038,0.017285245643683986,0
-1.739805673660333e-18,0.0008322424959116107,-1.9735318319939173e-18,1.0058233831987398e-16,-0.08765742208823452,0.3539758495480504,-1.3728681113882606,8.403952579200006e-17,0.0175208946507708,0.017520894650770693,0.017520894650770787,0.017520894650770738,0
-1.1833050273142576e-18,0.0008433135893014817,-1.5220825326584685e-18,1.1227924526989703e-16,-0.088767263685966,0.3555456490356053,-1.3678231724614327,9.580610832952073e-17,0.01775397030108386,0.01775397030108378,0.017753970301083857,0.01775397030108382,0
-9.088663524038643e-19,0.0008542660082293561,-1.3882642870446676e-18,1.2374001482633665e-16,-0.08985812100552415,0.3570719307364388,-1.3627824176551118,1.0705702020850939e-16,0.017984547541670688,0.017984547541670615,0.017984547541670688,0.01798454754167065,0
-1.2654672231979247e-18,0.0008651031439871102,-1.754192369766572e-18,1.2439387807428344e-16,-0.09093037622583502,0.35855550712149203,-1.3577461589724678,1.0676601142388381e-16,0.01821269776814973,0.018212697768149638,0.018212697768149728,0.01821269776814968,0
-1.6974540262976179e-18,0.0008758282301824161,-2.1675580202717165e-18,1.191506456805661e-16,-0.09198439832966725,0.35999716055439146,-1.3527146921095918,1.0220227996411977e-16,0.018438489056471975,0.018438489056471857,0.01843848905647196,0.018438489056471902,0
-1.5517643593698782e-18,0.000886444352885669,-2.0913430753990557e-18,1.3495474363156731e-16,-0.09302054375595044,0.3613976447798788,-1.3476882972882698,1.1691234783228309e-16,0.018661986376540454,0.018661986376540343,0.018661986376540443,0.018661986376540384,0
-1.1866931591032748e-18,0.0008969544599941812,-1.8220029073818122e-18,1.4497136167086944e-16,-0.09403915700841776,0.36275768631262617,-1.3426672400328334,1.2632408248468935e-16,0.018883251789351227,0.018883251789351133,0.018883251789351223,0.01888325178935117,0
-1.1485766764768313e-18,0.0009073613698847868,-1.8296385537158755e-18,1.4530579947790156e-16,-0.09504057122408999,0.364077985734513,-1.3376517718956507,1.2572514764872945e-16,0.01910234462915345,0.019102344629153355,0.01910234462915345,0.019102344629153393,0
-1.5898808419963217e-18,0.0009176677794183891,-2.1295000547455063e-18,1.3624630781445339e-16,-0.09602510870474264,0.3653592189075753,-1.3326421311353203,1.1702246608165193e-16,0.01931932167196614,0.019319321671966025,0.019319321671966132,0.01931932167196607,0
-1.506024580218146e-18,0.0009278762713535382,-2.1473039769236e-18,1.359554315972733e-16,-0.09699308141421575,0.3666020381091821,-1.3276385433512692,1.1724683288743228e-16,0.019534237291653486,0.019534237291653374,0.019534237291653482,0.019534237291653416,0
-1.4196272195982074e-18,0.000937989321220405,-1.9728304202908947e-18,1.271294742467032e-16,-0.09794479144417026,0.3678070730954095,-1.3226412220781174,1.0936646186629891e-16,0.019747143604640152,0.019747143604640048,0.01974714360464015,0.01974714360464009,0
-7.640237184233789e-19,0.0009480093037014242,-1.3968622407978403e-18,1.2630200173562328e-16,-0.0988805314506625,0.3689749320980402,-1.317650369342868,1.0908970948036398e-16,0.01995809060424054,0.01995809060424047,0.019958090604240548,0.019958090604240503,0
-5.539595475043124e-19,0.0009579384985603977,-1.2562623576940034e-18,1.3840386404930123e-16,-0.09980058506370945,0.37010620276016,-1.312666176187719,1.2039226603916773e-16,0.020167126285482083,0.02016712628548202,0.020167126285482093,0.020167126285482048,0
-5.717472393966527e-19,0.0009677790961576822,-1.2977724234024563e-18,1.3482947600741298e-16,-0.10070522727179916,0.37120145301482493,-1.3076888231610173,1.1690514171099177e-16,0.02037429676121439,0.020374296761214324,0.0203742967612144,0.020374296761214352,0
-6.801674566452032e-19,0.000977533202585676,-1.392645690378361e-18,1.502929424344659e-16,-0.10159472478317015,0.37226123191096067,-1.302718480778694,1.3109479358068038e-16,0.02057964637022479,0.020579646370224716,0.020579646370224795,0.020579646370224747,0
-1.8041801776516597e-19,0.0009872028444554174,-1.0208048035094403e-18,1.6107945370278744e-16,-0.1024693363654893,0.3732860703902193,-1.2977553099582735,1.415090904191547e-16,0.02078321777800881,0.02078321777800876,0.020783217778008824,0.020783217778008782,0
4.3198680309969317e-19,0.0009967899733624149,-5.02422369480602e-19,1.6026700174912476e-16,-0.1033293131654552,0.37427648201828057,-1.2927994624274184,1.4180072667711542e-16,0.020985052070787685,0.020985052070787668,0.02098505207078771,0.02098505207078768,0
1.7025362239811437e-19,0.0010062964700572332,-7.328112244526558e-19,1.8080144116195184e-16,-0.10417489900972582,0.37523296367378545,-1.2878510811088,1.6129412128547725e-16,0.021185188843310183,0.02118518884331015,0.021185188843310204,0.021185188843310165,0
-1.0164395367051604e-19,0.001015724148343832,-1.0055542283721613e-18,1.9419425259119975e-16,-0.10500633068840415,0.37615599619771417,-1.2829103004828697,1.7374125662733594e-16,0.021383666280922795,0.021383666280922746,0.021383666280922812,0.021383666280922767,0
3.091670257478196e-19,0.0010250747587270028,-6.066026606483945e-19,2.0966180952324423e-16,-0.10582383822230577,0.3770460450060018,-1.2779772469301038,1.888041483595419e-16,0.02158052123635796,0.021580521236357935,0.021580521236357984,0.02158052123635795,0
-4.912791094074942e-20,0.0010343499918278947,-9.82682421633073e-19,2.0687132448282792e-16,-0.10662764511502884,0.3779035606677115,-1.2730520390540188,1.8618207078014544e-16,0.0217757893016399,0.021775789301639856,0.02177578930163992,0.021775789301639877,0
3.9810548520952116e-19,0.0010435514815854549,-5.896595861570471e-19,2.0956636796537287e-16,-0.1074179685908764,0.37872897945115536,-1.2681347879862974,1.8889710663639583e-16,0.02196950487548326,0.02196950487548324,0.021969504875483287,0.021969504875483253,0
2.498747194400186e-19,0.0010526808082596622,-6.980761689705723e-19,2.040324175865919e-16,-0.10819501981950437,0.37952272383995356,-1.2632255976751452,1.8329741051118153e-16,0.02216170122651921,0.02216170122651918,0.022161701226519233,0.022161701226519195,0
-2.371692252312041e-20,0.0010617395012512926,-1.0250286230723625e-18,2.106021424656837e-16,-0.10895900412814959,0.38028520302097,-1.2583245651579575,1.8861089309517357e-16,0.022352410552658804,0.02235241055265876,0.022352410552658825,0.022352410552658776,0
3.2780175058741423e-19,0.0010707290417517512,-7.776952156783424e-19,2.210921835737788e-16,-0.10971012120223424,0.3810168133459362,-1.2534317808193152,1.9908909886662072e-16,0.022541664036878982,0.02254166403687895,0.022541664036879006,0.022541664036878965,0
-6.098637220230962e-20,0.0010796508652352306,-1.0758478885224998e-18,2.1623750755219946e-16,-0.11044856527504682,0.3817179387683568,-1.2485473286352,1.937855074716473e-16,0.02272949189968908,0.022729491899689033,0.022729491899689102,0.022729491899689053,0
2.346281263894412e-19,0.0010885063638045654,-8.081860172548726e-19,2.1113800823201507e-16,-0.11117452530717564,0.3823889512572256,-1.2436712864042854,1.8856646504630155e-16,0.022915923448517173,0.02291592344851714,0.0229159234485172,0.022915923448517155,0
8.300922883092143e-20,0.0010972968884011892,-8.632410963220861e-19,2.0622629738445273e-16,-0.11188818515630787,0.38303021118895103,-1.2388037259670848,1.835629298034195e-16,0.023100987124235573,0.023100987124235535,0.023100987124235597,0.023100987124235552,0
1.4060746924421386e-19,0.001106023750888877,-8.66628503700978e-19,2.229698227684964e-16,-0.11258972373799103,0.38364206771884013,-1.233944713413713,1.9929014454948026e-16,0.023284710545028998,0.02328471054502896,0.023284710545029022,0.023284710545028977,0
6.2680438096818225e-19,0.0011146882260198475,-4.0753542799922675e-19,2.1323050105534576e-16,-0.11327931517782623,0.3842248591332079,-1.2290943092808555,1.9050512337213208e-16,0.023467120547786262,0.02346712054778625,0.023467120547786297,0.023467120547786262,0
-3.049318610115481e-19,0.001123291553291742,-1.1444486995072432e-18,2.0086413074778555e-16,-0.11395712895567607,0.3847789131834327,-1.2242525687386856,1.7768855442846776e-16,0.023648243227194592,0.023648243227194533,0.02364824322719461,0.02364824322719456,0
-6.183340514956392e-19,0.00113183493870261,-1.4332895396713724e-18,2.080157752675662e-16,-0.11462333004225334,0.3853045474027902,-1.219419541768193,1.8403957859763396e-16,0.02382810397268656,0.023828103972686483,0.02382810397268657,0.023828103972686514,0
-1.0782729418547243e-18,0.0011403195564111,-1.8745989515189058e-18,2.0866331397521557e-16,-0.11527807902857712,0.38580206940716494,-1.214595273329539,1.839113555982038e-16,0.024006727503391626,0.02400672750339152,0.02400672750339163,0.024006727503391563,0
-7.564004218980902e-19,0.0011487465503081777,-1.5900049678409613e-18,2.062205565138373e-16,-0.11592153224866938,0.3862717771804866,-1.2097798035219116,1.8190054539767852e-16,0.024184137901224832,0.024184137901224746,0.02418413790122484,0.02418413790122478,0
-4.590918574118308e-19,0.001157117035506283,-1.2960908665822544e-18,2.1392219122466197e-16,-0.11655384189585193,0.38671395934570985,-1.2049731677353364,1.89331400534833e-16,0.024360358642237567,0.024360358642237498,0.02436035864223758,0.02436035864223753,0
3.134021904840911e-20,0.0011654320997515246,-8.979891987510221e-19,2.2508116251206424e-16,-0.11717515613300998,0.38712889542215856,-1.2001753967949025,2.0034164704576469e-16,0.024535412626347904,0.02453541262634786,0.024535412626347928,0.024535412626347883,0
-3.9048218868423246e-19,0.0011736928047638537,-1.3164232158023418e-18,2.1801535117316575e-16,-0.11778561919709969,0.3875168560698726,-1.1953865170977613,1.9279405475775756e-16,0.024709322205554843,0.024709322205554773,0.02470932220555486,0.024709322205554805,0
-1.9142944607947188e-19,0.001181900187510188,-1.1605723583443287e-18,2.233230285559837e-16,-0.11838537149825586,0.3878781033217543,-1.190606550743339,1.982167798717347e-16,0.024882109210740824,0.024882109210740765,0.024882109210740844,0.024882109210740792,0
6.437450399132683e-20,0.001190055261414674,-9.530508473883053e-19,2.2119466327485552e-16,-0.11897454971372116,0.3882128908040233,-1.1858355156570513,1.9643791198611325e-16,0.02505379497715105,0.025053794977151,0.025053794977151073,0.025053794977151024,0
4.667151539371195e-19,0.001198159017510197,-6.7607055196087e-19,2.187399373367377e-16,-0.11955328687685757,0.38852146394556725,-1.1810734257078457,1.9848479247586098e-16,0.025224400368635734,0.025224400368635703,0.025224400368635762,0.02522440036863572,0
6.437450399132683e-19,0.0012062124255351953,-5.43929653541633e-19,2.269045538957914e-16,-0.12012171246154447,0.3888040601768745,-1.176320290819955,2.0665945270090817e-16,0.02539394580074096,0.025393945800740936,0.025393945800740992,0.02539394580074095,0
6.098637220230962e-19,0.001214216434978987,-6.082990049915809e-19,2.383814387874486e-16,-0.12067995246209602,0.38906090911885416,-1.1715761170790318,2.1776850214846917e-16,0.025562451262715526,0.0255624512627155,0.025562451262715554,0.025562451262715512,0
-3.7862372742267225e-19,0.0012221719760791834,-1.4671855617115355e-18,2.2825850817366745e-16,-0.12122812946897576,0.38929223276216945,-1.1668409068330148,2.069075047890324e-16,0.025729936338509164,0.02572993633850908,0.025729936338509174,0.02572993633850911,0
-2.829090043829363e-19,0.0012300799607741747,-1.3782500964004754e-18,2.265540573105941e-16,-0.12176636274047291,0.38949824563745883,-1.1621146587879347,2.0519511188955123e-16,0.025896420226824767,0.025896420226824687,0.02589642022682478,0.02589642022682472,0
-2.795208725939191e-19,0.0012379412836135562,-1.350300233180101e-18,2.2795443870820756e-16,-0.12229476827051505,0.38967915497683997,-1.1573973680988812,2.0656982174004996e-16,0.026061921760285434,0.026061921760285354,0.026061921760285447,0.026061921760285385,0
-5.565006463460753e-19,0.001245756822629329,-1.5391907650240955e-18,2.1685814315768049e-16,-0.12281345885282047,0.38983516086715553,-1.152689026456386,1.9481019720405123e-16,0.026226459423775394,0.0262264594237753,0.026226459423775404,0.02622645942377534,0
-4.870439446712227e-19,0.0012535274401702654,-1.5273366281162193e-18,2.3267261703407165e-16,-0.12332254414150741,0.38996645639523114,-1.1479896221683763,2.1016719413709218e-16,0.026390051372005636,0.026390051372005542,0.026390051372005646,0.02639005137200558,0
-4.0064658405128406e-19,0.0012612539837019367,-1.4883768757087619e-18,2.383568308614624e-16,-0.1238221307083389,0.3900732277855432,-1.1432991402379153,2.156430068943897e-16,0.02655271544635661,0.02655271544635652,0.026552715446356623,0.026552715446356557,0
-2.981555974335137e-19,0.0012689372865745498,-1.3740305061184815e-18,2.2875155282056885e-16,-0.1243123220967156,0.3901556545305623,-1.138617562436885,2.0640183961041155e-16,0.0267144691910432,0.026714469191043116,0.026714469191043217,0.026714469191043155,0
-3.7184746384463785e-19,0.0012765781687607682,-1.4434894859651274e-18,2.233374966687233e-16,-0.12479321887256396,0.39021390951409535,-1.133944867375786,2.0155276846089859e-16,0.0268753298686478,0.026875329868647713,0.026875329868647817,0.02687532986864775,0
-1.8380614955418317e-19,0.0012841774375654707,-1.2850971505974053e-18,2.2191931920304421e-16,-0.12526491867223144,0.3902481591278903,-1.129281030569807,2.0042462612675568e-16,0.02703531447506258,0.027035314475062504,0.0270353144750626,0.02703531447506254,0
5.963111948670274e-19,0.0012917358883092645,-6.231422916078975e-19,2.2209911016216107e-16,-0.12572751624748343,0.390258563381712,-1.124626024501278,2.0176432498821403e-16,0.027194439753879272,0.027194439753879238,0.027194439753879307,0.02719443975387926,0
2.176874674443552e-19,0.0012992543049876505,-8.75553626573646e-19,2.247737856020582e-16,-0.1261811035077442,0.3902452760072163,-1.1199798186786898,2.0422891819524618e-16,0.027352722210266352,0.0273527222102663,0.027352722210266384,0.027352722210266328,0
4.811147140404426e-19,0.0013067334609073113,-6.451590368019656e-19,2.232824529949479e-16,-0.12662576955961896,0.3902084445557082,-1.1153423796923316,2.0306281517190034e-16,0.02751017812436447,0.02751017812436443,0.027510178124364505,0.027510178124364456,0
5.836057006582129e-19,0.001314174119301294,-5.587580963717914e-19,2.2565290002715663e-16,-0.1270616007438414,0.390148210490111,-1.1107136712667278,2.054407865850316e-16,0.027666823564237792,0.027666823564237757,0.02766682356423783,0.02766682356423778,0
1.0062751413381088e-18,0.0013215770339244806,-1.7335378498790917e-19,2.241305470038829e-16,-0.12748868066969762,0.390064709271265,-1.10609365430994,2.0446718329786544e-16,0.02782267439841013,0.02782267439841012,0.027822674398410175,0.027822674398410137,0
6.860966872759833e-19,0.0013289429496307402,-3.965395544515489e-19,2.1339793562998292e-16,-0.12790709024699146,0.3899580704387058,-1.1014822869598224,1.9362096318755118e-16,0.027977746308015604,0.027977746308015576,0.027977746308015642,0.0279777463080156,0
7.004962473793064e-19,0.0013362726029332306,-6.619167617152204e-20,2.1103452936212485e-16,-0.1283169077156545,0.3898284176861563,-1.0968795246273582,1.9597154383160628e-16,0.028132054798594337,0.028132054798594323,0.02813205479859438,0.028132054798594354,0
2.879912020664621e-20,0.0013435667225490152,-5.519599619184445e-19,2.0465164097068857e-16,-0.12871820867302491,0.38967586893179257,-1.0922853200371152,1.882622779919104e-16,0.02828561521155824,0.028285615211558195,0.028285615211558274,0.028285615211558236,0
2.973085644862594e-19,0.0013508260299293392,-3.8594129519493576e-19,2.086653928855311e-16,-0.12911106609888615,0.3895005363834915,-1.0876996232649365,1.9239167407545287e-16,0.02843844273535453,0.028438442735354494,0.028438442735354567,0.028438442735354532,0
3.7184746384463785e-19,0.001358051239776664,-3.063180500362637e-19,2.0937105856381539e-16,-0.1294955503782913,0.3893025265991208,-1.0831223817729005,1.9164440094466834e-16,0.028590552416350837,0.028590552416350806,0.028590552416350876,0.02859055241635084,0
7.69952949054159e-19,0.001365243060549621,4.012109965105998e-20,2.0714647977793237e-16,-0.12987172932222832,0.3890819405420036,-1.0785535404416284,1.8951785089503844e-16,0.028741959169465713,0.028741959169465703,0.028741959169465755,0.02874195916946573,0
8.089164646278568e-19,0.0013724021949570047,1.049246323126636e-19,2.089681752702359e-16,-0.13023966818617594,0.3888388736316687,-1.0739930415999994,1.9131607597485208e-16,0.02889267778856853,0.02889267778856852,0.02889267778856857,0.02889267778856855,0
7.606355866343617e-19,0.0013795293404418104,5.4108420742734033e-20,2.0545104334923305e-16,-0.13059942968657298,0.3885734157899474,-1.0694408250523124,1.8723589486219476e-16,0.0290427229566697,0.029042722956669688,0.02904272295666974,0.029042722956669716,0
7.27601301691444e-19,0.0013866251896564,-4.32949708360805e-20,2.11826075993238e-16,-0.13095107401525477,0.38828565148253996,-1.0648968281029625,1.9385088712520148e-16,0.02919210925592422,0.029192109255924206,0.029192109255924262,0.029192109255924234,0
9.75781955236954e-19,0.0013936904309296398,1.8456203265407348e-19,2.1410013168204048e-16,-0.13129465885183497,0.3879756597560092,-1.0603609855786122,1.9650123884413528e-16,0.029340851177466105,0.029340851177466105,0.02934085117746615,0.029340851177466126,0
9.122544841928815e-19,0.0014007257487271725,5.539637313394888e-20,2.1658799237959274e-16,-0.13163023937412607,0.38764351427041466,-1.0558332298479787,1.9935784484736911e-16,0.02948896313109838,0.02948896313109837,0.02948896313109842,0.029488963131098393,0
4.802676810931883e-19,0.0014077318241056153,-2.7324601907703906e-19,2.2308449183434797e-16,-0.1319578682665676,0.3872892833275265,-1.0513134908392034,2.0548434921262432e-16,0.02963645945485508,0.029636459454855053,0.029636459454855116,0.02963645945485508,0
8.03834266944331e-19,0.0014147093351616288,-3.056772861562734e-20,2.2217218077409167e-16,-0.132277595726687,0.38691302989467735,-1.046801696054842,2.044514401666766e-16,0.02978335442445536,0.029783354424455347,0.0297833544244554,0.029783354424455368,0
2.73591641963139e-19,0.001421658957476735,-5.065946586279849e-19,2.187493337525274e-16,-0.13258946946959563,0.3865148116242689,-1.0422977705844845,2.0031122752414193e-16,0.02992966226266814,0.029929662262668095,0.029929662262668168,0.029929662262668126,0
3.6337713437209485e-19,0.0014285813645588748,-3.9817254746671455e-19,2.1783288311954397e-16,-0.13289353473056476,0.3860946808690361,-1.0378016371150673,1.9953829843801088e-16,0.030075397148607925,0.030075397148607887,0.030075397148607953,0.030075397148607914,0
1.6940658945086007e-19,0.0014354772282814156,-5.2395443433477965e-19,2.1891752185400744e-16,-0.13318983426562386,0.3856526846929488,-1.0333132159388116,2.0029075085656485e-16,0.03022057322697721,0.030220573226977163,0.030220573226977236,0.030220573226977195,0
2.981555974335137e-19,0.0014423472193205809,-4.036745920029175e-19,2.1253264928817106e-16,-0.13347840835021912,0.3851888648778455,-1.028832424958847,1.9425551917358236e-16,0.03036520461727542,0.030365204617275383,0.030365204617275453,0.030365204617275415,0
-2.1514636860259229e-19,0.0014491920075921669,-8.657290239182018e-19,2.1984172983065833e-16,-0.13375929477592455,0.3847032579257827,-1.024359179692509,2.0105704534306508e-16,0.030509305422993037,0.03050930542299297,0.03050930542299306,0.03050930542299301,0
-3.4813054132151744e-19,0.0014560122626883073,-1.0270902677232629e-18,2.154520963692351e-16,-0.13403252884516173,0.38419589505701945,-1.0198933932722776,1.9652353002975302e-16,0.030652889740806523,0.03065288974080645,0.030652889740806544,0.030652889740806488,0
-7.174369063243924e-19,0.001462808654315286,-1.4086809764928214e-18,2.1305524571509038e-16,-0.1342981433639634,0.3836668022037168,-1.0154349764443973,1.9356461020559487e-16,0.03079597166979556,0.030795971669795467,0.030795971669795575,0.03079597166979551,0
-4.70950318673391e-19,0.001469581852733105,-1.2193739721240041e-18,2.1216208877703542e-16,-0.13455616863270217,0.38311599999918783,-1.0109838375650955,1.92988936657582e-16,0.030938565320697005,0.03093856532069692,0.030938565320697022,0.03093856532069696,0
-6.632267977001172e-19,0.0014763325291978343,-1.3883602243344694e-18,2.0735447464228184e-16,-0.134806632434821,0.3825435037627894,-1.006539882594453,1.8801813481223524e-16,0.031080684825217624,0.03108068482521753,0.031080684825217638,0.031080684825217572,0
-8.927727264060326e-19,0.0014830613564074645,-1.5429481999469017e-18,2.0552940998517397e-16,-0.13504956002347343,0.38194932348026256,-1.002103015087825,1.858622770715886e-16,0.03122234434542037,0.031222344345420264,0.03122234434542038,0.03122234434542031,0
-7.648707513706332e-19,0.001489769008952316,-1.3854060601668522e-18,2.060329163328862e-16,-0.1352849741061023,0.38133346377958843,-0.9976731361848515,1.864480339770219e-16,0.03136355808320671,0.03136355808320662,0.031363558083206726,0.031363558083206663,0
-7.148958074826295e-19,0.0014964561637707738,-1.3926109550276442e-18,2.0538514825110566e-16,-0.13551289482686338,0.38069592390217194,-0.9932501445959627,1.8583106152886488e-16,0.03150434028991109,0.031504340289911,0.0315043402899111,0.03150434028991104,0
-1.0249098661777034e-18,0.0015031235006113942,-1.6852656047551593e-18,2.0322049544899272e-16,-0.13573333974689664,0.38003669766936254,-0.9888339365863851,1.8326984689920035e-16,0.03164470527602942,0.03164470527602931,0.03164470527602943,0.03164470527602936,0
-9.67311625764411e-19,0.0015097717025022346,-1.567958355368149e-18,2.0506292068449516e-16,-0.13594632382235294,0.3793557734441221,-0.9844244059575513,1.8520141080703806e-16,0.031784667421099734,0.03178466742109964,0.03178466742109975,0.031784667421099685,0
-1.1443415117405598e-18,0.0015164014562284846,-1.7699821263261548e-18,2.0636288444644623e-16,-0.13615185938016372,0.3786531340878236,-0.9800214440259098,1.866915300658538e-16,0.03192424118375763,0.03192424118375753,0.03192424118375765,0.03192424118375758,0
-1.1316360175317453e-18,0.0015230134528193488,-1.7174736499785627e-18,1.9768136816359136e-16,-0.13634995609146702,0.3779287569120012,-0.9756249395990411,1.7830887381012105e-16,0.032063441111986356,0.03206344111198625,0.03206344111198637,0.0320634411119863,0
-1.3476294190815918e-18,0.0015296083880452062,-1.8741822082868432e-18,2.0013952868371694e-16,-0.13654062094261588,0.3771826136249019,-0.9712347789490043,1.807882501804473e-16,0.03220228185358336,0.032202281853583245,0.03220228185358337,0.0322022818535833,0
-1.0486267887008238e-18,0.0015361869629262328,-1.62431635432787e-18,2.0396086561693992e-16,-0.13672385820373775,0.3764146702727802,-0.9668508457828884,1.8489732678465087e-16,0.032340778166868124,0.03234077816686802,0.03234077816686814,0.032340778166868075,0
-9.24959978401696e-19,0.0015427498842535091,-1.5269144474487414e-18,1.9986471210841632e-16,-0.13689966939472276,0.3756248871756819,-0.9624730212104343,1.8060732349481906e-16,0.03247894493165289,0.032478944931652785,0.0324789449316529,0.03247894493165284,0
-5.395599874009893e-19,0.0015492978651238806,-1.2122477641640131e-18,1.9584731083709372e-16,-0.1370680532485929,0.37481321885762675,-0.9581011837086869,1.7729693559648374e-16,0.0326167971605028,0.03261679716050272,0.03261679716050282,0.03261679716050277,0
-5.429481191900065e-19,0.0015558316254897073,-1.1639704115261787e-18,1.9520768491838284e-16,-0.13722900567211954,0.3739796139709118,-0.9537352090835302,1.7668822320437513e-16,0.03275435001030968,0.032754350010309595,0.0327543500103097,0.032754350010309644,0
-7.496241583200558e-19,0.0015623518927248851,-1.365567793139534e-18,1.9751442456498006e-16,-0.13738251970362791,0.37312401521441274,-0.9493749704280455,1.790489412606968e-16,0.03289161879420816,0.03289161879420807,0.03289161879420818,0.03289161879420812,0
-9.579942633446137e-19,0.0015688594022084377,-1.5582726668262067e-18,2.0169161401988214e-16,-0.1375285854678585,0.37224635924562205,-0.9450203380775608,1.8264644072522854e-16,0.033028618993861905,0.0330286189938618,0.033028618993861926,0.03302861899386186,0
-7.987520692608052e-19,0.0015753548979271206,-1.4252947167549177e-18,2.020038208063158e-16,-0.1376671901277737,0.3713465765861859,-0.9406711795612642,1.8309103707704263e-16,0.033165366272149964,0.03316536627214987,0.033165366272149985,0.033165366272149915,0
-8.724439356719293e-19,0.0015818391330985405,-1.4625693457303676e-18,2.0255146474354962e-16,-0.1377983178331865,0.3704245915206978,-0.9363273595502637,1.834925561127422e-16,0.03330187648628512,0.03330187648628502,0.03330187648628514,0.03330187648628507,0
-8.639736061993863e-19,0.0015883128708163972,-1.4668101584398521e-18,2.0160258518036022e-16,-0.13792194966608287,0.3694803219884729,-0.9319887398019453,1.8258916549220725e-16,0.03343816570139789,0.03343816570139779,0.03343816570139791,0.03343816570139784,0
-1.2010927192065979e-18,0.0015947768847194778,-1.6802680458853382e-18,1.999388588377778e-16,-0.13803806358247175,0.36851367946797414,-0.9276551791004658,1.8046507922984045e-16,0.03357425020462065,0.033574250204620536,0.03357425020462066,0.03357425020462059,0
-1.2137982134154124e-18,0.0016012319596862353,-1.6963694250267144e-18,2.0093072578416594e-16,-0.138146634350628,0.36752456885360196,-0.9233265331932279,1.8132942075792724e-16,0.03371014651971028,0.03371014651971017,0.03371014651971029,0.03371014651971022,0
-1.669501939038226e-18,0.001607678892556807,-2.1101528450360405e-18,2.0111668756974192e-16,-0.1382476334855456,0.36651288832448053,-0.9190026547231516,1.8069536452701182e-16,0.033845871422248645,0.03384587142224851,0.03384587142224865,0.03384587142224857,0
-1.945634679843128e-18,0.0016141184928845278,-2.368932161347463e-18,2.01063397445891e-16,-0.13834102917944058,0.3654785292049022,-0.914683393156566,1.8015720654696976e-16,0.03398144195546383,0.03398144195546367,0.03398144195546383,0.03398144195546374,0
-2.2836008257975937e-18,0.0016205515837190015,-2.684040934170689e-18,2.017799090523891e-16,-0.1384267862280731,0.3644213758159609,-0.9103685947064811,1.8075517402603324e-16,0.03411687544671592,0.03411687544671574,0.03411687544671591,0.034116875446715815,0
-1.8431436932253575e-18,0.0016269790024230984,-2.4494274854399083e-18,2.0216335030666936e-16,-0.13850486595272013,0.36334130531802206,-0.9060581022510565,1.8150513630790392e-16,0.03425218952469689,0.03425218952469673,0.0342521895246969,0.0342521895246968,0
-1.6940658945086007e-18,0.0016334016015262629,-2.3223843811247944e-18,2.0785434020942578e-16,-0.13857522611754822,0.3622381875435135,-0.9017517552470018,1.8707639631761655e-16,0.034387402137395086,0.03438740213739493,0.03438740213739509,0.034387402137395,0
-1.480613591800517e-18,0.0016398202496167673,-2.1140251497130554e-18,2.0952677841146753e-16,-0.1386378208421619,0.36111188481957845,-0.8974493896376738,1.8951377704160674e-16,0.03452253157087938,0.03452253157087924,0.034522531570879395,0.03452253157087931,0
-1.6152918304139507e-18,0.0016462358322756516,-2.2368544260638128e-18,2.060533245495783e-16,-0.13869260050903617,0.3599622517799788,-0.8931508377555512,1.8546660324133813e-16,0.03465759646896116,0.034657596468961015,0.03465759646896117,0.034657596468961084,0
-2.0574430288806955e-18,0.0016526492530554461,-2.6256529083997274e-18,2.0869774019764916e-16,-0.13873951166561513,0.35878913516580924,-0.8888559282188635,1.876860293639511e-16,0.034792615853798954,0.03479261585379878,0.03479261585379895,0.03479261585379886,0
-1.756746332605419e-18,0.0016590614345067779,-2.3376748990312924e-18,2.0872077842106845e-16,-0.13877849692071345,0.3575923736142655,-0.8845644858219833,1.8828217804730536e-16,0.034927609147511196,0.034927609147511036,0.03492760914751119,0.034927609147511106,0
-1.6635727084074459e-18,0.0016654733192563596,-2.3486975914006174e-18,2.115099494904577e-16,-0.13880949483492153,0.35637179743484765,-0.8802763314192589,1.9096419839196772e-16,0.035062596194870815,0.035062596194870656,0.03506259619487081,0.035062596194870725,0
-1.9930685248893687e-18,0.001671885871140113,-2.614676604584773e-18,2.1376629441100795e-16,-0.1388324398046907,0.3551272283723358,-0.87599128180195,1.925465188109436e-16,0.03519759728716037,0.035197597287160196,0.03519759728716036,0.03519759728716027,0
-1.8151916059659656e-18,0.001678300076395378,-2.4677291721867583e-18,2.0942680272842956e-16,-0.1388472619396934,0.3538584793556956,-0.8717091495678296,1.8860818570673642e-16,0.03533263318727121,0.03533263318727104,0.0353326331872712,0.03533263318727111,0
-1.4365678785432934e-18,0.001684716944916511,-2.139092036497966e-18,2.1333156356120108e-16,-0.1388538869330448,0.35256535423205854,-0.8674297429830085,1.9287305827270733e-16,0.03546772515613716,0.03546772515613701,0.03546772515613716,0.035467725156137074,0
-1.5729401830512357e-18,0.0016911375115786229,-2.2365100490120395e-18,2.126858366672672e-16,-0.13885223592400656,0.351247647484999,-0.8631528658355845,1.9146901820582586e-16,0.03560289498060267,0.03560289498060252,0.03560289498060267,0.03560289498060259,0
-1.6203740280974765e-18,0.001697562837634384,-2.324188065706402e-18,2.1197918101416603e-16,-0.13884222535263657,0.3499051439359942,-0.8588783172805404,1.9010482813612305e-16,0.035738165002829225,0.035738165002829066,0.035738165002829225,0.035738165002829135,0
-1.6898307297723292e-18,0.0017039940121894406,-2.3076813441431623e-18,2.105181625045595e-16,-0.13882376680592987,0.3485376184281292,-0.8546058916754038,1.8855118467117993e-16,0.03587355815135673,0.03587355815135657,0.03587355815135673,0.03587355815135664,0
-1.6000452373633733e-18,0.0017104321537622785,-2.2585643125718852e-18,2.1290086904773833e-16,-0.1387967668548625,0.34714483549083053,-0.8503353784060442,1.9138552868449748e-16,0.03600909797394279,0.03600909797394264,0.0360090979739428,0.03600909797394271,0
-1.0791199748019786e-18,0.0017168784119350141,-1.8647043064033236e-18,2.1318976296329874e-16,-0.13876112688179018,0.34572654898449817,-0.8460665617020234,1.920578613769166e-16,0.03614480867231616,0.03614480867231604,0.036144808672316175,0.03614480867231609,0
-1.3925221652860698e-18,0.0017233339691019784,-2.155667090105863e-18,2.1227727755981088e-16,-0.13871674289749833,0.3442825017235775,-0.8417992204407441,1.9053945627898126e-16,0.0362807151389891,0.036280715138988964,0.03628071513898912,0.03628071513898903,0
-8.749850345136923e-19,0.0017298000423237724,-1.9947398342778297e-18,2.1171961985110493e-16,-0.13866350534728963,0.34281242507681,-0.8375331279397501,1.9054206127100745e-16,0.03641684299629003,0.0364168429962899,0.03641684299629004,0.03641684299628995,0
-7.648707513706332e-19,0.0017362778852949197,-1.8702316590471034e-18,2.1330080276730526e-16,-0.1386012989052752,0.3413160385429305,-0.8332680517362794,1.922470449283165e-16,0.03655321863778786,0.036553218637787745,0.036553218637787876,0.036553218637787786,0
-8.351744859927401e-19,0.0017427687904341697,-1.8668484919615773e-18,2.1192058526068164e-16,-0.13853000225611847,0.33979304930027027,-0.8290037533532795,1.9092540326158478e-16,0.03668986927229839,0.036689869272298274,0.036689869272298406,0.036689869272298316,0
-9.325832749269847e-19,0.0017492740911071948,-1.9693449116404935e-18,2.1685484066694825e-16,-0.1384494878633041,0.3382431517283409,-0.8247399880508897,1.9530816018424053e-16,0.036826822970677874,0.03682682297067775,0.03682682297067789,0.03682682297067779,0
-7.835054762102278e-19,0.0017557951639923922,-1.8609307758354503e-18,2.2004458511361615e-16,-0.13835962172298655,0.3366660268994529,-0.8204765045623866,1.9839140645417145e-16,0.0369641087156294,0.03696410871562928,0.03696410871562941,0.036964108715629315,0
-1.1121542597448963e-18,0.0017623334316014655,-2.1396097382505917e-18,2.153923565767127e-16,-0.13826026310234954,0.33506134203815713,-0.8162130448134527,1.939499452798322e-16,0.03710175645476779,0.03710175645476766,0.0371017564547678,0.037101756454767695,0
-1.0223687673359405e-18,0.0017688903649676277,-2.1002299985246408e-18,2.1528946801538094e-16,-0.138151264261368,0.3334287499462272,-0.8119493436235921,1.939070771240182e-16,0.03723979715721331,0.037239797157213185,0.03723979715721332,0.03723979715721321,0
-1.0418505251227894e-18,0.0017754674865154377,-2.1120951840298506e-18,2.1915680045408136e-16,-0.13803247015669745,0.3317678883905439,-0.8076851283883307,1.973804739405503e-16,0.03737826287400931,0.03737826287400919,0.03737826287400932,0.037378262874009215,0
-1.3095129364551483e-18,0.0017820663731276806,-2.422963150725661e-18,2.1966491044499817e-16,-0.13790371812633107,0.3300783794510813,-0.8034201187407608,1.9727499994058025e-16,0.03751718680268812,0.03751718680268797,0.03751718680268812,0.03751718680268801,0
-1.3925221652860698e-18,0.0017886886594262687,-2.5284274246283985e-18,2.17868917628491e-16,-0.13776483755356567,0.3283598288259842,-0.7991540261908755,1.9494777368782906e-16,0.037656603356342605,0.03765660335634246,0.037656603356342605,0.037656603356342494,0
-1.0452386569118066e-18,0.0017953360412857737,-2.1769180081444442e-18,2.1764510639838628e-16,-0.1376156495086052,0.3266118250902833,-0.7948865537409157,1.9489474056974062e-16,0.03779654823759533,0.03779654823759521,0.03779654823759534,0.037796548237595234,0
-1.0909784360635388e-18,0.0018020102796001986,-2.3056739922989896e-18,2.202034715471243e-16,-0.1374559663660715,0.3248339389046898,-0.7906173954748962,1.9703035418971837e-16,0.03793705851789902,0.03793705851789889,0.037937058517899025,0.037937058517898914,0
-1.5365177663193008e-18,0.0018087132043256332,-2.8016190956627166e-18,2.209300280664233e-16,-0.13728559139640148,0.3230257221702924,-0.7863462361201584,1.9682889005178937e-16,0.03807817272264503,0.038078172722644875,0.03807817272264502,0.038078172722644896,0
-1.6466320494623599e-18,0.0018154467188239572,-2.925719768600128e-18,2.2111721227597106e-16,-0.1371043183290736,0.32118670712492936,-0.7820727505787781,1.9683072705065253e-16,0.03821993092260975,0.03821993092260959,0.03821993092260974,0.03821993092260961,0
-1.3518645838178633e-18,0.0018222128045353087,-2.6004702581080584e-18,2.2101157623817207e-16,-0.13691193088520465,0.3193164053761523,-0.7777966034262033,1.9726173064876072e-16,0.0383623748323224,0.038362374832322264,0.038362374832322396,0.038362374832322285,0
-1.1485766764768313e-18,0.0018290135260101666,-2.4645306637282496e-18,2.1839667696996726e-16,-0.13670820227698552,0.317414306865583,-0.7735174483744557,1.9508908910260463e-16,0.03850554791600362,0.03850554791600349,0.038505547916003614,0.03850554791600351,0
-1.136718215215271e-18,0.0018358510363352641,-2.4628444512386254e-18,2.1912563555697223e-16,-0.13649289467106826,0.31547987875870487,-0.7692349276968252,1.9621638396343e-16,0.038649495501795146,0.038649495501795014,0.03864949550179514,0.038649495501795035,0
-1.2036338180483608e-18,0.0018427275829913682,-2.4577700702509415e-18,2.1925736895154027e-16,-0.13626575861269793,0.3135125642534908,-0.7649486716106643,1.962861674188083e-16,0.038794264905081546,0.038794264905081415,0.03879426490508154,0.038794264905081435,0
-1.1578940388966286e-18,0.0018496455141853965,-2.5509520211048504e-18,2.1888537534403443e-16,-0.1360265324071606,0.31151178130081225,-0.7606582976146572,1.9541839990594485e-16,0.03893990556179794,0.0389399055617978,0.038939905561797925,0.03893990556179782,0
-1.4797665588532627e-18,0.0018566072857041764,-2.761871285964913e-18,2.1930646941320508e-16,-0.13577494145459407,0.309476921228493,-0.7563634097763797,1.9547684071262307e-16,0.03908646917271963,0.039086469172719476,0.03908646917271961,0.039086469172719504,0
-1.438261944437802e-18,0.0018636154683428128,-2.8427733029020057e-18,2.191498933752487e-16,-0.13551069753387257,0.30740734726018304,-0.7520635979656146,1.9557128754718365e-16,0.03923400985984882,0.039234009859848665,0.0392340098598488,0.039234009859848686,0
-1.2510676630946016e-18,0.001870672755966994,-2.568344778219833e-18,2.1872500827070842e-16,-0.13523349803079543,0.3053023929192487,-0.7477584370283878,1.9588755298925315e-16,0.03938258433614736,0.03938258433614722,0.039382584336147344,0.03938258433614724,0
-1.5517643593698782e-18,0.0018777819742757961,-2.723360701680506e-18,2.1877028665459024e-16,-0.13494302510520645,0.3031613603066304,-0.7434474858960505,1.9562988908105867e-16,0.03953225209001688,0.039532252090016734,0.039532252090016866,0.03953225209001676,0
-1.5415999640028266e-18,0.0018849460903398827,-2.724642368121362e-18,2.1859381054336192e-16,-0.13463894479112978,0.3009835182405183,-0.7391302866231718,1.959459953397435e-16,0.039683075586102914,0.03968307558610277,0.039683075586102894,0.03968307558610279,0
-1.260385025514399e-18,0.001892168222999465,-2.4493677939031625e-18,2.1817322696445351e-16,-0.13432090602322216,0.2987681002440775,-0.7348063633471733,1.9601306145255625e-16,0.03983512048419938,0.03983512048419925,0.03983512048419936,0.039835120484199266,0
-1.376428539288238e-18,0.0018994516542173243,-2.480293676405586e-18,2.177142391389156e-16,-0.13398853958213275,0.29651430236601567,-0.7304752211619069,1.9650844121835605e-16,0.039988455878259575,0.039988455878259443,0.03998845587825956,0.039988455878259464,0
-1.5161889755851976e-18,0.0019067998414947253,-2.6107468645374287e-18,2.1801324686814933e-16,-0.1336414569503981,0.29422128081680504,-0.7261363448963611,1.9623548503124117e-16,0.04014315455778381,0.040143154557783674,0.0401431545577838,0.040143154557783695,0
-1.590727874943576e-18,0.0019142164314725314,-2.6420983285377985e-18,2.1698654868060914e-16,-0.13327924906941455,0.29188814940115293,-0.7217891977885472,1.9408624658048894e-16,0.04029929329415868,0.04029929329415854,0.04029929329415866,0.04029929329415856,0
-1.4170861207564445e-18,0.0019217052748565972,-2.473974201219742e-18,2.1460696329735997e-16,-0.13290148498701132,0.289513976725239,-0.7174332200435591,1.930288693076865e-16,0.04045695315487586,0.04045695315487572,0.04045695315487584,0.04045695315487574,0
-1.3688052427629493e-18,0.001929270442825893,-2.3621765726767047e-18,2.1477970070887523e-16,-0.13250771038352868,0.2870977831539165,-0.7130678272631021,1.9332420726737193e-16,0.040616219848966295,0.04061621984896616,0.040616219848966274,0.040616219848966184,0
-1.2993485410880967e-18,0.001936916245104431,-2.3189883579809795e-18,2.142321511976278e-16,-0.13209744596292505,0.28463853749026613,-0.708692408732353,1.923345425293901e-16,0.04077718410746183,0.0407771841074617,0.04077718410746181,0.04077718410746172,0
-1.283254915090265e-18,0.0019446472499043779,-2.357961918824485e-18,2.1462579840318358e-16,-0.13167018569354894,0.282135153346035,-0.704306325548049,1.92457494593595e-16,0.040939942103250186,0.040939942103250054,0.040939942103250165,0.040939942103250075,0
-1.079967007749233e-18,0.0019524683059785517,-2.0759099837974514e-18,2.1487221438015023e-16,-0.13122539488105148,0.27958648516708373,-0.6999089085694532,1.9315722759961634e-16,0.04110459591533805,0.04110459591533793,0.041104595915338035,0.04110459591533795,0
-1.0596382170151297e-18,0.0019603845670566724,-2.031872819841017e-18,2.1513896513702844e-16,-0.13076250805351217,0.27699132387305947,-0.695499456171341,1.9350393017732686e-16,0.04127125404329848,0.041271254043298365,0.04127125404329847,0.041271254043298386,0
-1.351017550870609e-18,0.0019684015189822667,-2.302931858031037e-18,2.1596987202737934e-16,-0.13028092663599472,0.274348392064707,-0.6910772317752025,1.936212791196051e-16,0.04144003197857416,0.04144003197857403,0.04144003197857415,0.04144003197857406,0
-1.3315357930837601e-18,0.001976525009917464,-2.221627670073452e-18,2.1664845298633414e-16,-0.12978001638833275,0.2716563387452513,-0.6866414611312952,1.9532913797934388e-16,0.04161105284036778,0.04161105284036765,0.04161105284036777,0.04161105284036768,0
-1.5280474368467578e-18,0.0019847612840425046,-2.4325498408335722e-18,2.1762988942556553e-16,-0.12925910457608145,0.2689137334944334,-0.6821913293201924,1.9542279747336716e-16,0.04178444808510549,0.04178444808510535,0.04178444808510547,0.04178444808510538,0
-1.4501204056993622e-18,0.0019931170192477535,-2.363105907118483e-18,2.177732451846484e-16,-0.12871747683995252,0.2661190600243757,-0.6777259774376859,1.9464037776239848e-16,0.04196035829995284,0.0419603582999527,0.04196035829995282,0.04196035829995273,0
-1.7101595205064324e-18,0.002001599369400795,-2.5071138085807594e-18,2.1753593791885215e-16,-0.128154373723472,0.2632707090351095,-0.6732444989211366,1.9421493685610787e-16,0.04213893409264845,0.042138934092648295,0.04213893409264843,0.042138934092648336,0
-1.4069217253893929e-18,0.002010216011872804,-2.315699098334446e-18,2.189634157990235e-16,-0.12756898681227216,0.260366970274751,-0.6687459354688465,1.9598581588454906e-16,0.04232033709205916,0.04232033709205902,0.042320337092059145,0.042320337092059054,0
-1.268855354986942e-18,0.0020189752011308985,-2.2530309837312917e-18,2.1999251818601826e-16,-0.1269604544306164,0.25740602369342946,-0.6642292724959604,1.97433907383037e-16,0.042504741076440096,0.042504741076439964,0.04250474107644008,0.04250474107643999,0
-1.4560496363301423e-18,0.002027885829351373,-2.3352044859132925e-18,2.1888095079009054e-16,-0.1263278568314995,0.25438592956129574,-0.6596934340608779,1.9598507963773738e-16,0.042692333249502716,0.04269233324950258,0.042692333249502695,0.042692333249502605,0
-1.807568309440677e-18,0.002036957495188802,-2.602880106041395e-18,2.193736638339421e-16,-0.12567021080564175,0.25130461739858223,-0.6551372771848326,1.9512842742677183e-16,0.042883315688185444,0.04288331568818529,0.042883315688185424,0.042883315688185326,0
-1.5856456772600502e-18,0.002046200582056051,-2.4470427512575064e-18,2.1732790789180493e-16,-0.12498646362129566,0.2481598735385328,-0.6505595854735374,1.9327778135170482e-16,0.043077906990653836,0.0430779069906537,0.04307790699065382,0.043077906990653725,0
-1.5390588651610637e-18,0.0020556263475403807,-2.5563249473776063e-18,2.185621972252684e-16,-0.12427548619055512,0.24494932711115763,-0.645959061933158,1.9483461827874358e-16,0.043276344158744984,0.043276344158744845,0.04327634415874497,0.043276344158744866,0
-1.3916751323388155e-18,0.0020652470259143727,-2.4479195369193964e-18,2.188582645804643e-16,-0.123536065338097,0.2416704341957862,-0.6413343208526623,1.9520443242054666e-16,0.04347888475609218,0.043478884756092046,0.04347888475609216,0.043478884756092066,0
-1.4755313941169912e-18,0.0020750759461144524,-2.4369217872689106e-18,2.192344836684313e-16,-0.12276689502407684,0.23832045984145964,-0.6366838785998616,1.9515333232105207e-16,0.04368580939188332,0.04368580939188319,0.04368580939188331,0.04368580939188321,0
-1.5526113923171325e-18,0.0020851276680769696,-2.5868614505642426e-18,2.1881782814300306e-16,-0.12196656634311491,0.23489645759403585,-0.632006143148083,1.9481452710110906e-16,0.04389742459109421,0.043897424591094074,0.0438974245910942,0.043897424591094095,0
-1.694912927455855e-18,0.0020954181409719433,-2.7774598408019093e-18,2.1992528948850334e-16,-0.12113355608431964,0.23139524609424533,-0.6272994021127618,1.955560237360571e-16,0.04411406612572525,0.0441140661257251,0.04411406612572523,0.04411406612572512,0
-1.878719077010038e-18,0.0021059648876972236,-2.9578957343844426e-18,2.2038939631974596e-16,-0.12026621359130038,0.22781338221820846,-0.622561809030515,1.9554051145315138e-16,0.04433610289888905,0.04433610289888889,0.04433610289888903,0.04433610289888891,0
-1.7948628152318624e-18,0.0021167872210446593,-2.8257789267368895e-18,2.1901197454458633e-16,-0.11936274560315507,0.22414713011517165,-0.6177913675544656,1.946606448286705e-16,0.04456394149567716,0.04456394149567701,0.04456394149567715,0.04456394149567703,0
-1.8253560013330172e-18,0.0021279064982962733,-2.831728114944941e-18,2.1836109625723586e-16,-0.11842119868453586,0.22039242535061698,-0.6129859131658715,1.9375010752369287e-16,0.04479803154307956,0.04479803154307941,0.04479803154307955,0.04479803154307943,0
-1.7779221562867764e-18,0.0021393464227525,-2.789397349516987e-18,2.1812017003491417e-16,-0.11743943875953909,0.2165448331752599,-0.6081430919078235,1.9371299725305962e-16,0.04503887205794749,0.045038872057947335,0.045038872057947474,0.045038872057947356,0
-1.6796663344052776e-18,0.0021511334029712353,-2.8368521508965143e-18,2.1745789603605961e-16,-0.11641512714482644,0.21259949970093664,-0.6032603355266116,1.926277310524942e-16,0.04528701900992086,0.04528701900992071,0.04528701900992085,0.04528701900992073,0
-2.7621744409962734e-18,0.00216329698349777,-2.860589504176351e-18,2.1860590840639567e-16,-0.11534569232246061,0.20855109445379413,-0.5983348322506863,1.9267571560890873e-16,0.04554309438942687,0.0455430943894267,0.04554309438942684,0.04554309438942673,0
-2.8976997125569615e-18,0.002175870364860363,-2.8513068716291903e-18,2.1921322142091458e-16,-0.11422829649062806,0.20439374237015412,-0.5933634922344136,1.9335724895097827e-16,0.04580779715495514,0.04580779715495497,0.04580779715495511,0.04580779715495501,0
-3.1636680579948118e-18,0.0021888910359799704,-3.048703278334403e-18,2.1963257754720813e-16,-0.11305979566342614,0.20012094276663847,-0.5883429064270359,1.9294631387634525e-16,0.04608191654694688,0.04608191654694669,0.04608191654694684,0.04608191654694674,0
-2.967156414231814e-18,0.0022024015494547778,-2.9394787709185255e-18,2.2105656048013407e-16,-0.11183669173466489,0.19572547210502342,-0.5832692972723532,1.945983844192355e-16,0.0463663484095744,0.046366348409574216,0.04636634840957436,0.046366348409574265,0
-2.2658131339052534e-18,0.002216450480253112,-2.964931444711286e-18,2.2020265340226355e-16,-0.11055507444004037,0.1911992664144236,-0.5781384591673712,1.9465236579747106e-16,0.04666211537374986,0.04666211537374969,0.04666211537374982,0.046662115373749716,0
-2.47587730482432e-18,0.002231093622410898,-2.9336244042866997e-18,2.2122499133599574e-16,-0.1092105504955192,0.1865332779271702,-0.5729456859584386,1.953852091156137e-16,0.04697039205075588,0.046970392050755705,0.04697039205075584,0.04697039205075574,0
-2.679165212165352e-18,0.002246395498249007,-3.02852997994629e-18,2.222777085851996e-16,-0.10779815628098643,0.18171729867991535,-0.567685681857356,1.9590839455932344e-16,0.04729253680524239,0.04729253680524221,0.04729253680524235,0.04729253680524225,0
-2.6012381810179563e-18,0.002262431283292949,-2.9320111864767393e-18,2.228226613414681e-16,-0.10631224916102158,0.17673974130001718,-0.562352450905643,1.96323657154654e-16,0.04763013227985169,0.04763013227985151,0.04763013227985165,0.04763013227985155,0
-2.5029823591364575e-18,0.002279289292052636,-2.923584708700238e-18,2.229618939043785e-16,-0.10474637071195762,0.1715873635923943,-0.5569391583330008,1.964389807470122e-16,0.04798503772742404,0.047985037727423865,0.047985037727424,0.0479850377274239,0
-2.360680823997735e-18,0.002297074232470639,-2.874501313151613e-18,2.233165349351145e-16,-0.10309307247549483,0.1662449183154069,-0.5514379545782523,1.967418876073734e-16,0.04835945752569779,0.04835945752569762,0.04835945752569775,0.048359457525697654,0
-2.4521603823011995e-18,0.0023159115323489426,-2.964331274413167e-18,2.2419784696208257e-16,-0.10134369093514745,0.16069470181164416,-0.5458397489423641,1.9714088287843176e-16,0.04875603225997787,0.0487560322599777,0.04875603225997783,0.04875603225997773,0
-2.6554482896422316e-18,0.002335953190100245,-3.0118142648185414e-18,2.244591611717365e-16,-0.09948805247174634,0.15491596350215472,-0.540133914125862,1.9685954191504765e-16,0.049177961896847394,0.049177961896847214,0.049177961896847346,0.049177961896847255,0
-2.746927847945696e-18,0.002357385840936866,-3.0050949145365136e-18,2.238859479393774e-16,-0.09751407984301544,0.1488841202323622,-0.5343078940938651,1.9601596341800344e-16,0.049629175598671006,0.04962917559867082,0.04962917559867095,0.04962917559867086,0
-2.5758271926003273e-18,0.0023804421236117324,-3.0458158299496696e-18,2.2303982819818095e-16,-0.09540725705679846,0.14256969084832566,-0.5283466737778223,1.9495488421198838e-16,0.05011457102340504,0.05011457102340485,0.05011457102340498,0.050114571023404886,0
-2.152310718973177e-18,0.0024054171051761017,-3.142441917173308e-18,2.2295822744072184e-16,-0.09314988539946988,0.13593681956952908,-0.5222320464185991,1.9467722137313978e-16,0.05064036010897071,0.05064036010897053,0.050640360108970654,0.05064036010897055,0
-2.0405023699356095e-18,0.0024326927135218364,-3.1187837002343968e-18,2.226629070146297e-16,-0.09072002236787731,0.12894117744479833,-0.5159415760891694,1.9441822123293002e-16,0.05121458344256513,0.05121458344256495,0.05121458344256507,0.051214583442564965,0
-1.9015889665859043e-18,0.0024627753379854755,-3.0747993706436852e-18,2.2187828161329202e-16,-0.08808992261321641,0.12152689149423217,-0.5094470858913946,1.938941930239708e-16,0.05184790185232595,0.051847901852325774,0.05184790185232589,0.05184790185232579,0
-2.1421463236061256e-18,0.002496356075721446,-3.0816394909820882e-18,2.2231500236647355e-16,-0.08522366516164467,0.11362189342549556,-0.5027123794504337,1.9329136121663159e-16,0.05255486475203059,0.05255486475203041,0.05255486475203053,0.052554864752030424,0
-2.0269498427795407e-18,0.0025344120727207875,-3.1833649661666676e-18,2.2325718616346745e-16,-0.08207338659258151,0.10513057783666525,-0.49568966593802566,1.9366771096281074e-16,0.05335604363622726,0.05335604363622707,0.053356043636227195,0.053356043636227084,0
-2.3962562077824157e-18,0.0025783874996127506,-3.3494725598131353e-18,2.226363500017562e-16,-0.07857298498556356,0.09592161655952373,-0.48831367046767243,1.9185547360012555e-16,0.0542818420971107,0.0542818420971105,0.05428184209711062,0.05428184209711051,0
-2.9993436662274775e-18,0.0026305420660483626,-3.336045008360652e-18,2.2328411251039507e-16,-0.07462689721600042,0.08592161655952374,-0.4804913278015471,1.905864043943342e-16,0.055379832969439366,0.05537983296943916,0.05537983296943929,0.05537983296943919,0
-3.731180132655193e-18,0.0026944522097844185,-3.132948789504442e-18,2.2482852770356656e-16,-0.07009698046245814,0.07592161655952374,-0.4720904075472047,1.9099787839207262e-16,0.05672530967967212,0.056725309679671904,0.05672530967967204,0.056725309679671966,0
-3.2365128914586816e-18,0.0027736533950951108,-3.146796830549625e-18,2.247100889639813e-16,-0.06485387003215509,0.06592161655952375,-0.462988262232798,1.9002571140237922e-16,0.058392703054634065,0.05839270305463386,0.05839270305463399,0.0583927030546339,0
-3.900586722106053e-18,0.0028731513517592515,-3.00481732183032e-18,2.268218352645883e-16,-0.058714900035384474,0.05592161655952375,-0.4530118987834552,1.9086015194145234e-16,0.06048739687914229,0.06048739687914208,0.060487396879142216,0.06048739687914215,0
-1.393369198233324e-18,0.003000262101530594,-3.3170212529226975e-18,2.236220910246426e-16,-0.051407160396546574,0.045921616559523745,-0.4430118987834552,1.9162949290248582e-16,0.06316341266380215,0.06316341266380196,0.06316341266380206,0.06316341266380193,0
-7.69952949054159e-19,0.003166011602775573,-3.506987583357318e-18,2.2520700682783343e-16,-0.042492986992169544,0.03592161655952374,-0.4330118987834552,1.899719425344147e-16,0.066652875847907,0.0666528758479068,0.06665287584790688,0.06665287584790675,0
-4.374925172568461e-18,0.0033873386031160082,-3.263212505924697e-18,2.3036140495403175e-16,-0.03249298699216954,0.02592161655952374,-0.4230118987834552,1.8940950346319487e-16,0.07131239164454772,0.07131239164454747,0.07131239164454761,0.07131239164454754,0
-8.142527721955589e-18,0.0037058912955015484,-3.508551638926642e-18,2.364577787085314e-16,-0.02249298699216954,0.01592161655952374,-0.4130118987834552,1.8276957198744831e-16,0.07801876411582223,0.07801876411582191,0.07801876411582216,0.07801876411582215,0
-2.3755039005746853e-17,0.004281258658006262,-1.8327232162736133e-18,2.5694540201999806e-16,-0.01249298699216954,0.005921616559523739,-0.40301189878345517,1.7675724390252632e-16,0.09013176122118463,0.09013176122118413,0.09013176122118448,0.09013176122118478,0
3.4575037873973286e-17,0.006337140114758283,-1.0555178140353985e-17,2.131358746676912e-16,-0.00249298699216954,-0.004078383440476261,-0.39301189878345516,1.9347768114893352e-16,0.13341347610017504,0.13341347610017512,0.13341347610017432,0.1334134761001733,0
1.2759958427322957e-16,0.008634400844108549,-2.825666589239258e-17,1.248234934621541e-16,-0.01249298699216954,0.005921616559523739,-0.40301189878345517,1.9446848189961198e-16,0.18177685987597003,0.18177685987597086,0.18177685987597025,0.18177685987596698,0
1.874475441944294e-16,0.010759533495314664,-3.752647896744565e-17,7.893717695427687e-17,-0.00249298699216954,-0.004078383440476261,-0.39301189878345516,2.1164061184669189e-16,0.22651649463820453,0.22651649463820595,0.22651649463820417,0.22651649463819953,0
2.837246971111422e-16,0.013135271982863177,-5.486206825106877e-17,-1.3060131257093225e-17,-0.01249298699216954,0.005921616559523739,-0.40301189878345517,2.124903164440185e-16,0.27653204174448887,0.27653204174449114,0.2765320417444895,0.27653204174448254,0
3.4509054007382176e-16,0.015328591147346221,-6.37807485533302e-17,-6.102601981871642e-17,-0.00249298699216954,-0.004078383440476261,-0.39301189878345516,2.3010794501723837e-16,0.3227071820493956,0.32270718204939847,0.3227071820493956,0.32270718204938725,0
4.4396977820449976e-16,0.017781509631904297,-8.114886608649347e-17,-1.566793593616959e-16,-0.01249298699216954,0.005921616559523739,-0.40301189878345517,2.3082015762748835e-16,0.37434757119798656,0.3743475711979903,0.37434757119798756,0.37434757119797685,0
5.079377063811445e-16,0.020041770689584557,-8.968635760390333e-17,-2.0672005573113381e-16,-0.00249298699216954,-0.004078383440476261,-0.39301189878345516,2.488765520073136e-16,0.42193201451757145,0.42193201451757584,0.42193201451757184,0.4219320145175597,0
6.109369127672674e-16,0.022570365376939305,-1.0705026638479149e-16,-3.0599622501137654e-16,-0.01249298699216954,0.005921616559523739,-0.40301189878345517,2.4945492975476e-16,0.4751655868829344,0.47516558688293975,0.47516558688293586,0.47516558688292126,0
6.762058835508948e-16,0.024896141808139177,-1.1582086413349112e-16,-3.5811135732486156e-16,-0.00249298699216954,-0.004078383440476261,-0.39301189878345516,2.6793991105938294e-16,0.5241293012239849,0.5241293012239908,0.5241293012239857,0.5241293012239696,0
8.156342829325307e-16,0.027498700940651433,-1.3964816960645511e-16,-4.998185772384857e-16,-0.01249298699216954,0.005921616559523739,-0.40301189878345517,2.605973141816462e-16,0.5789200198031885,0.5789200198031956,0.5789200198031939,0.5789200198031744,0
8.824211367576378e-16,0.02988838297795534,-1.4810740386738283e-16,-5.541405037182723e-16,-0.00249298699216954,-0.004078383440476261,-0.39301189878345516,2.7947348134541785e-16,0.6292291153253766,0.6292291153253844,0.6292291153253813,0.6292291153253603,0
1.0253189830912272e-15,0.032562985616118895,-1.7176813010669168e-16,-7.006101572293579e-16,-0.01249298699216954,0.005921616559523739,-0.40301189878345517,2.7176305790122806e-16,0.6855365392867129,0.6855365392867219,0.6855365392867222,0.6855365392866979,0
1.0927563582198256e-15,0.03501477953631802,-1.8009628098253892e-16,-7.678503862825148e-16,-0.00249298699216954,-0.004078383440476261,-0.39301189878345516,2.9118716440040193e-16,0.7371532533961682,0.7371532533961778,0.7371532533961781,0.7371532533961522,0
1.2408583749813455e-15,0.037759295082474824,-2.0376856761238632e-16,-9.189959621565545e-16,-0.01249298699216954,0.005921616559523739,-0.40301189878345517,2.8312279860799334e-16,0.794932528052099,0.7949325280521098,0.7949325280521138,0.7949325280520844,0
1.3100304735859207e-15,0.04027122316377442,-2.1127680190571283e-16,-9.886784737143869e-16,-0.00249298699216954,-0.004078383440476261,-0.39301189878345516,3.029160795801042e-16,0.8478152245005115,0.8478152245005229,0.8478152245005268,0.8478152245004958,0
1.4616019372993942e-15,0.04308331165519618,-2.3469793459966766e-16,-1.1444078651251745e-15,-0.01249298699216954,0.005921616559523739,-0.40301189878345517,2.945105949806578e-16,0.9070170874778098,0.9070170874778225,0.90701708747783,0.9070170874777955,0
1.5335929615524317e-15,0.04565321282220006,-2.4221746466915606e-16,-1.2165047390359267e-15,-0.00249298699216954,-0.004078383440476261,-0.39301189878345516,3.1466148332720585e-16,0.9611202699410494,0.9611202699410627,0.9611202699410701,0.961120269941034,0
1.6892843935213502e-15,0.048530326017860996,-2.6599440060732395e-16,-1.3767160625494053e-15,-0.01249298699216954,0.005921616559523739,-0.40301189878345517,3.0592940172290247e-16,1.0216910740602252,1.0216910740602398,1.021691074060251,1.021691074060211,0
1.7480481512700645e-15,0.05115585719384543,-2.7153379175389635e-16,-1.428909008730825e-15,-0.00249298699216954,-0.004078383440476261,-0.39301189878345516,3.1526892313333524e-16,1.0769654146072662,1.0769654146072813,1.0769654146072918,1.0769654146072505,0
1.9069921897564394e-15,0.05409524047549598,-2.956690668996416e-16,-1.593429378106375e-15,-0.01249298699216954,0.005921616559523739,-0.40301189878345517,3.0623652063317463e-16,1.1388471679051704,1.1388471679051868,1.1388471679052012,1.1388471679051562,0
1.964021224029177e-15,0.05677387865850241,-3.005355847923316e-16,-1.6474704968956553e-15,-0.00249298699216954,-0.004078383440476261,-0.39301189878345516,3.156897472637894e-16,1.195239550705306,1.1952395507053228,1.195239550705337,1.1952395507052906,0
2.041433259144642e-15,0.059772573763081024,-3.102585952463381e-16,-1.7264673231535067e-15,-0.01249298699216954,0.005921616559523739,-0.40301189878345517,3.1535517438341413e-16,1.2583699739595922,1.2583699739596097,1.2583699739596246,1.2583699739595762,0
2.099112814720871e-15,0.06250161883886812,-3.1466209184978804e-16,-1.7819668363146207e-15,-0.00249298699216954,-0.004078383440476261,-0.39301189878345516,3.249797165072017e-16,1.3158235545024786,1.3158235545024966,1.3158235545025112,1.3158235545024615,0
2.1776090520088213e-15,0.06555646743540597,-3.238621312975546e-16,-1.862930526986617e-15,-0.01249298699216954,0.005921616559523739,-0.40301189878345517,3.246055501902269e-16,1.380136156534854,1.3801361565348726,1.380136156534888,1.3801361565348362,0
2.2361559693230386e-15,0.06833304573675271,-3.2757364880730024e-16,-1.9198510544408112e-15,-0.00249298699216954,-0.004078383440476261,-0.39301189878345516,3.343950418193333e-16,1.4385904365632065,1.4385904365632256,1.4385904365632407,1.4385904365631876,0
2.31682061095596e-15,0.0714406938567405,-3.3688749550051656e-16,-2.002712708152668e-15,-0.01249298699216954,0.005921616559523739,-0.40301189878345517,3.339874881423857e-16,1.5040146075103176,1.5040146075103373,1.504014607510353,1.504014607510298,0
2.37666857087716e-15,0.0742617624750018,-3.4032624556767435e-16,-2.0610205445262847e-15,-0.00249298699216954,-0.004078383440476261,-0.39301189878345516,3.4393419269906484e-16,1.5634055257895028,1.5634055257895232,1.5634055257895387,1.5634055257894823,0
2.8315998024520776e-15,0.07741866580077615,-4.1088588907096518e-16,-2.5237071060526476e-15,-0.01249298699216954,0.005921616559523739,-0.40301189878345517,3.4350303311065556e-16,1.6298666484373863,1.629866648437411,1.629866648437421,1.6298666484373538,0
2.8760520915239833e-15,0.08028101765148811,-4.1015342890884226e-16,-2.5728060770346257e-15,-0.00249298699216954,-0.004078383440476261,-0.39301189878345516,3.533682666625154e-16,1.6901266873997434,1.6901266873997685,1.6901266873997782,1.6901266873997103,0
3.1340922085755334e-15,0.0834834476628486,-4.464795646211009e-16,-2.833376694758678e-15,-0.01249298699216954,0.005921616559523739,-0.40301189878345517,3.5271070375251404e-16,1.75754626658628,1.7575462665863073,1.7575462665863164,1.7575462665862425,0
3.2047821902215883e-15,0.08638371730328157,-4.490992356010952e-16,-2.908982009980803e-15,-0.00249298699216954,-0.004078383440476261,-0.39301189878345516,3.626328768983016e-16,1.8186045748059214,1.8186045748059492,1.8186045748059585,1.818604574805883,0
3.466725435094086e-15,0.0896277682776875,-4.851066117965277e-16,-3.174315087714775e-15,-0.01249298699216954,0.005921616559523739,-0.40301189878345517,3.6187288870780597e-16,1.8869003847934147,1.886900384793445,1.8869003847934536,1.8869003847933719,0
3.4825547868123745e-15,0.09256243847005326,-4.77535001211006e-16,-3.2022424605924544e-15,-0.00249298699216954,-0.004078383440476261,-0.39301189878345516,3.7183595994914596e-16,1.94868291515901,1.9486829151590401,1.9486829151590488,1.9486829151589666,0
3.7471001168988376e-15,0.09584403532715882,-5.133778750882725e-16,-3.4718086823020852e-15,-0.01249298699216954,0.005921616559523739,-0.40301189878345517,3.710170826472508e-16,2.017769164782285,2.017769164782318,2.017769164782326,2.0177691647822376,0
3.763146309051623e-15,0.09880944433693611,-5.048682758550484e-16,-3.5011514192556867e-15,-0.00249298699216954,-0.004078383440476261,-0.39301189878345516,3.810514438417382e-16,2.0801988281460178,2.0801988281460506,2.0801988281460586,2.08019882814597,0
3.991262446142573e-15,0.10212435131317468,-5.335934784570159e-16,-3.734944274276197e-15,-0.01249298699216954,0.005921616559523739,-0.40301189878345517,3.801918166676314e-16,2.1499863434352515,2.149986343435286,2.149986343435293,2.1499863434351987,0
4.0135970108957746e-15,0.10511670092763949,-5.255533536360212e-16,-3.7655352555146064e-15,-0.00249298699216954,-0.004078383440476261,-0.39301189878345516,3.903150360286899e-16,2.2129831774239843,2.212983177424019,2.2129831774240256,2.212983177423931,0
4.244748914069684e-15,0.1084605310618233,-5.53332249558967e-16,-4.002440553875728e-15,-0.01249298699216954,0.005921616559523739,-0.40301189878345517,3.894386440486162e-16,2.2833796013015384,2.2833796013015752,2.2833796013015806,2.2833796013014807,0
4.268167680995371e-15,0.1114758953097127,-5.446527536976589e-16,-4.034313063198785e-15,-0.00249298699216954,-0.004078383440476261,-0.39301189878345516,3.996427500546715e-16,2.346860953888684,2.346860953888721,2.3468609538887266,2.346860953888626,0
4.543121351937695e-15,0.11484412071548063,-5.794993815092946e-16,-4.324500441247266e-15,-0.01249298699216954,0.005921616559523739,-0.40301189878345517,3.9875915187409567e-16,2.4177709624311685,2.4177709624312076,2.4177709624312094,2.4177709624311023,0
4.552228650186573e-15,0.11787845526410734,-5.67015074039489e-16,-4.344946717555629e-15,-0.00249298699216954,-0.004078383440476261,-0.39301189878345516,4.090200708418886e-16,2.481651689770678,2.4816516897707173,2.481651689770719,2.4816516897706116,0
4.958153943565146e-15,0.12126641816026615,-6.222822739238806e-16,-4.770048943408093e-15,-0.01249298699216954,0.005921616559523739,-0.40301189878345517,4.0813223921462855e-16,2.552977224426654,2.5529772244266966,2.5529772244266957,2.5529772244265785,0
4.967261241814024e-15,0.12431557036236719,-6.084651505154856e-16,-4.792442708594098e-15,-0.00249298699216954,-0.004078383440476261,-0.39301189878345516,4.183978531455498e-16,2.617169902365623,2.6171699023656663,2.617169902365665,2.6171699023655477,0
5.018001903486346e-15,0.12771849482722214,-6.037050000442286e-16,-4.864568949185528e-15,-0.01249298699216954,0.005921616559523739,-0.40301189878345517,4.174891688661634e-16,2.6888104174152003,2.688810417415244,2.688810417415244,2.6888104174151253,0
5.027109201735224e-15,0.13077821438530496,-5.903028853881085e-16,-4.887287802973881e-15,-0.00249298699216954,-0.004078383440476261,-0.39301189878345516,4.2790926290583267e-16,2.7532255660064178,2.7532255660064613,2.753225566006461,2.7532255660063423,0
5.077849863407546e-15,0.13419121879623852,-5.84854722971185e-16,-4.959912944287406e-15,-0.01249298699216954,0.005921616559523739,-0.40301189878345517,4.271105906492995e-16,2.8250782904471237,2.8250782904471676,2.8250782904471685,2.8250782904470486,0
5.170223888503311e-15,0.1372571690082805,-5.848987993895446e-16,-5.061305604586576e-15,-0.00249298699216954,-0.004078383440476261,-0.39301189878345516,4.3764722011546373e-16,2.889624610700639,2.8896246107006838,2.889624610700684,2.889624610700562,0
5.220530869306638e-15,0.14067527912323535,-5.789357882825137e-16,-5.134748390934551e-15,-0.01249298699216954,0.005921616559523739,-0.40301189878345517,4.3693631094270735e-16,2.961584823647056,2.9615848236471014,2.961584823647103,2.9615848236469797,0
5.221831911913621e-15,0.143743048669252,-5.646551261435918e-16,-5.145540921959643e-15,-0.00249298699216954,-0.004078383440476261,-0.39301189878345516,4.475845310901395e-16,3.026169445668459,3.026169445668504,3.0261694456685064,3.026169445668383,0
5.2730062544549365e-15,0.1471612113021623,-5.589491197587877e-16,-5.219302702321301e-15,-0.01249298699216954,0.005921616559523739,-0.40301189878345517,4.469959111486727e-16,3.0981307642560436,3.0981307642560894,3.098130764256093,3.098130764255968,0
5.275608339668902e-15,0.15022632652761314,-5.43870950176846e-16,-5.230412291994092e-15,-0.00249298699216954,-0.004078383440476261,-0.39301189878345516,4.57758633903378e-16,3.162659505844482,3.1626595058445277,3.1626595058445313,3.1626595058444065,0
5.325915320472229e-15,0.15363942376555867,-5.380078502560773e-16,-5.304426697810555e-15,-0.01249298699216954,0.005921616559523739,-0.40301189878345517,4.57295114315956e-16,3.2345141845380714,3.2345141845381176,3.2345141845381224,3.2345141845379963,0
5.3280837248172e-15,0.15669736141357318,-5.230225758944505e-16,-5.315873956223747e-15,-0.00249298699216954,-0.004078383440476261,-0.39301189878345516,4.681564472411144e-16,3.298891819233114,3.29889181923316,3.298891819233165,3.298891819233039,0
5.533648456720452e-15,0.1601002253193262,-5.430557485719298e-16,-5.543051883827874e-15,-0.01249298699216954,0.005921616559523739,-0.40301189878345517,4.678163889696588e-16,3.3705310593542284,3.3705310593542763,3.3705310593542843,3.3705310593541533,0
5.535816861065423e-15,0.1631464256604234,-5.275001893625386e-16,-5.555605409389056e-15,-0.00249298699216954,-0.004078383440476261,-0.39301189878345516,4.787180852679217e-16,3.434661592851011,3.434661592851059,3.4346615928510675,3.4346615928509365,0
5.740080550361692e-15,0.1665338534002149,-5.471287666709469e-16,-5.782961532711924e-15,-0.01249298699216954,0.005921616559523739,-0.40301189878345517,4.784790914456302e-16,3.5059758610571468,3.505975861057196,3.5059758610572076,3.5059758610570717,0
5.7543920190385005e-15,0.16956373370489325,-5.329896161815953e-16,-5.822454100276062e-15,-0.00249298699216954,-0.004078383440476261,-0.39301189878345516,4.894139921744211e-16,3.5697628148398484,3.5697628148398977,3.56976281483991,3.569762814839774,0
6.1091429698757575e-15,0.17293050303769342,-5.754154294346602e-16,-6.201298618035117e-15,-0.01249298699216954,0.005921616559523739,-0.40301189878345517,4.893475398452355e-16,3.6406421692145905,3.640642169214643,3.640642169214651,3.6406421692145066,0
6.1113113742207285e-15,0.17593947133441573,-5.574668927871542e-16,-6.216932342115987e-15,-0.00249298699216954,-0.004078383440476261,-0.39301189878345516,5.002725277576615e-16,3.703988870198218,3.7039888701982706,3.703988870198279,3.7039888701981347,0
6.46346023984402e-15,0.17928035639584028,-5.992829086119742e-16,-6.594925632650543e-15,-0.01249298699216954,0.005921616559523739,-0.40301189878345517,5.003089576087386e-16,3.774323292544,3.7743232925440555,3.7743232925440595,3.7743232925439067,0
6.465628644188991e-15,0.18226382545417738,-5.81083577149093e-16,-6.612470936114796e-15,-0.00249298699216954,-0.004078383440476261,-0.39301189878345516,5.11228392359651e-16,3.8371331674563596,3.837133167456415,3.83713316745642,3.837133167456267,0
6.7496896133801935e-15,0.18557361276531992,-6.10207542741821e-16,-6.91959196184209e-15,-0.01249298699216954,0.005921616559523739,-0.40301189878345517,5.113886639091192e-16,3.906812900322519,3.9068129003225773,3.90681290032258,3.9068129003224206,0
6.735594985137882e-15,0.18852701424181237,-5.885382759958214e-16,-6.913489722988252e-15,-0.00249298699216954,-0.004078383440476261,-0.39301189878345516,5.223192109588775e-16,3.9689897735118334,3.9689897735118915,3.9689897735118946,3.9689897735117357,0
7.0721313394773826e-15,0.19180051887081628,-6.26337234554077e-16,-7.268112670484537e-15,-0.01249298699216954,0.005921616559523739,-0.40301189878345517,5.226314395802073e-16,4.037905660438232,4.037905660438293,4.037905660438295,4.037905660438128,0
6.976287867429664e-15,0.19471931755316013,-5.909499573732449e-16,-7.189594537650316e-15,-0.00249298699216954,-0.004078383440476261,-0.39301189878345516,5.335576743097454e-16,4.099354053750734,4.099354053750793,4.099354053750797,4.099354053750631,0
6.709140452129236e-15,0.19795139935541195,-5.272023417552062e-16,-6.949950867062772e-15,-0.01249298699216954,0.005921616559523739,-0.40301189878345517,5.339823812758681e-16,4.167397881166557,4.167397881166614,4.167397881166627,4.167397881166468,0
6.6935279408454444e-15,0.20083110743897564,-5.070146140234571e-16,-6.944714576261382e-15,-0.00249298699216954,-0.004078383440476261,-0.39301189878345516,5.449845221708077e-16,4.228023314504739,4.228023314504796,4.22802331450481,4.228023314504651,0
7.021824358674055e-15,0.2040166873001011,-5.440219230949394e-16,-7.290659829608697e-15,-0.01249298699216954,0.005921616559523739,-0.40301189878345517,5.456670212295383e-16,4.295088153686328,4.295088153686388,4.2950881536864,4.295088153686234,0
6.929667174012787e-15,0.2068528786296613,-5.102288979233591e-16,-7.21519481644343e-15,-0.00249298699216954,-0.004078383440476261,-0.39301189878345516,5.566464169006147e-16,4.354797444834963,4.354797444835022,4.354797444835036,4.354797444834872,0
6.671627056961237e-15,0.20998695463457034,-4.492626756673046e-16,-6.983673265786226e-15,-0.01249298699216954,0.005921616559523739,-0.40301189878345517,5.574571757600876e-16,4.420777992306728,4.4207779923067845,4.420777992306808,4.420777992306649,0
6.657749269153423e-15,0.2127752788433721,-4.3044317599778566e-16,-6.979556313092472e-15,-0.00249298699216954,-0.004078383440476261,-0.39301189878345516,5.684542700024145e-16,4.47947955459729,4.479479554597347,4.479479554597371,4.479479554597212,0
6.973902622650196e-15,0.2158529422937694,-4.665482178139463e-16,-7.314886772901583e-15,-0.01249298699216954,0.005921616559523739,-0.40301189878345517,5.695043542246188e-16,4.544272469342497,4.544272469342556,4.5442724693425784,4.544272469342412,0
6.8852148849408816e-15,0.21858913877173738,-4.3488950481932723e-16,-7.243162777244562e-15,-0.00249298699216954,-0.004078383440476261,-0.39301189878345516,5.8046067644797e-16,4.601876605720769,4.601876605720828,4.601876605720852,4.601876605720688,0
6.63628206613821e-15,0.22160558997452617,-3.766071949301896e-16,-7.021436400726398e-15,-0.01249298699216954,0.005921616559523739,-0.40301189878345517,5.816542643762753e-16,4.66538084156895,4.665380841569006,4.665380841569039,4.66538084156888,0
6.62132007615791e-15,0.2242855015974968,-3.5795518374984586e-16,-7.018680656132106e-15,-0.00249298699216954,-0.004078383440476261,-0.39301189878345516,5.925729687450617e-16,4.72180003363149,4.7218000336315455,4.721800033631579,4.72180003363142,0
6.925547205757342e-15,0.22723606534678692,-3.9327918668845397e-16,-7.341505144183863e-15,-0.01249298699216954,0.005921616559523739,-0.40301189878345517,5.939882505713865e-16,4.783917165195493,4.783917165195551,4.783917165195583,4.783917165195417,0
6.8375099893515194e-15,0.22985565189928558,-3.6277721159322264e-16,-7.274164994828813e-15,-0.00249298699216954,-0.004078383440476261,-0.39301189878345516,6.048488201441437e-16,4.839066355774411,4.839066355774468,4.839066355774502,4.839066355774338,0
6.600286554011691e-15,0.23273579257556778,-3.0773923012537794e-16,-7.063794793293032e-15,-0.01249298699216954,0.005921616559523739,-0.40301189878345517,6.06421560359441e-16,4.899700896327716,4.899700896327772,4.899700896327814,4.899700896327655,0
6.585324564031391e-15,0.2352911438005516,-2.9130686066333417e-16,-7.062611136263471e-15,-0.00249298699216954,-0.004078383440476261,-0.39301189878345516,6.171924494015919e-16,4.953497764222112,4.953497764222168,4.95349776422221,4.9534977642220515,0
6.875457065388512e-15,0.23809648001205977,-3.2530819634762113e-16,-7.371154382634739e-15,-0.01249298699216954,0.005921616559523739,-0.40301189878345517,6.189703787870277e-16,5.012557473938074,5.0125574739381324,5.012557473938173,5.012557473938007,0
6.793057700279614e-15,0.24058382822259167,-2.964971570565947e-16,-7.30880164252237e-15,-0.00249298699216954,-0.004078383440476261,-0.39301189878345516,6.296664800197034e-16,5.064922699422955,5.064922699423013,5.064922699423056,5.064922699422891,0
6.566242605795646e-15,0.2433101469156093,-2.4523421125651276e-16,-7.111289927658488e-15,-0.01249298699216954,0.005921616559523739,-0.40301189878345517,6.316150246941775e-16,5.1223188824338495,5.1223188824339045,5.122318882433955,5.122318882433796,0
6.4873126876387015e-15,0.24572587910519622,-2.1766254416621167e-16,-7.05013439996068e-15,-0.00249298699216954,-0.004078383440476261,-0.39301189878345516,6.421709228694389e-16,5.173176402214626,5.17317640221468,5.173176402214732,5.173176402214575,0
6.758580071194575e-15,0.2483691490725584,-2.5038812530442187e-16,-7.342399450019503e-15,-0.01249298699216954,0.005921616559523739,-0.40301189878345517,6.442963131182158e-16,5.228824191001198,5.228824191001255,5.228824191001306,5.228824191001142,0
6.680517514775618e-15,0.250709818463356,-2.2372650208166714e-16,-7.285237135690127e-15,-0.00249298699216954,-0.004078383440476261,-0.39301189878345516,6.547543488187975e-16,5.278101441333779,5.278101441333835,5.278101441333886,5.278101441333725,0
6.468447569837454e-15,0.25326620318314746,-1.7520666618451592e-16,-7.101581328982657e-15,-0.01249298699216954,0.005921616559523739,-0.40301189878345517,6.570593129243718e-16,5.331920067013596,5.331920067013649,5.331920067013709,5.331920067013551,0
6.394504981673942e-15,0.25552854015379434,-1.5059819811771504e-16,-7.045955129708485e-15,-0.00249298699216954,-0.004078383440476261,-0.39301189878345516,6.673324525505823e-16,5.379548213764056,5.379548213764108,5.37954821376417,5.379548213764013,0
6.647124087863065e-15,0.25799440989363265,-1.8101719433004251e-16,-7.320457559370352e-15,-0.01249298699216954,0.005921616559523739,-0.40301189878345517,6.69796381263483e-16,5.431461260918547,5.431461260918602,5.431461260918661,5.431461260918499,0
6.5733983401340505e-15,0.260175332231722,-1.5697935380489763e-16,-7.269013753972518e-15,-0.00249298699216954,-0.004078383440476261,-0.39301189878345516,6.799517756853175e-16,5.477375415404638,5.477375415404692,5.477375415404754,5.477375415404593,0
6.374772502134706e-15,0.26254727535770417,-1.1319837031305114e-16,-7.100466132139173e-15,-0.01249298699216954,0.005921616559523739,-0.40301189878345517,6.826027293329848e-16,5.527311060162154,5.527311060162206,5.527311060162274,5.527311060162118,0
6.305383563095634e-15,0.264643897785378,-9.007505976138743e-17,-7.0508775718065675e-15,-0.00249298699216954,-0.004078383440476261,-0.39301189878345516,6.925336297163554e-16,5.571450479692129,5.571450479692181,5.57145047969225,5.571450479692095,0
6.537836508876526e-15,0.2669187312190966,-1.1844892801556673e-16,-7.3062940849572e-15,-0.01249298699216954,0.005921616559523739,-0.40301189878345517,6.953273711340131e-16,5.619341709875679,5.619341709875732,5.6193417098758,5.61934170987564,0
6.47170017635491e-15,0.2689283741441574,-9.663659375041483e-17,-7.261030039558889e-15,-0.00249298699216954,-0.004078383440476261,-0.39301189878345516,7.051220423216795e-16,5.6616499819822215,5.661649981982274,5.661649981982343,5.661649981982185,0
6.288253168770363e-15,0.2711031529155784,-5.632438501772718e-17,-7.10869611734813e-15,-0.01249298699216954,0.005921616559523739,-0.40301189878345517,7.081092645317516e-16,5.707434798222661,5.707434798222712,5.7074347982227875,5.707434798222634,0
6.2229841979867355e-15,0.273023350364597,-3.64434416823754e-17,-7.065592754757587e-15,-0.00249298699216954,-0.004078383440476261,-0.39301189878345516,7.176467912393789e-16,5.747860007675684,5.747860007675735,5.747860007675811,5.747860007675659,0
6.434403621621409e-15,0.2750953762136923,-6.388157838209628e-17,-7.300800428687085e-15,-0.01249298699216954,0.005921616559523739,-0.40301189878345517,7.207632022845236e-16,5.791481604498743,5.791481604498795,5.791481604498871,5.791481604498713,0
6.373037778658729e-15,0.27692388290831127,-4.496049394567652e-17,-7.26213615418295e-15,-0.00249298699216954,-0.004078383440476261,-0.39301189878345516,7.301476373575621e-16,5.829976482280195,5.829976482280246,5.8299764822803235,5.829976482280167,0
6.2078053675719384e-15,0.27889071189359943,-9.223892027084396e-18,-7.126959629823371e-15,-0.01249298699216954,0.005921616559523739,-0.40301189878345517,7.33461166321179e-16,5.871383408286258,5.871383408286308,5.871383408286391,5.871383408286238,0
6.149692131126715e-15,0.2806255094358174,8.701127805551182e-18,-7.0907406413055305e-15,-0.00249298699216954,-0.004078383440476261,-0.39301189878345516,7.425623399448668e-16,5.907905461806636,5.907905461806685,5.907905461806769,5.907905461806618,0
6.338343309139193e-15,0.2824849585134543,-1.5425664090998974e-17,-7.304834227655345e-15,-0.01249298699216954,0.005921616559523739,-0.40301189878345517,7.459963270415045e-16,5.947051758177939,5.94705175817799,5.947051758178073,5.947051758177918,0
6.281964796169947e-15,0.284124260650811,1.0363278088923165e-18,-7.273120565565027e-15,-0.00249298699216954,-0.004078383440476261,-0.39301189878345516,7.549301059127963e-16,5.981563382122291,5.98156338212234,5.981563382122425,5.981563382122271,0
6.1327785772359415e-15,0.2858744131937931,3.2630565749057926e-17,-7.155880812950156e-15,-0.01249298699216954,0.005921616559523739,-0.40301189878345517,7.585624450041442e-16,6.018408698816649,6.018408698816697,6.018408698816787,6.0184086988166365,0
6.080303192087643e-15,0.28741667014058936,4.783515762713659e-17,-7.126851859379315e-15,-0.00249298699216954,-0.004078383440476261,-0.39301189878345516,7.671927931150347e-16,6.050877266117623,6.05087726611767,6.0508772661177606,6.050877266117612,0
6.247053486215914e-15,0.2890558803736461,2.6577030272111783e-17,-7.319099380352695e-15,-0.01249298699216954,0.005921616559523739,-0.40301189878345517,7.709381266528592e-16,6.085386955234608,6.0853869552346564,6.085386955234746,6.085386955234593,0
6.195662303240101e-15,0.29049978216967454,4.0692912231426605e-17,-7.294606251288062e-15,-0.00249298699216954,-0.004078383440476261,-0.39301189878345516,7.793888335673181e-16,6.115784887782574,6.115784887782623,6.115784887782714,6.115784887782562,0
6.066425404279829e-15,0.2920266785015592,6.782554168735384e-17,-7.195893795669753e-15,-0.01249298699216954,0.005921616559523739,-0.40301189878345517,7.833321711824546e-16,6.147930073716987,6.147930073717034,6.147930073717129,6.147930073716981,0
6.021539434338929e-15,0.2933711573953633,8.05353717286841e-17,-7.174310829412132e-15,-0.00249298699216954,-0.004078383440476261,-0.39301189878345516,7.914677079400536e-16,6.176234892533914,6.176234892533961,6.176234892534057,6.17623489253391,0
5.901084572975789e-15,0.29478464463668164,1.0509293304500284e-16,-7.0842563540686696e-15,-0.01249298699216954,0.005921616559523739,-0.40301189878345517,7.954894244986285e-16,6.20599251866693,6.205992518666976,6.205992518667076,6.205992518666931,0
5.893495157768391e-15,0.296028876486033,1.1113420780943256e-16,-7.097621723476619e-15,-0.00249298699216954,-0.004078383440476261,-0.39301189878345516,8.033058336398636e-16,6.232186873390116,6.232186873390162,6.232186873390262,6.232186873390117,0
6.026093083463368e-15,0.2973281369470858,9.212001960218396e-17,-7.25567097697003e-15,-0.01249298699216954,0.005921616559523739,-0.40301189878345517,8.074544897275116e-16,6.259539725201755,6.259539725201803,6.259539725201901,6.259539725201753,0
5.9866281243848955e-15,0.29847154163481004,1.0237130941718367e-16,-7.241822145395145e-15,-0.00249298699216954,-0.004078383440476261,-0.39301189878345516,8.150901236473159e-16,6.283611402838054,6.283611402838102,6.2836114028382015,6.283611402838054,0
5.884713120171258e-15,0.2996560351043383,1.216054956668494e-16,-7.17108912012634e-15,-0.01249298699216954,0.005921616559523739,-0.40301189878345517,8.194318014744546e-16,6.3085481074597,6.308548107459747,6.30854810745985,6.308548107459704,0
5.846874464351514e-15,0.3006982759734961,1.3034086939792605e-16,-7.160438746945435e-15,-0.00249298699216954,-0.004078383440476261,-0.39301189878345516,8.267463127922697e-16,6.3304900204946,6.330490020494647,6.330490020494751,6.330490020494605,0
5.756885684035217e-15,0.30176773858561834,1.4754432497742585e-16,-7.098706195238195e-15,-0.01249298699216954,0.005921616559523739,-0.40301189878345517,8.311667301282957e-16,6.353005022855067,6.353005022855113,6.35300502285522,6.3530050228550765,0
5.722950156036421e-15,0.3027087209034635,1.550214367396816e-16,-7.0913320234079584e-15,-0.00249298699216954,-0.004078383440476261,-0.39301189878345516,8.381599517929442e-16,6.3728151769149655,6.372815176915011,6.372815176915119,6.372815176914976,0
5.820636771777365e-15,0.30366316290647577,1.405885508846394e-16,-7.214811519083167e-15,-0.01249298699216954,0.005921616559523739,-0.40301189878345517,8.426895942768786e-16,6.392908692767856,6.392908692767902,6.392908692768009,6.392908692767865,0
5.789953850296025e-15,0.3045030313722224,1.4802499526516132e-16,-7.211822156566813e-15,-0.00249298699216954,-0.004078383440476261,-0.39301189878345516,8.494738955621856e-16,6.410590134151995,6.410590134152041,6.410590134152149,6.410590134152005,0
5.715469161046271e-15,0.3053427338190513,1.6215676225503238e-16,-7.169362909146041e-15,-0.01249298699216954,0.005921616559523739,-0.40301189878345517,8.541851424316924e-16,6.428268080401024,6.428268080401068,6.428268080401179,6.428268080401037,0
5.687008854018526e-15,0.30608186913575597,1.6800757062222635e-16,-7.169752344547846e-15,-0.00249298699216954,-0.004078383440476261,-0.39301189878345516,8.606569161359822e-16,6.443828823910596,6.443828823910639,6.443828823910751,6.44382882391061,0
5.6234203966022515e-15,0.306807379522004,1.7977717992852393e-16,-7.136431055633608e-15,-0.01249298699216954,0.005921616559523739,-0.40301189878345517,8.654555424176426e-16,6.459102726778974,6.459102726779016,6.459102726779131,6.4591027267789904,0
5.599242688155825e-15,0.30744639405826063,1.8423798904342325e-16,-7.140253296407364e-15,-0.00249298699216954,-0.004078383440476261,-0.39301189878345516,8.716206562872767e-16,6.472555664384377,6.472555664384418,6.472555664384534,6.472555664384394,0
5.543352066164197e-15,0.3080585209394524,1.9308644686958738e-16,-7.116091722914676e-15,-0.01249298699216954,0.005921616559523739,-0.40301189878345517,8.765121102412887e-16,6.485442546093676,6.485442546093718,6.485442546093835,6.4854425460936955,0
5.523673796733585e-15,0.30859825351140435,1.9683731605823314e-16,-7.123389354506738e-15,-0.00249298699216954,-0.004078383440476261,-0.39301189878345516,8.823777503909264e-16,6.4968053370821375,6.496805337082179,6.496805337082297,6.496805337082158,0
5.571866583300566e-15,0.309098060136848,1.8778028113853784e-16,-7.2014150797341e-15,-0.01249298699216954,0.005921616559523739,-0.40301189878345517,8.87389740587269e-16,6.507327581828319,6.507327581828361,6.507327581828479,6.5073275818283385,0
5.55657933266852e-15,0.30953956994591914,1.9021320983558852e-16,-7.21278931616423e-15,-0.00249298699216954,-0.004078383440476261,-0.3941598154032036,8.930366842056206e-16,6.516622525177184,6.516622525177226,6.516622525177345,6.516622525177205,0
5.578426006444103e-15,0.3099530968822775,1.8576184653993683e-16,-7.260338333103639e-15,-0.01249298699216954,0.005921616559523739,-0.4041598154032036,8.927694278652322e-16,6.525328355416308,6.52532835541635,6.525328355416469,6.5253283554163275,0
5.5619732384766356e-15,0.3103192999341555,1.8650364056118962e-16,-7.272275342946485e-15,-0.00249298699216954,-0.004078383440476261,-0.3971490145142949,8.96000374183743e-16,6.533037893350581,6.533037893350623,6.533037893350742,6.533037893350601,0
5.5148646540821404e-15,0.31068710594972093,1.9315722700977854e-16,-7.255055990029168e-15,-0.01249298699216954,0.005921616559523739,-0.4071490145142949,9.034598934510496e-16,6.5407811778888005,6.540781177888841,6.540781177888961,6.540781177888821,0
5.52145118227999e-15,0.311013564779722,1.9156947148334712e-16,-7.289212728027505e-15,-0.00249298699216954,-0.004078383440476261,-0.40109925202584545,9.057671067643257e-16,6.547653995362507,6.547653995362547,6.547653995362667,6.547653995362527,0
5.523673796733585e-15,0.3113563206326406,1.9007384940366087e-16,-7.319738903526355e-15,-0.01202351083921222,0.005921616559523739,-0.41109925202584546,9.081539162273594e-16,6.55486990805553,6.554869908055571,6.554869908055691,6.554869908055551,0
5.499550298395783e-15,0.31165789887979484,1.934201826324839e-16,-7.321905615904682e-15,-0.0020235108392122197,-0.004078383440476261,-0.40520628895238847,9.11143468747467e-16,6.561218923785092,6.561218923785133,6.561218923785253,6.5612189237851135,0
5.531317422049608e-15,0.3119556898351343,1.8700769783907564e-16,-7.380619043580201e-15,-0.011436156676371495,0.005921616559523739,-0.4152062889523885,9.138304011038758e-16,6.567488207055397,6.567488207055438,6.567488207055558,6.567488207055417,0
5.535681335793862e-15,0.3122338152126417,1.860253275341678e-16,-7.414564185999551e-15,-0.0014361566763714945,-0.004078383440476261,-0.4093375742611758,9.207758640048187e-16,6.573343478160816,6.573343478160857,6.573343478160977,6.573343478160837,0
5.5597777290773524e-15,0.31248042373012946,1.8064131517795018e-16,-7.468252095467426e-15,-0.010813933650864199,0.005921616559523739,-0.4193375742611758,9.219025689580987e-16,6.578535236423716,6.5785352364237575,6.5785352364238765,6.578535236423735,0
5.558124320764312e-15,0.31273448920807495,1.7847599559475675e-16,-7.495740842733299e-15,-0.0008139336508641987,-0.004078383440476261,-0.4134903267011234,9.244947666194647e-16,6.583883983327832,6.583883983327873,6.5838839833279925,6.58388398332785,0
5.5767454930767506e-15,0.31292801110482926,1.7320903164666706e-16,-7.544041344743831e-15,-0.010106358889685509,0.005921616559523739,-0.4234903267011234,9.278022422635098e-16,6.58795812852266,6.5879581285227005,6.58795812852282,6.587958128522677,0
5.586069631760126e-15,0.31315662360581015,1.6877833144846827e-16,-7.584523086940301e-15,-0.0001063588896855084,-0.004078383440476261,-0.4176306707491082,9.28825187723625e-16,6.592771023280152,6.592771023280193,6.592771023280313,6.59277102328017,0
5.601411092500796e-15,0.313292185478858,1.6362668767067931e-16,-7.630922791177182e-15,-0.009264720534731694,0.005921616559523739,-0.4276306707491082,9.316992984610912e-16,6.59562495744958,6.595624957449621,6.595624957449741,6.595624957449598,0
5.598104275874715e-15,0.31349232145043493,1.6095302391817933e-16,-7.660885159563505e-15,0.0007352794652683067,-0.004078383440476261,-0.4217176211267508,9.36513682459257e-16,6.5998383463248835,6.5998383463249235,6.599838346325044,6.599838346324901,0
5.632344735734523e-15,0.3135626914150954,1.523751893409209e-16,-7.727135038526822e-15,-0.008198316100011737,0.005921616559523739,-0.43171762112675083,9.414706940022386e-16,6.601319819265105,6.601319819265145,6.601319819265266,6.601319819265122,0
5.648783951174834e-15,0.3137284647932165,1.4738642778730387e-16,-7.771854147665062e-15,0.0018016838999882628,-0.004078383440476261,-0.4256918588147654,9.454128908507111e-16,6.604809785120285,6.604809785120325,6.6048097851204455,6.604809785120302,0
5.608376244426068e-15,0.3137233079758551,1.507060427971239e-16,-7.76306953066064e-15,-0.006734952817472575,0.005921616559523739,-0.4356918588147654,9.510610011670763e-16,6.604701220544257,6.604701220544296,6.604701220544417,6.604701220544274,0
5.612753710697478e-15,0.3138430703354718,1.471493266970811e-16,-7.798067174002909e-15,0.0032650471825274256,-0.004078383440476261,-0.42947049577481844,9.559697740616333e-16,6.607222533378293,6.607222533378332,6.607222533378453,6.60722253337831,0
5.568348855470619e-15,0.313750073928722,1.508489729791301e-16,-7.78643890584046e-15,-0.004531960897008176,0.005921616559523739,-0.43947049577481845,9.609423686747357e-16,6.605264714288824,6.605264714288862,6.6052647142889835,6.605264714288841,0
5.558767218771278e-15,0.3138001515524927,1.493321128099591e-16,-7.80878361066055e-15,0.005468039102991824,-0.004078383440476261,-0.43298536755725436,9.654987690160134e-16,6.606318980052417,6.606318980052455,6.606318980052577,6.606318980052435,0
5.562074035397359e-15,0.31361372506981516,1.4450110378564118e-16,-7.84582002521661e-15,-0.0009603194635384683,0.005921616559523739,-0.4429853675572544,9.729198248120589e-16,6.602394211996049,6.602394211996087,6.602394211996208,6.6023942119960655,0
5.5568766412330065e-15,0.3135532072896899,1.4174198518297924e-16,-7.873723233439625e-15,0.00831648816696873,-0.004078383440476261,-0.4364761418332658,9.779144901397096e-16,6.601120153467096,6.601120153467134,6.601120153467255,6.601120153467113,0
5.570049697628705e-15,0.31330954105917835,1.3617312605285501e-16,-7.916135611964449e-15,0.0037429759862359887,0.005921616559523739,-0.4444712960805805,9.818569820708718e-16,6.595990338087906,6.595990338087944,6.595990338088065,6.595990338087923,0
5.561281212558729e-15,0.31316797573362193,1.3328395844485403e-16,-7.9408908625651e-15,0.010417147481708893,-0.004078383440476261,-0.44026239371449843,9.87480080223856e-16,6.593010015444612,6.5930100154446505,6.593010015444771,6.593010015444629,0
5.543744242418776e-15,0.31292365701703656,1.3192523335643135e-16,-7.961767744604593e-15,0.007244118156592661,0.005673062959938019,-0.44655452219348035,9.95861093431056e-16,6.587866463516499,6.587866463516537,6.587866463516658,6.587866463516517,0
5.542646487719134e-15,0.31277472218127356,1.2899893500898396e-16,-7.99351067962754e-15,0.012177910278900457,-0.0013380176058930748,-0.4442012653838467,1.0024756314751798e-15,6.584730993289909,6.584730993289948,6.584730993290068,6.584730993289927,0
5.538255468920568e-15,0.3124618335173242,1.239036770199928e-16,-8.028192275492837e-15,0.01181914512501345,0.0017515274548444248,-0.4466663602546184,1.0112211173699443e-15,6.578143863522555,6.578143863522592,6.578143863522714,6.578143863522572,0
5.531696045777031e-15,0.31224131567408675,1.201480702905035e-16,-8.06256437667912e-15,0.014366034003011204,-0.0007704439713235125,-0.4464358392226891,1.0194417096159266e-15,6.573501382612292,6.57350138261233,6.573501382612451,6.57350138261231,0
5.520745603834927e-15,0.312067674733342,1.1497270543966332e-16,-8.099154796214943e-15,0.015500605438990633,3.49611368564382e-05,-0.4481305871794358,1.0255090442033025e-15,6.569845783859772,6.569845783859808,6.56984578385993,6.569845783859789,0
5.50867030213887e-15,0.3119434109615809,1.1218603505880645e-16,-8.12882544263746e-15,0.01716246289711337,1.9925788068596975e-05,-0.44954235406274917,1.0315576024305755e-15,6.567229704454275,6.56722970445431,6.567229704454432,6.5672297044542916,0
5.5042928358674595e-15,0.31185830103182405,1.0834938951805461e-16,-8.156098305636e-15,0.018931619484403337,1.1143728062096556e-05,-0.45107781031074967,1.0386858198351266e-15,6.565437916459394,6.5654379164594285,6.565437916459551,6.56543791645941,0
5.5042928358674595e-15,0.31180270128796417,1.0551580593164384e-16,-8.185520690001524e-15,0.02077867943253833,5.571284278321625e-07,-0.45269946603164346,1.04490291065057e-15,6.564267395536028,6.564267395536063,6.564267395536185,6.564267395536044,0
5.502100714599965e-15,0.31176992290531047,1.0280106153664698e-16,-8.214604436483362e-15,0.022681462916896853,-1.351053790382946e-05,-0.4543834259119177,1.0510034391371204e-15,6.563577324322266,6.563577324322301,6.563577324322424,6.563577324322282,0
5.499908593332471e-15,0.31175539974631294,1.0103386402221775e-16,-8.244478674235337e-15,0.024625086496238197,-3.267233348149158e-05,-0.4561131629749954,1.0570199247517788e-15,6.563271573606529,6.563271573606563,6.563271573606686,6.563271573606545,0
5.496621205524618e-15,0.31175584167726494,9.808308776167658e-17,-8.27404177100587e-15,0.02659875402216026,-5.7884844390902485e-05,-0.4578768857462287,1.0630936209216108e-15,6.5632808774160445,6.563280877416079,6.563280877416202,6.5632808774160605,0
5.493333023623377e-15,0.31176891306421234,9.52013323372816e-17,-8.303262728757686e-15,0.028595120094214704,-9.044313003218676e-05,-0.45966591794203415,1.0693546022662022e-15,6.563556064509674,6.563556064509709,6.563556064509831,6.56355606450969,0
5.490049923919819e-15,0.3117929084798861,9.238039029248936e-17,-8.333362968248678e-15,0.030609102814248407,-0.00013183733264505784,-0.4614736518143773,1.0751601948673328e-15,6.564061231155438,6.564061231155472,6.564061231155595,6.564061231155454,0
5.4867668242162616e-15,0.3118265596680587,9.045771902278762e-17,-8.362777399376983e-15,0.032637246509215845,-0.00018381360499238945,-0.46329484994521414,1.0814726227062261e-15,6.5647696772222295,6.564769677222264,6.564769677222387,6.5647696772222455,0
5.48566906951662e-15,0.3118689066597552,8.731548783007219e-17,-8.393113253205053e-15,0.03467730563717056,-0.00024843496625842404,-0.4651251682959022,1.0877581541014972e-15,6.565661192836893,6.565661192836927,6.56566119283705,6.565661192836909,0
5.482375805417695e-15,0.31191921033605724,8.463359809943319e-17,-8.422751475701294e-15,0.03672797466373033,-0.00032814870757984346,-0.46696081867745426,1.0942276872305285e-15,6.566720217601146,6.566720217601181,6.566720217601303,6.566720217601162,0
5.477991562882707e-15,0.31197689200419926,8.199876789303717e-17,-8.451006133170528e-15,0.03878871580532226,-0.0004258639274240046,-0.4687983189577309,1.1009189389051586e-15,6.5679345685094,6.5679345685094335,6.567934568509556,6.567934568509415,0
5.4741629739611176e-15,0.31204149076972915,7.918812429464059e-17,-8.4814534124152e-15,0.040859654104940184,-0.0005450418800590114,-0.4706342977880561,1.1074772937639692e-15,6.569294542520556,6.5692945425205895,6.569294542520712,6.569294542520571,0
5.4719742408254125e-15,0.31211263273858303,7.704324444825032e-17,-8.510611824309588e-15,0.04294152037842591,-0.0006898015223552174,-0.47246533200203034,1.1147851125960878e-15,6.570792268180638,6.570792268180671,6.570792268180794,6.570792268180653,0
5.471425363475592e-15,0.31219000810660585,7.429534911442544e-17,-8.540620379801287e-15,0.0450356294534823,-0.0008650424411854858,-0.47428780192647957,1.1215747624841277e-15,6.5724212232969075,6.572421223296941,6.572421223297064,6.572421223296923,0
5.467589998290424e-15,0.3122733534553039,7.158007561469941e-17,-8.569898627343674e-15,0.04714388530071206,-0.001076586972925456,-0.47609775439233476,1.1276832922271318e-15,6.574175862216866,6.574175862216899,6.5741758622170225,6.574175862216881,0
5.46595014250454e-15,0.3123624373552874,6.889585850073796e-17,-8.60096729844309e-15,0.04926880698859935,-0.0013313425381800278,-0.4778907663542309,1.134190657546648e-15,6.576051312742836,6.576051312742868,6.576051312742992,6.57605131274285,0
5.462670430932771e-15,0.31245704785686435,6.603841552345368e-17,-8.630205202377854e-15,0.05141357032829257,-0.0016374836782504806,-0.47966180449817203,1.140386096460668e-15,6.578043112776034,6.578043112776066,6.57804311277619,6.578043112776048,0
5.460474921533488e-15,0.31255698072864235,6.404999328900886e-17,-8.660929557952768e-15,0.05358205975899349,-0.002004650515821399,-0.48140507866558463,1.1475665231302759e-15,6.580146962708203,6.580146962708235,6.580146962708359,6.580146962708217,0
5.45853691015017e-15,0.3126620274616101,6.134388676819959e-17,-8.69144367986712e-15,0.055778923388872095,-0.0024441556845554565,-0.4831138899639947,1.1545718807270132e-15,6.582358472875945,6.582358472875977,6.582358472876101,6.582358472875959,0
5.45498614803528e-15,0.3127719621460788,5.930800276922215e-17,-8.720853154076006e-15,0.058009620920822694,-0.00296918425881976,-0.48478047876241614,1.1614941448511257e-15,6.584672887285811,6.584672887285843,6.584672887285968,6.584672887285826,0
5.45060868176387e-15,0.31288652641336473,5.69717220767257e-17,-8.749679636443878e-15,0.0602804491555652,-0.003594959764603326,-0.4863958841828996,1.168133400652565e-15,6.587084766597094,6.587084766597126,6.5870847665972505,6.587084766597108,0
5.447315417664945e-15,0.3130054117961473,5.4658492592654305e-17,-8.779575717792552e-15,0.062598522696833,-0.0043388329662548165,-0.48794983601834896,1.1736268658464313e-15,6.589587616760938,6.58958761676097,6.5895876167610945,6.589587616760952,0
5.442924398866379e-15,0.31312823922362737,5.2589961846552655e-17,-8.809971217991252e-15,0.06497167873534668,-0.005220228649115754,-0.4894307127332339,1.1804006360094464e-15,6.592173457339466,6.592173457339498,6.592173457339622,6.59217345733948,0
5.4391025862083676e-15,0.3132545360987011,5.010609483487178e-17,-8.839692779810001e-15,0.06740826597795113,-0.006260361285625295,-0.4908256147259962,1.1873219903874457e-15,6.594832338919964,6.594832338919996,6.594832338920121,6.5948323389199786,0
5.43609392517972e-15,0.3133837126956623,4.773227593305361e-17,-8.870450346500634e-15,0.06991677291432882,-0.007481610461774205,-0.4921206171686885,1.1954617643832746e-15,6.597551846224412,6.597551846224444,6.597551846224568,6.597551846224426,0
5.431973956924275e-15,0.3135150415792368,4.5600161376479313e-17,-8.900220919568017e-15,0.0725052571281435,-0.008906446447243133,-0.4933012737473617,1.2025328709479788e-15,6.600316664825981,6.600316664826012,6.600316664826137,6.6003166648259946,0
5.428978848422784e-15,0.3136476461834737,4.3054307088649614e-17,-8.930943887734395e-15,0.07518056588009622,-0.010555839577264864,-0.494353427862645,1.2093573181745825e-15,6.603108340704652,6.603108340704683,6.603108340704807,6.603108340704665,0
5.4273389926369e-15,0.3137805067671845,4.03874725983875e-17,-8.962098765849517e-15,0.07794739821410343,-0.012447200752481081,-0.495264334235456,1.2153018924908515e-15,6.605905405624879,6.6059054056249105,6.605905405625035,6.605905405624893,0
5.425970187394137e-15,0.3139124920049759,3.8040930088633666e-17,-8.994963888697184e-15,0.08080734800502373,-0.014592091665150629,-0.4960239917279143,1.224396771106733e-15,6.608684042209962,6.608684042209992,6.6086840422101165,6.608684042209974,0
5.423639152723293e-15,0.3140424204364526,3.562883663842509e-17,-9.025576584928732e-15,0.08375815712819824,-0.016994166066802655,-0.49662645524462373,1.2314571038089396e-15,6.6114193776094705,6.611419377609501,6.611419377609625,6.611419377609483,0
5.422121269681813e-15,0.3141691471066461,3.2873814470939453e-17,-9.057882107061746e-15,0.08679344032896022,-0.01964793867347623,-0.4970707916963444,1.2386150521583657e-15,6.6140873075082816,6.614087307508312,6.614087307508436,6.614087307508294,0
5.418556955039767e-15,0.31429165960969657,3.0461668455103765e-17,-9.087131741479027e-15,0.08990306010331284,-0.02253888151077784,-0.49736135853501595,1.2455145608708568e-15,6.616666518098818,6.616666518098848,6.616666518098972,6.61666651809883,0
5.4170390719982876e-15,0.3144091605427867,2.7669564582837648e-17,-9.118216248237119e-15,0.09307413073991662,-0.02564497272982302,-0.4975072589792123,1.2528232876893873e-15,6.619140221953347,6.619140221953377,6.619140221953502,6.6191402219533595,0
5.413339232084681e-15,0.31452111581923803,2.5362237351136063e-17,-9.14895708701668e-15,0.09629240683404701,-0.02893932386092288,-0.4975211032738228,1.260546328592663e-15,6.621497175141796,6.621497175141826,6.6214971751419505,6.621497175141808,0
5.4089617658132705e-15,0.3146272602128604,2.3185669948715996e-17,-9.178752709466212e-15,0.09954369330183646,-0.032393169208332406,-0.49741742930896204,1.2683108193892782e-15,6.6237317939548985,6.623731793954929,6.623731793955053,6.623731793954911,0
5.4060073148932475e-15,0.3147275660444114,2.0529823947631087e-17,-9.209967485755673e-15,0.10281496317524293,-0.035978499530690974,-0.4972111867339145,1.2768316713278306e-15,6.625843495671761,6.625843495671791,6.625843495671916,6.6258434956717736,0
5.402714050794323e-15,0.31482219017076896,1.803270163823826e-17,-9.240927147667427e-15,0.10609503224284311,-0.03966990364350695,-0.49691656999486694,1.2851220538219592e-15,6.627835582542447,6.6278355825424775,6.627835582542602,6.62783558254246,0
5.399441115486132e-15,0.31491141546767504,1.5445113002669378e-17,-9.272541150635809e-15,0.10937480686039656,-0.04344553340842972,-0.49654630115562465,1.2937716795317304e-15,6.629714009845733,6.629714009845763,6.6297140098458875,6.629714009845745,0
5.396567979729046e-15,0.3149955983377557,1.283678231533095e-17,-9.303896059470018e-15,0.11264721912015363,-0.04728735230796508,-0.4961113164916326,1.302527673508046e-15,6.6314862807948,6.63148628079483,6.631486280794954,6.631486280794812,0
5.392935902451219e-15,0.31507512769635426,1.028441193105722e-17,-9.33433049252872e-15,0.115906984210639,-0.0511809170794961,-0.49562074221517105,1.3113335806069597e-15,6.633160583081085,6.633160583081115,6.6331605830812395,6.633160583081097,0
5.389988227794774e-15,0.31515039621338586,7.60035402729742e-18,-9.366097861015142e-15,0.11915028888139757,-0.055114920721482163,-0.49508203993333805,1.3198975309119181e-15,6.6347451834396445,6.634745183439675,6.634745183439799,6.634745183439657,0
5.38683048896741e-15,0.3152217820676803,4.9493568586160825e-18,-9.397899332373627e-15,0.12237448041723854,-0.059080658909136705,-0.4945012292060542,1.3294489838138787e-15,6.6362480435300535,6.636248043530084,6.636248043530208,6.636248043530066,0
5.383198411689584e-15,0.3152896386400702,2.2655701015274217e-18,-9.428809071106843e-15,0.12557779142855688,-0.0630715147138175,-0.4938831276164369,1.337620866736747e-15,6.637676602948789,6.637676602948819,6.637676602948943,6.637676602948801,0
5.379112324752029e-15,0.315354289689233,-4.0861402910865924e-19,-9.459439547762782e-15,0.12875911292667347,-0.06708250657154559,-0.49323157587706684,1.3452560660652888e-15,6.639037677668005,6.6390376776680355,6.63903767766816,6.639037677668018,0
5.376015572296867e-15,0.3154160280462763,-3.193597717723283e-18,-9.490953496917226e-15,0.13191781545537556,-0.07110991352276509,-0.49254963372121885,1.3540800554207675e-15,6.640337432553126,6.640337432553157,6.640337432553281,6.640337432553139,0
5.372383495019041e-15,0.3154751164087918,-5.932032634391901e-18,-9.522218932522501e-15,0.13505361229725057,-0.07515097535760905,-0.49183974296338145,1.3624208957966667e-15,6.641581398079769,6.641581398079799,6.641581398079923,6.641581398079781,0
5.368859837958463e-15,0.3155317892769776,-8.622672754226053e-18,-9.553560903406254e-15,0.13816645703541366,-0.07920365815274016,-0.49110385952360025,1.3711085707825372e-15,6.642774511094208,6.642774511094237,6.642774511094363,6.6427745110942205,0
5.3656004551774284e-15,0.3155862554199197,-1.1406675331283519e-17,-9.585354444426122e-15,0.1412564680049012,-0.08326647367784402,-0.4903435584718362,1.3803011922004314e-15,6.643921166735094,6.643921166735123,6.6439211667352485,6.643921166735106,0
5.362334296132816e-15,0.3156387005001372,-1.4150877672588852e-17,-9.617632501380879e-15,0.14432387322894089,-0.08733834165605556,-0.48956011670327415,1.3899368411976818e-15,6.645025273687042,6.645025273687072,6.645025273687197,6.645025273687055,0
5.358891954235174e-15,0.31568928964290693,-1.6932308519207244e-17,-9.648953417946486e-15,0.14736897068351443,-0.09141848537435739,-0.48875457759195035,1.398997170226989e-15,6.646090308271669,6.646090308271697,6.646090308271823,6.646090308271681,0
5.355544480027625e-15,0.31573816983746156,-1.9740012238736583e-17,-9.680954259362054e-15,0.15039209989409374,-0.09550635289051869,-0.4879278013800204,1.4081713016378178e-15,6.647119364999135,6.6471193649991624,6.6471193649992895,6.647119364999147,0
5.352305426037325e-15,0.31578547211874536,-2.252583698206283e-17,-9.712803134794558e-15,0.15339362183984365,-0.09960155771555508,-0.4870805043989735,1.4176929533441057e-15,6.648115202499847,6.648115202499874,6.648115202500001,6.648115202499859,0
5.348812262162848e-15,0.3158313135147027,-2.529930525375747e-17,-9.744599258401967e-15,0.1563739049104573,-0.10370383423698085,-0.4862132896026924,1.4273086452236057e-15,6.649080284520002,6.649080284520029,6.649080284520156,6.649080284520014,0
5.345264888179747e-15,0.3158757987644082,-2.8114068746552145e-17,-9.776648032289252e-15,0.15933331525118538,-0.10781300426658134,-0.4853266703641876,1.4367161887378546e-15,6.650016816092748,6.6500168160927755,6.6500168160929025,6.65001681609276,0
5.341483733103204e-15,0.3159190218228686,-3.0871362287717146e-17,-9.808001174061794e-15,0.16227221027530245,-0.11192895197220055,-0.4844210890557589,1.4464549829088336e-15,6.65092677521823,6.650926775218258,6.650926775218385,6.650926775218243,0
5.338214185926802e-15,0.31596106717297295,-3.3750306452821846e-17,-9.839832888019308e-15,0.16519093445225136,-0.11605160512571716,-0.48349693158864815,1.4557635183632751e-15,6.651811940483586,6.651811940483612,6.651811940483739,6.651811940483597,0
5.3349141455643e-15,0.3160020109663117,-3.6537012611253614e-17,-9.871947818902352e-15,0.16808981672171452,-0.12018092111027387,-0.48255453881937066,1.4657324397072068e-15,6.65267391508019,6.652673915080217,6.652673915080344,6.652673915080202,0
5.331437922348768e-15,0.316041922013967,-3.9325975363622156e-17,-9.903718520474424e-15,0.17096916906120516,-0.12431687651550244,-0.4815942155215717,1.4756179965016769e-15,6.653514147662408,6.653514147662435,6.653514147662562,6.6535141476624196,0
5.32808706000943e-15,0.3160808626468089,-4.2127026825616025e-17,-9.935728193108553e-15,0.17382928586435845,-0.12845945943961534,-0.48061623746172133,1.4857967692839064e-15,6.654333950459079,6.6543339504591055,6.6543339504592325,6.65433395045909,0
5.324370279436878e-15,0.3161188894628491,-4.492630140420807e-17,-9.967264506620431e-15,0.17667044388115186,-0.13260866383394077,-0.4796208569942964,1.495866965782171e-15,6.655134515007294,6.655134515007321,6.655134515007448,6.655134515007306,0
5.320931325671026e-15,0.3161560539771495,-4.7743861061042485e-17,-9.999476271507205e-15,0.1794929025404489,-0.1367644853893799,-0.4786083074973697,1.5063753075463796e-15,6.6559169258346715,6.655916925834698,6.655916925834825,6.655916925834683,0
5.317485595641595e-15,0.316192403187783,-5.054894604079946e-17,-1.0031430150512151e-14,0.18229690452502467,-0.14092691858593057,-0.4775788068976139,1.5163747548988033e-15,6.656682172374325,6.656682172374351,6.656682172374478,6.656682172374336,0
5.3141991078062484e-15,0.3162279800695244,-5.3412473226506437e-17,-1.0063772074689468e-14,0.185082676506078,-0.14509595461910307,-0.47653256047790565,1.526527235784304e-15,6.657431159358353,6.65743115935838,6.657431159358507,6.657431159358365,0
5.310292591853512e-15,0.31626282400530903,-5.621902598374943e-17,-1.0095582421717102e-14,0.18785042997059892,-0.14927157998581836,-0.47546976311830463,1.5367423263010235e-15,6.658164715901187,6.658164715901214,6.658164715901341,6.658164715901199,0
5.3069349532505956e-15,0.31629697116406885,-5.908362505788064e-17,-1.0127939054017305e-14,0.19060036209460984,-0.1534537755651729,-0.4743906010880436,1.5468246136562523e-15,6.658883603454027,6.658883603454052,6.65888360345418,6.658883603454038,0
5.303526492670844e-15,0.31633045483230626,-6.194169549150796e-17,-1.016043769917862e-14,0.1933326566291642,-0.15764251606847351,-0.47329525348100737,1.5572831216638394e-15,6.659588522785341,6.6595885227853655,6.659588522785494,6.659588522785352,0
5.299941849238064e-15,0.31636330570570204,-6.474224972490313e-17,-1.0192490248382064e-14,0.19604748477644257,-0.16183776976331066,-0.47218389336727573,1.5676510141008786e-15,6.660280120119989,6.660280120120014,6.6602801201201425,6.66028012012,0
5.2961979636112e-15,0.31639555214614,-6.749869133144787e-17,-1.0224791919863398e-14,0.19874500604078987,-0.16603949839928298,-0.4710566887179565,1.5781585122834213e-15,6.6609589925502615,6.660958992550286,6.660958992550415,6.660958992550273,0
5.292569274465163e-15,0.31642722040874693,-7.03193021814312e-17,-1.0256727642438703e-14,0.20142536904469463,-0.17024765727991611,-0.4699138031487737,1.5886414639685114e-15,6.6616256928156705,6.661625692815695,6.661625692815824,6.661625692815682,0
5.289360713660963e-15,0.3164583348428888,-7.319039296625877e-17,-1.0289517715065807e-14,0.2040887123038517,-0.17446219543901686,-0.4687553965183017,1.5990074139660487e-15,6.662280733534447,6.662280733534472,6.662280733534601,6.662280733534459,0
5.2858607735229086e-15,0.3164889180704983,-7.606100519481476e-17,-1.0321786457452983e-14,0.20673516495804228,-0.17868305588952155,-0.4675816254095294,1.609129286866121e-15,6.662924590957805,6.662924590957829,6.662924590957958,6.662924590957815,0
5.282347280857698e-15,0.31651899114462984,-7.885649403194652e-17,-1.0354280849481219e-14,0.2093648474565943,-0.18291017592074993,-0.4663926435175997,1.6196876637735486e-15,6.663557708307943,6.663557708307967,6.663557708308097,6.663557708307954,0
5.279074345549507e-15,0.316548573690735,-8.167162032893507e-17,-1.0387187229135134e-14,0.21197787219856248,-0.18714348742595371,-0.4651886019619785,1.6303348325613364e-15,6.664180498752263,6.664180498752287,6.664180498752416,6.664180498752273,0
5.275726871341958e-15,0.31657768403280184,-8.453338196116525e-17,-1.0419654072754487e-14,0.214574344128682,-0.19138291724656264,-0.4639696495377022,1.6412649419492014e-15,6.664793348058932,6.664793348058956,6.664793348059086,6.664793348058943,0
5.2722608125217935e-15,0.3166063393062083,-8.742644097768113e-17,-1.045196523694002e-14,0.21715436129065452,-0.1956283875228124,-0.4627359329175779,1.6517803870602273e-15,6.665396616972752,6.665396616972776,6.665396616972906,6.665396616972763,0
5.2688963976552994e-15,0.3166345555588922,-9.033038427628424e-17,-1.0484920199166964e-14,0.2197180153399492,-0.1998798160435998,-0.4614875968146751,1.6626549836524475e-15,6.665990643345045,6.665990643345069,6.665990643345198,6.665990643345055,0
5.265487937075548e-15,0.3166623478422218,-9.314687086426182e-17,-1.051751487701516e-14,0.22226539201827816,-0.2041371165899798,-0.46022478411285245,1.67365636501593e-15,6.66657574404672,6.666575744046744,6.666575744046874,6.666575744046731,0
5.2622150017673575e-15,0.31668973029277125,-9.608080663152838e-17,-1.0550368054957954e-14,0.22479657159214905,-0.20840019926855677,-0.45894763597147087,1.684736742680915e-15,6.667152216689866,6.66715221668989,6.6671522166900195,6.6671522166898765,0
5.2588573631644415e-15,0.3167167162060457,-9.895593231197917e-17,-1.0582831471018284e-14,0.22731162925780207,-0.2126689708320181,-0.45765629190935003,1.6955940136424016e-15,6.667720341179853,6.667720341179877,6.667720341180007,6.667720341179864,0
5.2554150212668e-15,0.3167433181030701,-1.018111452314294e-16,-1.0615206492305919e-14,0.22981063551497313,-0.21694333498530669,-0.4563508898719169,1.7065637006610948e-15,6.668280381117209,6.668280381117233,6.668280381117363,6.66828038111722,0
5.2519862318963146e-15,0.3167695477906368,-1.0460233726899353e-16,-1.0647755384909215e-14,0.23229365651167908,-0.2212231926762613,-0.4550315662849095,1.7179778906349819e-15,6.668832585065982,6.6688325850660055,6.668832585066136,6.668832585065993,0
5.248570995052985e-15,0.31679541641590814,-1.0742092652525345e-16,-1.068052191724142e-14,0.23476075436215238,-0.22550844237017828,-0.453698456097314,1.7291959381366911e-15,6.669377187703273,6.669377187703296,6.669377187703427,6.669377187703284,0
5.245206580186491e-15,0.3168209345159861,-1.1023297355588595e-16,-1.071360662177403e-14,0.23721198744004926,-0.22979898030830137,-0.45235169281564575,1.7405924585086205e-15,6.669914410862809,6.669914410862832,6.669914410862963,6.66991441086282,0
5.241872658506098e-15,0.316846112062985,-1.1303164611819412e-16,-1.0746521249464029e-14,0.2396474106487804,-0.23409470075030234,-0.4509914085313698,1.7521439380274896e-15,6.670444464483839,6.670444464483862,6.670444464483992,6.670444464483849,0
5.238636992647587e-15,0.3168709585050795,-1.1580842130769461e-16,-1.0779464130813052e-14,0.2420670756707813,-0.23839549620112638,-0.4496177339428956,1.7635211760461644e-15,6.670967547475302,6.670967547475325,6.670967547475455,6.670967547475312,0
5.235465701293067e-15,0.316895482803944,-1.1858865854931585e-16,-1.0812380440299506e-14,0.24447103119737176,-0.24270125762270447,-0.44823079837329816,1.7751706352189354e-15,6.671483848504027,6.6714838485040495,6.67148384850418,6.671483848504037,0
5.2320809576358385e-15,0.316919693468952,-1.2142821382434542e-16,-1.084521326417621e-14,0.24685932314079012,-0.2470118746311957,-0.4468307297846852,1.786823403232276e-15,6.671993546714723,6.671993546714744,6.671993546714876,6.671993546714733,0
5.228784305405125e-15,0.3169435985884608,-1.2423556836716788e-16,-1.087833705314587e-14,0.24923199482977876,-0.25132723568034265,-0.44541765479000783,1.7980520510421087e-15,6.672496812388592,6.672496812388613,6.6724968123887445,6.6724968123886015,0
5.2253724566935845e-15,0.316967205858469,-1.2707844042553992e-16,-1.091128847142493e-14,0.25158908719005046,-0.2556472282316516,-0.4439916986629271,1.8096161467040775e-15,6.67299380754666,6.672993807546681,6.6729938075468125,6.6729938075466695,0
5.2220486994085586e-15,0.31699052260890503,-1.2987039505858649e-16,-1.0944608172667785e-14,0.25393063891087075,-0.2599717389121649,-0.4425529853462093,1.82083904340484e-15,6.673484686503208,6.67348468650323,6.673484686503361,6.673484686503218,0
5.218611439708601e-15,0.31701355582777324,-1.3272320011281518e-16,-1.0977397351647002e-14,0.25625668659886164,-0.2643006536605118,-0.44110163745906517,1.8323456414797815e-15,6.673969596374118,6.673969596374139,6.6739695963742705,6.6739695963741275,0
5.215204673194744e-15,0.3170363121833612,-1.3548774368767148e-16,-1.1009975651479163e-14,0.2585672649200293,-0.2686338578619107,-0.4396377763037657,1.8443243520721624e-15,6.67444867754439,6.674448677544412,6.674448677544543,6.6744486775444,0
5.21194190228192e-15,0.31705879804468967,-1.3836219568829252e-16,-1.1042916812647097e-14,0.2608624067309727,-0.27297123647282445,-0.4381615218717869,1.856162277551169e-15,6.674922064098674,6.674922064098696,6.674922064098827,6.674922064098684,0
5.208453820605127e-15,0.31708101950036766,-1.4115678395908038e-16,-1.107626873082846e-14,0.2631421432001602,-0.2773126741359927,-0.43667299284965044,1.8678064726725626e-15,6.6753898842182116,6.675389884218233,6.675389884218364,6.675389884218221,0
5.205206296285354e-15,0.3171029823759969,-1.4395449060825823e-16,-1.1109460374779811e-14,0.2654065039200185,-0.28165805528636045,-0.4351723066246802,1.8797674086665894e-15,6.675852260547248,6.675852260547269,6.6758522605474,6.675852260547257,0
5.201901173725168e-15,0.3171246922502567,-1.4670106946399996e-16,-1.1142799267653386e-14,0.2676555170106162,-0.2860072642486303,-0.4336595792907346,1.8912378363159174e-15,6.676309310531665,6.676309310531686,6.676309310531818,6.676309310531675,0
5.198607909626243e-15,0.31714615446978583,-1.494320676900261e-16,-1.1175653673237284e-14,0.2698892092155353,-0.2903601853268636,-0.4321349256540797,1.9034399498468494e-15,6.676761146732279,6.676761146732299,6.676761146732431,6.676761146732288,0
5.1952350244302765e-15,0.3171673741629664,-1.522829820088187e-16,-1.1208950680605864e-14,0.2721076059906308,-0.2947167028868358,-0.43059845923939893,1.914976859779856e-15,6.677207877115028,6.677207877115048,6.67720787711518,6.677207877115037,0
5.191943454397246e-15,0.31718835625270486,-1.5503864054893783e-16,-1.1241909820678319e-14,0.2743107315861665,-0.2990767014315157,-0.4290502922960567,1.9275156855987472e-15,6.677649605320048,6.6776496053200685,6.6776496053202,6.677649605320057,0
5.188682377550317e-15,0.3172091054682951,-1.5787858645131523e-16,-1.1275253888158079e-14,0.2764986091228847,-0.3034400656702468,-0.4274905358045986,1.939141540852452e-15,6.678086430911422,6.678086430911442,6.6780864309115735,6.6780864309114305,0
5.1852993279589835e-15,0.31722962635644103,-1.6073672539601076e-16,-1.1308450855230712e-14,0.27867126066245546,-0.30780668058198896,-0.42591929948357077,1.9512879674992965e-15,6.678518449609231,6.678518449609252,6.678518449609383,6.67851844960924,0
5.1820551917709996e-15,0.3172499232915085,-1.634978392057544e-16,-1.1341721578238481e-14,0.2808287072727552,-0.31217643147311647,-0.42433669179661726,1.9629917435668335e-15,6.678945753505388,6.678945753505409,6.67894575350554,6.678945753505397,0
5.178736516683657e-15,0.3172700004850693,-1.6626354570592378e-16,-1.1374943258030498e-14,0.2829709690883733,-0.31654920403012543,-0.42274281995989643,1.975359765244437e-15,6.679368431264565,6.679368431264584,6.679368431264716,6.679368431264573,0
5.1754635813754666e-15,0.3172898619947952,-1.6902874173963303e-16,-1.1408511334935256e-14,0.2850980653666855,-0.3209248843675878,-0.4211377899498207,1.987218108415408e-15,6.6797865683114255,6.679786568311444,6.6797865683115765,6.679786568311433,0
5.1722787374937904e-15,0.31730951173275324,-1.7172733616007032e-16,-1.1441928815733994e-14,0.28721001453989686,-0.32530335907181684,-0.41952170651105797,1.999381666796292e-15,6.6802002470052795,6.680200247005297,6.6802002470054305,6.680200247005287,0
5.168992249658444e-15,0.3173289534731502,-1.7439488173122235e-16,-1.147563153425778e-14,0.2893068342632532,-0.3296845152403388,-0.4178946731648966,2.0110705877122005e-15,6.68060954680311,6.680609546803128,6.680609546803261,6.680609546803117,0
5.1656075060012155e-15,0.3173481908595689,-1.7725328288173257e-16,-1.150901085736166e-14,0.29138854145983245,-0.33406824051772077,-0.4162567922178365,2.0231206928339366e-15,6.681014544411924,6.6810145444119415,6.681014544412075,6.681014544411931,0
5.162321018165869e-15,0.31736722741173556,-1.8008568152247194e-16,-1.1542663784047136e-14,0.29345515236208514,-0.3384544231278552,-0.4146081647704763,2.0350557268825443e-15,6.681415313931222,6.6814153139312396,6.681415313931373,6.681415313931229,0
5.159066717582518e-15,0.3173860665318539,-1.828293764418122e-16,-1.157587514571045e-14,0.2955066825503722,-0.3428429519029577,-0.4129488907266855,2.0477076191374326e-15,6.681811926986345,6.681811926986362,6.681811926986496,6.681811926986351,0
5.155892038096209e-15,0.3174047115105389,-1.8554364107181832e-16,-1.160908265747895e-14,0.29754314698879913,-0.34723371630967503,-0.411279068802967,2.0600564159392356e-15,6.682204452853397,6.682204452853414,6.682204452853548,6.682204452853403,0
5.152649595974119e-15,0.31742316553237937,-1.8833518241178282e-16,-1.1642158618911821e-14,0.29956456005844084,-0.3516266064723101,-0.40959879653809345,2.072426445521945e-15,6.682592958576355,6.682592958576371,6.682592958576506,6.682592958576361,0
5.149417318247397e-15,0.31744143168115757,-1.910667652597012e-16,-1.16756150604453e-14,0.30157093558822434,-0.3560215131935181,-0.40790817030293464,2.0848765173494793e-15,6.682977509076949,6.682977509076964,6.6829775090771,6.682977509076954,0
5.146142688873312e-15,0.31745951294475,-1.9380782952933534e-16,-1.1709529655166874e-14,0.30356228688362774,-0.36041832797263984,-0.40620728531046585,2.096878455680656e-15,6.683358167257842,6.6833581672578575,6.683358167257993,6.683358167257848,0
5.142766415545556e-15,0.31747741221973275,-1.9656513614081026e-16,-1.1742615336404206e-14,0.305538626753314,-0.3648169430217651,-0.40449623562598336,2.1091212057620073e-15,6.683734994099584,6.683734994099599,6.683734994099735,6.68373499409959,0
5.139437576062847e-15,0.3174951323157122,-1.9928954334300012e-16,-1.1776093088231515e-14,0.3074999675339151,-0.3692172512798137,-0.40277511417745376,2.121338198991657e-15,6.684108048751783,6.684108048751798,6.684108048751934,6.6841080487517885,0
5.136281531301377e-15,0.31751267595940075,-2.0198103508018933e-16,-1.1809874815168223e-14,0.30944632111304105,-0.37361914642469013,-0.40104401276601903,2.1333583111647846e-15,6.684477388618911,6.684477388618926,6.684477388619062,6.684477388618916,0
5.133150897528325e-15,0.3175300457984547,-2.0467008676364914e-16,-1.1843451824245523e-14,0.3113776989506692,-0.378022522883679,-0.3993030220766421,2.1460268280640853e-15,6.684843069441098,6.684843069441113,6.684843069441249,6.684843069441103,0
5.1299338663946534e-15,0.31754724440509136,-2.0733466079913233e-16,-1.1877207374212408e-14,0.3132941120990466,-0.3824272758422708,-0.3975522316888383,2.1583850050810405e-15,6.685205145370292,6.685205145370306,6.685205145370443,6.685205145370297,0
5.126852360532542e-15,0.31756427427950007,-2.0993069904656423e-16,-1.1910682287455048e-14,0.31519557122116665,-0.3868333012514238,-0.39579173008754487,2.171303625240349e-15,6.685563669042054,6.685563669042068,6.685563669042205,6.685563669042059,0
5.1238352291744225e-15,0.31758113785306086,-2.124937610536586e-16,-1.1944005273163213e-14,0.317082086607962,-0.3912404958334931,-0.3940216046740465,2.184444757927214e-15,6.685918691643334,6.685918691643348,6.685918691643485,6.685918691643339,0
5.120672408149375e-15,0.317597837491384,-2.1519154512318186e-16,-1.1977515600901645e-14,0.31895366819429777,-0.3956487570868719,-0.3922419417769864,2.1970380669730786e-15,6.686270262976452,6.686270262976466,6.686270262976603,6.686270262976457,0
5.117479093938226e-15,0.31761437549718174,-2.1789190374377961e-16,-1.2011165125297667e-14,0.3208103255738181,-0.4000579832894186,-0.39045282666345077,2.209451468120815e-15,6.6866184315195625,6.686618431519577,6.6866184315197135,6.686618431519568,0
5.114404364339693e-15,0.317630754112984,-2.204626877765188e-16,-1.2044928226670713e-14,0.32265206801277896,-0.4044680735008357,-0.38865434355008693,2.2222562134954934e-15,6.686963244483821,6.686963244483835,6.686963244483972,6.6869632444838265,0
5.111239849248751e-15,0.31764697552370713,-2.231969565052887e-16,-1.2078544199003068e-14,0.32447890446289246,-0.4088789275640133,-0.38684657561427377,2.2350284663986995e-15,6.687304747867465,6.687304747867479,6.687304747867616,6.68730474786747,0
5.108127850200539e-15,0.31766304185908567,-2.258219549110953e-16,-1.2112177172321983e-14,0.32629084357328647,-0.4132904461054697,-0.38502960500531025,2.2480391582898343e-15,6.687642986507013,6.6876429865070275,6.687642986507164,6.687642986507019,0
5.10493453598939e-15,0.31767895519597616,-2.2855281693661967e-16,-1.2145522283650997e-14,0.32808789370162006,-0.41770253053492384,-0.38320351285563153,2.2607004466871946e-15,6.68797800412576,6.687978004125775,6.687978004125911,6.687978004125766,0
5.101886911445169e-15,0.31769471756054013,-2.3113372861766133e-16,-1.2179697544244132e-14,0.3298700629244098,-0.4221150830440626,-0.3813683792920419,2.2729667949426878e-15,6.688309843379738,6.688309843379752,6.688309843379889,6.688309843379743,0
5.098874862284733e-15,0.31771033093031437,-2.3370697816156696e-16,-1.221364533472875e-14,0.33163735904665165,-0.42652800660461354,-0.3795242834469419,2.28568603597417e-15,6.688638545901301,6.688638545901315,6.688638545901452,6.6886385459013065,0
5.095823849608723e-15,0.3177257972361756,-2.3635217536176854e-16,-1.2247515167955997e-14,0.33338978961075677,-0.4309412049657364,-0.377671303469551,2.2983036410261187e-15,6.6889641523404855,6.688964152340499,6.6889641523406365,6.688964152340491,0
5.092823658909548e-15,0.3177411183642053,-2.3889990372864013e-16,-1.2281445047519029e-14,0.33512736190486947,-0.4353545826508185,-0.3758095165371135,2.3110568630094565e-15,6.689286702404269,6.689286702404282,6.68928670240442,6.689286702404274,0
5.0897641759040655e-15,0.3177562961574613,-2.4151447661043014e-16,-1.2315565814803338e-14,0.336850082970592,-0.4397680449536712,-0.37393899886610665,2.3234425138650738e-15,6.689606234893869,6.689606234893882,6.68960623489402,6.6896062348938745,0
5.0868300537747766e-15,0.3177713324176614,-2.440434189376783e-16,-1.2349051090728323e-14,0.3385579596101764,-0.4441814979342573,-0.37205982572339563,2.3367313568823047e-15,6.689922787740187,6.689922787740199,6.689922787740338,6.689922787740192,0
5.083790899560028e-15,0.3177862289067846,-2.466374908788565e-16,-1.238269011300601e-14,0.34025099839321443,-0.4485948484139257,-0.37017207143737274,2.349709881730566e-15,6.690236398037516,6.690236398037529,6.690236398037667,6.690236398037522,0
5.080953339186726e-15,0.31780098734859397,-2.4902563385730986e-16,-1.2416824464047995e-14,0.3419292056628395,-0.45300800397019936,-0.3682758094090645,2.3626213415542827e-15,6.690547102075608,6.69054710207562,6.690547102075759,6.690547102075613,0
5.077893856181244e-15,0.31781560943008696,-2.516635392406304e-16,-1.245100529086141e-14,0.3435925875415217,-0.4574208729312096,-0.36637111212318224,2.3750071572523036e-15,6.690854935370197,6.69085493537021,6.690854935370348,6.6908549353702025,0
5.074963122183744e-15,0.3178300968028761,-2.541700362566888e-16,-1.2485372384192695e-14,0.345241149936436,-0.4618333643697416,-0.36445805115914087,2.3875046884012264e-15,6.691159932692074,6.691159932692086,6.691159932692225,6.691159932692079,0
5.072001895000143e-15,0.31784445108450476,-2.566797922629561e-16,-1.2519608542671373e-14,0.34687489854445924,-0.4662453880969704,-0.36253669720201565,2.3999407219832377e-15,6.691462128094783,6.691462128094795,6.691462128094934,6.691462128094788,0
5.069022033091702e-15,0.3178586738597015,-2.5920719843532944e-16,-1.255330816286818e-14,0.348493838856817,-0.4706568546558908,-0.360607120053458,2.4130938746755403e-15,6.6917615549410305,6.691761554941042,6.6917615549411815,6.691761554941035,0
5.066213271838607e-15,0.31787276668157644,-2.616480613322934e-16,-1.2587000578928076e-14,0.3500979761634101,-0.4750676753144995,-0.3586693886425401,2.4265110775851803e-15,6.69205824592787,6.692058245927882,6.692058245928021,6.692058245927875,0
5.063147012569546e-15,0.31788673107276255,-2.641954935882963e-16,-1.262068098152449e-14,0.3516873155568233,-0.4794777620587088,-0.35672357103655333,2.439592343055974e-15,6.692352233110736,6.692352233110747,6.692352233110887,6.69235223311074,0
5.060124799013743e-15,0.3179005685265057,-2.667021067512624e-16,-1.265375231094366e-14,0.353261861936071,-0.48388702758507446,-0.35476973445173055,2.453238255885292e-15,6.692643547926382,6.6926435479263935,6.692643547926533,6.692643547926386,0
5.057192370950349e-15,0.3179142805077056,-2.691111408188154e-16,-1.2687821796038173e-14,0.3548216200100699,-0.4882953852933161,-0.352807945263906,2.466111153344038e-15,6.6929322212148,6.692932221214812,6.692932221214951,6.692932221214805,0
5.054182015855807e-15,0.31792786845390997,-2.7165128543847714e-16,-1.2721216074540198e-14,0.35636659430087164,-0.4927027492786594,-0.35083826901911375,2.47944497275413e-15,6.693218283240155,6.693218283240166,6.693218283240306,6.693218283240159,0
5.051324126691771e-15,0.31794133377626554,-2.7404640105900533e-16,-1.2755281714312455e-14,0.3578967891466705,-0.49710903432403303,-0.3488607704441098,2.492506171754975e-15,6.693501763710799,6.6935017637108105,6.69350176371095,6.693501763710803,0
5.048652584776131e-15,0.3179546778604274,-2.7660395086827088e-16,-1.2789369985742693e-14,0.35941220870460766,-0.5015141558921425,-0.3468755134568162,2.5056826524330025e-15,6.693782691798417,6.693782691798429,6.693782691798568,6.693782691798422,0
5.045606654297804e-15,0.3179679020674289,-2.790452509982311e-16,-1.2822643583513436e-14,0.3609128569533765,-0.5059180301174132,-0.3448825611766988,2.519070309573156e-15,6.694061096156344,6.694061096156355,6.694061096156495,6.694061096156348,0
5.042567500083056e-15,0.3179810077345143,-2.816150914890314e-16,-1.2856412702687984e-14,0.3623987376956433,-0.5103205737978149,-0.3428819759350781,2.532376272911674e-15,6.694337004937089,6.6943370049371005,6.69433700493724,6.694337004937093,0
5.039723163446176e-15,0.3179939961759364,-2.8401869743768607e-16,-1.2890188718020245e-14,0.3638698545603216,-0.5147217043866527,-0.340873819285335,2.5456567341352363e-15,6.694610445809133,6.694610445809143,6.694610445809283,6.694610445809136,0
5.036851721754984e-15,0.3180068686837202,-2.86467817349487e-16,-1.2924504654129778e-14,0.3653262110046683,-0.5191213399842183,-0.33885815201307434,2.558589834562108e-15,6.694881445973003,6.694881445973014,6.694881445973153,6.694881445973007,0
5.033927764021062e-15,0.31801962652839544,-2.889412686875424e-16,-1.2958432872428742e-14,0.36676781031625455,-0.5235193993294273,-0.33683503414618365,2.571485044423482e-15,6.695150032176693,6.695150032176703,6.695150032176843,6.695150032176697,0
5.031015664748402e-15,0.3180322709596984,-2.913594240692014e-16,-1.2992392038428993e-14,0.3681946556148124,-0.5279158017914086,-0.3348045249648134,2.58440302133475e-15,6.695416230730439,6.695416230730449,6.695416230730589,6.695416230730443,0
5.028086624816796e-15,0.318044803207245,-2.9374260528715044e-16,-1.302636892274453e-14,0.3696067498539282,-0.532310467360998,-0.3327666830113056,2.597261451297401e-15,6.695680067520893,6.695680067520903,6.695680067521043,6.695680067520897,0
5.025291416090857e-15,0.3180572244811771,-2.960188080131981e-16,-1.3060868338151372e-14,0.3710040958226679,-0.5367033166422862,-0.3307215660999988,2.6099473167974604e-15,6.695941568024728,6.695941568024738,6.695941568024878,6.695941568024732,0
5.022355599895674e-15,0.3180695359727828,-2.98426040221359e-16,-1.309422426691953e-14,0.3723866961470739,-0.5410942708440952,-0.3286692313269811,2.6237802291568258e-15,6.69620075732169,6.6962007573217,6.69620075732184,6.6962007573216935,0
5.0196366241349875e-15,0.3180817388550916,-3.0076185624779034e-16,-1.3128008461104874e-14,0.37375455329157176,-0.5454832517714506,-0.32660973507975605,2.6372342990337713e-15,6.6964576601071375,6.696457660107147,6.696457660107288,6.696457660107141,0
5.0169684703511364e-15,0.3180938342834466,-3.030889274709449e-16,-1.31623282265073e-14,0.37510766956029085,-0.5498701818170527,-0.3245431330468276,2.6502958554242703e-15,6.6967123007040845,6.696712300704094,6.696712300704235,6.696712300704088,0
5.014142768439096e-15,0.3181058233960544,-3.0539284742679075e-16,-1.3196805033256529e-14,0.37644604709831725,-0.554254983952774,-0.322469480227192,2.663097708328031e-15,6.696964703074776,6.696964703074785,6.696964703074926,6.696964703074779,0
5.0115525416863924e-15,0.31811770731451355,-3.076626003679374e-16,-1.3230280853688788e-14,0.3777696878928638,-0.5586375817211443,-0.32038883093976217,2.6772141702286013e-15,6.697214890831811,6.6972148908318205,6.697214890831961,6.697214890831814,0
5.008787826146554e-15,0.31812948714432276,-3.100159149656967e-16,-1.3263417315259068e-14,0.37907859377437747,-0.5630178992268613,-0.3183012388327042,2.6911995872792366e-15,6.697462887248847,6.697462887248856,6.697462887248997,6.69746288724885,0
5.006073085550604e-15,0.3181411639753699,-3.1234097891007337e-16,-1.3297293305518875e-14,0.38037276641759205,-0.5673958611283315,-0.3162067568926921,2.704436709449511e-15,6.697708715270892,6.697708715270902,6.697708715271042,6.697708715270895,0
5.003358344954654e-15,0.31815273888240264,-3.146428678705596e-16,-1.3330827253934374e-14,0.38165220734252003,-0.5717713926292268,-0.3141054374540867,2.718047251908677e-15,6.697952397524213,6.6979523975242214,6.697952397524363,6.697952397524216,0
5.000724919521641e-15,0.31816421292548136,-3.1688769467200853e-16,-1.3365051363233246e-14,0.3829169179154023,-0.5761444194700961,-0.31199733220802184,2.731383287049602e-15,6.69819395632587,6.698193956325879,6.69819395632602,6.698193956325873,0
4.997956815850014e-15,0.31817558715041555,-3.1925841172877065e-16,-1.3398937453508136e-14,0.3841668993496175,-0.5805148679200004,-0.30988249221142383,2.7444657487494525e-15,6.698433413692906,6.698433413692914,6.6984334136930554,6.698433413692909,0
4.995199723606701e-15,0.3181868625891841,-3.2152292784820243e-16,-1.3433175700832378e-14,0.3854021527065438,-0.5848826647681962,-0.3077609678959424,2.7574928773244805e-15,6.698670791351192,6.6986707913512,6.698670791351341,6.698670791351194,0
4.992415526309076e-15,0.3181980402603403,-3.239014658387412e-16,-1.3467377688782018e-14,0.3866226788963939,-0.5892477373158667,-0.3056328090768044,2.7703366204920865e-15,6.698906110743954,6.698906110743962,6.698906110744103,6.698906110743956,0
4.989723655602702e-15,0.31820912116940236,-3.2613482835977536e-16,-1.3501326389208115e-14,0.3878284786790153,-0.5936100133679015,-0.30349806496158976,2.7838151528942372e-15,6.699139393039997,6.699139393040005,6.699139393040146,6.699139393039999,0
4.98697249259002e-15,0.31822010630922987,-3.284203675809817e-16,-1.3535571502039987e-14,0.3890195526646768,-0.597969421224745,-0.301356784158923,2.796722579599374e-15,6.699370659141628,6.6993706591416355,6.699370659141778,6.69937065914163,0
4.984308573970905e-15,0.31823099666038707,-3.3061408314133915e-16,-1.3569314159992035e-14,0.39019590131481025,-0.6023258896742731,-0.2992090146870972,2.810273918886688e-15,6.6995999296923054,6.6995999296923125,6.699599929692455,6.699599929692307,0
4.98157689271601e-15,0.3182417931914933,-3.3287097577888694e-16,-1.3602812616820343e-14,0.3913575249427583,-0.6066793479837632,-0.29705480398260964,2.8240524251776998e-15,6.699827225084015,6.6998272250840225,6.699827225084165,6.699827225084017,0
4.978829117835117e-15,0.3182524968595614,-3.3516817106200233e-16,-1.363556862994082e-14,0.3925044237144831,-0.6110297258918965,-0.2948941989086306,2.8381841273515107e-15,6.7000525654643965,6.700052565464404,6.700052565464546,6.700052565464398,0
4.976275313499145e-15,0.3182631086103242,-3.3732355186180544e-16,-1.3670195090360091e-14,0.39363659764928455,-0.6153769536008469,-0.2927272457633929,2.8510095042341666e-15,6.700275970743613,6.700275970743619,6.700275970743762,6.700275970743614,0
4.973755390481064e-15,0.31827362937855,-3.394599307583094e-16,-1.3703706539415083e-14,0.3947540466204924,-0.6197209617684364,-0.29055399028849566,2.865089509488978e-15,6.700497460600999,6.700497460601005,6.700497460601148,6.7004974606009995,0
4.971114341751525e-15,0.31828406008834753,-3.4165946453302956e-16,-1.3736956934247649e-14,0.39585677035615596,-0.6240616815003348,-0.28837447767715835,2.8789591437083557e-15,6.700717054491472,6.700717054491478,6.700717054491621,6.700717054491473,0
4.968465669725461e-15,0.3182944016534602,-3.4392045537638604e-16,-1.377163199974094e-14,0.39694476843973314,-0.6283990443423684,-0.2861887525823711,2.891510007874152e-15,6.700934771651738,6.7009347716517444,6.7009347716518874,6.700934771651739,0
4.965855114182023e-15,0.31830465497755106,-3.4607010368460664e-16,-1.3805340075090948e-14,0.3980180403107712,-0.6327329822728616,-0.2839968591250011,2.904936949569178e-15,6.701150631106283,6.701150631106289,6.701150631106432,6.701150631106284,0
4.963231853144376e-15,0.31831482095447805,-3.4819988372232576e-16,-1.3839840148520589e-14,0.3990765852655877,-0.6370634276950777,-0.2817988409018068,2.917574999049741e-15,6.701364651673167,6.701364651673173,6.701364651673316,6.701364651673168,0
4.960649249688198e-15,0.31832490046856016,-3.5040465846256017e-16,-1.3873559868052646e-14,0.4001204024579642,-0.6413903134297365,-0.2795947409933852,2.9310980514515816e-15,6.701576851969632,6.701576851969638,6.701576851969781,6.701576851969633,0
4.958111538978224e-15,0.3183348943948352,-3.525887079815921e-16,-1.3907626006436752e-14,0.4011494908998233,-0.645713572707581,-0.27738460197205855,2.9441398905764406e-15,6.701787250417527,6.701787250417533,6.701787250417676,6.701787250417528,0
4.955542488049202e-15,0.31834480359930906,-3.5480115500971724e-16,-1.3941124540189692e-14,0.4021638494619365,-0.6500331391620562,-0.2751684659096787,2.957816503717189e-15,6.701995865248556,6.701995865248562,6.701995865248705,6.7019958652485565,0
4.952996307009755e-15,0.31835462893919697,-3.5690901100415263e-16,-1.3975403531919325e-14,0.40316347687460896,-0.6543489468220219,-0.27294637438537805,2.9705360081209545e-15,6.702202714509354,6.70220271450936,6.702202714509503,6.702202714509355,0
4.950513653441353e-15,0.3183643712631573,-3.590139150614757e-16,-1.4009240089706188e-14,0.40414837172840706,-0.6586609301045983,-0.2707183684932325,2.9844291923541787e-15,6.702407816066414,6.70240781606642,6.702407816066563,6.7024078160664144,0
4.948106385805256e-15,0.3183740314115179,-3.6098118374664037e-16,-1.4042882571490202e-14,0.4051185324748736,-0.6629690238080475,-0.2684844888498752,2.9983513949729267e-15,6.702611187610847,6.702611187610853,6.702611187610996,6.702611187610848,0
4.945522935316131e-15,0.318383610216495,-3.631784241107883e-16,-1.4076405853589218e-14,0.4060739574272515,-0.6672731631047291,-0.2662447756020482,3.012137534603818e-15,6.702812846662998,6.702812846663004,6.702812846663147,6.702812846662999,0
4.9431910536123396e-15,0.3183931085024063,-3.6516094106158923e-16,-1.41104827725361e-14,0.40701464476125165,-0.6715732835341993,-0.2639992684340582,3.025401459914074e-15,6.7030128105769196,6.703012810576926,6.703012810577069,6.70301281057692,0
4.940685530154361e-15,0.31840252708587613,-3.6728109348312e-16,-1.414318330126459e-14,0.4079405925157971,-0.6758693209963074,-0.26174800657520914,3.0399031011042777e-15,6.703211096544705,6.703211096544711,6.703211096544854,6.703211096544706,0
4.938200335487117e-15,0.31841186677603556,-3.6931526192954975e-16,-1.4175932713622364e-14,0.40885179859380555,-0.6801612117444246,-0.25949102880714503,3.054397351990857e-15,6.703407721600693,6.7034077216006995,6.7034077216008425,6.703407721600694,0
4.935780362356812e-15,0.3184211283747158,-3.7135830954776896e-16,-1.4210193710860466e-14,0.4097482607629843,-0.6844488923787383,-0.2572283734711399,3.067366401470363e-15,6.703602702625541,6.703602702625546,6.703602702625689,6.703602702625541,0
4.933502690761645e-15,0.31843031267663596,-3.7322642527855705e-16,-1.4244777933270167e-14,0.41062997665664586,-0.6887322998396366,-0.25496007847532215,3.0804150172382652e-15,6.703796056350176,6.703796056350181,6.703796056350324,6.703796056350176,0
4.931085258730181e-15,0.31843942046958507,-3.752050536685262e-16,-1.4278236604736705e-14,0.4114969437745296,-0.6930113714011455,-0.25268618130185067,3.0947003333290142e-15,6.703987799359631,6.703987799359636,6.703987799359779,6.703987799359631,0
4.9284950319774775e-15,0.31844845253459897,-3.773238379331676e-16,-1.4312426069975436e-14,0.41234915948366313,-0.6972860446644944,-0.25040671901400774,3.1076656750685992e-15,6.704177948096766,6.704177948096771,6.704177948096914,6.704177948096766,0
4.926062353352963e-15,0.31845740964613173,-3.79449791264343e-16,-1.434637410984215e-14,0.4131866210192312,-0.7015562575517121,-0.24812172826326523,3.120966158838402e-15,6.704366518865877,6.704366518865882,6.704366518866025,6.704366518865877,0
4.923716072089069e-15,0.3184662925722221,-3.8133472743743964e-16,-1.4380638832141465e-14,0.4140093254854718,-0.7058219482993459,-0.2458312452962637,3.1344798640486322e-15,6.7045535278362,6.704553527836206,6.704553527836349,6.7045535278362,0
4.921495998734315e-15,0.3184751020746552,-3.8317854135520526e-16,-1.4414180879495568e-14,0.41481726985658457,-0.7100830554522243,-0.24353530596175485,3.1479464786717267e-15,6.704738991045319,6.704738991045323,6.704738991045467,6.704738991045319,0
4.9193182770269244e-15,0.3184838389091195,-3.8499986257625427e-16,-1.4447964192741743e-14,0.41561045097768207,-0.7143395178573373,-0.2412339457174759,3.161527288908465e-15,6.704922924402462,6.704922924402466,6.70492292440261,6.704922924402462,0
4.917004183015026e-15,0.3184925038253593,-3.869409882578964e-16,-1.4480841251584683e-14,0.4163888655657492,-0.718591274657766,-0.2389271996369811,3.176047437701143e-15,6.705105343691721,6.705105343691725,6.705105343691869,6.705105343691721,0
4.914714652958597e-15,0.31850109756732287,-3.888452145055042e-16,-1.4513942508870712e-14,0.41715251021062777,-0.7228382652867026,-0.2366151024164112,3.190418444889231e-15,6.7052862645751645,6.705286264575169,6.705286264575313,6.7052862645751645,0
4.912409876309118e-15,0.3185096208733063,-3.907752175899038e-16,-1.4547825321501422e-14,0.41790138137603555,-0.7270804294615599,-0.23429768838120946,3.203820740445649e-15,6.705465702595869,6.705465702595872,6.705465702596016,6.705465702595868,0
4.910139828010477e-15,0.3185180744760935,-3.92663231081927e-16,-1.4582219205354533e-14,0.41863547540060386,-0.7313177071781499,-0.23197499149278875,3.2172083208442054e-15,6.7056436731808615,6.705643673180865,6.705643673181009,6.705643673180861,0
4.90786215641531e-15,0.31852645910309196,-3.9455329651069853e-16,-1.46159407779503e-14,0.419354788498948,-0.7355500387049457,-0.22964704535514752,3.2311863027526952e-15,6.705820191643988,6.7058201916439915,6.705820191644135,6.705820191643987,0
4.9058089485511656e-15,0.3185347754764652,-3.9627261536093576e-16,-1.4649188414114095e-14,0.4200593167627599,-0.7397773645774248,-0.22731388322143226,3.2448555370847393e-15,6.705995273188688,6.705995273188692,6.705995273188836,6.705995273188687,0
4.9034770668473745e-15,0.31854302431326104,-3.9815237183499306e-16,-1.4684317119220952e-14,0.420749056161923,-0.7439996255924703,-0.22497553800046097,3.2571002474075084e-15,6.706168932910706,6.7061689329107095,6.706168932910853,6.706168932910705,0
4.900973237455291e-15,0.3185512063255367,-4.0021628136641847e-16,-1.4717414848460168e-14,0.4214240025456698,-0.7482167628028921,-0.2226320422631771,3.271370290372439e-15,6.70634118580072,6.706341185800723,6.706341185800867,6.706341185800719,0
4.898682860365915e-15,0.31855932222048017,-4.021289165259235e-16,-1.4750888142874487e-14,0.42208415164375557,-0.7524287175119807,-0.2202834282490803,3.2854935379899747e-15,6.706512046746899,6.706512046746902,6.706512046747046,6.706512046746898,0
4.8963958714083285e-15,0.3185673727005287,-4.0405967841260543e-16,-1.4784471536656237e-14,0.42272949906766755,-0.7566354312681662,-0.21792972787259624,3.2990799131951454e-15,6.706681530537395,6.706681530537399,6.7066815305375425,6.706681530537394,0
4.894158010361683e-15,0.31857535846348367,-4.059611294380024e-16,-1.4817159002985262e-14,0.42336004031185914,-0.7608368458597521,-0.2155709727293962,3.313361334776285e-15,6.706849651862762,6.706849651862766,6.7068496518629095,6.706849651862761,0
4.892100567332802e-15,0.31858328020262233,-4.0770959871364746e-16,-1.48505413739399e-14,0.4239757707550165,-0.7650329033097067,-0.21320719410268973,3.327286976919601e-15,6.707016425318313,6.707016425318317,6.707016425318461,6.707016425318312,0
4.889852541890789e-15,0.31859113860680704,-4.096142481910785e-16,-1.488411196731107e-14,0.42457668566135637,-0.7692235458705566,-0.21083842296945182,3.340456617686391e-15,6.707181865406413,6.707181865406416,6.70718186540656,6.707181865406412,0
4.887695148974132e-15,0.31859893436059095,-4.1138030828227385e-16,-1.491779483306375e-14,0.4251627801819522,-0.7734087160193351,-0.2084646900066235,3.3542106346246837e-15,6.707345986538706,6.7073459865387095,6.707345986538853,6.707345986538705,0
4.88548693408064e-15,0.3186066681443213,-4.1316786390638463e-16,-1.4951328097775753e-14,0.4257340493560925,-0.7775883564526187,-0.2060860255972572,3.368027456041529e-15,6.707508803038293,6.707508803038297,6.707508803038441,6.7075088030382926,0
4.883320223801564e-15,0.3186143406342399,-4.149032200157389e-16,-1.4984754559466637e-14,0.42629048811266773,-0.7817624100816303,-0.20370245983662819,3.3820451459609946e-15,6.707670329141842,6.707670329141846,6.7076703291419895,6.707670329141841,0
4.881147584291857e-15,0.31862195250258046,-4.1663973581668097e-16,-1.501784047702242e-14,0.42683209127159544,-0.7859308200274223,-0.2013140225383012,3.3960231941297753e-15,6.7078305790016435,6.707830579001647,6.707830579001791,6.707830579001643,0
4.879035084121404e-15,0.31862950441766424,-4.1836173771958647e-16,-1.5052080280319663e-14,0.4273588535452704,-0.790093529616128,-0.19892074324016015,3.4092512254156107e-15,6.707989566687618,6.707989566687622,6.707989566687766,6.707989566687617,0
4.87703439229999e-15,0.3186369970439924,-4.2006117495825684e-16,-1.5085814541776497e-14,0.427870769540045,-0.7942504823742825,-0.19652265121039691,3.422883935673396e-15,6.708147306189264,6.708147306189267,6.708147306189411,6.708147306189263,0
4.874927821360168e-15,0.31864443104233625,-4.2187399201651757e-16,-1.5119410521237516e-14,0.4283678337577538,-0.7984016220242393,-0.19411977545345144,3.436328347658069e-15,6.708303811417556,6.708303811417559,6.708303811417704,6.708303811417554,0
4.8728534376723425e-15,0.31865180706982515,-4.235740284402985e-16,-1.5153075059659612e-14,0.42885004059725823,-0.802546892479623,-0.1917121447159357,3.449812562267845e-15,6.708459096206796,6.7084590962067985,6.708459096206943,6.708459096206794,0
4.870727384974734e-15,0.3186591257800319,-4.253463572640224e-16,-1.518531631122302e-14,0.429317384356032,-0.8066862378408889,-0.18929978749249549,3.4641527102412696e-15,6.708613174316413,6.708613174316414,6.708613174316559,6.70861317431641,0
4.868628437331438e-15,0.31866638782305623,-4.270914490873216e-16,-1.521916659294375e-14,0.42976985923177163,-0.8108196023909192,-0.18688273203165923,3.4773287989217915e-15,6.708766059432714,6.708766059432715,6.70876605943286,6.708766059432711,0
4.8665150901280386e-15,0.3186735938456057,-4.2891306186139885e-16,-1.5252631389484886e-14,0.4302074593240532,-0.8149469305907311,-0.18446100634162607,3.4907041080492954e-15,6.708917765170596,6.708917765170598,6.708917765170742,6.708917765170593,0
4.864587243140088e-15,0.3186807444910747,-4.3045374441921264e-16,-1.5286507884732217e-14,0.4306301786360098,-0.8190681670752132,-0.18203463819604285,3.5043463628371407e-15,6.709068305075207,6.709068305075209,6.709068305075354,6.7090683050752045,0
4.862560293297308e-15,0.3186878403996217,-4.32166654723202e-16,-1.532023502250327e-14,0.43103801107605094,-0.8231832566489626,-0.17960365513972879,3.5178828286082673e-15,6.709217692623565,6.709217692623567,6.709217692623712,6.709217692623563,0
4.860640069605883e-15,0.3186948822082438,-4.3374897588403814e-16,-1.5354091397369582e-14,0.43143095045960866,-0.8272921442821676,-0.1771680844943793,3.5315011400503673e-15,6.709365941226135,6.709365941226137,6.709365941226282,6.709365941226133,0
4.85872831624393e-15,0.3187018705508498,-4.353057359408908e-16,-1.5387509093055388e-14,0.4318089905109291,-0.8313947751065904,-0.17472795336421934,3.5447586506170094e-15,6.709513064228367,6.709513064228369,6.7095130642285135,6.709513064228364,0
4.8566818846433634e-15,0.31870880605833135,-4.369703392535475e-16,-1.542084894267654e-14,0.4321721248648828,-0.8354910944115719,-0.17228328864165085,3.558086073596055e-15,6.70965907491219,6.709659074912191,6.709659074912336,6.709659074912187,0
4.854512633265445e-15,0.3187156893586321,-4.387893703093155e-16,-1.545379474394976e-14,0.4325203470688306,-0.839581047640155,-0.1698341170128421,3.571951958258756e-15,6.709803986497469,6.70980398649747,6.709803986497615,6.709803986497466,0
4.852546669794868e-15,0.318722521076815,-4.403875911035015e-16,-1.5487633775704273e-14,0.4328536505844995,-0.8436645803852393,-0.1673804649632972,3.5857521775581686e-15,6.709947812143424,6.709947812143426,6.709947812143571,6.7099478121434215,0
4.850490920831882e-15,0.318729301835128,-4.419661673394823e-16,-1.5521007477221258e-14,0.4331720287899136,-0.8477416383858174,-0.16492235878339767,3.599055840959496e-15,6.710090564950014,6.710090564950016,6.7100905649501605,6.710090564950011,0
4.848665564830549e-15,0.31873603225306796,-4.4345098103337713e-16,-1.5554375561566295e-14,0.43347547498135136,-0.851812167523269,-0.16245982457391483,3.612338741997329e-15,6.710232257959277,6.710232257959278,6.710232257959423,6.710232257959274,0
4.8465767815826196e-15,0.3187427129474428,-4.450974078820707e-16,-1.558766897176314e-14,0.4337639823753364,-0.8558761138177318,-0.15999288825148225,3.625706504870403e-15,6.710372904156642,6.710372904156643,6.710372904156788,6.710372904156639,0
4.844555760970471e-15,0.31874934453243203,-4.4672884010464415e-16,-1.5621089380746755e-14,0.4340375441106703,-0.8599334234245345,-0.15752157555404747,3.6392120741144546e-15,6.710512516472205,6.710512516472207,6.710512516472352,6.710512516472202,0
4.842700758815984e-15,0.31875592761964583,-4.482813230993968e-16,-1.5654464367999156e-14,0.4342961532504921,-0.8639840426306845,-0.15504591204629742,3.652548559458673e-15,6.710651107781969,6.71065110778197,6.710651107782115,6.710651107781966,0
4.840689902599202e-15,0.3187624628181822,-4.499750812020426e-16,-1.5687801318803382e-14,0.43453980278438475,-0.8680279178514343,-0.15256592312505401,3.666040152656938e-15,6.710788690909051,6.710788690909053,6.710788690909197,6.710788690909048,0
4.838701916271996e-15,0.3187689507346831,-4.515784487983488e-16,-1.5721136732854127e-14,0.43476848563050763,-0.8720649956269063,-0.1500816340246362,3.679441729085713e-15,6.710925278624859,6.7109252786248605,6.710925278625005,6.710925278624856,0
4.83690535939087e-15,0.31877539197338844,-4.530439887820805e-16,-1.5754691749949713e-14,0.4349821946377654,-0.8760952226187744,-0.14759306982220877,3.692477791751986e-15,6.711060883650235,6.711060883650236,6.711060883650381,6.711060883650232,0
4.835084238554273e-15,0.3187817871361892,-4.54541103421702e-16,-1.5788127986747668e-14,0.4351809225880225,-0.8801185456070262,-0.14510025544309024,3.705754849173051e-15,6.711195518656567,6.711195518656568,6.711195518656713,6.711195518656564,0
4.8331597796981115e-15,0.3187881368226788,-4.560126150845917e-16,-1.58214334906492e-14,0.43536466219834213,-0.8841349114867652,-0.14260321566605155,3.719055826439919e-15,6.711329196266875,6.711329196266877,6.711329196267021,6.711329196266872,0
4.831396257101928e-15,0.3187944416302031,-4.574873204897175e-16,-1.5854937127775674e-14,0.43553340612326574,-0.8881442672650939,-0.14010197512857336,3.7325020027682094e-15,6.71146192905686,6.711461929056862,6.711461929057006,6.711461929056857,0
4.82955396044165e-15,0.3188007021539089,-4.589774975592393e-16,-1.5888051802364837e-14,0.4356871469571345,-0.8921465600580519,-0.1375965583320936,3.745615574369517e-15,6.711593729555929,6.711593729555931,6.711593729556076,6.7115937295559265,0
4.827731992572106e-15,0.31880691898679137,-4.604407921153796e-16,-1.5921321254547465e-14,0.4358258772364309,-0.8961417370876017,-0.13508698964722515,3.7588361266868284e-15,6.711724610248192,6.711724610248194,6.711724610248338,6.711724610248189,0
4.826026915249283e-15,0.31881309271974,-4.618674601401136e-16,-1.5955056676299544e-14,0.4359495894421872,-0.9001297456787277,-0.13257329331893364,3.771796777347118e-15,6.711854583573426,6.711854583573428,6.711854583573572,6.711854583573423,0
4.824237981664682e-15,0.31881922394158313,-4.633684592341638e-16,-1.5986380239444476e-14,0.4360582760023935,-0.9041105332565094,-0.13005549347173587,3.78664791782525e-15,6.711983661928018,6.71198366192802,6.711983661928165,6.7119836619280155,0
4.82239060280672e-15,0.3188253132391314,-4.648972001201241e-16,-1.602018931148864e-14,0.43615192929446783,-0.9080840473433415,-0.12753361411482111,3.7992166240067145e-15,6.712111857665876,6.712111857665878,6.712111857666023,6.712111857665874,0
4.8207227949335766e-15,0.3188313611972198,-4.662664858997893e-16,-1.605369762767212e-14,0.4362305416477562,-0.9120502355561545,-0.12500767914719643,3.812619229394461e-15,6.712239183099316,6.712239183099318,6.712239183099463,6.712239183099314,0
4.818952496073815e-15,0.3188373683987486,-4.677342340642438e-16,-1.6086722866306215e-14,0.4362941053460655,-0.9160090456037283,-0.12247771236277939,3.826016580413086e-15,6.712365650499923,6.712365650499925,6.71236565050007,6.712365650499921,0
4.817147468863216e-15,0.3188433354247231,-4.692551260265316e-16,-1.611982283502481e-14,0.4363426126302383,-0.9199604252840448,-0.11994373745549029,3.839211635527675e-15,6.712491272099387,6.712491272099388,6.712491272099533,6.712491272099384,0
4.815597398569741e-15,0.3188492628542919,-4.704928869803327e-16,-1.615296355586669e-14,0.4363760557007629,-0.9239043224817115,-0.117405778024311,3.852878546489459e-15,6.712616060090308,6.71261606009031,6.712616060090455,6.712616060090306,0
4.813916885202388e-15,0.3188551512647843,-4.718985575457852e-16,-1.6186542755790432e-14,0.43639442672042117,-0.9278406851654462,-0.11486385757832437,3.866062207800439e-15,6.712740026626991,6.712740026626992,6.712740026627137,6.712740026626988,0
4.8124455889730076e-15,0.31886100123174665,-4.731172287894057e-16,-1.6221159813017904e-14,0.43639771781697334,-0.9317694613856115,-0.11231799954173895,3.878145844388078e-15,6.712863183826198,6.712863183826199,6.712863183826344,6.712863183826195,0
4.810629973850568e-15,0.3188668133289771,-4.745783423089993e-16,-1.6255654439476166e-14,0.43638592108587576,-0.9356905992717993,-0.10976822725889704,3.889959348697891e-15,6.712985543767892,6.712985543767893,6.7129855437680375,6.712985543767888,0
4.809088797403039e-15,0.31887258812855973,-4.758973442711685e-16,-1.6289089017006174e-14,0.4363590285930407,-0.9396040470304964,-0.10721456399925038,3.9032307728551605e-15,6.713107118495947,6.713107118495948,6.713107118496093,6.713107118495944,0
4.807432424474683e-15,0.3188783262008973,-4.772715888994773e-16,-1.6323381990166313e-14,0.4363170323776347,-0.9435097529427879,-0.10465703296232982,3.915085759682934e-15,6.713227920018843,6.713227920018844,6.713227920018989,6.71322792001884,0
4.805878119016471e-15,0.318884028114743,-4.785147267548555e-16,-1.635595180466001e-14,0.43625992445490824,-0.9474076653621312,-0.10209565728268594,3.929042428332175e-15,6.713347960310331,6.713347960310332,6.713347960310477,6.713347960310328,0
4.804158642133545e-15,0.31888969443723114,-4.798749350671969e-16,-1.6390279054980895e-14,0.43618769681906694,-0.9512977327121669,-0.09953046003482603,3.94105156775366e-15,6.713467251310082,6.713467251310083,6.713467251310227,6.713467251310078,0
4.802550126566709e-15,0.31889532573390694,-4.811980519425288e-16,-1.6423428005644375e-14,0.43610034144617976,-0.9551799034846158,-0.09696146423811172,3.954313147417369e-15,6.713585804924309,6.71358580492431,6.713585804924454,6.713585804924305,0
4.801054266381858e-15,0.31890092256875496,-4.824158877786114e-16,-1.6456725911017527e-14,0.4359978502971242,-0.9590541262372052,-0.09438869286165945,3.967480342106463e-15,6.713703633026372,6.713703633026372,6.713703633026518,6.713703633026368,0
4.799455068177442e-15,0.3189064855042268,-4.837385033085068e-16,-1.6487577021088292e-14,0.4358802153205633,-0.9629203495916542,-0.09181216882921751,3.982953454280419e-15,6.713820747457358,6.713820747457358,6.713820747457504,6.713820747457354,0
4.797915162279334e-15,0.3189120151012677,-4.850159714782618e-16,-1.6521894116809245e-14,0.4357474284559755,-0.9667785222317445,-0.08923191502401175,3.994678471912836e-15,6.713937160026641,6.713937160026641,6.713937160026787,6.713937160026637,0
4.796465465390108e-15,0.31891751191934226,-4.862220311497326e-16,-1.6555615510498787e-14,0.43559948163669515,-0.970628592901393,-0.0866479542936005,4.007139215784585e-15,6.714052882512421,6.714052882512421,6.714052882512567,6.714052882512417,0
4.794851020592641e-15,0.3189229765164589,-4.875298972903059e-16,-1.6587144849964498e-14,0.4354363667930214,-0.9744705104028359,-0.08406030945468781,4.021663631681424e-15,6.714167926662245,6.714167926662245,6.714167926662391,6.714167926662241,0
4.793333984584109e-15,0.3189284094491937,-4.887544913338585e-16,-1.662257200200535e-14,0.4352580758553429,-0.978304223594827,-0.08146900329793952,4.032572904994691e-15,6.714282304193505,6.714282304193505,6.714282304193651,6.7142823041935005,0
4.7919008048373545e-15,0.31893381127271314,-4.899127506498656e-16,-1.6655436378119548e-14,0.43506460075730913,-0.9821296813909177,-0.0788740585927648,4.046195865028257e-15,6.714396026793914,6.714396026793914,6.714396026794059,6.714396026793909,0
4.790484142233072e-15,0.3189391825407958,-4.910660819285952e-16,-1.6687409081281358e-14,0.434855933439031,-0.9859468327577654,-0.07627549809210092,4.060461963330713e-15,6.7145091061219695,6.7145091061219695,6.714509106122115,6.714509106121965,0
4.7892063930321386e-15,0.31894452380585336,-4.920814981752129e-16,-1.672029837724862e-14,0.4346320658503267,-0.9897556267135145,-0.073673344537171,4.074052610497899e-15,6.714621553807392,6.714621553807392,6.714621553807538,6.714621553807388,0
4.7876673341669775e-15,0.31894983561895063,-4.933130556996943e-16,-1.6755636017191973e-14,0.43439298995400455,-0.9935560123262327,-0.07106762066222386,4.084917247259899e-15,6.714733381451545,6.714733381451545,6.7147333814516905,6.71473338145154,0
4.786087194203875e-15,0.3189551185298244,-4.945951582339618e-16,-1.6789555504497525e-14,0.43413869772917335,-0.997347938712384,-0.06845834919926799,4.097032426772272e-15,6.714844600627835,6.714844600627835,6.7148446006279805,6.71484460062783,0
4.784603615996759e-15,0.31896037308690184,-4.957829606460905e-16,-1.682165960686727e-14,0.4338691811746046,-1.0011313550353798,-0.06584555288277831,4.110809920507091e-15,6.714955222882097,6.714955222882097,6.714955222882242,6.714955222882092,0
4.7831454487780604e-15,0.3189655998373177,-4.97028925654506e-16,-1.6853292035109983e-14,0.4335844323121189,-1.004906210504153,-0.06322925445440535,4.124994674808966e-15,6.715065259732956,6.715065259732956,6.715065259733102,6.715065259732952,0
4.781633918483685e-15,0.3189707993269308,-4.981886313161623e-16,-1.6886614220147465e-14,0.43328444319001475,-1.0086724543718162,-0.060609476667645955,4.137456958685492e-15,6.715174722672179,6.715174722672179,6.715174722672325,6.715174722672175,0
4.780119000057521e-15,0.31897597210033957,-4.994255525823137e-16,-1.6919456995316677e-14,0.43296920588653365,-1.0124300359343468,-0.05798624229252101,4.150532078584006e-15,6.7152836231649955,6.715283623164995,6.715283623165141,6.71528362316499,0
4.778751888880652e-15,0.3189811187008968,-5.005173406436856e-16,-1.695214963645697e-14,0.43263871251335856,-1.0161789045293388,-0.055359574120225075,4.163764459950348e-15,6.715391972650411,6.715391972650409,6.715391972650556,6.715391972650405,0
4.777419082538148e-15,0.31898623967072354,-5.015321782257343e-16,-1.698323956770823e-14,0.4322929552191614,-1.0199190095348132,-0.05272949496776379,4.17878624924045e-15,6.7154997825415,6.715499782541499,6.715499782541645,6.715499782541494,0
4.776177332237473e-15,0.31899133555072207,-5.026453983195494e-16,-1.700955432522786e-14,0.4319319261931694,-1.0236503003680624,-0.05009602768257911,4.184981982091743e-15,6.71560706422568,6.715607064225678,6.715607064225825,6.715607064225674,0
4.774832667433707e-15,0.3189964068805883,-5.037244371625968e-16,-1.7043503481599115e-14,0.4315556176687799,-1.027372726484556,-0.04745919514716212,4.196925027613356e-15,6.71571382906497,6.715713829064967,6.715713829065114,6.7157138290649625,0
4.773565082628141e-15,0.319001454198823,-5.047464227524658e-16,-1.707458265059248e-14,0.43116402192720527,-1.0310862373769019,-0.04481902028364332,4.211542397283895e-15,6.715820088396227,6.7158200883962245,6.715820088396372,6.71582008839622,0
4.772402529908034e-15,0.31900647804274257,-5.056897527323152e-16,-1.7105727677163185e-14,0.43075713130116267,-1.0347907825738627,-0.04217552605837063,4.2265658408394525e-15,6.715925853531376,6.715925853531373,6.7159258535315205,6.715925853531369,0
4.771039230379428e-15,0.31901147894848875,-5.067390771412516e-16,-1.714061872333419e-14,0.4303349381785904,-1.038486311639402,-0.03952873548648636,4.237561155023069e-15,6.716031135757611,6.716031135757608,6.716031135757755,6.7160311357576035,0
4.769781809969229e-15,0.3190164574510377,-5.077114352562531e-16,-1.7174139667678485e-14,0.429897435006401,-1.0421727741718134,-0.03687867163646239,4.24971700089712e-15,6.716135946337588,6.716135946337586,6.716135946337733,6.716135946337581,0
4.768678126038957e-15,0.3190214140842082,-5.0860597691234145e-16,-1.7207592432294187e-14,0.4294446142942769,-1.0458501198028707,-0.03422535763465098,4.262202721956532e-15,6.716240296509599,6.716240296509596,6.716240296509744,6.716240296509592,0
4.7675973119982605e-15,0.3190263493806692,-5.094146519427397e-16,-1.7242062696253137e-14,0.428976468618498,-1.0495182981970552,-0.031568816669798855,4.273868631883193e-15,6.716344197487726,6.716344197487723,6.716344197487871,6.716344197487719,0
4.766323797962064e-15,0.3190312638719465,-5.1044662467961485e-16,-1.727557988183396e-14,0.42849299062580093,-1.053177259050816,-0.028909071997555748,4.28616505099515e-15,6.716447660461985,6.7164476604619825,6.71644766046213,6.716447660461978,0
4.765141339967697e-15,0.3190361580884287,-5.114393132793547e-16,-1.7309620255834123e-14,0.42799417303728077,-1.0568269520918911,-0.02624614694496739,4.297803588068114e-15,6.716550696598453,6.716550696598451,6.716550696598598,6.716550696598446,0
4.763619221761481e-15,0.31904103255937244,-5.126476716416582e-16,-1.734296408839432e-14,0.42748000865232083,-1.060467327078675,-0.023580064914952722,4.3096801012895906e-15,6.716653317039373,6.716653317039371,6.716653317039518,6.716653317039366,0
4.762361377834808e-15,0.31904588781290666,-5.136210773250406e-16,-1.7376241134097603e-14,0.426950490352564,-1.0640983337996381,-0.020910849390769152,4.3225683037322144e-15,6.716755532903252,6.71675553290325,6.716755532903397,6.716755532903245,0
4.761141226874288e-15,0.3190507243760367,-5.146322710921861e-16,-1.7408849969654667e-14,0.4264056111059097,-1.067719922072795,-0.01823852394045683,4.334810050356957e-15,6.716857355284937,6.716857355284934,6.716857355285081,6.7168573552849296,0
4.759993920747232e-15,0.3190555427746469,-5.155376781261061e-16,-1.7441135713404145e-14,0.4258453639705561,-1.0713320417452266,-0.015563112221275002,4.348105730482294e-15,6.716958795255678,6.7169587952556755,6.716958795255823,6.716958795255671,0
4.758864825828542e-15,0.31906034353350327,-5.164558801475344e-16,-1.7474589524694414e-14,0.42526974209906904,-1.0749346426926543,-0.0128846379841153,4.360077838791134e-15,6.717059863863181,6.717059863863177,6.717059863863326,6.717059863863173,0
4.757790788051424e-15,0.3190651271762547,-5.173059828904509e-16,-1.750586832786789e-14,0.42467873874248524,-1.078527674819056,-0.010203125077907476,4.374699054557767e-15,6.717160572131632,6.717160572131628,6.717160572131776,6.717160572131624,0
4.7565973186287425e-15,0.319069894225434,-5.182353673004932e-16,-1.7539580424657558e-14,0.4240723472544537,-1.08211108805634,-0.007518597454005201,4.386587143291824e-15,6.717260931061722,6.717260931061719,6.717260931061867,6.717260931061714,0
4.755447047886371e-15,0.31907464520245815,-5.191351876954792e-16,-1.756701469008768e-14,0.42345056109540447,-1.085684832364067,-0.004831079170554474,4.394032611194491e-15,6.717360951630652,6.717360951630648,6.717360951630797,6.717360951630644,0
4.754486089007711e-15,0.31907938062762753,-5.19829258505214e-16,-1.759956346513922e-14,0.42281337383675455,-1.0892488577292185,-0.0021405943968529177,4.406989113477778e-15,6.717460644792113,6.7174606447921095,6.717460644792258,6.717460644792105,0
4.753399345736384e-15,0.31908410102012497,-5.206919648946312e-16,-1.76329060951301e-14,0.4221607791651487,-1.0928031141660248,0.0005528325823165431,4.418934523205195e-15,6.717560021476269,6.717560021476266,6.717560021476414,6.717560021476261,0
4.752377824001995e-15,0.3190888068980136,-5.214560660692798e-16,-1.766672807773164e-14,0.421492770886725,-1.0963475517158319,0.0032491773623610867,4.430763766893722e-15,6.717659092589715,6.717659092589711,6.71765909258986,6.717659092589707,0
4.751315221169665e-15,0.31909349877823456,-5.223066359339104e-16,-1.769747133914664e-14,0.42080934293141564,-1.0998821204470142,0.005948415414567412,4.4453275789771665e-15,6.717757869015419,6.717757869015416,6.717757869015564,6.717757869015411,0
4.7503182633907464e-15,0.3190981771766036,-5.230577484693722e-16,-1.773047486295553e-14,0.4201104893572907,-1.1034067704549677,0.008650522081824166,4.457865704176346e-15,6.717856361612662,6.717856361612658,6.717856361612807,6.717856361612654,0
4.749209920779264e-15,0.3191028426078072,-5.23966051878878e-16,-1.7763474028414755e-14,0.4193962043549114,-1.1069214518621036,0.011355472574337708,4.470064024232483e-15,6.717954581216948,6.7179545812169446,6.717954581217093,6.71795458121694,0
4.748193904759033e-15,0.31910749558539814,-5.247545644420643e-16,-1.7794408994700777e-14,0.41866648225173697,-1.1104261148179428,0.014063241965389899,4.4848592520358325e-15,6.718052538639915,6.7180525386399115,6.71805253864006,6.718052538639907,0
4.7471478190691736e-15,0.3191121366217903,-5.256117481006053e-16,-1.782811690081097e-14,0.4179213175165429,-1.1139207094992067,0.016773805187085537,4.496593976312455e-15,6.718150244669223,6.71815024466922,6.718150244669368,6.718150244669215,0
4.745960278877123e-15,0.3191167662282528,-5.2655496471778e-16,-1.7862267320514152e-14,0.4171607047638867,-1.1174051861100183,0.019487137026154098,4.5072320656514186e-15,6.718247710068434,6.718247710068431,6.718247710068579,6.718247710068426,0
4.744973061977098e-15,0.31912138491490366,-5.273144325082365e-16,-1.7892613368255827e-14,0.4163846387585882,-1.1208794948820926,0.02220321211973395,4.521328314587192e-15,6.718344945576874,6.71834494557687,6.718344945577019,6.718344945576866,0
4.7441501694688406e-15,0.3191259931907028,-5.279070887669406e-16,-1.7922988644567586e-14,0.4155931144202542,-1.124343586075018,0.024922004951195377,4.5359995941189974e-15,6.718441961909487,6.718441961909483,6.718441961909631,6.718441961909479,0
4.743013874770099e-15,0.3191305915634441,-5.287979513967871e-16,-1.7956411349010618e-14,0.4147861268278172,-1.1277974099765673,0.027643489845981035,4.547415082477224e-15,6.718538769756672,6.718538769756669,6.718538769756817,6.718538769756664,0
4.741989388420395e-15,0.3191351805397475,-5.295935726126094e-16,-1.7990631133551953e-14,0.4139636712241152,-1.1312409169030606,0.03036764096745674,4.561834718462658e-15,6.7186353797841125,6.718635379784109,6.718635379784257,6.7186353797841045,0
4.741210965141868e-15,0.31913976062504995,-5.301859527834665e-16,-1.8023687021906507e-14,0.4131257430204931,-1.1346740571997875,0.03309443231279713,4.574183630824586e-15,6.718731802632585,6.718731802632582,6.71873180263273,6.718731802632577,0
4.740370284941718e-15,0.319144332323596,-5.308266571609434e-16,-1.8055993542309443e-14,0.4122723378014307,-1.1380967812414602,0.03582383770887693,4.587170179575046e-15,6.718828048917765,6.718828048917762,6.71882804891791,6.718828048917757,0
4.739423302106688e-15,0.3191488961384278,-5.315364359386831e-16,-1.8088766376044456e-14,0.4114034513292087,-1.1415090394327352,0.038555830808190784,4.599461302443812e-15,6.718924129230013,6.718924129230009,6.718924129230158,6.718924129230005,0
4.738371710702672e-15,0.31915345257137434,-5.323699208344551e-16,-1.8121262839141012e-14,0.41051907954858186,-1.1449107822087599,0.04129038508478886,4.612213998384375e-15,6.71902005413415,6.7190200541341465,6.719020054134295,6.719020054134142,0
4.737398046329803e-15,0.3191580021230405,-5.33052247746712e-16,-1.8153791043821592e-14,0.40961921859149925,-1.1483019600357953,0.0440274738302434,4.6250174385487295e-15,6.719115834169228,6.719115834169224,6.719115834169373,6.71911583416922,0
4.736443016681774e-15,0.31916254529279536,-5.338163480017695e-16,-1.818614460189029e-14,0.40870386478183307,-1.151682523411869,0.04676707014963158,4.6375345718580706e-15,6.719211479848278,6.719211479848274,6.719211479848423,6.71921147984827,0
4.7357060980176625e-15,0.31916708257875964,-5.34369992776535e-16,-1.8217512111319173e-14,0.4077730146401501,-1.1550524228674772,0.04950914695753084,4.651536307343499e-15,6.719307001658052,6.719307001658048,6.719307001658197,6.719307001658044,0
4.7348916758388775e-15,0.31917161447779313,-5.349795705803509e-16,-1.8249674858606546e-14,0.40682666488848507,-1.1584116089663452,0.052253676974061206,4.663712191427422e-15,6.719402410058757,6.719402410058753,6.719402410058902,6.719402410058749,0
4.73396840992637e-15,0.3191761414854813,-5.356560908378692e-16,-1.8281959093374704e-14,0.4058648124551624,-1.1617600323062311,0.05500063272092841,4.676194034339008e-15,6.719497715483771,6.719497715483767,6.719497715483916,6.719497715483763,0
4.732994322037028e-15,0.3191806640961214,-5.364385152089129e-16,-1.8314181430396402e-14,0.4048874544796229,-1.165097643519773,0.05774998651750221,4.6887959456245845e-15,6.7195929283393525,6.719592928339348,6.719592928339497,6.7195929283393445,0
4.732032092608947e-15,0.3191851828027081,-5.371777637829295e-16,-1.834627935560919e-14,0.4038945883172797,-1.168424393275387,0.06050171047691549,4.7012439965722305e-15,6.719688059004335,6.719688059004331,6.71968805900448,6.719688059004327,0
4.7310999328504936e-15,0.31918969809691855,-5.378704460403533e-16,-1.8378350022944105e-14,0.4028862115444014,-1.1717402322782295,0.06325577650219764,4.713570949931288e-15,6.719783117829819,6.719783117829815,6.719783117829964,6.719783117829811,0
4.73017709045446e-15,0.31919421046909713,-5.385648403970721e-16,-1.841088641289231e-14,0.4018623219630069,-1.1750451112711762,0.0660121562824169,4.726419517482988e-15,6.719878115138842,6.719878115138838,6.719878115138987,6.719878115138834,0
4.729314810914155e-15,0.31919872040823943,-5.391957229556476e-16,-1.8442933885911503e-14,0.4008229176057851,-1.1783389810358735,0.06877082128886432,4.738610984878527e-15,6.719973061226049,6.719973061226044,6.719973061226193,6.719973061226041,0
4.7284864126917404e-15,0.319203228401976,-5.398727818991129e-16,-1.8475313019932128e-14,0.3997679967410438,-1.1816217923938388,0.07153174277125963,4.751163546069791e-15,6.720067966357345,6.72006796635734,6.720067966357489,6.720067966357337,0
4.727852832047194e-15,0.31920773493655547,-5.403160703831546e-16,-1.850655799674307e-14,0.3986975578776589,-1.184893496207589,0.07429489175398211,4.764583813413449e-15,6.720162840769544,6.7201628407695395,6.720162840769689,6.720162840769536,0
4.72700114041873e-15,0.31921224049682734,-5.409029384133919e-16,-1.853876451401399e-14,0.3976115997700586,-1.1881540433818323,0.07706023903233195,4.777022278546127e-15,6.720257694670004,6.72025769467,6.720257694670149,6.720257694669996,0
4.726059239781383e-15,0.31921674556622415,-5.416278789717464e-16,-1.8570851196859978e-14,0.39651012142322273,-1.191403384864716,0.07982775516882683,4.789430093038495e-15,6.720352538236254,6.720352538236249,6.720352538236399,6.720352538236245,0
4.725455305289991e-15,0.3192212506267435,-5.420250220647968e-16,-1.8603358620524374e-14,0.39539312209769206,-1.194641471649087,0.08259741048950725,4.801844596909454e-15,6.7204473816156085,6.720447381615603,6.720447381615753,6.7204473816156,0
4.724909816071959e-15,0.31922575615892923,-5.423544030139899e-16,-1.8635844313147175e-14,0.39426060131459706,-1.197868254773849,0.08536917508030889,4.8142111143002815e-15,6.720542234924782,6.7205422349247765,6.720542234924927,6.720542234924773,0
4.724149180485325e-15,0.31923026264185256,-5.428832581878313e-16,-1.866812743168696e-14,0.3931125588607116,-1.2010836853253266,0.0881430187834258,4.826770754944101e-15,6.720637108249483,6.720637108249478,6.720637108249628,6.720637108249474,0
4.723482989072309e-15,0.31923477055309263,-5.433507001532066e-16,-1.870022716775937e-14,0.39194899479350703,-1.2042877144386925,0.09091891119372993,4.839006425359934e-15,6.720732011644011,6.720732011644006,6.720732011644156,6.720732011644002,0
4.722621980081425e-15,0.3192392803687166,-5.439790723863667e-16,-1.8732068878112116e-14,0.39076990944623197,-1.2074802932994513,0.09369682165522125,4.851235276055298e-15,6.720826955130833,6.7208269551308275,6.720826955130978,6.720826955130824,0
4.721984164272143e-15,0.31924379256325974,-5.444202429864399e-16,-1.8764141967493758e-14,0.38957530343299557,-1.2106613731449531,0.09647671925750353,4.863377474862518e-15,6.720921948700162,6.720921948700156,6.7209219487003065,6.720921948700153,0
4.72132178450739e-15,0.3192483076097044,-5.449503414572898e-16,-1.879618743994124e-14,0.38836517765387124,-1.2138309052659597,0.09925857283229401,4.875561703376008e-15,6.721017002309523,6.721017002309518,6.721017002309668,6.721017002309514,0
4.720761895729255e-15,0.3192528259794594,-5.453635366816766e-16,-1.882842874991021e-14,0.3871395333000094,-1.2169888410082725,0.10204235094998028,4.887974142856716e-15,6.721112125883312,6.721112125883307,6.721112125883457,6.7211121258833035,0
4.7201228093705515e-15,0.31925734814233864,-5.458724312524514e-16,-1.8860597551094777e-14,0.38589837185875736,-1.2201351317743852,0.10482802191619826,4.9002775025012204e-15,6.721207329312349,6.721207329312343,6.721207329312493,6.72120732931234,0
4.719309234224714e-15,0.31926187456653937,-5.465045518931432e-16,-1.8891647024846013e-14,0.3846416951187959,-1.2232697290251975,0.1076155537684517,4.9132321229718e-15,6.721302622453417,6.721302622453412,6.721302622453562,6.7213026224534085,0
4.718638807646962e-15,0.3192664057186204,-5.470231514891599e-16,-1.8923784036873284e-14,0.3833695051752746,-1.2263925842817702,0.11040491427277344,4.925604602101548e-15,6.721398015128808,6.721398015128803,6.721398015128953,6.721398015128799,0
4.7177977039303384e-15,0.3192709420634797,-5.47664972913962e-16,-1.8955430308394794e-14,0.38208180443496764,-1.2295036491271343,0.11319607092041989,4.937796664130057e-15,6.721493517125847,6.721493517125841,6.7214935171259915,6.721493517125838,0
4.716986246366869e-15,0.31927548406433187,-5.482860191632628e-16,-1.8983893833921752e-14,0.380778595621422,-1.2326028752081344,0.11598899092460582,4.946594691659871e-15,6.721589138196419,6.721589138196413,6.721589138196563,6.72158913819641,0
4.7161277784748266e-15,0.3192800321826851,-5.489167811209298e-16,-1.9015577519842984e-14,0.3794598817801269,-1.2356902142373276,0.11878364121727539,4.9587412965048314e-15,6.721684888056486,6.721684888056481,6.721684888056631,6.721684888056477,0
4.715515797170435e-15,0.3192845868783181,-5.493251698150638e-16,-1.904668016550334e-14,0.37812566628367233,-1.2387656179949307,0.12157998844592599,4.971510252678985e-15,6.721780776385603,6.7217807763855975,6.721780776385748,6.721780776385594,0
4.7149465910298804e-15,0.3192891486092569,-5.496797415293404e-16,-1.9078592300251584e-14,0.3767759528369297,-1.241829038330807,0.12437799897045602,4.983629071516968e-15,6.7218768128264195,6.721876812826414,6.721876812826564,6.721876812826411,0
4.7143125868688606e-15,0.3192937178317507,-5.500995020548391e-16,-1.9110596085496136e-14,0.3754107454822169,-1.2448804271665015,0.1271776388600696,4.995982991200032e-15,6.721973006984183,6.721973006984178,6.721973006984328,6.721973006984174,0
4.713905587537705e-15,0.3192982950002483,-5.503333042853757e-16,-1.9142816769018686e-14,0.3740300486044756,-1.2479197364973227,0.1299788738902192,5.008191360089077e-15,6.722069368426238,6.722069368426233,6.722069368426383,6.722069368426229,0
4.713471906668711e-15,0.3193028805673739,-5.506843828516724e-16,-1.917636985641845e-14,0.3726338669364455,-1.2509469183944708,0.13278166953959172,5.0186461128904506e-15,6.722165906681513,6.722165906681508,6.722165906681658,6.7221659066815045,0
4.7129802040428296e-15,0.3193074749839025,-5.510142458715479e-16,-1.921254894389359e-14,0.37122220556384516,-1.2539619250072116,0.13558599098714091,5.0267110576366285e-15,6.72226263124001,6.722262631240005,6.722262631240155,6.722262631240001,0
4.712492736581685e-15,0.31931207869873557,-5.513567728219938e-16,-1.9243580206257804e-14,0.369795069930541,-1.256964708565092,0.13839180310916535,5.0395999363310246e-15,6.722359551552286,6.72235955155228,6.72235955155243,6.722359551552277,0
4.7120251743948e-15,0.31931669215887626,-5.51645469499759e-16,-1.927548510052361e-14,0.3683524658437207,-1.2599552213802088,0.1411990704764371,5.051743269161156e-15,6.722456677028932,6.7224566770289265,6.722456677029077,6.722456677028923,0
4.71158259967986e-15,0.3193213158094043,-5.519298851525054e-16,-1.930569887711473e-14,0.3668943994790592,-1.2629334158495185,0.14400775735137764,5.065475484699335e-15,6.722554017040049,6.722554017040044,6.722554017040194,6.72255401704004,0
4.71106887419735e-15,0.3193259500934512,-5.522968384632179e-16,-1.933750035228527e-14,0.36542087738588136,-1.2658992444571868,0.1468178276852771,5.077426215751036e-15,6.72265158091472,6.7226515809147145,6.722651580914865,6.722651580914711,0
4.7104234350915425e-15,0.3193305954521746,-5.52727692968634e-16,-1.937258086613816e-14,0.36393190649232393,-1.2688526597769931,0.14962924511557016,5.086097328053726e-15,6.722749377940476,6.72274937794047,6.72274937794062,6.722749377940467,0
4.7097974777435216e-15,0.31933525232473337,-5.53161460852622e-16,-1.9401356018321206e-14,0.36242749411047637,-1.271793614474774,0.15244197296316273,5.095132612884588e-15,6.722847417362765,6.722847417362759,6.722847417362909,6.722847417362756,0
4.709342621050846e-15,0.31933992114826165,-5.534405918520932e-16,-1.9433167707654904e-14,0.36090764794152697,-1.2747220613109074,0.15525597422980625,5.1070484027055195e-15,6.7229457083844135,6.722945708384408,6.722945708384558,6.722945708384405,0
4.70882931908481e-15,0.3193446023578438,-5.537446541169831e-16,-1.9466743113267493e-14,0.3593723760808939,-1.2776379531428548,0.15807121159553306,5.117506057168572e-15,6.723044260165089,6.723044260165084,6.723044260165234,6.72304426016508,0
4.708206749868578e-15,0.3193492963864882,-5.542134063302115e-16,-1.949660268609697e-14,0.35782168702334277,-1.280541242927725,0.1608876474161331,5.130680555283515e-15,6.723143081820761,6.723143081820756,6.723143081820906,6.723143081820752,0
4.707842525701259e-15,0.31935400366510186,-5.54429683263921e-16,-1.9528512466455643e-14,0.35625558966809845,-1.283431883724913,0.16370524372070663,5.142651936354631e-15,6.723242182423155,6.723242182423149,6.7232421824232995,6.723242182423146,0
4.707413503513474e-15,0.3193587246224646,-5.547153542164135e-16,-1.9560238569039004e-14,0.3546740933239351,-1.286309828698752,0.1665239622092534,5.154637721375681e-15,6.723341570999213,6.7233415709992075,6.723341570999358,6.723341570999204,0
4.707124241761987e-15,0.31936345968520313,-5.54892117060743e-16,-1.9590152684780033e-14,0.3530772077142608,-1.2891750311212293,0.16934376425032954,5.168264879910759e-15,6.72344125653055,6.723441256530545,6.723441256530695,6.723441256530541,0
4.706871825943705e-15,0.31936820927776516,-5.550069794759111e-16,-1.961920342501003e-14,0.3514649429821759,-1.2920274443747226,0.17216461087875284,5.182934260947402e-15,6.723541247952908,6.723541247952903,6.723541247953053,6.723541247952899,0
4.706301772770203e-15,0.3193729738223936,-5.553682593001422e-16,-1.9650660738003763e-14,0.34983730969552257,-1.2948670219548222,0.1749864627933943,5.194688820666326e-15,6.723641554155612,6.7236415541556065,6.723641554155757,6.723641554155603,0
4.7059400897017255e-15,0.31937775373910077,-5.556214727940008e-16,-1.9685285373533732e-14,0.34819431885191077,-1.2976937174731416,0.1778092803549929,5.204005113981777e-15,6.723742183981026,6.72374218398102,6.72374218398117,6.723742183981017,0
4.7056618393785524e-15,0.3193825494456425,-5.557420530544137e-16,-1.9721938791292514e-14,0.3465359818837277,-1.300507484660221,0.18063302358406724,5.211273663037042e-15,6.723843146224009,6.723843146224004,6.723843146224154,6.7238431462240005,0
4.70540349432964e-15,0.3193873613574923,-5.559057570728434e-16,-1.9754711039404304e-14,0.34486231066312056,-1.3033082773684228,0.18345765215885568,5.2221591217040175e-15,6.723944449631374,6.723944449631369,6.723944449631519,6.723944449631365,0
4.705060022469528e-15,0.3193921898878158,-5.561379938065102e-16,-1.9779336756642808e-14,0.3431733175069595,-1.3060960495749205,0.18628312541335756,5.240466211104277e-15,6.724046102901343,6.724046102901338,6.724046102901488,6.724046102901334,0
4.704765678520357e-15,0.31939703544744497,-5.562596142751195e-16,-1.981502187429288e-14,0.34146901518177897,-1.3088707553846923,0.18910940233541296,5.248474934685411e-15,6.724148114683009,6.724148114683004,6.724148114683154,6.724148114683,0
4.704504792372603e-15,0.31940189844485245,-5.563849657775915e-16,-1.9848645126773794e-14,0.3397494169086886,-1.311632349033574,0.1919364415648589,5.258413537750556e-15,6.7242504935757985,6.724250493575793,6.724250493575943,6.72425049357579,0
4.704199013478644e-15,0.3194067792861264,-5.565542803154542e-16,-1.988127477247198e-14,0.3380145363682599,-1.3143807848913405,0.19476420139174863,5.269260481858364e-15,6.724353248128934,6.724353248128929,6.724353248129079,6.724353248128925,0
4.703791167114541e-15,0.31941167837494483,-5.567552742412162e-16,-1.9917842496643898e-14,0.33626438770538025,-1.3171160174648417,0.19759263975464822,5.2761095234792156e-15,6.724456386840902,6.724456386840897,6.724456386841047,6.7244563868408935,0
4.703543833493943e-15,0.31941659611255074,-5.568303980523847e-16,-1.9950652867143043e-14,0.3344989855340837,-1.319838001401169,0.20042171423899313,5.28705259818302e-15,6.7245599181589215,6.724559918158916,6.724559918159066,6.724559918158913,0
4.703381626684544e-15,0.3194215328977268,-5.568529174460643e-16,-1.998122283446404e-14,0.33271834494234603,-1.3225466914908675,0.2032513820755211,5.2996222503529824e-15,6.724663850478418,6.724663850478413,6.724663850478563,6.724663850478409,0
4.7029775919687036e-15,0.31942648912677063,-5.570955747548797e-16,-2.0013713770940054e-14,0.33092248149684605,-1.3252420426711828,0.2060816001387761,5.3104427924550265e-15,6.724768192142498,6.724768192142493,6.724768192142643,6.7247681921424896,0
4.7030423899891685e-15,0.3194314651934701,-5.570158447337035e-16,-2.0042297841329103e-14,0.32911141124769255,-1.3279240100293521,0.2089123249456854,5.32520146365667e-15,6.724872951441435,6.72487295144143,6.72487295144158,6.7248729514414265,0
4.70282300845583e-15,0.31943646148907895,-5.571016141938579e-16,-2.0072902467401116e-14,0.32728515073311804,-1.3305925488059276,0.21174351265420935,5.3380514686806425e-15,6.724978136612148,6.724978136612143,6.724978136612293,6.7249781366121395,0
4.702578639450547e-15,0.3194414784022924,-5.572546269084687e-16,-2.0105370791815965e-14,0.32544371698413477,-1.333247614398156,0.21457511906207374,5.3487223024229305e-15,6.725083755837695,6.72508375583769,6.72508375583784,6.725083755837686,0
4.7022394027551714e-15,0.3194465163192234,-5.574778458120464e-16,-2.013348670707673e-14,0.323587127529147,-1.3358891623633713,0.217407099605569,5.3635600024932745e-15,6.725189817246768,6.725189817246763,6.725189817246913,6.7251898172467595,0
4.7019882574863105e-15,0.31945157562337856,-5.576137214632549e-16,-2.016822291903938e-14,0.3217154003985245,-1.3385171484224347,0.22023940935842906,5.372058341825243e-15,6.725296328913193,6.7252963289131875,6.725296328913338,6.725296328913184,0
4.701650291340356e-15,0.31945665669563506,-5.578202232828226e-16,-2.019802605489929e-14,0.3198285541291425,-1.3411315284632337,0.22307200303080058,5.382117375565778e-15,6.725403298855435,6.725403298855429,6.725403298855579,6.725403298855426,0
4.701219998603151e-15,0.3194617599142172,-5.580867620345973e-16,-2.02223522617042e-14,0.3179266077688643,-1.3437322585441858,0.22590483496827904,5.400193400254226e-15,6.725510735036112,6.7255107350361065,6.725510735036257,6.725510735036103,0
4.700796482129524e-15,0.3194668856546738,-5.583413386407017e-16,-2.025586452323541e-14,0.31600958088098563,-1.3463192948977885,0.22873785915102574,5.409705402376241e-15,6.725618645361513,6.725618645361508,6.725618645361658,6.7256186453615046,0
4.700612252463496e-15,0.3194720342898555,-5.584230150729586e-16,-2.028661186029027e-14,0.31407749354863185,-1.3488925939342247,0.23157102919298375,5.421919477540774e-15,6.725727037681128,6.725727037681122,6.725727037681272,6.725727037681119,0
4.700359836645214e-15,0.3194772061898926,-5.584901835345789e-16,-2.031670588695237e-14,0.31213036637910874,-1.3514521122449787,0.23440429834115675,5.434548921073434e-15,6.725835919787173,6.725835919787167,6.725835919787317,6.725835919787164,0
4.70029165049296e-15,0.3194824017221735,-5.584225639830059e-16,-2.0356311838381244e-14,0.31016822050819726,-1.3539978066065017,0.23723761947498595,5.4382342082615305e-15,6.725945299414139,6.725945299414134,6.725945299414284,6.72594529941413,0
4.70020991181355e-15,0.3194876212513229,-5.583967601243047e-16,-2.0386372864836003e-14,0.30819107760440434,-1.3565296339839095,0.24007094510580956,5.4508356414334116e-15,6.726055184238336,6.726055184238331,6.726055184238481,6.726055184238327,0
4.700103185662196e-15,0.31949286513918096,-5.584004883543508e-16,-2.042009893878626e-14,0.30619895987314966,-1.359047551534704,0.2429042273764027,5.460152668648554e-15,6.726165581877454,6.726165581877448,6.7261655818775985,6.726165581877445,0
4.69976733709861e-15,0.31949813374478275,-5.58545978986776e-16,-2.0450781712733173e-14,0.304191890060912,-1.361551516612556,0.24573741806062135,5.471244333619467e-15,6.7262764998901226,6.726276499890117,6.726276499890267,6.726276499890114,0
4.6996733164414645e-15,0.3195034274243379,-5.585168647597732e-16,-2.0482066163033036e-14,0.3021698914593048,-1.3640414867710853,0.24857046856311668,5.4826297690783065e-15,6.726387945775494,6.726387945775489,6.726387945775639,6.726387945775485,0
4.699693221715725e-15,0.31950874653121103,-5.583995401038836e-16,-2.0512338462677054e-14,0.30013298790910564,-1.3665174197677001,0.25140332991914865,5.495259589882297e-15,6.726499926972823,6.726499926972818,6.726499926972968,6.7264999269728145,0
4.699627576662313e-15,0.3195140914159023,-5.583409629841124e-16,-2.054627551265845e-14,0.29808120380421294,-1.3689792735674602,0.2542359527944979,5.504511129845419e-15,6.726612450861062,6.726612450861056,6.726612450861206,6.726612450861053,0
4.699432335567971e-15,0.3195194624260288,-5.583834838725878e-16,-2.0574840565814003e-14,0.29601456409555754,-1.3714270063469722,0.2570682874854571,5.518289642862359e-15,6.726725524758462,6.726725524758456,6.726725524758606,6.726725524758453,0
4.699204060188686e-15,0.319524859906306,-5.584695036118063e-16,-2.0603459419101876e-14,0.2939330942949356,-1.3738605764983138,0.259900283918923,5.532158558132073e-15,6.7268391559221925,6.726839155922187,6.726839155922337,6.726839155922184,0
4.699021948105026e-15,0.31953028419853025,-5.585295640834353e-16,-2.0630607241176817e-14,0.2918368204787896,-1.3762799426329926,0.2627318916525819,5.547245503312508e-15,6.726953351547966,6.7269533515479605,6.726953351548111,6.726953351547957,0
4.698720827892277e-15,0.31953573564156124,-5.586293085091776e-16,-2.066285810203058e-14,0.28972576929190974,-1.3786850635859251,0.2655630598751884,5.5574838929608386e-15,6.727068118769671,6.727068118769665,6.727068118769815,6.727068118769662,0
4.698569632511192e-15,0.31954121457130547,-5.58723843226384e-16,-2.069318228667656e-14,0.28759996795107956,-1.3810758984194669,0.26839373740695144,5.5681317347511685e-15,6.7271834646590225,6.727183464659017,6.727183464659167,6.727183464659014,0
4.698323145923541e-15,0.3195467213207,-5.588229067406251e-16,-2.07267251687516e-14,0.2854594442486481,-1.3834524064274414,0.271223872699996,5.576866888420841e-15,6.727299396225223,6.727299396225217,6.7272993962253675,6.727299396225214,0
4.698268935814917e-15,0.3195522562196969,-5.587215160642518e-16,-2.0764574155756368e-14,0.283304226556029,-1.3858145471392271,0.27405341383895,5.581918206336804e-15,6.727415920414631,6.727415920414626,6.727415920414776,6.727415920414622,0
4.6982774061443894e-15,0.3195578195952483,-5.585903457442608e-16,-2.0793080158897052e-14,0.28113434382712305,-1.3881622803238485,0.2768823085416139,5.595842129544126e-15,6.727533044110451,6.727533044110445,6.727533044110595,6.727533044110442,0
4.698182114937823e-15,0.31956341177129194,-5.585386611614864e-16,-2.082822211695414e-14,0.27894982560167847,-1.390495565994108,0.2797105041597328,5.603356913835926e-15,6.727650774132421,6.727650774132416,6.727650774132566,6.727650774132412,0
4.698122399115042e-15,0.31956903306873724,-5.585029339199463e-16,-2.085375052842838e-14,0.27675070200856333,-1.392814364410737,0.28253794767987583,5.619813203661885e-15,6.727769117236533,6.7277691172365275,6.727769117236678,6.727769117236524,0
4.697935628350172e-15,0.31957468380545245,-5.585466898018352e-16,-2.0888872410778296e-14,0.2745370037689662,-1.3951186360865726,0.2853645857244101,5.627244376234762e-15,6.727888080114748,6.7278880801147425,6.727888080114893,6.727888080114739,0
4.697746740002935e-15,0.31958036429625203,-5.586271528895491e-16,-2.092529841131907e-14,0.27230876219951355,-1.397408341790769,0.28819036455259206,5.6334449791479775e-15,6.728007669394739,6.728007669394733,6.728007669394883,6.72800766939473,0
4.697717517366254e-15,0.3195860748528847,-5.585749151523268e-16,-2.0951971809583164e-14,0.27006600921530916,-1.3996834425530176,0.2910152300617472,5.648683432249431e-15,6.7281278916396365,6.728127891639631,6.728127891639781,6.728127891639628,0
4.6975913094571135e-15,0.3195918157840224,-5.585784390656564e-16,-2.097725878947406e-14,0.26780877733289177,-1.401943899667798,0.29383912778856186,5.665340911469242e-15,6.728248753347799,6.728248753347794,6.728248753347944,6.72824875334779,0
4.6974947477011265e-15,0.31959758739524985,-5.585733492515413e-16,-2.100528631966763e-14,0.26553709967310585,-1.4041896746986537,0.2966620029104836,5.679330546363623e-15,6.7283702609525875,6.728370260952582,6.728370260952732,6.728370260952579,0
4.69738886858272e-15,0.31960338998905463,-5.585028929173102e-16,-2.1037654442125242e-14,0.26325100996388456,-1.4064207294824944,0.29948380024723326,5.689276146959078e-15,6.728492420822162,6.728492420822157,6.728492420822307,6.728492420822153,0
4.6972901892443646e-15,0.31960922386481827,-5.584932766261296e-16,-2.1065569623565905e-14,0.2609505425429556,-1.408637026133896,0.3023044642624028,5.703118954332775e-15,6.728615239259292,6.728615239259287,6.728615239259437,6.728615239259283,0
4.697188968807168e-15,0.3196150893188078,-5.584754657655426e-16,-2.1092050689502475e-14,0.25863573236044163,-1.4108385270494532,0.305123939065193,5.718490787343452e-15,6.728738722501177,6.728738722501172,6.728738722501322,6.728738722501168,0
4.697359222429566e-15,0.31962098664416816,-5.582072075568942e-16,-2.112314602231597e-14,0.2563066149813885,-1.4130251949121209,0.3079421684122295,5.729643131354518e-15,6.7288628767192895,6.728862876719284,6.728862876719434,6.728862876719281,0
4.697313482650414e-15,0.3196269161309154,-5.58179354627638e-16,-2.1146474612899394e-14,0.2539632265881827,-1.4151969926956023,0.3107590957095194,5.747923826249604e-15,6.728987708019231,6.7289877080192255,6.728987708019376,6.728987708019222,0
4.697377857154405e-15,0.3196328780659304,-5.580327649372938e-16,-2.1177375140803035e-14,0.25160560398289955,-1.4173538836687338,0.31357466401448897,5.75908679511964e-15,6.729113222440599,6.729113222440594,6.729113222440744,6.72911322244059,0
4.697417667702926e-15,0.31963887273295377,-5.578809389108578e-16,-2.1206575889943345e-14,0.24923378458951967,-1.419495831399892,0.31638881603815916,5.771500518354648e-15,6.729239425956882,6.729239425956877,6.729239425957027,6.729239425956873,0
4.697360069462513e-15,0.31964490041258126,-5.578378013055035e-16,-2.1236426915765242e-14,0.24684780645609206,-1.4216227997614226,0.31920149414741134,5.7817121792602286e-15,6.729366324475355,6.729366324475349,6.7293663244754995,6.729366324475347,0
4.69762010857732e-15,0.31965096138225974,-5.575145632829092e-16,-2.1265975193088114e-14,0.24444770825677037,-1.4237347529340858,0.322012640367382,5.794390364173499e-15,6.729493923837007,6.729493923837001,6.729493923837151,6.729493923836999,0
4.697889465054547e-15,0.31965705591628446,-5.571424616172106e-16,-2.1295449298418082e-14,0.2420335292937419,-1.4258316554115011,0.3248221963839696,5.807078048732991e-15,6.729622229816475,6.72962222981647,6.72962222981662,6.729622229816467,0
4.697883535823916e-15,0.3196631842857968,-5.570154153927589e-16,-2.1318190921928795e-14,0.23960530949909975,-1.4279134720046192,0.327630103546431,5.825612641092514e-15,6.729751248121999,6.729751248121993,6.7297512481221435,6.729751248121991,0
4.698019061095477e-15,0.319669346758783,-5.567611540484075e-16,-2.1357043997819045e-14,0.23716308943655487,-1.4299801678462039,0.3304363028701344,5.829172755982468e-15,6.729880984395392,6.729880984395387,6.729880984395537,6.729880984395384,0
4.697992803074112e-15,0.3196755436000734,-5.566104919419757e-16,-2.139238808174986e-14,0.23470691030308727,-1.4320317083953216,0.333240735039391,5.835615831571906e-15,6.730011444212032,6.7300114442120265,6.730011444212177,6.730011444212024,0
4.697866595164971e-15,0.3196817750713429,-5.565693580735374e-16,-2.1424624310390585e-14,0.2322368139304719,-1.434068059441847,0.3360433404104204,5.8451238869030156e-15,6.730142633080863,6.730142633080858,6.730142633081008,6.730142633080855,0
4.698116469884411e-15,0.319688041431112,-5.562891977989173e-16,-2.1452257049858155e-14,0.22975284278670635,-1.436089187110974,0.33884405901442677,5.859185628573318e-15,6.730274556444424,6.730274556444419,6.730274556444569,6.730274556444416,0
4.698063106808734e-15,0.31969434293474897,-5.561897123827471e-16,-2.148261393697614e-14,0.2272550399773219,-1.4380950578677325,0.34164283056078854,5.870038262176916e-15,6.730407219678886,6.730407219678881,6.730407219679031,6.730407219678878,0
4.698100376258413e-15,0.31970067983447215,-5.560388155164886e-16,-2.1516512797276195e-14,0.2247434492465933,-1.440085638521525,0.3444395944403725,5.877893514971903e-15,6.730540628094111,6.730540628094106,6.730540628094256,6.730540628094103,0
4.6984374953714205e-15,0.31970705237935415,-5.55633641065347e-16,-2.155077845133583e-14,0.22221811497863195,-1.442060896230652,0.34723428972895576,5.885653959748604e-15,6.730674786933733,6.730674786933728,6.730674786933878,6.730674786933725,0
4.6987009226180166e-15,0.31971346081532603,-5.553113050626872e-16,-2.1574714018116724e-14,0.21967908219836915,-1.4440207985068616,0.35002685519077503,5.9027922219924775e-15,6.730809701375247,6.730809701375241,6.730809701375391,6.730809701375239,0
4.698915221953672e-15,0.3197199053851828,-5.549947268201835e-16,-2.160883185608151e-14,0.21712639657242905,-1.4459653132198849,0.35281722928217835,5.910583844525802e-15,6.7309453765301255,6.73094537653012,6.73094537653027,6.7309453765301175,0
4.698948256238615e-15,0.31972638632858946,-5.548211248484714e-16,-2.164103487840115e-14,0.21456010440987347,-1.4478944086019936,0.3556053501554163,5.919852261598968e-15,6.73108181744395,6.731081817443945,6.731081817444095,6.731081817443942,0
4.699145614915325e-15,0.3197329038820883,-5.545609532731171e-16,-2.166827256941426e-14,0.21198025266285803,-1.4498080532525424,0.35839115566252266,5.933975460053203e-15,6.7312190290965574,6.731219029096552,6.731219029096702,6.7312190290965495,0
4.699318409636565e-15,0.3197394582791067,-5.542963721136675e-16,-2.1695317537117312e-14,0.20938688892714188,-1.4517062161425336,0.3611745833593444,5.948182846059496e-15,6.731357016402208,6.731357016402202,6.731357016402352,6.7313570164022,0
4.69950814501675e-15,0.319746049749966,-5.540112868091356e-16,-2.1725920218245155e-14,0.2067800614424945,-1.453588866619152,0.3639555705096598,5.959119509053804e-15,6.731495784209772,6.731495784209766,6.731495784209916,6.731495784209764,0
4.699745314241981e-15,0.3197526785218911,-5.53726024957306e-16,-2.175659234767883e-14,0.20415981909298375,-1.455455974410341,0.3667340540894437,5.970002381753507e-15,6.731635337302931,6.731635337302926,6.731635337303076,6.731635337302923,0
4.700037540608784e-15,0.319759344819021,-5.5335418781381e-16,-2.178904207970605e-14,0.20152621140713317,-1.4573075096293238,0.3695099707912203,5.97909044416138e-15,6.731775680400403,6.731775680400398,6.731775680400548,6.731775680400395,0
4.7000629515972015e-15,0.3197660488624205,-5.532167994397518e-16,-2.1821111431034445e-14,0.19887928855796952,-1.459143442779169,0.37228325702855825,5.988257643819204e-15,6.731916818156182,6.731916818156177,6.731916818156327,6.731916818156174,0
4.7002391344502304e-15,0.31977279087009197,-5.529551421340962e-16,-2.1855418725459832e-14,0.19621910136294488,-1.4609637447573278,0.37505384894067056,5.995652256089194e-15,6.732058755159792,6.732058755159787,6.732058755159937,6.732058755159784,0
4.70049832653209e-15,0.3197795710569888,-5.526517995747098e-16,-2.1884919636053816e-14,0.19354570128373022,-1.4627683868601757,0.3778216823971418,6.007222907963195e-15,6.732201495936567,6.732201495936562,6.732201495936712,6.732201495936559,0
4.700860856633515e-15,0.31978638963502937,-5.522618774398258e-16,-2.1913612206847825e-14,0.1908591404258839,-1.464557340787532,0.3805866930027596,6.019653370766693e-15,6.732345044947948,6.732345044947943,6.732345044948093,6.73234504494794,0
4.70098282937792e-15,0.31979324681311183,-5.520475307161312e-16,-2.1947817389986896e-14,0.18815947153840532,-1.466330578647192,0.3833488161024749,6.026768018014675e-15,6.73248940659179,6.732489406591784,6.7324894065919345,6.732489406591782,0
4.701289455304826e-15,0.31980014279712976,-5.517152631503431e-16,-2.19705840524663e-14,0.1854467480131575,-1.4680880729594368,0.38610798678647,6.044586534942293e-15,6.732634585202694,6.732634585202689,6.732634585202839,6.732634585202686,0
4.7014817317838525e-15,0.31980707778998885,-5.514120327148943e-16,-2.200685995498034e-14,0.18272102388414474,-1.469829796661538,0.3888641398953584,6.050051940699105e-15,6.732780585052359,6.732780585052354,6.732780585052504,6.732780585052351,0
4.701737535733923e-15,0.3198140519916241,-5.510692295746172e-16,-2.2037318887870298e-14,0.17998235382669303,-1.471555723112248,0.39161721002547945,6.060775393386352e-15,6.732927410349944,6.732927410349939,6.732927410350089,6.732927410349936,0
4.701983175288627e-15,0.3198210655990182,-5.50798237175293e-16,-2.205958983978276e-14,0.17723079315648677,-1.4732658260962872,0.39436713153432573,6.078775802639918e-15,6.733075065242452,6.7330750652424465,6.733075065242597,6.733075065242444,0
4.702125476823766e-15,0.3198281188062205,-5.505317155367274e-16,-2.20957330937643e-14,0.17446639782846443,-1.4749600798287905,0.3971138385460712,6.083821364793304e-15,6.733223553815132,6.733223553815127,6.733223553815277,6.733223553815124,0
4.702411773959938e-15,0.31983521180436686,-5.501171985431719e-16,-2.2133909737666454e-14,0.17168922443560325,-1.4766384589597827,0.3998572649572363,6.086848707055402e-15,6.733372880091898,6.733372880091893,6.733372880092043,6.73337288009189,0
4.7026574135146414e-15,0.31984234478170037,-5.498731686591826e-16,-2.216362154740499e-14,0.16889933020756745,-1.4783009385785997,0.40259734444244094,6.0967321489522424e-15,6.733523048035762,6.733523048035757,6.733523048035907,6.733523048035754,0
4.702988603397018e-15,0.3198495179235929,-5.4942100155434e-16,-2.2198313734101144e-14,0.16609677300921755,-1.4799474942183009,0.4053340104602846,6.103824667796229e-15,6.733674061549288,6.733674061549283,6.733674061549433,6.73367406154928,0
4.703258806907192e-15,0.3198567314125672,-5.490474163860541e-16,-2.223477086779911e-14,0.163281611338997,-1.481578101860076,0.40806719625933896,6.108771341171877e-15,6.733825924475062,6.733825924475057,6.733825924475207,6.733825924475054,0
4.703561197669362e-15,0.3198639854283201,-5.486884617373066e-16,-2.2271317174236966e-14,0.16045390432717604,-1.4831927379376213,0.41079683488425534,6.113617134585336e-15,6.733978640596177,6.733978640596171,6.733978640596321,6.733978640596169,0
4.703828013047747e-15,0.31987128014774646,-5.483365132228446e-16,-2.2303631973694726e-14,0.15761371173397853,-1.4847913793414864,0.4135228591819648,6.1221805485451665e-15,6.734132213636731,6.734132213636726,6.734132213636876,6.734132213636723,0
4.704023677658563e-15,0.31987861574496346,-5.480525566321963e-16,-2.2329477355044206e-14,0.15476109394756316,-1.4863740034234274,0.4162452018080177,6.136591025428559e-15,6.734286647262353,6.734286647262348,6.734286647262498,6.734286647262345,0
4.70432691545368e-15,0.31988599239133625,-5.476959841930403e-16,-2.2361821292059205e-14,0.1518961119818667,-1.4879405880006926,0.418963795233005,6.145248991366762e-15,6.734441945080728,6.7344419450807225,6.734441945080873,6.73444194508072,0
4.704647940940689e-15,0.3198934102555039,-5.47252394737931e-16,-2.2392453792340807e-14,0.14901882747433295,-1.489491111360327,0.4216785717491044,6.15630915315864e-15,6.734598110642152,6.734598110642147,6.734598110642297,6.734598110642144,0
4.705051975656529e-15,0.31990086950340624,-5.46741692602763e-16,-2.2420436412543038e-14,0.14612930268348032,-1.4910255522634166,0.4243894634767296,6.168754159535114e-15,6.734755147440096,6.734755147440091,6.734755147440241,6.734755147440088,0
4.705278133453446e-15,0.3199083702983114,-5.463887636176553e-16,-2.2456961644026416e-14,0.1432276004863624,-1.4925438899493244,0.42709640237128166,6.173177595486e-15,6.734913058911783,6.734913058911777,6.7349130589119275,6.734913058911775,0
4.705390788835431e-15,0.3199159128008439,-5.461660797640744e-16,-2.248686196218883e-14,0.140313784375875,-1.494046104139885,0.42979932023000605,6.183619268205724e-15,6.735071848438783,6.7350718484387775,6.735071848438928,6.735071848438775,0
4.7056686156421305e-15,0.31992349716901386,-5.458309662010939e-16,-2.2510058739341944e-14,0.13738791845792997,-1.4955321750435806,0.43249814869896486,6.200169617895839e-15,6.735231519347624,6.735231519347619,6.735231519347769,6.735231519347616,0
4.70598032376672e-15,0.3199311235582462,-5.453745270823208e-16,-2.2540227785123883e-14,0.13445006744851,-1.4970020833596753,0.4351928192800909,6.21069089096068e-15,6.73539207491041,6.735392074910405,6.735392074910555,6.735392074910402,0
4.706312360682044e-15,0.3199387921214112,-5.449538860169015e-16,-2.2570309591143742e-14,0.13150029667056296,-1.4984558102823153,0.43788326333836225,6.221152915394824e-15,6.735553518345462,6.735553518345457,6.735553518345607,6.735553518345454,0
4.706579176060429e-15,0.3199465030088549,-5.445914884873202e-16,-2.260253918585458e-14,0.12853867205078962,-1.4998933375046068,0.44056941210906325,6.229459127447208e-15,6.735715852817962,6.735715852817957,6.735715852818107,6.735715852817954,0
4.706853614735339e-15,0.3199542563684311,-5.442449826278992e-16,-2.2625521621025644e-14,0.1255652601162687,-1.501314647222641,0.44325119670515395,6.24614842014038e-15,6.735879081440619,6.735879081440614,6.735879081440764,6.735879081440611,0
4.707327106152854e-15,0.319962052345533,-5.436839747105465e-16,-2.2658164435063962e-14,0.12258012799097119,-1.5027197221394977,0.44592854812472704,6.254476814070538e-15,6.736043207274343,6.736043207274338,6.736043207274488,6.736043207274335,0
4.707776033614899e-15,0.31996989108312585,-5.432100062078144e-16,-2.2690667575270503e-14,0.11958334339212366,-1.5041085454691956,0.44860139725856735,6.262756617579358e-15,6.736208233328929,6.736208233328924,6.736208233329074,6.736208233328921,0
4.708296111844513e-15,0.31997777272178035,-5.426833161747382e-16,-2.2717827883345925e-14,0.11657497462645104,-1.5054811009406084,0.45126967489779385,6.269720648097976e-15,6.73637416256376,6.736374162563755,6.736374162563905,6.736374162563752,0
4.708853459523807e-15,0.31998569739970617,-5.420530813813945e-16,-2.274075339006561e-14,0.11355509058626774,-1.506837372801351,0.4539333117416157,6.28673352227679e-15,6.736540997888514,6.7365409978885085,6.736540997888659,6.736540997888506,0
4.709470946542355e-15,0.3199936652527862,-5.414463557882987e-16,-2.276618026408181e-14,0.1105237607454543,-1.5081773458216057,0.456592238405156,6.301749924931593e-15,6.736708742163883,6.736708742163878,6.736708742164028,6.736708742163875,0
4.709827547413149e-15,0.32000167641461136,-5.410274626281706e-16,-2.279855970812911e-14,0.10748105515529303,-1.509501005297907,0.4592463854273697,6.309885108857733e-15,6.736877398202308,6.736877398202303,6.736877398202453,6.7368773982023,0
4.7100520111441715e-15,0.3200097310165157,-5.40715935200275e-16,-2.2825933718514085e-14,0.1044270444401655,-1.5108083370568903,0.4618956832790556,6.322683985469655e-15,6.737046968768715,6.73704696876871,6.73704696876886,6.737046968768707,0
4.710397600586651e-15,0.320017829187612,-5.402788398750595e-16,-2.285341933817462e-14,0.10136179979312156,-1.5120993274589887,0.464540062370952,6.335393173560885e-15,6.737217456581269,6.737217456581264,6.737217456581414,6.737217456581261,0
4.710637310910724e-15,0.320025971054828,-5.399618146036145e-16,-2.2875495469291086e-14,0.09828539297132571,-1.5133739634020786,0.46717945306190467,6.35250837336947e-15,6.737388864312131,6.737388864312126,6.737388864312276,6.737388864312123,0
4.710921066948054e-15,0.3200341567429426,-5.396361106266473e-16,-2.290530674650346e-14,0.09519789629136154,-1.5146322323250785,0.46981378566712517,6.362807573907951e-15,6.737561194588228,6.737561194588222,6.737561194588372,6.73756119458822,0
4.711472485396717e-15,0.32004238637462296,-5.390332175385197e-16,-2.2930290669596617e-14,0.0920993826244128,-1.5158741222114969,0.47244299046652255,6.3778399126075824e-15,6.737734449992025,6.737734449992019,6.737734449992169,6.737734449992017,0
4.711951059011916e-15,0.32005066007046157,-5.384877105457655e-16,-2.2962814053130535e-14,0.08898992539130203,-1.5170996215929313,0.4750669977131265,6.3857079025853904e-15,6.737908633062311,6.737908633062306,6.737908633062456,6.737908633062303,0
4.712394904276277e-15,0.3200589779490138,-5.379758727245449e-16,-2.299227287626375e-14,0.08586959855742478,-1.5183087195525078,0.4776857376415603,6.395575701254195e-15,6.738083746294989,6.738083746294984,6.738083746295134,6.738083746294981,0
4.7129598752520955e-15,0.32006734012683563,-5.374070712483546e-16,-2.302211330726855e-14,0.08273847662753717,-1.519501405728268,0.480299140476602,6.405589732407231e-15,6.738259792143871,6.738259792143865,6.7382597921440155,6.738259792143863,0
4.713390167989301e-15,0.32007574671852207,-5.369007361651117e-16,-2.305453357754196e-14,0.07959663464041881,-1.5206776703165021,0.4829071364418191,6.413330230845655e-15,6.73843677302148,6.7384367730214745,6.738436773021625,6.738436773021472,0
4.713531622491492e-15,0.32008419783674513,-5.365271717663524e-16,-2.3083091586245737e-14,0.07644414816341602,-1.5218375040750198,0.48550965576825733,6.422463044685283e-15,6.73861469129986,6.738614691299855,6.738614691300005,6.738614691299852,0
4.713900081823548e-15,0.3200926935922927,-5.360348111600882e-16,-2.311305634688852e-14,0.07328109328685684,-1.5229808983263704,0.4881066287032089,6.43304491606039e-15,6.738793549311388,6.738793549311382,6.7387935493115325,6.73879354931138,0
4.714472676095892e-15,0.3201012340941073,-5.354024760577549e-16,-2.3142966955343347e-14,0.07010754661834522,-1.5241078449609895,0.4906979855190306,6.44314985520767e-15,6.738973349349589,6.738973349349584,6.738973349349734,6.738973349349581,0
4.7149283798215145e-15,0.3201098194493249,-5.349206964696476e-16,-2.3165776877372314e-14,0.06692358527693187,-1.5252183364403076,0.4932836565220369,6.459415900890454e-15,6.739154093669959,6.739154093669954,6.739154093670104,6.739154093669951,0
4.7153247912408295e-15,0.32011844976331416,-5.345174750558677e-16,-2.319129478173188e-14,0.0637292868871592,-1.5263123657997664,0.4958635720614382,6.4732559582235315e-15,6.739335784490787,6.739335784490781,6.739335784490931,6.739335784490779,0
4.71594481935822e-15,0.32012712513971586,-5.3389635026957825e-16,-2.321854827388488e-14,0.06052472957299382,-1.5273899266517952,0.49843766253834276,6.485998209847964e-15,6.739518423993981,6.739518423993975,6.7395184239941255,6.739518423993973,0
4.716206552538921e-15,0.3201358456804819,-5.334960827108947e-16,-2.3256549045818584e-14,0.057309991951635025,-1.5284510131887057,0.5010058584148058,6.488496933284961e-15,6.739702014325898,6.739702014325893,6.739702014326043,6.73970201432589,0
4.716532660223614e-15,0.320144611485915,-5.331184692818129e-16,-2.3286105664876424e-14,0.054085153127214576,-1.5294956201855434,0.5035680902229384,6.498571460701344e-15,6.739886557598173,6.739886557598168,6.739886557598318,6.739886557598165,0
4.7171797933953164e-15,0.3201534226547079,-5.32412837285779e-16,-2.3316075348179773e-14,0.050850292684366784,-1.5305237430028442,0.5061242885740552,6.508759935733916e-15,6.74007205588855,6.740072055888545,6.740072055888695,6.740072055888542,0
4.717627873824414e-15,0.3201622792839831,-5.319543187630754e-16,-2.3343073462308523e-14,0.047605490681697865,-1.5315353775893314,0.5086743841678647,6.52153051979111e-15,6.740258511241712,6.740258511241707,6.740258511241857,6.740258511241704,0
4.718451189849145e-15,0.3201711814693321,-5.311398275174392e-16,-2.3367190345740825e-14,0.044350827645130944,-1.5325305204845634,0.5112183078017217,6.5370813124186474e-15,6.7404459256701115,6.740445925670106,6.740445925670256,6.7404459256701035,0
4.71919319071094e-15,0.3201801293048549,-5.304098168390996e-16,-2.339109333292856e-14,0.041086384561159844,-1.5335091688214761,0.5137559903798872,6.552357583388188e-15,6.7406343011548016,6.740634301154796,6.740634301154946,6.740634301154794,0
4.719925874210315e-15,0.32018912288319934,-5.296321498071998e-16,-2.342102304838568e-14,0.03781224286997052,-1.5344713203288836,0.5162873629228548,6.562520155637198e-15,6.740823639646263,6.7408236396462575,6.740823639646408,6.740823639646255,0
4.72063992298485e-15,0.32019816229560033,-5.289228695212315e-16,-2.3450735886771415e-14,0.03452848445846297,-1.5354169733338805,0.5188123565766959,6.572301219215527e-15,6.741013943065231,6.741013943065226,6.741013943065376,6.741013943065223,0
4.721524225381784e-15,0.320207247631919,-5.280405712691628e-16,-2.3474656220546994e-14,0.03123519165317643,-1.5363461267641967,0.5213309026224421,6.587663224435716e-15,6.741205213303519,6.741205213303513,6.7412052133036635,6.741205213303511,0
4.722177287784117e-15,0.3202163789806816,-5.273994521240081e-16,-2.35044178780501e-14,0.027932447213106195,-1.5372587801504516,0.5238429324854834,6.597623483230853e-15,6.741397452224837,6.741397452224832,6.741397452224982,6.741397452224829,0
4.722865078537287e-15,0.32022555642911843,-5.267047462490014e-16,-2.3534177669690264e-14,0.0246203343224026,-1.5381549336283435,0.5263483777450129,6.607582954563054e-15,6.7415906616656125,6.741590661665607,6.741590661665757,6.7415906616656045,0
4.723087001169468e-15,0.32023478006320216,-5.262300444995376e-16,-2.356286593725654e-14,0.021298936583002227,-1.539034587940771,0.528847170143474,6.6169454841750254e-15,6.741784843435797,6.741784843435791,6.7417848434359415,6.741784843435789,0
4.7236587484088645e-15,0.3202440499676864,-5.256924417259167e-16,-2.3592032865265726e-14,0.017968338007129103,-1.5398977444398512,0.5313392415960345,6.626464817731265e-15,6.7419799993196765,6.741979999319671,6.741979999319821,6.7419799993196685,0
4.7240449954328125e-15,0.32025336622614375,-5.252240713935778e-16,-2.362780019780236e-14,0.014628623009715978,-1.540744405088883,0.5338245242000818,6.630756540452179e-15,6.742176131076674,6.742176131076668,6.7421761310768185,6.742176131076666,0
4.72451171058675e-15,0.32026272892100344,-5.246826332617439e-16,-2.3657296047466513e-14,0.011279876400736535,-1.5415745724642174,0.5363029502447189,6.640694492817609e-15,6.742373240442141,6.742373240442135,6.742373240442285,6.742373240442133,0
4.7252842046346456e-15,0.3202721381335889,-5.239444593428952e-16,-2.3685450546756032e-14,0.007922183377424936,-1.5423882497570502,0.5387744522202883,6.6519230785918885e-15,6.74257132912815,6.742571329128145,6.742571329128295,6.742571329128142,0
4.726079568572117e-15,0.3202815939441549,-5.231391423639513e-16,-2.3711902828483807e-14,0.004555629516432565,-1.543185440775127,0.5412389628278801,6.664629594266865e-15,6.742770398824277,6.7427703988242715,6.742770398824422,6.742770398824269,0
4.726891026135587e-15,0.3202910964319242,-5.223217388027581e-16,-2.3735028551925044e-14,0.0011803007658836434,-1.5439661499443775,0.5436964149888618,6.680092570821048e-15,6.742970451198368,6.742970451198363,6.742970451198513,6.74297045119836,0
4.727195110963651e-15,0.3203006456751241,-5.218590133277737e-16,-2.3770866676098405e-14,-0.002203716562666092,-1.5447303823104483,0.5461467418544049,6.6841791507109355e-15,6.743171487897314,6.743171487897309,6.743171487897459,6.743171487897306,0
4.7277821047960985e-15,0.3203102417510222,-5.212037870826808e-16,-2.3800276049863403e-14,-0.0055963358023304426,-1.545478143540165,0.5485898768150037,6.693839741375153e-15,6.7433735105478,6.743373510547794,6.743373510547944,6.743373510547792,0
4.728560528074625e-15,0.32031988473596174,-5.204043378279904e-16,-2.382852546968116e-14,-0.008997469939082832,-1.5462094399229074,0.551025753509992,6.701971505228105e-15,6.7435765207570535,6.743576520757048,6.743576520757198,6.7435765207570455,0
4.729446524537453e-15,0.32032957470539697,-5.195563780199508e-16,-2.3858230462348573e-14,-0.01240703162002681,-1.5469242783718888,0.5534543058370498,6.711592255973319e-15,6.743780520113585,6.74378052011358,6.74378052011373,6.743780520113577,0
4.730208854189982e-15,0.32033931173392743,-5.187293628868397e-16,-2.389130728538964e-14,-0.015824933161753672,-1.5476226664253572,0.5558754679617054,6.718123593091973e-15,6.74398551018791,6.743985510187905,6.743985510188055,6.743985510187902,0
4.7306899689040225e-15,0.32034909589533184,-5.18201120012946e-16,-2.392757053555285e-14,-0.01925108655873965,-1.548304612247707,0.5582891743268062,6.7218412914991364e-15,6.744191492533266,6.744191492533261,6.744191492533411,6.7441914925332584,0
4.731334560976883e-15,0.32035892726260173,-5.175244183496645e-16,-2.3957081422428636e-14,-0.02268540349185036,-1.5489701246304957,0.5606953596619859,6.731651682457132e-15,6.744398468686317,6.744398468686311,6.7443984686864615,6.744398468686309,0
4.732037598323104e-15,0.3203688059079742,-5.168424044629576e-16,-2.3983162960764776e-14,-0.0261277953368872,-1.5496192129933808,0.5630939589931009,6.744598655557954e-15,6.744606440167841,6.7446064401678365,6.744606440167986,6.744606440167833,0
4.7326254391884986e-15,0.32037873190296406,-5.161618536369186e-16,-2.4010080006222934e-14,-0.029578173173223313,-1.5502518873849624,0.5654849076516554,6.751471333136483e-15,6.744815408483417,6.744815408483412,6.744815408483562,6.744815408483409,0
4.733174316538319e-15,0.3203887053183957,-5.156115156266623e-16,-2.403926645878201e-14,-0.03303644779246713,-1.5508681584835362,0.5678681412841754,6.76120328947811e-15,6.745025375124083,6.7450253751240785,6.745025375124228,6.745025375124075,0
4.734035749045677e-15,0.32039872622443394,-5.147577095657876e-16,-2.4068923440820573e-14,-0.036502529707224965,-1.551468037597745,0.5702435958615704,6.770762758313615e-15,6.745236341566993,6.745236341566988,6.7452363415671375,6.745236341566985,0
4.73475657408379e-15,0.3204087946906143,-5.140696881788275e-16,-2.4094612175005716e-14,-0.03997632915988745,-1.5520515366671672,0.572611207688456,6.7835388787183984e-15,6.745448309276052,6.745448309276048,6.745448309276197,6.745448309276044,0
4.735387613629495e-15,0.3204189107858728,-5.133788929233321e-16,-2.412022097726486e-14,-0.04345775613150393,-1.5526186682627752,0.574970913412437,6.796377258501299e-15,6.7456612797025475,6.745661279702543,6.745661279702692,6.7456612797025395,0
4.735691698457559e-15,0.32042907457857484,-5.130055027735178e-16,-2.415666068317644e-14,-0.04694672035067142,-1.553169445587336,0.5773226500333482,6.799582837974479e-15,6.745875254285748,6.745875254285743,6.745875254285893,6.74587525428574,0
4.736420146792198e-15,0.3204392861365433,-5.122879879548873e-16,-2.4182339203169775e-14,-0.05044313130250557,-1.5537038824756915,0.5796663549124531,6.812694932460336e-15,6.746090234453505,6.746090234453501,6.74609023445365,6.746090234453497,0
4.737365435561334e-15,0.3204495455270862,-5.113754215646269e-16,-2.4212024110336053e-14,-0.05394689823763645,-1.5542219933949695,0.5820019657815976,6.82246665627806e-15,6.746306221622828,6.746306221622824,6.746306221622973,6.74630622162282,0
4.738047297083873e-15,0.32045985281702316,-5.106574361372144e-16,-2.4249021813759987e-14,-0.05745793018125772,-1.554723793444681,0.5843294207523078,6.82522262312998e-15,6.746523217200449,6.746523217200444,6.746523217200593,6.746523217200441,0
4.738583468939485e-15,0.32047020807271154,-5.100713535574301e-16,-2.4274379605827682e-14,-0.06097613594221753,-1.5552092983567325,0.5866486583248387,6.83840598728682e-15,6.7467412225833625,6.746741222583358,6.746741222583507,6.7467412225833545,0
4.739145051783515e-15,0.3204806113600715,-5.0951722507536e-16,-2.429944700332521e-14,-0.06450142412213422,-1.55567852449535,0.588959617397163,6.851253645001102e-15,6.746960239159361,6.746960239159357,6.746960239159506,6.746960239159353,0
4.739783714625745e-15,0.32049106274461014,-5.088061617162337e-16,-2.4336598680488738e-14,-0.06803370312456623,-1.5561314888568967,0.5912622372739036,6.854092023177693e-15,6.7471802683075435,6.747180268307539,6.747180268307688,6.7471802683075355,0
4.7407688139434014e-15,0.3205015622914452,-5.078907284630399e-16,-2.435814585626617e-14,-0.0715728811642014,-1.5565682090696007,0.5935564576752002,6.870438431195133e-15,6.747401311398809,6.7474013113988045,6.747401311398954,6.747401311398801,0
4.7415150499699325e-15,0.32051211006532754,-5.070817823848222e-16,-2.4391313814171297e-14,-0.07511886627607271,-1.5569887033931986,0.5958422187455122,6.876300888600251e-15,6.747623369796332,6.747623369796328,6.747623369796477,6.747623369796324,0
4.742249427535202e-15,0.3205227061306628,-5.063403620966049e-16,-2.4420593009688066e-14,-0.07867156632480565,-1.5573929907184618,0.5981194610623434,6.8855910958750555e-15,6.747846444856022,6.747846444856018,6.747846444856167,6.747846444856014,0
4.7430439444397265e-15,0.32053335055153254,-5.05560588230243e-16,-2.444945670902227e-14,-0.08223088901390367,-1.557781090566649,0.6003881256449176,6.894635366999197e-15,6.7480705379269645,6.74807053792696,6.748070537927109,6.7480705379269565,0
4.74385116683846e-15,0.32054404339171394,-5.04807681306098e-16,-2.4478684914056066e-14,-0.08579674189501446,-1.558153023088855,0.6026481539627487,6.904206661121838e-15,6.748295650351836,6.748295650351832,6.748295650351981,6.748295650351828,0
4.744721916708237e-15,0.32055478471469895,-5.039384922414745e-16,-2.450486410811234e-14,-0.08936903237725295,-1.5585088090652675,0.6048994879441576,6.9099026603988986e-15,6.74852178346731,6.7485217834673055,6.748521783467455,6.748521783467302,0
4.745478317130135e-15,0.3205655745837126,-5.031317439245364e-16,-2.453359452076548e-14,-0.09294766773652159,-1.5588484699043126,0.6071420699846897,6.918859863958236e-15,6.748748938604439,6.748748938604434,6.748748938604583,6.748748938604431,0
4.746246576013295e-15,0.32057641306172996,-5.02379813914735e-16,-2.4562644900736766e-14,-0.09653255512483658,-1.5591720276417396,0.609375842955465,6.928175673153571e-15,6.748977117089015,6.7489771170890105,6.74897711708916,6.748977117089007,0
4.747362118404829e-15,0.3205873002114927,-5.01628491603019e-16,-2.459229452630373e-14,-0.10012360157967995,-1.5594795049395758,0.6116007502114321,6.937714953782697e-15,6.749206320241915,6.74920632024191,6.74920632024206,6.749206320241907,0
4.748379404974481e-15,0.32059823609552424,-5.006422976606149e-16,-2.4621747892580436e-14,-0.10372071403333517,-1.5597709250850125,0.6138167355995331,6.947043082018049e-15,6.74943654937942,6.749436549379416,6.749436549379565,6.749436549379412,0
4.749457677916336e-15,0.32060922077614423,-4.996168973729936e-16,-2.464257466278035e-14,-0.10732379932224391,-1.5600463119891754,0.6160237434667748,6.963946730419271e-15,6.749667805813525,6.74966780581352,6.74966780581367,6.749667805813517,0
4.750122598779931e-15,0.3206202543154819,-4.989817353771608e-16,-2.466726894001423e-14,-0.11093276419634797,-1.5603056901858223,0.6182217186682116,6.977358360709911e-15,6.749900090852212,6.749900090852208,6.749900090852357,6.749900090852204,0
4.750944220738767e-15,0.3206313367754886,-4.981591393843788e-16,-2.469649202596069e-14,-0.11454751532844451,-1.5605490848299284,0.6204106065748274,6.986744889455113e-15,6.750133405799721,6.750133405799716,6.750133405799866,6.750133405799713,0
4.751749749071606e-15,0.3206424682179492,-4.973498541002543e-16,-2.4721171488070793e-14,-0.11816795932351348,-1.5607765216961882,0.6225903530813097,6.9999472422689424e-15,6.7503677519567855,6.750367751956781,6.75036775195693,6.7503677519567775,0
4.7524866677357174e-15,0.3206536487044925,-4.965665848255943e-16,-2.475464853484684e-14,-0.1217940027280502,-1.5609880271774257,0.6247609046137343,7.005249941832973e-15,6.750603130620855,6.750603130620851,6.750603130621,6.750603130620847,0
4.7532761024425584e-15,0.320664878296601,-4.95728863829657e-16,-2.477929294419022e-14,-0.12542555203938605,-1.5611836282828975,0.6269222081371316,7.018763564465475e-15,6.750839543086298,6.750839543086293,6.7508395430864425,6.75083954308629,0
4.754200215388013e-15,0.3206761570556192,-4.948205965301711e-16,-2.480405430502165e-14,-0.129062513714981,-1.5613633526365278,0.6290742111629545,7.032280653489245e-15,6.751076990644576,6.751076990644571,6.75107699064472,6.751076990644568,0
4.7548321019666646e-15,0.32068748504276107,-4.941653476187106e-16,-2.483296349051584e-14,-0.13270479418172088,-1.5615272284750288,0.6312168617564362,7.041609750377782e-15,6.751315474584405,6.7513154745844,6.751315474584549,6.751315474584397,0
4.755629159970031e-15,0.3206988623191167,-4.933717908169088e-16,-2.486190706986029e-14,-0.13635229984515393,-1.561675284645942,0.6333501085438163,7.050756608186903e-15,6.751554996191892,6.751554996191888,6.751554996192037,6.751554996191884,0
4.756515156432859e-15,0.32071028894565784,-4.925305564105305e-16,-2.4886484524189578e-14,-0.1400049370987605,-1.5618075506055806,0.6354739007194845,7.0642265254640875e-15,6.751795556750653,6.751795556750649,6.751795556750798,6.751795556750645,0
4.757301203007911e-15,0.3207217649832423,-4.917263463055042e-16,-2.4920214685111038e-14,-0.14366261233314045,-1.561924056416891,0.6375881880529759,7.069348355153133e-15,6.7520371575419045,6.7520371575419,6.752037157542049,6.7520371575418965,0
4.7581363774939036e-15,0.3207332904926174,-4.909057982015709e-16,-2.4949268133716416e-14,-0.14732523194519315,-1.562024832747229,0.6396929208958666,7.078595597812545e-15,6.752279799844539,6.752279799844534,6.7522797998446835,6.752279799844531,0
4.758926659233692e-15,0.32074486553442283,-4.901010984157653e-16,-2.4978072996204678e-14,-0.15099270234728518,-1.562109910866011,0.6417880501885318,7.0877399200313835e-15,6.75252348493518,6.752523484935176,6.752523484935325,6.752523484935172,0
4.759499253506036e-15,0.3207564901691919,-4.894833477544821e-16,-2.5004628950859453e-14,-0.154664929976343,-1.5621793226423386,0.6438735274668026,7.0944294491735425e-15,6.752768214088213,6.752768214088208,6.752768214088357,6.752768214088205,0
4.760120128656373e-15,0.3207681644573521,-4.888374020244621e-16,-2.503343959536479e-14,-0.15834182130294058,-1.5622331005424734,0.6459493048684679,7.10367716282847e-15,6.753013988575796,6.753013988575791,6.75301398857594,6.753013988575788,0
4.76096631457068e-15,0.3207798884592248,-4.87973524935479e-16,-2.5067306272232948e-14,-0.16202328284032,-1.5622712776272707,0.6480153351396696,7.108689762716826e-15,6.753260809667851,6.753260809667847,6.753260809667996,6.753260809667843,0
4.761918379603394e-15,0.32079166223502353,-4.869552409574249e-16,-2.510134167183857e-14,-0.16570922115339765,-1.5622938875494956,0.6500715716411615,7.113501871494091e-15,6.753508678632036,6.7535086786320315,6.753508678632181,6.753508678632028,0
4.762753554089387e-15,0.32080348584485197,-4.861323730752045e-16,-2.513006393768341e-14,-0.16939954286768574,-1.562300964551083,0.6521179683544327,7.122475979625714e-15,6.753757596733687,6.753757596733682,6.7537575967338315,6.753757596733679,0
4.7635819523118015e-15,0.3208153593487002,-4.852931640592888e-16,-2.5153907522965482e-14,-0.17309415467822087,-1.5622925434602841,0.654154479887712,7.135862938884026e-15,6.754007565235756,6.754007565235751,6.7540075652359,6.754007565235748,0
4.764428985259056e-15,0.3208272828064405,-4.844206729629818e-16,-2.518269605641278e-14,-0.17679296335836467,-1.5622686596887574,0.6561810614818104,7.144960449654025e-15,6.75425858539871,6.754258585398706,6.754258585398855,6.754258585398702,0
4.765186232713901e-15,0.3208392562778221,-4.837173400701222e-16,-2.52062960474932e-14,-0.18049587576862203,-1.5622293492285502,0.6581976690158501,7.15839561084734e-15,6.754510658480427,6.754510658480423,6.754510658480572,6.754510658480419,0
4.766048512254206e-15,0.3208512798224647,-4.828494351102007e-16,-2.523511274000779e-14,-0.18420279886536234,-1.5621746486490227,0.6602042590128486,7.167427016313925e-15,6.754763785736061,6.754763785736056,6.7547637857362055,6.754763785736053,0
4.7668396410269415e-15,0.3208633534998514,-4.820143151324747e-16,-2.526394882286731e-14,-0.18791363970949723,-1.562104595093673,0.6622007886451595,7.176463513426701e-15,6.755017968417887,6.755017968417882,6.755017968418032,6.755017968417879,0
4.767730719687453e-15,0.3208754773693206,-4.811518412909946e-16,-2.529286045151967e-14,-0.1916283054750791,-1.562019226276902,0.6641872157397728,7.185406396580808e-15,6.755273207775134,6.755273207775129,6.755273207775279,6.755273207775126,0
4.768609939886703e-15,0.3208876514900568,-4.802654001391606e-16,-2.5321722838899304e-14,-0.19534670345785668,-1.5619185804806803,0.6661634987834746,7.194424794451735e-15,6.755529505053791,6.7555295050537865,6.755529505053936,6.755529505053783,0
4.769512877008476e-15,0.3208998759210807,-4.7937277914282515e-16,-2.5350684985517016e-14,-0.19906874108375294,-1.561802696551152,0.6681295969278623,7.203612960909462e-15,6.755786861496399,6.755786861496395,6.755786861496544,6.755786861496391,0
4.770356521823941e-15,0.3209121507212383,-4.785036237948886e-16,-2.5384871732537753e-14,-0.20279432591727148,-1.5616716138951534,0.6700854699942098,7.207886922143002e-15,6.756045278341822,6.7560452783418175,6.756045278341967,6.756045278341814,0
4.771240824220875e-15,0.32092447594918905,-4.776071124785164e-16,-2.5413889385332582e-14,-0.20652336566984356,-1.5615253724766638,0.6720310784781965,7.21700827479554e-15,6.756304756824995,6.75630475682499,6.7563047568251395,6.756304756824987,0
4.772360601777145e-15,0.32093685166339325,-4.765451779561273e-16,-2.5443098465764665e-14,-0.21025576820807612,-1.5613640128131832,0.6739663835544736,7.226046733058805e-15,6.756565298176662,6.756565298176658,6.756565298176807,6.756565298176654,0
4.773422781093002e-15,0.3209492779220986,-4.754779061614217e-16,-2.5477737244629206e-14,-0.2139914415619616,-1.5611875759720297,0.675891347081101,7.230245317318683e-15,6.756826903623091,6.756826903623087,6.756826903623236,6.756826903623083,0
4.774459549420441e-15,0.3209617547833258,-4.744120736864652e-16,-2.551226208073598e-14,-0.21773029393297283,-1.5609961035665678,0.6778059316038119,7.234386522086998e-15,6.757089574385769,6.757089574385764,6.757089574385914,6.757089574385761,0
4.775421778848522e-15,0.32097428230485325,-4.7351285189094895e-16,-2.5535454892500368e-14,-0.22147223370210511,-1.5607896377523776,0.6797101003601509,7.248112065975457e-15,6.757353311681084,6.757353311681079,6.7573533116812285,6.757353311681076,0
4.776616095304151e-15,0.3209868605442011,-4.723973824405487e-16,-2.5558949979690205e-14,-0.22521716943781275,-1.560568221223342,0.6816038172834407,7.261888644162658e-15,6.7576181167199865,6.757618116719982,6.757618116720131,6.7576181167199785,0
4.777539361216658e-15,0.3209994895586145,-4.714781670785179e-16,-2.558781992585945e-14,-0.22896500990387955,-1.5603318972076745,0.6834870470066078,7.27089362625572e-15,6.757883990707637,6.757883990707633,6.757883990707782,6.757883990707629,0
4.778405028888752e-15,0.32101216940504584,-4.705849552259471e-16,-2.5616055872202986e-14,-0.2327156640671931,-1.560080709463881,0.685359754865857,7.279270687134365e-15,6.758150934843034,6.758150934843029,6.7581509348431785,6.758150934843026,0
4.779368952382727e-15,0.32102490014013646,-4.696110211002284e-16,-2.5644884730794987e-14,-0.23646904110544947,-1.5598147022766455,0.6872219069041883,7.28825972779915e-15,6.758418950318625,6.758418950318622,6.75841895031877,6.758418950318617,0
4.780307464888285e-15,0.32103768182019754,-4.686842650632914e-16,-2.5679446210802124e-14,-0.24022505041472628,-1.5595339204526673,0.6890734698747516,7.292119124619262e-15,6.758688038319911,6.7586880383199075,6.758688038320056,6.758688038319903,0
4.78118499102164e-15,0.32105051450119,-4.678156985038152e-16,-2.5708108717368245e-14,-0.24398360161699972,-1.5592384093164422,0.6909144112440706,7.300787135250486e-15,6.758958200025016,6.758958200025012,6.758958200025161,6.758958200025008,0
4.782170937372244e-15,0.3210633982387042,-4.668460796519272e-16,-2.573678532380301e-14,-0.24774460456756983,-1.5589282147059502,0.6927446991950889,7.309491017411957e-15,6.759229436604263,6.75922943660426,6.759229436604408,6.759229436604255,0
4.782923102629406e-15,0.3210763330879386,-4.660515394924642e-16,-2.5771269389292206e-14,-0.2515079693623645,-1.5586033829683297,0.6945643026300798,7.313252275842887e-15,6.759501749219724,6.75950174921972,6.759501749219869,6.759501749219716,0
4.783905660848221e-15,0.3210893191036775,-4.651229136727344e-16,-2.5799976024348166e-14,-0.2552736063451596,-1.5582639609554532,0.6963731911733813,7.321949626327128e-15,6.759775139024753,6.759775139024749,6.759775139024898,6.759775139024745,0
4.784798433574627e-15,0.3211023563402687,-4.642101236837608e-16,-2.5834624482388168e-14,-0.25904142611470665,-1.5579099960194747,0.6981713351739963,7.325329624874558e-15,6.7600496071635146,6.760049607163511,6.760049607163659,6.760049607163507,0
4.785882635747113e-15,0.3211154448516,-4.631522340822212e-16,-2.586963919364187e-14,-0.2628113395317482,-1.5575415360083131,0.699958705708026,7.328817105740038e-15,6.760325154770489,6.760325154770486,6.760325154770634,6.760325154770481,0
4.786816066054987e-15,0.32112858469107547,-4.622346921088595e-16,-2.5898263396777966e-14,-0.266583257725943,-1.5571586292610813,0.7017352745809544,7.337431085577078e-15,6.760601782969973,6.76060178296997,6.7606017829701175,6.760601782969965,0
4.787898574161578e-15,0.3211417759115909,-4.611661200541746e-16,-2.5933379284237414e-14,-0.27035709210268216,-1.556761324603461,0.7035010143297711,7.340945000305195e-15,6.76087949287556,6.760879492875557,6.760879492875705,6.760879492875552,0
4.788911625566494e-15,0.3211550185655085,-4.601870729543824e-16,-2.5962047814830646e-14,-0.2741327543497899,-1.5563496713430414,0.7052558982249433,7.349730717942967e-15,6.761158285589615,6.761158285589612,6.76115828558976,6.761158285589607,0
4.789900960048887e-15,0.32116831270463153,-4.592348709353145e-16,-2.5984291501308856e-14,-0.277910156444132,-1.5559237192645992,0.7069999002722355,7.3637112826686e-15,6.761438162202731,6.761438162202729,6.761438162202876,6.761438162202723,0
4.79078865057761e-15,0.32118165838017787,-4.583273016557372e-16,-2.601930671793807e-14,-0.28168921065812796,-1.5554835186253286,0.7087329952143762,7.366924886369207e-15,6.761719123793181,6.761719123793179,6.761719123793326,6.761719123793173,0
4.791469665067202e-15,0.32119505564275347,-4.575134940439212e-16,-2.6046403099193264e-14,-0.28546982956612027,-1.555029120150032,0.7104551585325559,7.374293475763452e-15,6.762001171426352,6.762001171426349,6.762001171426497,6.762001171426344,0
4.792503045262852e-15,0.32120850454232497,-4.565224000052997e-16,-2.6075065678189693e-14,-0.289251926050662,-1.5545605750262714,0.7121663664477944,7.383094613346899e-15,6.762284306154172,6.76228430615417,6.762284306154317,6.762284306154164,0
4.7934161467799925e-15,0.32122200512819205,-4.555471379881204e-16,-2.6110386306842925e-14,-0.2930354133086924,-1.55407793489947,0.7138665959221422,7.386313185392174e-15,6.7625685290145325,6.76256852901453,6.762568529014677,6.7625685290145245,0
4.794571499720047e-15,0.3212355574489593,-4.544403255498054e-16,-2.614592524749497e-14,-0.2968202048575805,-1.553581251867981,0.7155558246597289,7.389381926672032e-15,6.762853841030686,6.762853841030683,6.7628538410308305,6.762853841030678,0
4.795599797718014e-15,0.32124916155250777,-4.534247287358336e-16,-2.6167914919436072e-14,-0.30060621454108044,-1.5530705784781,0.7172340311076586,7.403793008852718e-15,6.763140243210652,6.76314024321065,6.763140243210797,6.763140243210644,0
4.796744986262702e-15,0.3212628174859655,-4.522852025669874e-16,-2.620341668818492e-14,-0.30439335653516086,-1.5525459677190692,0.7189011944567698,7.406810114855275e-15,6.763427736546605,6.763427736546603,6.763427736546751,6.763427736546598,0
4.79763098272553e-15,0.3212765252956787,-4.514198505972651e-16,-2.6231910437631615e-14,-0.3081815453537017,-1.5520074730180295,0.7205572946422204,7.415405451902922e-15,6.76371632201425,6.763716322014249,6.763716322014396,6.763716322014243,0
4.798720267095699e-15,0.32129028502718143,-4.503111389250234e-16,-2.6260264127978918e-14,-0.3119706958541254,-1.5514551482349312,0.7222023123439484,7.423569016091077e-15,6.764006000572204,6.764006000572202,6.7640060005723495,6.764006000572197,0
4.799646921139995e-15,0.321304096725166,-4.494367910183011e-16,-2.6281729290494466e-14,-0.31576072324286064,-1.5508890476574289,0.7238362289869653,7.43796068669299e-15,6.764296773161353,6.764296773161351,6.764296773161498,6.7642967731613455,0
4.8006210090293375e-15,0.3213179604334522,-4.484757833212092e-16,-2.631712463938973e-14,-0.3195515430807184,-1.550309225995732,0.7254590267415101,7.44065325765638e-15,6.764588640704219,6.7645886407042175,6.764588640704365,6.764588640704212,0
4.801615425709414e-15,0.32133187619495646,-4.474882542105097e-16,-2.6352491645076316e-14,-0.32334307128812917,-1.5497157383774434,0.7270706885230545,7.443368948240646e-15,6.76488160410431,6.764881604104308,6.764881604104455,6.7648816041043025,0
4.802870728537245e-15,0.3213458440516612,-4.46488602659365e-16,-2.638112183316024e-14,-0.3271352241503004,-1.5491086403423526,0.7286711979921722,7.45186369365352e-15,6.765175664245462,6.765175664245461,6.765175664245608,6.765175664245455,0
4.803736396209339e-15,0.3213598640445833,-4.456707952544782e-16,-2.640196692161966e-14,-0.3309279183222008,-1.548487987837213,0.7302605395542432,7.466088255250159e-15,6.765470821991189,6.765470821991188,6.765470821991335,6.765470821991182,0
4.8047579179437275e-15,0.32137393621374233,-4.446977180427003e-16,-2.6423040021891623e-14,-0.3347210708334738,-1.5478538372104922,0.7318386983590326,7.480468920972496e-15,6.765767078184012,6.76576707818401,6.765767078184157,6.7657670781840045,0
4.805625279681716e-15,0.3213880605981294,-4.4384888941761196e-16,-2.6451220604611313e-14,-0.33851459909321385,-1.5472062452071005,0.7334056603001259,7.488993979286036e-15,6.766064433644792,6.76606443364479,6.766064433644938,6.766064433644785,0
4.806738280974408e-15,0.3214022372356747,-4.4281006205228996e-16,-2.647217169027313e-14,-0.3423084208946138,-1.5465452689631065,0.7349614120142195,7.503460206634677e-15,6.766362889172061,6.7663628891720595,6.766362889172207,6.766362889172054,0
4.807753026445219e-15,0.32141646616321556,-4.418277187714947e-16,-2.6500873815089572e-14,-0.3461024544194988,-1.5458709660004173,0.7365059408802631,7.512364827325376e-15,6.766662445541343,6.766662445541341,6.766662445541488,6.766662445541336,0
4.808754219388873e-15,0.3214307474164642,-4.408086870661478e-16,-2.6528477140446247e-14,-0.3498966182427562,-1.5451833942214543,0.7380392350184868,7.519849967451815e-15,6.766963103504472,6.76696310350447,6.766963103504618,6.766963103504465,0
4.809804540243469e-15,0.3214450810299753,-4.397512727922514e-16,-2.656438419504471e-14,-0.35369083133661267,-1.544482611903807,0.7395612832892643,7.522344356109923e-15,6.767264863788917,6.767264863788915,6.7672648637890624,6.76726486378891,0
4.810871801757009e-15,0.32145946703711353,-4.3870968508635423e-16,-2.6592612528379637e-14,-0.3574850130748253,-1.5437686776948818,0.7410720752918721,7.530680753398242e-15,6.767567727097089,6.767567727097087,6.7675677270972345,6.767567727097082,0
4.812103387662317e-15,0.3214739054700208,-4.3750774058614017e-16,-2.6629070475107405e-14,-0.36127908323673036,-1.5430416506065163,0.7425716013630833,7.532906865217942e-15,6.767871694105662,6.7678716941056605,6.767871694105808,6.767871694105655,0
4.81291992742347e-15,0.3214883963595837,-4.366866907031696e-16,-2.6657217031328503e-14,-0.36507296201116923,-1.5423015900096106,0.7440598525756501,7.541357565881052e-15,6.768176765464882,6.76817676546488,6.768176765465028,6.768176765464875,0
4.814261627611921e-15,0.32150293973540095,-4.3545964759393755e-16,-2.6678069926944223e-14,-0.36886657000031825,-1.5415485556287232,0.7455368207366504,7.556048933518953e-15,6.768482941797876,6.768482941797875,6.7684829417980215,6.76848294179787,0
4.815345829784406e-15,0.32151753562575025,-4.344483255547086e-16,-2.6698350783251208e-14,-0.3726598282233723,-1.5407826075366806,0.7470024983857094,7.570606318016372e-15,6.768790223699966,6.768790223699965,6.768790223700112,6.76879022369996,0
4.816467301406571e-15,0.3215321840575558,-4.3340031226856955e-16,-2.6718540696009846e-14,-0.376452658120108,-1.5400038061491723,0.7484568787930844,7.585327262802152e-15,6.769098611737977,6.769098611737976,6.769098611738123,6.769098611737971,0
4.817492211272749e-15,0.3215468850563555,-4.323986161795205e-16,-2.6746518694594417e-14,-0.3802449815543603,-1.5392122122193224,0.7498999559576328,7.593210444038752e-15,6.769408106449549,6.769408106449548,6.769408106449695,6.769408106449543,0
4.8185442261932385e-15,0.3215616386462681,-4.3139241650125955e-16,-2.6766790321296997e-14,-0.384036720817333,-1.5384078868322968,0.7513317246046585,7.608011945098668e-15,6.769718708342445,6.769718708342444,6.769718708342591,6.769718708342439,0
4.819431916721961e-15,0.32157644484996073,-4.305104616234222e-16,-2.6794984096185274e-14,-0.38782779863083267,-1.537590891399866,0.7527521801836272,7.61628676675869e-15,6.770030417893869,6.770030417893868,6.770030417894015,6.770030417893863,0
4.820380593622886e-15,0.3215913036886162,-4.2957826498775026e-16,-2.682311395468274e-14,-0.391618138150351,-1.5367612876549963,0.7541613188657705,7.624536632340052e-15,6.770343235549774,6.770343235549773,6.77034323554992,6.770343235549768,0
4.82107346657374e-15,0.32160621518190036,-4.2886264087498805e-16,-2.6850864072045776e-14,-0.3954076629680363,-1.5359191376464378,0.7555591375415668,7.632768439099228e-15,6.770657161724177,6.770657161724176,6.770657161724323,6.770657161724171,0
4.822145810284964e-15,0.32162117934792983,-4.278104804112207e-16,-2.68792335896611e-14,-0.3991962971155578,-1.5350645037333013,0.7569456338181058,7.6410260832736e-15,6.770972196798482,6.770972196798481,6.770972196798628,6.770972196798476,0
4.823030112681897e-15,0.3216361962032397,-4.2692406828299316e-16,-2.6907303108299724e-14,-0.40298396506686357,-1.5341974485796455,0.7583208060163514,7.649340732445912e-15,6.771288341120795,6.771288341120794,6.771288341120941,6.771288341120789,0
4.824075351338809e-15,0.3216512657627512,-4.258569706636076e-16,-2.693550919195672e-14,-0.4067705917407732,-1.533318035149083,0.7596846531682733,7.657539219797621e-15,6.771605595005249,6.771605595005248,6.771605595005394,6.7716055950052425,0
4.825334042298429e-15,0.3216663880397399,-4.24683723861447e-16,-2.6964026622630788e-14,-0.4105561025034906,-1.5324263266993807,0.761037175013878,7.665795832726302e-15,6.7719239587313265,6.771923958731326,6.771923958731472,6.77192395873132,0
4.826582568862682e-15,0.3216815630458037,-4.2346192271161843e-16,-2.6992460044437686e-14,-0.4143404231710151,-1.5315223867770529,0.7623783719981347,7.674093658938498e-15,6.7722434325431955,6.7722434325431955,6.772243432543341,6.77224343254319,0
4.82758884400402e-15,0.32169679079083124,-4.2243127751250794e-16,-2.702078018772392e-14,-0.418123480011395,-1.530606279212,0.7637082452677905,7.68222263167286e-15,6.772564016649039,6.772564016649039,6.772564016649184,6.772564016649033,0
4.828539214970839e-15,0.3217120712829705,-4.214986181706095e-16,-2.704881226883578e-14,-0.42190519974689605,-1.529678068112124,0.7650267966680795,7.690378513556221e-15,6.772885711220392,6.772885711220392,6.772885711220538,6.772885711220387,0
4.829633581538692e-15,0.3217274045285976,-4.204098355219958e-16,-2.7077013418070025e-14,-0.4256855095560454,-1.5287378178579794,0.7663340287393365,7.698459827769137e-15,6.773208516391488,6.773208516391488,6.773208516391634,6.773208516391483,0
4.830727948106544e-15,0.3217427905322855,-4.193851557950798e-16,-2.7105140090372743e-14,-0.42946433707556386,-1.5277855930974276,0.767629944713507,7.706584370455828e-15,6.773532432258602,6.773532432258602,6.773532432258747,6.773532432258596,0
4.831786739290612e-15,0.3217582292967736,-4.18375450950214e-16,-2.7133239693101188e-14,-0.4332416104021934,-1.5268214587402964,0.7689145485105543,7.714575926726733e-15,6.773857458879404,6.773857458879404,6.77385745887955,6.773857458879399,0
4.832757439048166e-15,0.3217737208229372,-4.174484840545877e-16,-2.7161302165239895e-14,-0.43701725809439285,-1.5258454799530805,0.7701878447347813,7.72265780800695e-15,6.774183596272321,6.774183596272321,6.774183596272467,6.774183596272316,0
4.83403645879852e-15,0.32178926510975703,-4.1620106868782454e-16,-2.7189617654439883e-14,-0.4407912091739523,-1.5248577221536312,0.7714498386710509,7.730726307940657e-15,6.774510844415897,6.774510844415897,6.774510844416042,6.774510844415891,0
4.835290067560456e-15,0.32180486215428955,-4.149601546704829e-16,-2.7217884363920278e-14,-0.4445633931274693,-1.5238582510058916,0.7727005362809206,7.738815322752884e-15,6.774839203248161,6.774839203248161,6.774839203248306,6.774839203248155,0
4.836238744461381e-15,0.32182051195163736,-4.1400187502976883e-16,-2.724577234468027e-14,-0.4483337399077468,-1.522847132414619,0.7739399441986812,7.746838638231126e-15,6.775168672666009,6.775168672666009,6.775168672666155,6.775168672666004,0
4.837221302680196e-15,0.3218362144949196,-4.130839830319899e-16,-2.7273683504560717e-14,-0.4521021799350321,-1.521824432520168,0.7751680697273086,7.754928641026857e-15,6.7754992525245825,6.7754992525245825,6.775499252524728,6.775499252524577,0
4.838295340457314e-15,0.3218519697752433,-4.1203707149682513e-16,-2.730166962877237e-14,-0.4558686440982264,-1.5207902176932564,0.7763849208343443,7.762867211390753e-15,6.775830942636659,6.77583094263666,6.775830942636805,6.775830942636654,0
4.839467634056314e-15,0.32186777778167436,-4.1092890156321195e-16,-2.7329881891115995e-14,-0.45963306375590374,-1.5197445545297867,0.7775905061476728,7.770697582496134e-15,6.7761637427720505,6.776163742772051,6.776163742772196,6.776163742772045,0
4.840609434469213e-15,0.3218836385012097,-4.0983909271945167e-16,-2.735825716250597e-14,-0.4633953707373021,-1.5186875098456585,0.7787848349512304,7.778676043916858e-15,6.776497652657005,6.776497652657006,6.7764976526571505,6.7764976526569995,0
4.8417004129052766e-15,0.32189955191874886,-4.087354581483048e-16,-2.7386007202192838e-14,-0.4671554973431445,-1.5176191506716454,0.7799679171806363,7.786142009060108e-15,6.776832671973619,6.77683267197362,6.776832671973764,6.776832671973613,0
4.842806637934391e-15,0.32191551801706664,-4.076298570855205e-16,-2.7414155868849186e-14,-0.4709133763464165,-1.5165395442482665,0.781139763418748,7.793928266665227e-15,6.777168800359256,6.777168800359257,6.7771688003594015,6.7771688003592505,0
4.84413647966158e-15,0.3219315367767859,-4.063698233352538e-16,-2.744262343187479e-14,-0.47466894099299417,-1.5154487580206906,0.7823003848911255,7.801859281774906e-15,6.777506037405976,6.777506037405977,6.777506037406122,6.777506037405971,0
4.845815298963038e-15,0.32194760817635054,-4.0517049966017873e-16,-2.747147541308909e-14,-0.4784221250022012,-1.5143468596336878,0.7834497934614512,7.809862629406936e-15,6.777844382659969,6.7778443826599695,6.777844382660114,6.777844382659963,0
4.846953711244148e-15,0.3219637321919994,-4.0406237359460556e-16,-2.7499421766663628e-14,-0.4821728625672634,-1.513233916926588,0.7845880016268629,7.817677019892089e-15,6.778183835620997,6.778183835620998,6.778183835621142,6.778183835620991,0
4.848037913416633e-15,0.32197990879773997,-4.0300479624835016e-16,-2.7527333600190987e-14,-0.48592108835564723,-1.5121099979282784,0.7857150225132148,7.825612926128682e-15,6.77852439574185,6.778524395741851,6.778524395741996,6.778524395741845,0
4.849117033391435e-15,0.32199613796532284,-4.0195033467336834e-16,-2.7555198717500764e-14,-0.4896667375093393,-1.5109751708522345,0.7868308698702964,7.833391286740976e-15,6.778866062427805,6.778866062427806,6.778866062427951,6.7788660624278,0
4.850412993800734e-15,0.3220124196642165,-4.007583815172383e-16,-2.7583580156262895e-14,-0.49340974564498064,-1.5098295040915828,0.7879355580669585,7.841155691145186e-15,6.779208835036093,6.779208835036094,6.779208835036239,6.779208835036088,0
4.8517292830007675e-15,0.3220287538615827,-3.9966102031149044e-16,-2.7611740091519528e-14,-0.49715004885395336,-1.5086730662141903,0.789029102086201,7.848970346800156e-15,6.779552712875381,6.7795527128753825,6.779552712875526,6.779552712875376,0
4.852862613084194e-15,0.32204514052225186,-3.9855152460620996e-16,-2.763977774677348e-14,-0.5008875837023548,-1.5075059259577912,0.7901115175201935,7.856737233277854e-15,6.779897695205258,6.77989769520526,6.7798976952054035,6.779897695205253,0
4.853979002508675e-15,0.32206157960869936,-3.975010482206422e-16,-2.766774737675534e-14,-0.5046222872308619,-1.5063281522251606,0.7911828205652351,7.864526742019399e-15,6.780243781235732,6.7802437812357335,6.780243781235877,6.780243781235727,0
4.855305456104075e-15,0.32207807108102204,-3.962487053612676e-16,-2.769613030463004e-14,-0.5083540969545605,-1.5051398140792949,0.7922430280166723,7.872310247114564e-15,6.7805909701267355,6.780590970126737,6.780590970126881,6.780590970126731,0
4.8566624028855766e-15,0.3220946148969151,-3.949757576919633e-16,-2.7724346300256983e-14,-0.5120829508626163,-1.5039409807386592,0.7932921572637478,7.880142725754854e-15,6.780939260987641,6.780939260987643,6.780939260987787,6.780939260987637,0
4.857777098244163e-15,0.3221112110116496,-3.9389565708773823e-16,-2.7752309710249552e-14,-0.515808787417915,-1.502731721572449,0.7943302262844112,7.887757078933249e-15,6.781288652876788,6.781288652876791,6.781288652876935,6.781288652876785,0
4.858956168106741e-15,0.3221278593780504,-3.9279156723443e-16,-2.7780362625557465e-14,-0.5195315455565923,-1.5015121060959036,0.7953572536400813,7.895655845279206e-15,6.781639144801016,6.7816391448010185,6.781639144801162,6.781639144801012,0
4.8601792836825764e-15,0.32214455994647445,-3.916329939955676e-16,-2.780827977394906e-14,-0.5232511646874848,-1.5002822039656536,0.7963732584703597,7.903142899008459e-15,6.7819907357152065,6.781990735715209,6.781990735715353,6.781990735715203,0
4.861055115750037e-15,0.3221613126647896,-3.9048092313573755e-16,-2.7835433314034896e-14,-0.5269675846914805,-1.4990420849751072,0.7973782604876926,7.910138722306602e-15,6.782343424521841,6.7823434245218435,6.782343424521987,6.782343424521837,0
4.86228839572124e-15,0.3221781174783539,-3.893150318383061e-16,-2.7863437817288707e-14,-0.5306807459208295,-1.4977918190498687,0.7983722799720088,7.917960627124233e-15,6.7826972100705625,6.782697210070565,6.782697210070709,6.782697210070559,0
4.863365821630147e-15,0.32219497432999544,-3.8827592173378356e-16,-2.789124735608082e-14,-0.5343905891983446,-1.4965314762432054,0.7993553377653007,7.925544071427736e-15,6.783052091157753,6.783052091157756,6.7830520911578995,6.783052091157749,0
4.864461882263894e-15,0.32221188315999244,-3.871806365029764e-16,-2.791910695976485e-14,-0.5380970558165018,-1.4952611267315692,0.8003274552661768,7.933088466509107e-15,6.7834080665261105,6.783408066526113,6.783408066526257,6.783408066526107,0
4.865630787731105e-15,0.322228843906054,-3.8604611667977545e-16,-2.7946954766609382e-14,-0.541800087536528,-1.4939808408101243,0.8012886544243775,7.94076546724597e-15,6.7837651348642485,6.783765134864251,6.783765134864395,6.783765134864245,0
4.86685390330694e-15,0.3222458565033013,-3.848723612267662e-16,-2.7974913111629705e-14,-0.5454996265873485,-1.492690688888345,0.8022389577352491,7.948523766335357e-15,6.784123294806297,6.7841232948062995,6.784123294806443,6.784123294806293,0
4.867949963940687e-15,0.3222629208842492,-3.8382708194966154e-16,-2.8002849178858142e-14,-0.5491956156644967,-1.4913907414856593,0.8031783882342048,7.956332843115326e-15,6.784482544931516,6.784482544931518,6.784482544931662,6.784482544931512,0
4.8690765177605356e-15,0.3222800369787885,-3.8273071025295005e-16,-2.8030575044316658e-14,-0.5528879979289549,-1.4900810692271036,0.8041069694911361,7.963920561040179e-15,6.784842883763922,6.7848428837639245,6.784842883764068,6.784842883763918,0
4.870275916413848e-15,0.32229720471416834,-3.81578163656314e-16,-2.805843004757668e-14,-0.5565767170058867,-1.4887617428390574,0.8050247256048023,7.971516449142065e-15,6.785204309771919,6.785204309771921,6.785204309772065,6.785204309771915,0
4.871451598144637e-15,0.3223144240149794,-3.804253453308414e-16,-2.8086363443772966e-14,-0.560261716983339,-1.4874328331450037,0.8059316811972022,7.979114296551127e-15,6.785566821367941,6.785566821367944,6.7855668213680875,6.785566821367937,0
4.87257645789859e-15,0.3223316948031375,-3.793213838537732e-16,-2.8114141248707357e-14,-0.5639429424108624,-1.4860944110613303,0.8068278614079117,7.986654307140361e-15,6.785930416908112,6.785930416908115,6.785930416908259,6.7859304169081085,0
4.8737995734744256e-15,0.32234901699786755,-3.781324491723128e-16,-2.8142250020170393e-14,-0.5676203382980652,-1.4847465475931858,0.8077132918884082,7.994182427640284e-15,6.786295094691902,6.786295094691906,6.78629509469205,6.7862950946919,0
4.875012524654894e-15,0.3223663905156881,-3.7697881854913445e-16,-2.8170163994775753e-14,-0.5712938501130863,-1.4833893138303769,0.8085879987963605,8.00187026518342e-15,6.786660852961808,6.786660852961812,6.786660852961956,6.7866608529618055,0
4.875993388807814e-15,0.3223838152703962,-3.760146524524435e-16,-2.8197803265005297e-14,-0.5749634237810258,-1.482022780943311,0.809452008789914,8.009338386668033e-15,6.787027689903031,6.787027689903035,6.787027689903179,6.787027689903029,0
4.877248691635645e-15,0.32240129117305305,-3.7480119218088257e-16,-2.822582409544827e-14,-0.5786290056823197,-1.480647020178986,0.810305349021964,8.016847669251066e-15,6.787395603643175,6.787395603643179,6.787395603643323,6.787395603643173,0
4.878368469191915e-15,0.3224188181319698,-3.7370265743852126e-16,-2.8253610461712225e-14,-0.5822905426510228,-1.479262102857013,0.8111480471343856,8.02427973927508e-15,6.787764592251949,6.787764592251953,6.787764592252097,6.787764592251947,0
4.879564479713438e-15,0.32243639605269403,-3.7259030193223423e-16,-2.8281469095807294e-14,-0.5859479819730605,-1.477868100365716,0.8119801312522906,8.031786306558934e-15,6.7881346537408795,6.788134653740884,6.788134653741028,6.788134653740878,0
4.8808773807816825e-15,0.32245402483799634,-3.7133537567044157e-16,-2.8309527363165066e-14,-0.5896012713844009,-1.4764650841582458,0.8128016299782348,8.039184911607916e-15,6.788505786063034,6.7885057860630384,6.788505786063182,6.788505786063032,0
4.882085249764467e-15,0.3224717043878581,-3.7015641145346097e-16,-2.83373616745639e-14,-0.5932503590691958,-1.4750531257487538,0.8136125723864414,8.046666849430226e-15,6.7888779871127545,6.788877987112759,6.788877987112903,6.788877987112753,0
4.883350716987665e-15,0.32248943459945884,-3.68948379426765e-16,-2.836539091442701e-14,-0.5968951936578498,-1.4736322967086148,0.8144129880170065,8.054190289821712e-15,6.789251254725402,6.789251254725406,6.78925125472555,6.7892512547254,0
4.884585691024762e-15,0.32250721536716465,-3.6778242972723817e-16,-2.8393199283798155e-14,-0.6005357242250241,-1.4722026686627034,0.8152029068700994,8.06161642697673e-15,6.789625586677103,6.789625586677108,6.789625586677252,6.789625586677102,0
4.885676669460825e-15,0.3225250465825169,-3.667076912113764e-16,-2.8420880661020195e-14,-0.6041719002876242,-1.4707643132856933,0.8159823594001556,8.069101236854726e-15,6.790000980684519,6.790000980684524,6.790000980684668,6.790000980684518,0
4.886898090970766e-15,0.32254292813422125,-3.6553104336123165e-16,-2.844867611424611e-14,-0.6078036718027063,-1.4693173022984343,0.8167513765100749,8.076499692786887e-15,6.790377434404611,6.790377434404616,6.79037743440476,6.7903774344046095,0
4.8882618140158455e-15,0.32256085990813727,-3.6443374933638674e-16,-2.8476822197498554e-14,-0.6114309891653402,-1.4678617074643583,0.8175099895454061,8.084206530112339e-15,6.790754945434421,6.790754945434426,6.7907549454345695,6.790754945434419,0
4.889442577944318e-15,0.3225788417872684,-3.633599028526817e-16,-2.8504547248216365e-14,-0.615053803206438,-1.4663976005859296,0.8182582302885381,8.091474973989653e-15,6.791133511310867,6.791133511310871,6.791133511311015,6.791133511310865,0
4.890650446927103e-15,0.3225968736517526,-3.621722883211768e-16,-2.853227441273985e-14,-0.6186720651905264,-1.4649250535011586,0.818996130952896,8.098618316497583e-15,6.791513129510534,6.791513129510538,6.791513129510682,6.791513129510532,0
4.891631311080023e-15,0.3226149553788529,-3.611910841880465e-16,-2.8559671472857075e-14,-0.6222857268134621,-1.4634441380801635,0.8197237241771345,8.10580281678256e-15,6.791893797449488,6.791893797449492,6.791893797449636,6.791893797449486,0
4.892851038524069e-15,0.32263308684294895,-3.6000802518270587e-16,-2.8587408197505036e-14,-0.6258947402001357,-1.4619549262217504,0.8204410430193321,8.112943893112547e-15,6.792275512483089,6.792275512483093,6.792275512483237,6.792275512483087,0
4.894014861793597e-15,0.3226512679155287,-3.5889415803667493e-16,-2.861452131023457e-14,-0.6294990579021057,-1.4604574898500822,0.8211481209512045,8.119231625255665e-15,6.79265827190582,6.792658271905824,6.792658271905968,6.792658271905818,0
4.895204096051542e-15,0.3226694984651804,-3.577021005584156e-16,-2.86421758469638e-14,-0.6330986328952084,-1.458951900911359,0.8218449918523093,8.126383362562986e-15,6.79304207295112,6.793042072951124,6.793042072951268,6.793042072951118,0
4.896415353166115e-15,0.3226877783575852,-3.565080857910204e-16,-2.866986046060392e-14,-0.6366934185770874,-1.457438231370588,0.8225316900042652,8.133787749462362e-15,6.7934269127912215,6.793426912791226,6.79342691279137,6.79342691279122,0
4.8976113636876384e-15,0.3227061074555103,-3.5534430113741184e-16,-2.86975559562507e-14,-0.6402833687647805,-1.4559165532083458,0.8232082500849931,8.141097985897923e-15,6.7938127885370125,6.793812788537018,6.793812788537161,6.793812788537011,0
4.898753164100537e-15,0.322724485618802,-3.5425479315827076e-16,-2.872513412854776e-14,-0.6438684376921622,-1.4543869384176338,0.8238747071629441,8.148370575798974e-15,6.7941996972378895,6.794199697237895,6.794199697238038,6.794199697237888,0
4.9000033847306846e-15,0.3227429127043794,-3.5306846278074634e-16,-2.8752871471324844e-14,-0.647448580007399,-1.4528494590007819,0.8245310966913633,8.15555963338209e-15,6.794587635881624,6.794587635881629,6.794587635881772,6.794587635881622,0
4.901184148659157e-15,0.3227613885662288,-3.519326923382365e-16,-2.87805421792611e-14,-0.6510237507703939,-1.4513041869663497,0.8251774545025472,8.162753682143822e-15,6.794976601394243,6.794976601394248,6.794976601394391,6.794976601394241,0
4.902483497200245e-15,0.32277991305539805,-3.5075092196949465e-16,-2.8808270641190456e-14,-0.6545939054501533,-1.4497511943261419,0.8258138168021363,8.169917234631187e-15,6.795366590639912,6.795366590639917,6.79536659064006,6.79536659063991,0
4.903681201787663e-15,0.32279848601999134,-3.4961971185785367e-16,-2.8835837261922696e-14,-0.6581589999221594,-1.44819055309222,0.8264402201634091,8.176864706969133e-15,6.795757600420823,6.795757600420829,6.795757600420972,6.7957576004208216,0
4.9050127375807465e-15,0.3228171073051645,-3.483561054127969e-16,-2.8863412631937735e-14,-0.6617189904656801,-1.446622335273985,0.8270567015215908,8.183659110549918e-15,6.796149627477101,6.7961496274771065,6.7961496274772495,6.796149627477099,0
4.906225688761215e-15,0.3228357767531207,-3.4721590474406734e-16,-2.8890948545748095e-14,-0.6652738337610826,-1.445046612875298,0.8276632981681926,8.190739813463676e-15,6.796542668486706,6.796542668486711,6.796542668486854,6.796542668486704,0
4.907436945875788e-15,0.3228544942031061,-3.4605850526247514e-16,-2.891870545234163e-14,-0.6688234868870842,-1.443463457891668,0.8282600477453669,8.197809320250682e-15,6.796936720065345,6.79693672006535,6.796936720065493,6.796936720065343,0
4.908780340130134e-15,0.32287325949140633,-3.4482800351226063e-16,-2.8946502229876375e-14,-0.6723679073180269,-1.4418729423074466,0.8288469882402767,8.204954705570743e-15,6.797331778766403,6.7973317787664085,6.7973317787665515,6.797331778766401,0
4.910044113287437e-15,0.32289207245134316,-3.4374970847377904e-16,-2.8973818864165866e-14,-0.6759070529210591,-1.4402751380931138,0.8294241579794894,8.211513329663236e-15,6.797727841080863,6.797727841080868,6.797727841081011,6.797727841080861,0
4.911270616995061e-15,0.32291093291327133,-3.4256781840354566e-16,-2.9001446732902635e-14,-0.6794408819533703,-1.4386701172025722,0.8299915956233972,8.21838285399335e-15,6.7981249034372455,6.798124903437251,6.798124903437394,6.798124903437244,0
4.912405641144382e-15,0.32292984070457587,-3.4145851758697433e-16,-2.902872645606369e-14,-0.6829693530593293,-1.4370579515705155,0.8305493401606512,8.225099456461937e-15,6.7985229622015515,6.798522962201557,6.7985229622017,6.79852296220155,0
4.913616898258956e-15,0.3229487956496697,-3.4029814169422726e-16,-2.9056146533022614e-14,-0.6864924252676717,-1.4354387131098165,0.8310974309026334,8.231828003836107e-15,6.7989220136772115,6.798922013677217,6.79892201367736,6.79892201367721,0
4.914794274055639e-15,0.32296779756999155,-3.391578408146282e-16,-2.908373150867593e-14,-0.6900100579885982,-1.4338124737089968,0.8316359074779431,8.23880683731261e-15,6.79932205410504,6.799322054105045,6.799322054105188,6.799322054105038,0
4.91601569556558e-15,0.3229868462840041,-3.3800034692231993e-16,-2.911128492045542e-14,-0.6935222110109106,-1.4321793052297012,0.8321648098269132,8.24575183254949e-15,6.799723079663198,6.799723079663203,6.799723079663346,6.799723079663196,0
4.916742449834324e-15,0.3230059416071925,-3.3726272897390065e-16,-2.9138267971533126e-14,-0.6970288444991015,-1.4305392795042422,0.8326841781961536,8.252622464516723e-15,6.8001250864671645,6.80012508646717,6.800125086467313,6.800125086467163,0
4.9179960585962604e-15,0.3230250833520632,-3.360877999036344e-16,-2.916600482455192e-14,-0.7005299189904316,-1.4288924683331814,0.8331940531331211,8.259680910756764e-15,6.800528070569706,6.800528070569712,6.800528070569855,6.800528070569705,0
4.919080260768746e-15,0.32304427132814306,-3.3485671529768586e-16,-2.9193143542939774e-14,-0.7040253953920005,-1.4272389434829573,0.833694475480724,8.266077821539929e-15,6.800932027960862,6.800932027960867,6.80093202796101,6.80093202796086,0
4.9203643627167835e-15,0.3230635053419786,-3.33621995292888e-16,-2.922112437713508e-14,-0.7075152349777797,-1.4255787766835577,0.8341854863719422,8.27311784156659e-15,6.801336954567924,6.80133695456793,6.801336954568073,6.8013369545679225,0
4.921682345982711e-15,0.32308278519713557,-3.3236161404523346e-16,-2.924895525558567e-14,-0.7109993993856701,-1.4239120396262241,0.8346671272244923,8.280183571257568e-15,6.801742846255439,6.801742846255444,6.801742846255587,6.801742846255437,0
4.9229427310082256e-15,0.3231021106941989,-3.3129241219816704e-16,-2.9276213561018895e-14,-0.7144778506145119,-1.4222388039612264,0.8351394397355223,8.286775681996424e-15,6.802149698825193,6.802149698825199,6.802149698825342,6.8021496988251915,0
4.924176010979428e-15,0.3231214816307729,-3.3012809460733236e-16,-2.930362409251483e-14,-0.7179505510211007,-1.4205591412956435,0.8356024658763199,8.293350336510256e-15,6.802557508016225,6.80255750801623,6.802557508016373,6.802557508016223,0
4.925556674683452e-15,0.3231408978014814,-3.2888221522293315e-16,-2.9331267264897036e-14,-0.7214174633171893,-1.4188731231912222,0.8360562478870791,8.300101076264102e-15,6.802966269504824,6.8029662695048305,6.8029662695049735,6.802966269504823,0
4.9265968311426806e-15,0.3231603589979686,-3.2763608725430725e-16,-2.935873208643034e-14,-0.7248785505664873,-1.4171808211622514,0.8365008282716819,8.307078054277245e-15,6.803375978904554,6.80337597890456,6.803375978904703,6.803375978904553,0
4.927799617927782e-15,0.3231798650088995,-3.2647272748912615e-16,-2.938647028519681e-14,-0.7283337761816331,-1.4154823066734974,0.8369362497925172,8.313861194502121e-15,6.803786631766258,6.803786631766264,6.803786631766407,6.803786631766257,0
4.929053226689718e-15,0.3231994156199616,-3.252752431639734e-16,-2.941399614155889e-14,-0.7317831039211949,-1.4137776511381575,0.8373625554653379,8.320682053453483e-15,6.804198223578092,6.804198223578098,6.804198223578241,6.804198223578091,0
4.930239072815874e-15,0.3232190106138656,-3.2409953842124204e-16,-2.944155173796741e-14,-0.7352264978866189,-1.412066925915886,0.8377797885541486,8.327579311195146e-15,6.804610749765543,6.80461074976555,6.8046107497656925,6.804610749765543,0
4.931474046852971e-15,0.323238649770347,-3.228947935895917e-16,-2.9469190205424006e-14,-0.7386639225192088,-1.4103502023108325,0.8381879925661283,8.334114396253261e-15,6.805024205691467,6.805024205691474,6.805024205691616,6.805024205691467,0
4.932773395394059e-15,0.32325833286616795,-3.2175757045416075e-16,-2.9496058404040416e-14,-0.7420953425970948,-1.4086275515697302,0.8385872112465944,8.339928405140572e-15,6.805438586656118,6.805438586656125,6.805438586656267,6.805438586656118,0
4.93418285821829e-15,0.32327805967511897,-3.2049474524036926e-16,-2.952384004638378e-14,-0.7455207232321773,-1.4068990448800305,0.8389774885739931,8.346733266606426e-15,6.805853887897192,6.805853887897199,6.805853887897341,6.805853887897192,0
4.935488983022956e-15,0.323297829968021,-3.192452301917643e-16,-2.9551246598233186e-14,-0.7489400298670917,-1.4051647533680713,0.8393588687549366,8.353407094168621e-15,6.806270104589866,6.806270104589873,6.806270104590015,6.806270104589866,0
4.9368323772773016e-15,0.3233176435127278,-3.179700648634657e-16,-2.957890782582353e-14,-0.7523532282721763,-1.4034247480972684,0.8397313962192674,8.359991187148197e-15,6.806687231846852,6.806687231846859,6.806687231847001,6.806687231846852,0
4.938143584279651e-15,0.32333750007412815,-3.167353181330278e-16,-2.960644082544295e-14,-0.7557602845424061,-1.4016791000663869,0.8400951156151755,8.366650728472221e-15,6.807105264718438,6.807105264718445,6.8071052647185875,6.807105264718438,0
4.939402275239271e-15,0.32335739941414854,-3.155731789530232e-16,-2.9633956722814255e-14,-0.7591611650943619,-1.399927880207798,0.8404500718043302,8.373330637553685e-15,6.807524198192552,6.807524198192559,6.807524198192701,6.807524198192552,0
4.9405491578498534e-15,0.32337734129175594,-3.143684529682825e-16,-2.966165393418341e-14,-0.7625558366631845,-1.3981711593858128,0.8407963098570722,8.380415658138873e-15,6.8079440271948135,6.807944027194821,6.807944027194963,6.8079440271948135,0
4.941856976720414e-15,0.3233973254629606,-3.1312961384106245e-16,-2.9689460275786265e-14,-0.7659442662995366,-1.3964090083950333,0.8411338750476348,8.387156880227194e-15,6.808364746588596,6.808364746588604,6.808364746588746,6.808364746588596,0
4.943063151637304e-15,0.3234173516808192,-3.1199049067739247e-16,-2.971682139360761e-14,-0.7693264213665465,-1.394641497958754,0.8414628128493998,8.393757524730486e-15,6.808786351175092,6.8087863511751,6.808786351175241,6.808786351175092,0
4.944462450066168e-15,0.32343741969543793,-3.107003648899646e-16,-2.974455511836915e-14,-0.7727022695368083,-1.3928686987273655,0.8417831689301991,8.400596354926458e-15,6.809208835693381,6.809208835693389,6.80920883569353,6.809208835693381,0
4.945644908060535e-15,0.32345752925397575,-3.095540012100806e-16,-2.977194106192593e-14,-0.776071778789308,-1.3910906812768589,0.8420949891476607,8.407225758540825e-15,6.809632194820493,6.809632194820501,6.809632194820642,6.809632194820493,0
4.94683414231848e-15,0.32347768010064804,-3.0840063329145835e-16,-2.979933410559184e-14,-0.7794349174064278,-1.3893075161072859,0.842398319544575,8.413790378617867e-15,6.810056423171488,6.810056423171496,6.810056423171638,6.810056423171488,0
4.948106385805256e-15,0.32349787197673,-3.0721146305928946e-16,-2.982676878868066e-14,-0.782791653970919,-1.3875192736413093,0.8426932063443233,8.420339919556505e-15,6.81048151529953,6.810481515299538,6.81048151529968,6.81048151529953,0
4.949398958082766e-15,0.3235181046205605,-3.060000425583525e-16,-2.985426872179422e-14,-0.786141957362886,-1.3857260242227682,0.8429796959463354,8.426911255847358e-15,6.810907465695961,6.810907465695969,6.81090746569611,6.810907465695961,0
4.9507016947556435e-15,0.32353837776754557,-3.0477484291183404e-16,-2.9881770963250534e-14,-0.7894857967567743,-1.3839278381152817,0.8432578349215873,8.433476222751281e-15,6.811334268790382,6.81133426879039,6.811334268790532,6.811334268790382,0
4.951948527254002e-15,0.32355869115016256,-3.035731345826554e-16,-2.990914097910621e-14,-0.7928231416183871,-1.3821247855008687,0.8435276700081407,8.440096685505433e-15,6.811761918950739,6.811761918950748,6.8117619189508885,6.811761918950739,0
4.953237711399723e-15,0.32357904449796404,-3.023305454390864e-16,-2.9936742890710146e-14,-0.7961539617018796,-1.3803169364786263,0.8437892481067248,8.446677630525717e-15,6.812190410483402,6.812190410483411,6.812190410483551,6.812190410483402,0
4.954547224336178e-15,0.32359943753758197,-3.010995919145637e-16,-2.9964240468007364e-14,-0.7994782270467894,-1.378504361063417,0.8440426162763579,8.453208797316787e-15,6.812619737633253,6.812619737633262,6.812619737633402,6.812619737633253,0
4.955782198373275e-15,0.32361986999273173,-2.9992770870528553e-16,-2.9991684999811595e-14,-0.8027959079750671,-1.3766871291845966,0.8442878217300097,8.459674238257297e-15,6.8130498945837745,6.813049894583783,6.813049894583924,6.8130498945837745,0
4.956983291092481e-15,0.32364034158421656,-2.9876238257488115e-16,-3.001895127527774e-14,-0.8061069750881084,-1.3748653106847786,0.844524911830305,8.465939213675393e-15,6.81348087545714,6.813480875457149,6.813480875457289,6.81348087545714,0
4.95824537018389e-15,0.3236608520299317,-2.9755956980674754e-16,-3.004656644307668e-14,-0.8094113992638051,-1.3730389753186165,0.8447539340852656,8.472426214688397e-15,6.8139126743143015,6.81391267431431,6.813912674314451,6.8139126743143015,0
4.959592152570025e-15,0.3236814010448691,-2.963938093668211e-16,-3.007349365635195e-14,-0.8127091516536247,-1.3712081927516206,0.8449749361441012,8.478077364176024e-15,6.814345285155088,6.814345285155097,6.8143452851552375,6.814345285155088,0
4.960822044409438e-15,0.3237019883411214,-2.9519564414013835e-16,-3.010086076352849e-14,-0.8160002036796626,-1.3693730325590106,0.8451879657930327,8.48449824550092e-15,6.8147787019182955,6.814778701918304,6.814778701918445,6.8147787019182955,0
4.962077347237269e-15,0.3237226136278871,-2.9399387699734272e-16,-3.0128372188054175e-14,-0.8192845270317544,-1.3675335642245778,0.8453930709511597,8.490931512761196e-15,6.815212918481784,6.815212918481793,6.815212918481933,6.815212918481784,0
4.9634224355575086e-15,0.3237432766114747,-2.9273260460271274e-16,-3.015591268752844e-14,-0.8225620936645531,-1.3656898571396014,0.84559029966637,8.497245658362783e-15,6.815647928662575,6.8156479286625835,6.815647928662724,6.815647928662575,0
4.964699761241968e-15,0.32376397699530746,-2.915134704286913e-16,-3.018352311362104e-14,-0.8258328757946805,-1.3638419806017643,0.8457797001112964,8.503939917423144e-15,6.816083726216949,6.816083726216958,6.816083726217098,6.816083726216949,0
4.9659770869264275e-15,0.32378471447992824,-2.9031953660768224e-16,-3.0210921991194996e-14,-0.8290968458978156,-1.3619900038141264,0.8459613205793006,8.510319325195058e-15,6.816520304840544,6.8165203048405525,6.816520304840693,6.816520304840544,0
4.967281517665199e-15,0.32380548876300413,-2.8907287751513667e-16,-3.023843928074282e-14,-0.8323539767058771,-1.3601339958840888,0.8461352094805106,8.516597697798707e-15,6.816957658168457,6.816957658168466,6.816957658168606,6.816957658168457,0
4.96858933653576e-15,0.3238262995393314,-2.878378685129863e-16,-3.0266037632792235e-14,-0.8356042412041732,-1.3582740258224069,0.8463014153378926,8.522936743968948e-15,6.817395779775347,6.817395779775356,6.817395779775496,6.817395779775347,0
4.9698971554063204e-15,0.32384714650084,-2.866128169001708e-16,-3.0293567130779587e-14,-0.8388476126285668,-1.356410162542237,0.8464599867833704,8.529236335367023e-15,6.817834663175528,6.817834663175537,6.817834663175677,6.817834663175528,0
4.971167704827202e-15,0.3238680293365988,-2.8541805291807273e-16,-3.0321111016775114e-14,-0.8420840644626915,-1.3545424748581754,0.8466109725539797,8.535575168908045e-15,6.818274301823082,6.818274301823091,6.818274301823231,6.818274301823082,0
4.972409455127877e-15,0.3238889477328204,-2.8425019068058777e-16,-3.0348430570506406e-14,-0.8453135704351588,-1.3526710314853403,0.8467544214880608,8.541728720373313e-15,6.818714689111958,6.8187146891119665,6.818714689112107,6.818714689111958,0
4.973720662130226e-15,0.3239099013728659,-2.830075883215964e-16,-3.0375820809905355e-14,-0.8485361045167856,-1.3507959010384878,0.8468903825215073,8.548015543444386e-15,6.819155818376073,6.819155818376083,6.819155818376222,6.819155818376074,0
4.975150453745192e-15,0.32393088993724994,-2.8170041028014985e-16,-3.0403458271630865e-14,-0.8517516409178295,-1.348917152031135,0.847018904684033,8.554325080125657e-15,6.819597682889421,6.819597682889431,6.819597682889571,6.819597682889422,0
4.976475213274697e-15,0.3239519131036459,-2.804489342537336e-16,-3.0430856163101504e-14,-0.8549601540852876,-1.347034852874693,0.8471400370954983,8.560506774402176e-15,6.820040275866178,6.820040275866188,6.820040275866328,6.820040275866179,0
4.977744068629684e-15,0.32397297054689045,-2.7923283518257464e-16,-3.04580649430004e-14,-0.8581616187001425,-1.3451490718776669,0.847253828962269,8.56653622653845e-15,6.820483590460799,6.820483590460809,6.820483590460949,6.8204835904608005,0
4.979117956070131e-15,0.32399406193898894,-2.779420015045012e-16,-3.048558362948735e-14,-0.8613560096747104,-1.343259877244815,0.847360329573616,8.572696267094612e-15,6.820927619768136,6.820927619768146,6.820927619768286,6.820927619768137,0
4.9804393274678475e-15,0.3240151869491203,-2.7671195783328043e-16,-3.051292708238962e-14,-0.8645433021499273,-1.3413673370763877,0.8474595882981554,8.57854062257069e-15,6.821372356823532,6.8213723568235425,6.821372356823682,6.821372356823534,0
4.981698018427467e-15,0.32403634524364194,-2.754935789384504e-16,-3.05399876521193e-14,-0.8677234714927211,-1.339471519367344,0.8475516545803312,8.584247806627776e-15,6.821817794602936,6.821817794602946,6.821817794603086,6.8218177946029375,0
4.983026166088762e-15,0.3240575364860951,-2.7423096356196405e-16,-3.056742524502834e-14,-0.8708964932933564,-1.337572492006605,0.8476365779369246,8.590354415815694e-15,6.822263926023003,6.822263926023013,6.822263926023153,6.8222639260230045,0
4.98434414935469e-15,0.3240787603372097,-2.730172854615059e-16,-3.059478458060087e-14,-0.8740623433628525,-1.3356703227763136,0.847714407953624,8.596568106904848e-15,6.822710743941206,6.822710743941217,6.822710743941356,6.822710743941208,0
4.985611310643782e-15,0.3241000164549095,-2.7178139570397395e-16,-3.062213494220032e-14,-0.8772209977303556,-1.3337650793511482,0.8477851942816241,8.60277729675007e-15,6.823158241155937,6.823158241155949,6.823158241156087,6.82315824115594,0
4.986898800723609e-15,0.32412130449431686,-2.7057411898249257e-16,-3.064946209101272e-14,-0.8803724326405882,-1.331856829297602,0.8478489866342533,8.60881284822084e-15,6.823606410406619,6.82360641040663,6.823606410406769,6.823606410406621,0
4.988577620025067e-15,0.3241426241077582,-2.6905156113998084e-16,-3.067731068056085e-14,-0.8835166245512958,-1.3299456400733234,0.8479058347836622,8.61498808912551e-15,6.824055244373805,6.824055244373817,6.824055244373955,6.824055244373808,0
4.989760078019434e-15,0.324163974944769,-2.6792014096612224e-16,-3.0704398526206525e-14,-0.8866535501307358,-1.3280315790264283,0.8479557885575265,8.620920721729772e-15,6.824504735679296,6.824504735679308,6.824504735679446,6.824504735679299,0
4.991103472273779e-15,0.3241853566520987,-2.66668262831801e-16,-3.073156986742185e-14,-0.8897831862551469,-1.326114713394886,0.8479988978358093,8.626502138081265e-15,6.8249548768862365,6.824954876886248,6.824954876886387,6.824954876886239,0
4.992394350485395e-15,0.3242067688737157,-2.6546533158439213e-16,-3.0758911651665574e-14,-0.8929055100062842,-1.3241951103058713,0.8480352125475493,8.632482816146206e-15,6.825405660499226,6.8254056604992375,6.825405660499376,6.825405660499229,0
4.9937529913327906e-15,0.32422821125081286,-2.6420801203973996e-16,-3.0786433007682835e-14,-0.8960204986689775,-1.3222728367751402,0.848064782667688,8.638532734558078e-15,6.825857078964429,6.825857078964441,6.825857078964579,6.825857078964432,0
4.995055728005668e-15,0.324249683421812,-2.629623730404728e-16,-3.0813671571138696e-14,-0.899128129728661,-1.3203479597064551,0.8480876582139434,8.644485510674809e-15,6.826309124669674,6.826309124669686,6.826309124669824,6.826309124669677,0
4.996438085775587e-15,0.3242711850223694,-2.617470522524386e-16,-3.084094170549504e-14,-0.902228380868999,-1.3184205458909615,0.8481038892436994,8.650201890333218e-15,6.826761789944567,6.826761789944579,6.826761789944717,6.8267617899445705,0
4.997744210580253e-15,0.3242927156853806,-2.6048920488538617e-16,-3.086830509073308e-14,-0.9053212299694782,-1.3164906620066463,0.8481135258509659,8.656204023190816e-15,6.827215067060592,6.827215067060604,6.827215067060742,6.827215067060595,0
4.999087604834598e-15,0.3243142750409855,-2.5923288006425124e-16,-3.0895619071789466e-14,-0.9084066551030509,-1.3145583746177512,0.8481166181633377,8.662097859025705e-15,6.827668948231221,6.827668948231233,6.827668948231371,6.827668948231224,0
5.000393729639264e-15,0.3243358627165735,-2.5798316096990313e-16,-3.0922849402851644e-14,-0.9114846345338214,-1.3126237501742204,0.848113216339021,8.667975977198041e-15,6.828123425612021,6.828123425612034,6.828123425612171,6.828123425612025,0
5.001742206091293e-15,0.32435747833678835,-2.5671633328627455e-16,-3.0950225372403443e-14,-0.9145551467146836,-1.3106868550111928,0.8481033705638801,8.6738205627385e-15,6.828578491300755,6.828578491300768,6.828578491300905,6.8285784913007594,0
5.003046636830065e-15,0.3243791215235335,-2.5544595044202404e-16,-3.0977513785904896e-14,-0.9176181702850933,-1.3087477553484217,0.8480871310485154,8.679594885067847e-15,6.829034137337495,6.8290341373375085,6.829034137337645,6.8290341373375,0
5.0042883871307395e-15,0.32440079189597676,-2.5422453126536084e-16,-3.100471428942682e-14,-0.9206736840687583,-1.3068065172898036,0.8480645480253968,8.685360879902168e-15,6.8294903557047215,6.829490355704735,6.829490355704872,6.829490355704726,0
5.005652110175819e-15,0.3244224890705556,-2.52969069736e-16,-3.103210067715834e-14,-0.9237216670714387,-1.304863206822832,0.8480356717460064,8.691263529280223e-15,6.829947138327434,6.829947138327448,6.829947138327585,6.829947138327439,0
5.00700905695732e-15,0.324444212660982,-2.517185285868428e-16,-3.1059324709614057e-14,-0.926762098478701,-1.3029178898181322,0.8480005524780415,8.697055710087153e-15,6.830404477073253,6.830404477073267,6.830404477073404,6.830404477073258,0
5.008355839343455e-15,0.32446596227824764,-2.5043733445720845e-16,-3.108674516921003e-14,-0.929794957653769,-1.300970632028931,0.847959240502627,8.702907319878723e-15,6.830862363752529,6.830862363752543,6.83086236375268,6.8308623637525345,0
5.009706009861378e-15,0.3244877375306288,-2.4914581825042507e-16,-3.111396922051589e-14,-0.9328202241353427,-1.2990214990906033,0.8479117861115848,8.708669346608721e-15,6.831320790118449,6.831320790118463,6.8313207901186,6.831320790118454,0
5.010900326317007e-15,0.32450953802369154,-2.477796072955854e-16,-3.1141362107280105e-14,-0.9358378776354814,-1.2970705565201757,0.8478582396047185,8.714617396964503e-15,6.831779747867138,6.831779747867152,6.831779747867289,6.831779747867143,0
5.0121386884858924e-15,0.32453136336029653,-2.465538532847883e-16,-3.116862975227723e-14,-0.9388478980374765,-1.2951178697158676,0.8477986512871385,8.720341302133302e-15,6.83223922863777,6.832239228637784,6.8322392286379205,6.832239228637775,0
5.013397379445512e-15,0.32455321314060415,-2.453906301691893e-16,-3.1196001268273604e-14,-0.9418502653937906,-1.293163503956639,0.8477330714666358,8.726231367357648e-15,6.832699224012666,6.832699224012681,6.832699224012817,6.832699224012671,0
5.014667928866394e-15,0.3245750869620797,-2.4419507177154533e-16,-3.122327172684083e-14,-0.9448449599240074,-1.2912075244016976,0.847661550451048,8.731918808684773e-15,6.833159725517414,6.8331597255174295,6.833159725517565,6.83315972551742,0
5.016021487516106e-15,0.3245969844194983,-2.4291974595868265e-16,-3.125065961052213e-14,-0.9478319620127994,-1.2892499960900738,0.847584138545698,8.737682639565847e-15,6.833620724620964,6.833620724620979,6.833620724621115,6.833620724620969,0
5.01738690462708e-15,0.3246189051049499,-2.416544383893816e-16,-3.1278005039988564e-14,-0.9508112522079198,-1.2872909839401778,0.847500886050851,8.743365518774313e-15,6.8340822127357335,6.8340822127357495,6.834082212735885,6.83408221273574,0
5.018699805695324e-15,0.3246408486078445,-2.4037204574631673e-16,-3.1305335633972e-14,-0.9537828112182554,-1.2853305527493324,0.8474118432591901,8.749146279046336e-15,6.834544181217725,6.8345441812177405,6.834544181217876,6.834544181217731,0
5.020034729620197e-15,0.32466281451491713,-2.3911322877628254e-16,-3.133278955888284e-14,-0.9567466199118613,-1.2833687671933527,0.8473170604533393,8.754753443054315e-15,6.835006621366622,6.835006621366638,6.835006621366774,6.835006621366628,0
5.021300196843395e-15,0.32468480241023306,-2.3792542286925794e-16,-3.13600502520161e-14,-0.9597026593140628,-1.2814056918261014,0.8472165879034147,8.760633624263465e-15,6.835469524425904,6.83546952442592,6.835469524426056,6.8354695244259105,0
5.022750317249094e-15,0.32470681187519285,-2.366273665464724e-16,-3.138768346788541e-14,-0.9626509106055553,-1.2794413910790519,0.8471104758645925,8.76624355311598e-15,6.835932881582952,6.835932881582969,6.835932881583104,6.835932881582959,0
5.0239666565613514e-15,0.3247288424885375,-2.354697795535001e-16,-3.1414786702799606e-14,-0.9655913551205507,-1.2774759292608695,0.8469987745747304,8.771770863440797e-15,6.836396683969155,6.836396683969172,6.836396683969307,6.836396683969162,0
5.0252660051024395e-15,0.3247508938263536,-2.3425276933846534e-16,-3.144218204082273e-14,-0.9685239743449253,-1.27550937055697,0.8468815342519883,8.777754312597495e-15,6.83686092266002,6.836860922660037,6.836860922660172,6.836860922660027,0
5.026658527267726e-15,0.3247729654620787,-2.329339845149943e-16,-3.146947648871612e-14,-0.9714487499144548,-1.273541779029087,0.8467588050925084,8.783299027454623e-15,6.837325588675285,6.837325588675302,6.837325588675437,6.837325588675292,0
5.0280307206422776e-15,0.3247950569665064,-2.3167774952119467e-16,-3.1496791094700595e-14,-0.974365663613007,-1.27157321861485,0.8466306372681016,8.788851484383548e-15,6.837790672979027,6.837790672979044,6.837790672979179,6.837790672979034,0
5.029367338633045e-15,0.32481716790779164,-2.3043155087982933e-16,-3.1524248470168685e-14,-0.9772746973707939,-1.2696037531273616,0.846497080923975,8.794380409817454e-15,6.838256166479769,6.838256166479787,6.838256166479922,6.838256166479777,0
5.0307717192595925e-15,0.32483929785145604,-2.2911238228117305e-16,-3.155172844851359e-14,-0.9801758332626692,-1.2676334462547574,0.8463581861764807,8.799927296500097e-15,6.838722060030599,6.838722060030617,6.838722060030752,6.838722060030607,0
5.032072761866575e-15,0.3248614463603933,-2.278422171169437e-16,-3.1579085068610064e-14,-0.9830690535064236,-1.2656623615597804,0.8462140031108929,8.805631422860782e-15,6.839188344429279,6.839188344429297,6.839188344429432,6.839188344429287,0
5.033495777217962e-15,0.32488361299487467,-2.2651433368709068e-16,-3.160649670979674e-14,-0.9859543404611333,-1.263690562479343,0.8460645817792123,8.811096862892884e-15,6.83965501041836,6.839655010418378,6.839655010418513,6.839655010418368,0
5.034873052790198e-15,0.32490579731255403,-2.2525409234125423e-16,-3.1633922619447075e-14,-0.9888316766254994,-1.2617181123241157,0.8459099721980007,8.816604856179646e-15,6.840122048685294,6.840122048685312,6.840122048685447,6.840122048685302,0
5.036282515614429e-15,0.3249279988684739,-2.2392766507926065e-16,-3.166128582089711e-14,-0.9917010446362733,-1.259745074278071,0.845750224346241,8.822028435318202e-15,6.840589449862554,6.840589449862572,6.840589449862707,6.840589449862562,0
5.037637768330036e-15,0.3249502172150709,-2.2269598965249827e-16,-3.1688526758919944e-14,-0.9945624272666768,-1.2577715113980332,0.8455853881632073,8.827482223765972e-15,6.841057204527753,6.841057204527771,6.841057204527906,6.841057204527761,0
5.039013349836377e-15,0.32497245190218094,-2.2140321542447308e-16,-3.1715861857165105e-14,-0.9974158074248204,-1.2557974866132815,0.8454155135463931,8.832884387624917e-15,6.841525303203754,6.841525303203772,6.841525303203907,6.841525303203762,0
5.0403110043115704e-15,0.3249947024770457,-2.2018825758336295e-16,-3.174313562955248e-14,-1.000261168152224,-1.2538230627250548,0.8452406503494265,8.83813544264606e-15,6.841993736358802,6.84199373635882,6.841993736358955,6.84199373635881,0
5.041691668015595e-15,0.32501696848431777,-2.1890543044878193e-16,-3.1770588334562235e-14,-1.003098492622304,-1.25184830240613,0.8450608483800398,8.843468465471036e-15,6.842462494406635,6.842462494406653,6.842462494406788,6.842462494406643,0
5.043206162925286e-15,0.32503924946606677,-2.175496522421734e-16,-3.179814368787096e-14,-1.0059277641389133,-1.2498732682003675,0.8448761573980509,8.848752177320797e-15,6.842931567706614,6.842931567706632,6.842931567706767,6.842931567706622,0
5.044436054764699e-15,0.32506154496178546,-2.1635300928827385e-16,-3.182537287251343e-14,-1.0087489661349267,-1.247898022522225,0.84468662711336,8.85411084339905e-15,6.84340094656385,6.843400946563868,6.843400946564003,6.843400946563858,0
5.0457608142942046e-15,0.3250838545083954,-2.1512238671661364e-16,-3.1852537919798293e-14,-1.0115620821708013,-1.2459226276563335,0.8444923071839916,8.8593347945415e-15,6.843870621229322,6.84387062122934,6.843870621229475,6.84387062122933,0
5.0471059026144444e-15,0.3251061776402533,-2.1392554736014728e-16,-3.1879780481690334e-14,-1.0143670959332298,-1.243947145756994,0.8442932472141362,8.864749617223817e-15,6.844340581900014,6.844340581900032,6.844340581900167,6.844340581900022,0
5.0483984748919545e-15,0.3251285138891575,-2.1268117792892894e-16,-3.190703140344225e-14,-1.0171639912338122,-1.24197163884769,0.8440894967522268,8.87017480021141e-15,6.84481081871905,6.8448108187190675,6.8448108187192025,6.844810818719058,0
5.049768974200612e-15,0.3251508627843536,-2.114096107286614e-16,-3.1934410154929427e-14,-1.0199527520076694,-1.2399961688206567,0.8438811052890416,8.875407974033972e-15,6.84528132177581,6.845281321775828,6.845281321775963,6.845281321775818,0
5.051132697245691e-15,0.32517322385254177,-2.1016844461455221e-16,-3.196151572592312e-14,-1.0227333623122308,-1.2380207974363282,0.8436681222558141,8.880658031658994e-15,6.845752081106087,6.845752081106105,6.84575208110624,6.845752081106095,0
5.052401552600678e-15,0.32519559661788283,-2.0892210672458399e-16,-3.198887040867783e-14,-1.0255058063259532,-1.23604558632285,0.8434505970223699,8.886323830666649e-15,6.8462230866922145,6.846223086692232,6.846223086692367,6.8462230866922225,0
5.053639914769564e-15,0.3252179806020049,-2.0774175233491173e-16,-3.20159706442185e-14,-1.0282700683470656,-1.2340705969755985,0.8432285788952963,8.891509089700694e-15,6.846694328463205,6.846694328463224,6.846694328463358,6.846694328463214,0
5.0549138523222346e-15,0.32524037532401046,-2.0655115156499688e-16,-3.204312567027334e-14,-1.0310261327923915,-1.2320958907566413,0.8430021171161165,8.896730960163015e-15,6.847165796294901,6.847165796294919,6.847165796295053,6.8471657962949095,0
5.056247082181213e-15,0.3252627803004832,-2.0530795438742656e-16,-3.20703814512396e-14,-1.0337739841961908,-1.2301215288942013,0.8427712608594881,8.901781790128417e-15,6.847637480010117,6.847637480010135,6.8476374800102695,6.847637480010126,0
5.05758370017198e-15,0.325285195045495,-2.0407484234209248e-16,-3.209764573199859e-14,-1.0365136072089813,-1.2281475724821502,0.8425360592314297,8.906995432180063e-15,6.848109369378787,6.848109369378806,6.84810936937894,6.848109369378796,0
5.0589203181627474e-15,0.32530761907061356,-2.0279421955684431e-16,-3.212501961573571e-14,-1.0392449865964666,-1.2261740824794236,0.8422965612675481,8.912087891091512e-15,6.848581454118125,6.848581454118143,6.8485814541182775,6.848581454118134,0
5.06036027417308e-15,0.3253300518849093,-2.014627003586583e-16,-3.215241971291173e-14,-1.041968107238429,-1.224201119709491,0.842052815931306,8.917275827498542e-15,6.849053723892772,6.849053723892791,6.849053723892925,6.849053723892781,0
5.0614055128299915e-15,0.3253524929949633,-2.001903991849888e-16,-3.217914032407314e-14,-1.0446829541276823,-1.2222287448597797,0.8418048721122938,8.921822290542812e-15,6.849526168314961,6.849526168314981,6.849526168315115,6.849526168314971,0
5.0627607655455984e-15,0.32537494190487487,-1.9893158760391765e-16,-3.220640768433275e-14,-1.0473895123690415,-1.220257018481096,0.841552778624522,8.926926454244445e-15,6.849998776944678,6.849998776944697,6.849998776944831,6.8499987769446875,0
5.0640668903502645e-15,0.32539739811626944,-1.9766932050144956e-16,-3.223376325556108e-14,-1.0500877671783353,-1.2182860009870318,0.8412965842047329,8.932012954274976e-15,6.850471539289827,6.850471539289846,6.85047153928998,6.8504715392898365,0
5.065310334716834e-15,0.32541986112830684,-1.964662819357645e-16,-3.2260745914513773e-14,-1.052777703881448,-1.216315752653362,0.8410363375107336,8.937035379151047e-15,6.850944444806403,6.850944444806423,6.850944444806557,6.850944444806413,0
5.0667384322659046e-15,0.32544233043768933,-1.952716538700389e-16,-3.228809845568427e-14,-1.055459307913361,-1.2143463336174276,0.84077208711973,8.942336265903116e-15,6.8514174828986665,6.851417482898686,6.85141748289882,6.851417482898676,0
5.068022534213942e-15,0.3254648055386702,-1.9402783646049288e-16,-3.231533787931385e-14,-1.058132564817259,-1.2123778038775193,0.8405038815267033,8.947559062833235e-15,6.851890642919316,6.851890642919336,6.85189064291947,6.851890642919326,0
5.069450631763013e-15,0.32548728592306253,-1.9272297704197517e-16,-3.234279578151785e-14,-1.0607974602436623,-1.2104102232922114,0.8402317691427734,8.95268046850435e-15,6.852363914169681,6.8523639141697,6.8523639141698345,6.852363914169691,0
5.070788943819675e-15,0.32550977108024787,-1.9147057736656674e-16,-3.2370211046170267e-14,-1.0634539799495426,-1.208443651579735,0.8399557982935958,8.957678245782146e-15,6.852837285899899,6.852837285899919,6.852837285900053,6.852837285899909,0
5.07227125147737e-15,0.32553226049718564,-1.9016052775828255e-16,-3.2397754363182883e-14,-1.0661021097975514,-1.206478148317281,0.839676017217773,8.962657999893788e-15,6.853310747309116,6.853310747309136,6.85331074730927,6.853310747309126,0
5.073670549906234e-15,0.32555475365842207,-1.8881315637198583e-16,-3.242516570889913e-14,-1.0687418357551786,-1.2045137729403528,0.8393924740652797,8.967640430218809e-15,6.853784287545673,6.853784287545693,6.853784287545826,6.8537842875456825,0
5.074869948559546e-15,0.3255772500461003,-1.8764022592827589e-16,-3.2452199441865604e-14,-1.0713731438940426,-1.202550584742021,0.8391052168958881,8.972580903602566e-15,6.854257895707319,6.854257895707339,6.854257895707472,6.854257895707328,0
5.076128639519166e-15,0.32559974913996953,-1.8649605388906781e-16,-3.2479308466507464e-14,-1.0739960203891126,-1.200588642872254,0.8388142936776308,8.977466582399029e-15,6.854731560841408,6.8547315608414285,6.854731560841562,6.854731560841418,0
5.077507609157296e-15,0.3256222504173957,-1.8521123497719386e-16,-3.2506862193975635e-14,-1.0766104515180253,-1.1986280063371675,0.8385197522852595,8.98244530401088e-15,6.855205271945116,6.855205271945136,6.85520527194527,6.855205271945126,0
5.078800181434806e-15,0.32564475335337134,-1.8396195199922832e-16,-3.253405799684234e-14,-1.079216423660416,-1.1966687339982816,0.8382216404987248,8.987306986151323e-15,6.855679017965656,6.855679017965676,6.85567901796581,6.855679017965666,0
5.080106306239472e-15,0.32566725742052655,-1.825940495769411e-16,-3.256144304923111e-14,-1.0818139232972694,-1.194710884571765,0.8379200060016706,8.992229277791772e-15,6.856152787800502,6.856152787800522,6.856152787800656,6.856152787800512,0
5.081710586641572e-15,0.32568976208913947,-1.8131081800078974e-16,-3.25889818697557e-14,-1.084402937010292,-1.1927545166276603,0.8376148963799309,8.997155903414037e-15,6.856626570297617,6.856626570297637,6.85662657029777,6.856626570297626,0
5.0830760037525455e-15,0.32571226682714766,-1.8002754996819292e-16,-3.261635248565478e-14,-1.086983451481331,-1.1907996885890895,0.8373063591200517,9.002092623610914e-15,6.857100354255684,6.857100354255705,6.857100354255838,6.857100354255694,0
5.0844651377860426e-15,0.3257347711001595,-1.7875272390032602e-16,-3.264370870380987e-14,-1.0895554534918341,-1.1888464587314358,0.8369944416078161,9.00685503074672e-15,6.857574128424355,6.857574128424376,6.857574128424509,6.857574128424365,0
5.0858271667652275e-15,0.3257572743714656,-1.7751005891614117e-16,-3.267095796376602e-14,-1.0921189299222696,-1.1868948851815477,0.8366791911267876,9.011617829992886e-15,6.858047881504484,6.858047881504505,6.858047881504638,6.858047881504494,0
5.0870892458566364e-15,0.32577977610205144,-1.7627584144715844e-16,-3.2698089932498377e-14,-1.0946738677516916,-1.1849450259168415,0.8363606548568494,9.016360335847963e-15,6.858521602148396,6.858521602148417,6.85852160214855,6.858521602148406,0
5.0884716036265554e-15,0.32580227575060916,-1.7499586639152302e-16,-3.272546753095228e-14,-1.0972202540572331,-1.1829969387644728,0.8360388798727766,9.021135393400082e-15,6.858995278960137,6.858995278960158,6.8589952789602915,6.858995278960148,0
5.089892924912048e-15,0.3258247727735503,-1.7372942612085503e-16,-3.275414213443478e-14,-1.099758076013646,-1.1810506814004684,0.8357139131428074,9.029952580944069e-15,6.85946890049574,6.859468900495761,6.859468900495894,6.8594689004957505,0
5.0912651182866e-15,0.325847266625019,-1.7249515726914035e-16,-3.278133484411627e-14,-1.102287320892915,-1.1791063113487987,0.8353858015272201,9.034296694492929e-15,6.859942455263502,6.859942455263523,6.859942455263656,6.859942455263512,0
5.092571243091266e-15,0.32586975675690516,-1.7129136967499371e-16,-3.280717078370522e-14,-1.104807976063861,-1.1771638859804725,0.835054591776926,9.035106640731507e-15,6.860415931724263,6.860415931724284,6.860415931724417,6.860415931724273,0
5.093828239984992e-15,0.32589224261885813,-1.700892685167614e-16,-3.2834304488920697e-14,-1.1073200289917786,-1.1752234625126001,0.8347203305320718,9.039822292621551e-15,6.860889318291694,6.860889318291715,6.860889318291848,6.860889318291704,0
5.0950835428128225e-15,0.3259147236583009,-1.6886005860459697e-16,-3.286005114909324e-14,-1.1098234672381277,-1.173285098007426,0.8343830643206479,9.040579750426635e-15,6.861362603332594,6.861362603332616,6.861362603332749,6.861362603332605,0
5.096406608276434e-15,0.3259371993204441,-1.6763762413328854e-16,-3.288730700935059e-14,-1.1123182784601933,-1.1713488493713808,0.8340428395571114,9.045154827974645e-15,6.861835775167188,6.86183577516721,6.861835775167343,6.861835775167199,0
5.0977279796741504e-15,0.32595966904830126,-1.663897791803251e-16,-3.291469289180244e-14,-1.1148044504108525,-1.16941477335406,0.8336997025410137,9.049786690113939e-15,6.862308822069443,6.862308822069465,6.862308822069598,6.862308822069454,0
5.099152689091432e-15,0.32598213228270345,-1.6511144445227166e-16,-3.294082293619274e-14,-1.117281970938301,-1.1674829265472173,0.8333536994556268,9.050670530224258e-15,6.8627817322673845,6.862781732267406,6.862781732267539,6.862781732267395,0
5.10052318840009e-15,0.32600458846231534,-1.6382803149640596e-16,-3.296819930913908e-14,-1.1197508279858726,-1.165553365383719,0.8330048763665979,9.055286585394394e-15,6.863254493943424,6.863254493943446,6.863254493943579,6.863254493943435,0
5.1018581123249624e-15,0.32602703702365066,-1.6255817914871417e-16,-3.2995486072721045e-14,-1.122211009591806,-1.1636261461365158,0.8326532792206003,9.059970258798876e-15,6.863727095234694,6.863727095234715,6.863727095234848,6.8637270952347045,0
5.103203200645202e-15,0.3260494774010887,-1.6129003265287791e-16,-3.30227933557859e-14,-1.1246625038891163,-1.1617013249175425,0.8322989538439876,9.06476412609563e-15,6.864199524233389,6.864199524233411,6.864199524233544,6.8641995242334,0
5.1046194397330114e-15,0.3260719090268912,-1.5997785492086932e-16,-3.3051343531726543e-14,-1.1271052991054542,-1.1597789576766206,0.8319419459414575,9.07302119786149e-15,6.864671768987126,6.864671768987147,6.8646717689872805,6.864671768987137,0
5.105930646735361e-15,0.32609433133121946,-1.5874192596814714e-16,-3.3078474837542225e-14,-1.1295393835630088,-1.1578591002003438,0.8315823010947293,9.077471478863297e-15,6.865143817499299,6.8651438174993205,6.865143817499454,6.86514381749931,0
5.107185949563192e-15,0.32611674374215166,-1.5742809109898915e-16,-3.3106899213039764e-14,-1.1319647456784152,-1.1559418081109525,0.8312200647612258,9.08570211973667e-15,6.8656156577294505,6.865615657729472,6.865615657729605,6.865615657729461,0
5.108524261619854e-15,0.3261391456857013,-1.5615155100401678e-16,-3.313526617250763e-14,-1.1343813739627144,-1.1540271368651531,0.8308552822727484,9.093858260868967e-15,6.866087277593652,6.8660872775936745,6.866087277593808,6.866087277593664,0
5.10995066510303e-15,0.32616153658583563,-1.5486148481665193e-16,-3.3163652141914316e-14,-1.1367892570213574,-1.1521151417529234,0.830487998834171,9.101926576126761e-15,6.866558664964902,6.866558664964924,6.866558664965058,6.866558664964914,0
5.111097547713612e-15,0.3261839158644944,-1.5365784343661607e-16,-3.319173548400922e-14,-1.1391883835541643,-1.1502058778963515,0.8301182595221483,9.109950574139938e-15,6.867029807673507,6.867029807673529,6.867029807673663,6.867029807673519,0
5.112278311642085e-15,0.3262062829416093,-1.5245254468756114e-16,-3.3219727919376984e-14,-1.1415787423553858,-1.1482994002483782,0.829746109283805,9.117927954173307e-15,6.8675006935075045,6.867500693507527,6.86750069350766,6.867500693507516,0
5.113570883919595e-15,0.32622863723512424,-1.5120154510243725e-16,-3.324585083358005e-14,-1.1439603223137866,-1.1463957635915263,0.829371592935439,9.118785574618945e-15,6.867971310213083,6.867971310213105,6.867971310213238,6.867971310213094,0
5.114936301030569e-15,0.3262509781610152,-1.4992178585885935e-16,-3.327312590790083e-14,-1.146333112412686,-1.144495022536683,0.8289947551612526,9.123126400649916e-15,6.868441645494999,6.868441645495021,6.868441645495154,6.86844164549501,0
5.116381339238585e-15,0.32627330513331143,-1.4859463363730118e-16,-3.330059486698852e-14,-1.1486971017300982,-1.1425972315217725,0.8286156405120519,9.127516387984382e-15,6.868911687017024,6.868911687017047,6.86891168701718,6.868911687017036,0
5.1178331537101785e-15,0.3262956175641168,-1.4728785234296147e-16,-3.3328128894951253e-14,-1.1510522794388995,-1.1407024448104286,0.8282342934039736,9.131901495341667e-15,6.869381422402401,6.869381422402423,6.869381422402556,6.869381422402412,0
5.119200264887047e-15,0.32631791486363165,-1.459997508193716e-16,-3.3356414824579604e-14,-1.1533986348069658,-1.1388107164906736,0.8278507581172083,9.139781564903257e-15,6.869850839234293,6.869850839234315,6.869850839234449,6.869850839234305,0
5.120575846393388e-15,0.3263401964401751,-1.4467442985225482e-16,-3.3384851899357715e-14,-1.1557361571973703,-1.1369221004735663,0.8274650787947372,9.147437933004984e-15,6.870319925056259,6.870319925056282,6.870319925056415,6.870319925056271,0
5.121975144822252e-15,0.3263624617002079,-1.434118422230403e-16,-3.3412207939357176e-14,-1.1580648360686197,-1.1350366504917988,0.8270772994410586,9.1517528909709e-15,6.870788667372739,6.870788667372762,6.870788667372895,6.870788667372751,0
5.123244000177239e-15,0.32638471004835645,-1.4215947445570017e-16,-3.344036233498477e-14,-1.1603846609749273,-1.1331544200982693,0.8266874639209179,9.159435605945215e-15,6.871257053649551,6.871257053649574,6.871257053649707,6.871257053649563,0
5.124539960586538e-15,0.32640694088743605,-1.4094782574312502e-16,-3.3466536896333637e-14,-1.1626956215664317,-1.1312754626646995,0.8262956159580604,9.160244223396339e-15,6.871725071314385,6.871725071314407,6.871725071314541,6.871725071314397,0
5.125969752201503e-15,0.326429153618476,-1.3973115881795183e-16,-3.349293605529377e-14,-1.164997707589559,-1.1293998313801341,0.8259017991339653,9.161188369065936e-15,6.872192707757332,6.872192707757354,6.872192707757487,6.8721927077573435,0
5.127330087114794e-15,0.3264513476407445,-1.384806747159087e-16,-3.351931718776341e-14,-1.167290908887324,-1.1275275792494865,0.825506056886596,9.162016051411318e-15,6.872659950331405,6.872659950331427,6.872659950331561,6.872659950331417,0
5.1286785635668226e-15,0.3264735223517741,-1.3721670691050216e-16,-3.354666238245136e-14,-1.1695752153996761,-1.1256587590920388,0.8251084325091459,9.166117331260884e-15,6.873126786353081,6.873126786353104,6.873126786353237,6.873126786353093,0
5.129913537603919e-15,0.3264956771473887,-1.359816104629889e-16,-3.35737925878876e-14,-1.1718506171639325,-1.123793423539882,0.8247089691487857,9.170271082294017e-15,6.873593203102861,6.8735932031028835,6.873593203103017,6.873593203102873,0
5.131328082625834e-15,0.32651781142172936,-1.347076284116654e-16,-3.36010917768239e-14,-1.17411710431511,-1.1219316250364209,0.8243077098054233,9.174492079990822e-15,6.874059187825822,6.874059187825845,6.874059187825978,6.874059187825834,0
5.1325884676513484e-15,0.3265399245672827,-1.3346760478704408e-16,-3.362833423340021e-14,-1.1763746670864415,-1.1200734158347432,0.8239046973304518,9.178662904700817e-15,6.874524727732209,6.874524727732231,6.874524727732364,6.87452472773222,0
5.1339843779484235e-15,0.3265620159749083,-1.322293589290771e-16,-3.365572313805402e-14,-1.1786232958097702,-1.1182188479960733,0.8234999744255151,9.18304377159585e-15,6.87498980999801,6.874989809998032,6.874989809998166,6.874989809998022,0
5.135402311102127e-15,0.3265840850338676,-1.3096917411456177e-16,-3.368227382142513e-14,-1.1808629809160718,-1.1163679733881167,0.8230935836412576,9.183976219871314e-15,6.875454421765574,6.875454421765596,6.875454421765729,6.8754544217655855,0
5.136788057003835e-15,0.32660613113185294,-1.296955233942787e-16,-3.370959322397679e-14,-1.183093712935944,-1.1145208436834413,0.8226855673760927,9.188131746852303e-15,6.875918550144212,6.875918550144235,6.875918550144368,6.875918550144224,0
5.138187355432699e-15,0.3266281536550178,-1.2839824630003885e-16,-3.3736963091504875e-14,-1.1853154825001762,-1.1126775103577808,0.8222759678749586,9.192228269458637e-15,6.876382182210841,6.876382182210863,6.876382182210996,6.876382182210852,0
5.139561242873146e-15,0.32665015198800684,-1.2719084817578136e-16,-3.376401308884945e-14,-1.1875282803402605,-1.1108380246883744,0.8218648272280833,9.19591099052829e-15,6.87684530501061,6.876845305010632,6.876845305010765,6.8768453050106215,0
5.140906331193386e-15,0.3266721255139874,-1.2599709985258609e-16,-3.379115532700132e-14,-1.1897320972890266,-1.1090024377522307,0.821452187369755,9.199773006695343e-15,6.8773079055575685,6.877307905557591,6.877307905557724,6.87730790555758,0
5.1422581957772035e-15,0.32669407361468117,-1.2475940696881808e-16,-3.381833346457722e-14,-1.191926924281236,-1.1071708004243774,0.8210380900770706,9.203837961927577e-15,6.877769970835332,6.877769970835354,6.877769970835487,6.8777699708353435,0
5.143588037504393e-15,0.3267159956703964,-1.2347438449914823e-16,-3.3845631581952686e-14,-1.1941127523542021,-1.105343163376141,0.8206225769687283,9.207941587233074e-15,6.878231487797757,6.8782314877977795,6.878231487797913,6.878231487797769,0
5.144948372417683e-15,0.3267378910600612,-1.2218947003579184e-16,-3.3873033092029354e-14,-1.1962895726484684,-1.1035195770733213,0.8202056895037738,9.21195256234083e-15,6.878692443369648,6.87869244336967,6.878692443369803,6.878692443369659,0
5.146249415024666e-15,0.3267597591612573,-1.209588762937592e-16,-3.390018138523758e-14,-1.198457376408497,-1.1017000917743895,0.819787468980374,9.216039732035375e-15,6.879152824447461,6.879152824447483,6.879152824447616,6.8791528244474724,0
5.1475606220270154e-15,0.32678159935025436,-1.1973178587532243e-16,-3.392738961908236e-14,-1.2006161549833583,-1.0998847575286677,0.8193679565345884,9.219751579704443e-15,6.8796126179000305,6.879612617900053,6.879612617900186,6.879612617900042,0
5.1488565824363145e-15,0.326803411002045,-1.1855902382550097e-16,-3.3955310819984295e-14,-1.2027658998274902,-1.098073624174453,0.8189471931391372,9.226952754325044e-15,6.880071810569308,6.88007181056933,6.880071810569463,6.880071810569319,0
5.150303314710225e-15,0.32682519349038075,-1.17249164329634e-16,-3.398271521325125e-14,-1.2049066025014308,-1.0962667413371527,0.8185252196021678,9.23088677216028e-15,6.880530389271113,6.880530389271136,6.880530389271269,6.880530389271125,0
5.151633156437414e-15,0.32684694618780824,-1.1600210719064842e-16,-3.400933477509338e-14,-1.2070382546726182,-1.094464158427373,0.8181020765660315,9.231730388917487e-15,6.880988340795903,6.880988340795925,6.880988340796058,6.8809883407959145,0
5.153017208273228e-15,0.32686866846570667,-1.147585659660617e-16,-3.403668053540821e-14,-1.2091608481161806,-1.0926659246389834,0.8176778045060378,9.23563653218101e-15,6.881445651909554,6.881445651909576,6.88144565190971,6.881445651909566,0
5.154392789779569e-15,0.3268903596943254,-1.134880496198769e-16,-3.4064064356305716e-14,-1.2112743747157841,-1.0908720889471784,0.8172524437292462,9.239501675294246e-15,6.881902309354159,6.881902309354182,6.881902309354315,6.881902309354171,0
5.1556345400802434e-15,0.3269120192428225,-1.122955937585772e-16,-3.4090413212690624e-14,-1.2133788264644552,-1.089082700106506,0.8168260343732223,9.240245602487853e-15,6.882358299848835,6.882358299848857,6.88235829984899,6.882358299848846,0
5.1569440530166986e-15,0.32693364647930406,-1.1104229121826754e-16,-3.4117714888690305e-14,-1.215474195465476,-1.0872978066488583,0.8163986164048078,9.244204171201553e-15,6.882813610090552,6.882813610090574,6.882813610090707,6.8828136100905635,0
5.158238319360103e-15,0.32695524077086435,-1.0983487003107955e-16,-3.414566028197142e-14,-1.217560473933284,-1.0855174568814532,0.8159702296188939,9.25105877404524e-15,6.8832682267549785,6.883268226755002,6.883268226755135,6.883268226754991,0
5.159497010319723e-15,0.3269768014836261,-1.0861573564131035e-16,-3.417283203692871e-14,-1.219637654194376,-1.0837416988848054,0.8155409136371959,9.254889923251361e-15,6.883722136497332,6.883722136497355,6.8837221364974885,6.883722136497345,0
5.160804829190284e-15,0.3269983279827822,-1.0734423459553353e-16,-3.42000815952126e-14,-1.221705728688243,-1.0819705805106627,0.8151107079070151,9.258670775741629e-15,6.884175325953249,6.884175325953272,6.8841753259534055,6.884175325953262,0
5.162193963223781e-15,0.3270198196326379,-1.0608135557690547e-16,-3.4227426465240014e-14,-1.2237646899683787,-1.080204149379887,0.8146796517000103,9.262467965060103e-15,6.884627781739684,6.884627781739707,6.88462778173984,6.884627781739696,0
5.1636186726410625e-15,0.32704127579665315,-1.0478136043860676e-16,-3.425561929538476e-14,-1.225814530703208,-1.0784424528803902,0.8142477841109719,9.269085287869667e-15,6.885079490455795,6.885079490455818,6.885079490455952,6.885079490455808,0
5.164857034809948e-15,0.3270626958374872,-1.0357977707972387e-16,-3.428294121325333e-14,-1.2278552436771484,-1.0766855381649563,0.8138151440565798,9.27314156555352e-15,6.8855304386838805,6.885530438683904,6.885530438684037,6.885530438683893,0
5.16619534686661e-15,0.3270840791170418,-1.0231398255783424e-16,-3.431026652514082e-14,-1.2298868217915893,-1.0749334521491407,0.8133817702741905,9.27679505269686e-15,6.885980612990292,6.885980612990315,6.885980612990449,6.885980612990305,0
5.167501471671276e-15,0.327105424996507,-1.0103141197566629e-16,-3.4337129401301704e-14,-1.231909258065978,-1.0731862415090512,0.8129477013205874,9.277736020132196e-15,6.886429999926402,6.886429999926425,6.886429999926558,6.886429999926414,0
5.168819454937204e-15,0.3271267328364069,-9.980660832303877e-17,-3.436452570631982e-14,-1.233922545638879,-1.0714439526791715,0.8125129755707571,9.281640194077795e-15,6.886878586029558,6.886878586029581,6.886878586029714,6.88687858602957,0
5.170071369633246e-15,0.32714800199664607,-9.85870587129013e-17,-3.439173872388296e-14,-1.23592667776908,-1.0697066318501398,0.8120776312166613,9.28548118039217e-15,6.887326357824066,6.887326357824089,6.8873263578242225,6.887326357824079,0
5.171407987624013e-15,0.3271692318365569,-9.737446202807152e-17,-3.441967339635074e-14,-1.2379216478366792,-1.067974324966517,0.8116417062659972,9.291988641916986e-15,6.887773301822188,6.887773301822211,6.887773301822344,6.8877733018222,0
5.1728716605568684e-15,0.32719042171494767,-9.602651835281889e-17,-3.444780143628044e-14,-1.239907449344239,-1.066247077724521,0.8112052385409677,9.298417366327898e-15,6.8882194045251515,6.888219404525175,6.888219404525308,6.888219404525164,0
5.174130351516488e-15,0.3272115709901516,-9.486340688009076e-17,-3.4474421624153056e-14,-1.241884075917941,-1.0645249355697461,0.8107682656770484,9.299201822883996e-15,6.888664652424182,6.888664652424205,6.888664652424338,6.888664652424194,0
5.175534732143036e-15,0.32723267902007613,-9.365643648215573e-17,-3.4502311724802495e-14,-1.243851521308749,-1.0628079436948756,0.8103308251217577,9.305481811835721e-15,6.889109032001541,6.889109032001564,6.889109032001698,6.889109032001554,0
5.176876432331487e-15,0.3272537451622536,-9.24123837823232e-17,-3.453022957385783e-14,-1.2458097793936123,-1.0610961470373492,0.8098929541334192,9.311831305845406e-15,6.889552529731593,6.889552529731616,6.889552529731749,6.889552529731605,0
5.178128347027529e-15,0.32727476877389194,-9.116513486160018e-17,-3.455799685895378e-14,-1.2477588441766707,-1.0593895902770385,0.8094546897799338,9.318213329062098e-15,6.889995132081875,6.889995132081898,6.889995132082031,6.8899951320818875,0
5.179422613370933e-15,0.3272957492119273,-8.996551702461287e-17,-3.458524907875734e-14,-1.24969870979051,-1.0576883178338572,0.8090160689375324,9.321599926902463e-15,6.890436825514198,6.890436825514221,6.890436825514354,6.89043682551421,0
5.180801583009063e-15,0.32731668583307577,-8.866614909174926e-17,-3.461283659010295e-14,-1.25162937049739,-1.0559923738654224,0.8085771282895619,9.325142952950307e-15,6.890877596485745,6.890877596485768,6.890877596485901,6.890877596485757,0
5.1821314247362524e-15,0.3273375779938872,-8.742627493441318e-17,-3.464025480374576e-14,-1.253550820690495,-1.054301802264662,0.8081379043252439,9.328825999968384e-15,6.891317431450196,6.8913174314502195,6.891317431450353,6.891317431450209,0
5.183498535913121e-15,0.32735842505079976,-8.615950167382935e-17,-3.466762886546179e-14,-1.255463054895291,-1.0526166466573414,0.8076984333384278,9.33232528295681e-15,6.891756316858882,6.891756316858905,6.8917563168590386,6.891756316858895,0
5.184797884454209e-15,0.3273792263601943,-8.49217361654004e-17,-3.4694473293647026e-14,-1.2573660677707728,-1.050936950399697,0.8072587514263793,9.333301828171488e-15,6.892194239161925,6.892194239161949,6.892194239162082,6.892194239161938,0
5.186126032115504e-15,0.32739998127845027,-8.372653580486024e-17,-3.472172184837023e-14,-1.2592598541108093,-1.0492627565759531,0.806818894488532,9.336822040398421e-15,6.892631184809419,6.892631184809443,6.892631184809576,6.892631184809432,0
5.187393193404596e-15,0.327420689162002,-8.245023664369168e-17,-3.474949591927847e-14,-1.261144408845471,-1.04759410799588,0.8063788982252663,9.342890209054706e-15,6.893067140252613,6.893067140252637,6.893067140252771,6.893067140252627,0
5.188692541945684e-15,0.32744134936739644,-8.118432296301034e-17,-3.4776841817229535e-14,-1.2630197270424373,-1.0459310471922585,0.8059387981366594,9.346302725361816e-15,6.893502091945128,6.893502091945152,6.893502091945285,6.893502091945141,0
5.189893634664891e-15,0.32746196125135035,-7.992540942619738e-17,-3.480450262330956e-14,-1.2648858039083073,-1.04427361641845,0.8054986295212766,9.352317767112507e-15,6.893936026344157,6.893936026344181,6.893936026344314,6.8939360263441705,0
5.1912183941943966e-15,0.3274825241708097,-7.871077096637668e-17,-3.483188144635119e-14,-1.266742634790044,-1.0426218576458246,0.805058427474921,9.355782148390578e-15,6.894368929911722,6.894368929911746,6.894368929911879,6.894368929911735,0
5.19251604866959e-15,0.32750303748300896,-7.748281026059744e-17,-3.4859201266638376e-14,-1.268590215176378,-1.0409758125612365,0.8046182268894068,9.359383555430406e-15,6.894800789115917,6.894800789115941,6.894800789116074,6.89480078911593,0
5.194196562036943e-15,0.32752350054553103,-7.595184606276497e-17,-3.4887179177014524e-14,-1.2704285406992,-1.0393355225645102,0.8041780624513372,9.36275242341207e-15,6.895231590432171,6.895231590432195,6.895231590432328,6.895231590432184,0
5.1955552028843386e-15,0.3275439127163685,-7.468708016333337e-17,-3.491511565713714e-14,-1.272257607135036,-1.0377010287658535,0.8037379686408744,9.368694179352914e-15,6.895661320344538,6.895661320344562,6.895661320344695,6.895661320344551,0
5.1968969030727894e-15,0.32756427335398575,-7.341238987941613e-17,-3.494258882579538e-14,-1.2740774104065198,-1.0360723719832499,0.8032979797304937,9.371951165064382e-15,6.896089965347007,6.896089965347031,6.896089965347164,6.89608996534702,0
5.198219968536401e-15,0.3275845818173806,-7.21786010031506e-17,-3.4970038529055455e-14,-1.2758879465838149,-1.0344495927399313,0.8028581297837829,9.375385046289774e-15,6.896517511944793,6.8965175119448165,6.89651751194495,6.896517511944806,0
5.199598938174531e-15,0.32760483746614816,-7.094167166771951e-17,-3.499749192440694e-14,-1.2776892118861511,-1.0328327312617214,0.8024184526541981,9.378664091301019e-15,6.896943946655689,6.896943946655713,6.896943946655846,6.8969439466557025,0
5.200945720560665e-15,0.32762503966054457,-6.969482794628822e-17,-3.5024284233535345e-14,-1.2794812026833051,-1.031221827474443,0.8019789819838509,9.378301928118382e-15,6.8973692560114035,6.8973692560114275,6.897369256011561,6.897369256011417,0
5.2022365987722805e-15,0.32764518776155177,-6.852277725303703e-17,-3.505222414847485e-14,-1.2812639154971255,-1.0296169210012718,0.8015397512022755,9.38529668197996e-15,6.897793426558923,6.897793426558947,6.897793426559081,6.897793426558937,0
5.203373316987496e-15,0.3276652811309426,-6.72527294559775e-17,-3.5078825096744965e-14,-1.2830373470030527,-1.0280180511601131,0.8011007935252208,9.384965999642877e-15,6.898216444861888,6.898216444861912,6.8982164448620455,6.898216444861902,0
5.204157669496653e-15,0.32768531913134735,-6.59677003308732e-17,-3.5105888579102605e-14,-1.284801494031683,-1.0264252569609218,0.8006621419534178,9.389377914505954e-15,6.898638297501988,6.898638297502012,6.898638297502146,6.898638297502002,0
5.205582378913935e-15,0.3277053011263203,-6.46812528841159e-17,-3.513313635435599e-14,-1.2865563535703175,-1.0248385771030546,0.8002238292713754,9.39023160711086e-15,6.8990589710803665,6.8990589710803905,6.899058971080524,6.89905897108038,0
5.206637781966214e-15,0.3277252264804075,-6.342725906961454e-17,-3.516041136951637e-14,-1.2883019227645398,-1.0232580499725736,0.7997858880461515,9.394594956896477e-15,6.899478452219045,6.899478452219069,6.899478452219202,6.899478452219058,0
5.208181075996111e-15,0.32774509455921463,-6.227688045703609e-17,-3.518771705686527e-14,-1.290038198919775,-1.0216837136395982,0.7993483506261606,9.396564106587482e-15,6.899896727562352,6.899896727562376,6.899896727562509,6.899896727562365,0
5.209458401680571e-15,0.3277649047294763,-6.109797366015428e-17,-3.521506561931259e-14,-1.2917651795029255,-1.020115605855564,0.7989112491399494,9.399712229769862e-15,6.900313783778386,6.90031378377841,6.900313783778543,6.900313783778399,0
5.210732339233241e-15,0.3277846563591257,-5.984480762475899e-17,-3.524222206905929e-14,-1.2934828621439731,-1.0185537640505182,0.7984746154949859,9.40166753562142e-15,6.9007296075604785,6.9007296075605025,6.900729607560636,6.900729607560492,0
5.2119893361269665e-15,0.32780434881736437,-5.870542716833631e-17,-3.526957703597865e-14,-1.295191244637557,-1.0169982253304573,0.798038481376478,9.405130171186602e-15,6.901144185628662,6.901144185628686,6.901144185628819,6.9011441856286755,0
5.213398798951198e-15,0.32782398147473407,-5.748840660889896e-17,-3.529744405929999e-14,-1.2968903249446715,-1.0154490264745302,0.7976028782461457,9.41056314043555e-15,6.901557504731182,6.901557504731206,6.901557504731339,6.901557504731195,0
5.214667654306185e-15,0.3278435537031873,-5.629877847231361e-17,-3.532472955270337e-14,-1.2985801011942337,-1.013906203932381,0.7971678373410479,9.413471230338548e-15,6.901969551645986,6.90196955164601,6.901969551646143,6.901969551645999,0
5.216088975591677e-15,0.3278630648761608,-5.5126384544381674e-17,-3.535258131387858e-14,-1.3002605716848359,-1.0123697938213279,0.7967333896723663,9.418851227126023e-15,6.90238031318227,6.902380313182294,6.9023803131824275,6.902380313182284,0
5.217234164136365e-15,0.3278825143686472,-5.3862805057409693e-17,-3.53796488244051e-14,-1.3019317348862864,-1.0108398319237197,0.79629956602424,9.42076709898828e-15,6.902789776181984,6.902789776182008,6.902789776182141,6.902789776181997,0
5.218311590045273e-15,0.32790190155726995,-5.259105802147506e-17,-3.540673823515949e-14,-1.303593589441421,-1.0093163536840695,0.7958663969525508,9.422618127968255e-15,6.90319792752141,6.903197927521434,6.903197927521568,6.903197927521424,0
5.219654984299618e-15,0.32792122582035604,-5.135858197791204e-17,-3.5434249474270635e-14,-1.3052461341676478,-1.007799394206424,0.7954339127837757,9.425826641649651e-15,6.903604754112696,6.90360475411272,6.903604754112854,6.90360475411271,0
5.220723939879053e-15,0.3279404865380123,-5.0106082868730663e-17,-3.546169909025115e-14,-1.3068893680587557,-1.0062889882514825,0.795002143613769,9.42990063090564e-15,6.904010242905459,6.904010242905483,6.904010242905616,6.904010242905472,0
5.222043617210875e-15,0.3279596830921994,-4.882001683256676e-17,-3.5488948508392595e-14,-1.3085232902865394,-1.0047851702339319,0.7945711193066299,9.43067624681501e-15,6.904414380888346,6.90441438088837,6.904414380888503,6.904414380888359,0
5.223468326628157e-15,0.32797881486680897,-4.766470681880218e-17,-3.551653295137799e-14,-1.3101479002025525,-1.0032879742196124,0.7941408694935054,9.434658434807447e-15,6.904817155090652,6.904817155090676,6.904817155090809,6.904817155090665,0
5.224447496715183e-15,0.3279978812477394,-4.636571552859678e-17,-3.5543846793029796e-14,-1.311763197339801,-1.0017974339227858,0.7937114235714444,9.438700186045105e-15,6.905218552583923,6.905218552583947,6.90521855258408,6.9052185525839365,0
5.225916251845722e-15,0.3280168816229732,-4.519579942044027e-17,-3.5571255327740955e-14,-1.3133691814144708,-1.0003135827033456,0.7932828107022303,9.440490263877563e-15,6.905618560483583,6.905618560483607,6.90561856048374,6.905618560483596,0
5.227190189398392e-15,0.3280358153826552,-4.3958440896900004e-17,-3.559859895832436e-14,-1.3149658523276913,-0.998836453564031,0.7928550598112315,9.442386154649485e-15,6.906017165950571,6.906017165950595,6.906017165950728,6.906017165950584,0
5.228411610908333e-15,0.32805468191916964,-4.2660423269011517e-17,-3.5626213372229864e-14,-1.3165532101672164,-0.9973660791476937,0.7924281995862641,9.446309975240548e-15,6.906414356192981,6.906414356193005,6.906414356193138,6.906414356192994,0
5.229671995933847e-15,0.32807348062722047,-4.1455910856454485e-17,-3.565357948544346e-14,-1.3181312552092488,-0.9959024917344492,0.7920022584764305,9.449115561098972e-15,6.906810118467734,6.906810118467758,6.906810118467892,6.906810118467748,0
5.2307053761294975e-15,0.328092210903909,-4.021954537187052e-17,-3.568062692140924e-14,-1.3196999879201055,-0.994445723238987,0.7915772646910109,9.450931372362556e-15,6.90720444008223,6.907204440082254,6.9072044400823875,6.907204440082244,0
5.232101286426573e-15,0.32811087214881485,-3.890559458555917e-17,-3.5708154340721096e-14,-1.3212594089580376,-0.9929958052077344,0.7911532461983205,9.452673408152617e-15,6.907597308396038,6.907597308396062,6.907597308396195,6.907597308396051,0
5.233395552769977e-15,0.32812946376407565,-3.768684974927183e-17,-3.573540748908049e-14,-1.3228095191749767,-0.9915527688161054,0.7907302307245953,9.453516665178758e-15,6.90798871082258,6.907988710822604,6.907988710822737,6.907988710822593,0
5.234361170329847e-15,0.32814798515446797,-3.64006857292166e-17,-3.576269113685338e-14,-1.3243503196182962,-0.9901166448657226,0.7903082457528721,9.45734596979901e-15,6.9083786348308385,6.908378634830863,6.908378634830996,6.908378634830853,0
5.235772327219973e-15,0.3281664357274883,-3.50945457175494e-17,-3.5790231410255306e-14,-1.3258818115325814,-0.9886874637816625,0.7898873185218906,9.458061662440761e-15,6.908767067947056,6.908767067947081,6.908767067947213,6.90876706794707,0
5.2371834841100984e-15,0.32818481489343515,-3.3885315296395583e-17,-3.581749680333217e-14,-1.327403996361432,-0.9872652556096639,0.7894674760249888,9.458851398238794e-15,6.909153997756462,6.909153997756487,6.909153997756619,6.909153997756476,0
5.238543819023389e-15,0.32820312206549035,-3.256970983322111e-17,-3.5845415239941913e-14,-1.3289168757492056,-0.985850050013399,0.7890487450090165,9.462581298936275e-15,6.909539411904992,6.909539411905017,6.90953941190515,6.909539411905007,0
5.240022738549295e-15,0.3282213566598021,-3.1288340985740726e-17,-3.58732560654487e-14,-1.330420451542824,-0.9844418762716977,0.7886311519732487,9.465300748387646e-15,6.90992329810103,6.909923298101055,6.909923298101187,6.909923298101044,0
5.241367826869535e-15,0.32823951809556745,-3.000563445731525e-17,-3.590089607763848e-14,-1.3319147257935413,-0.9830407632758194,0.7882147231683231,9.467907745696006e-15,6.910305644117142,6.910305644117167,6.910305644117299,6.910305644117156,0
5.2425960246430534e-15,0.3282576057951161,-2.8819851734775384e-17,-3.59282896976326e-14,-1.3333997007587894,-0.9816467395266448,0.7877994845951458,9.47104468566608e-15,6.91068643779185,6.910686437791875,6.910686437792007,6.910686437791864,0
5.244007181533179e-15,0.32827561918399295,-2.7620883850639747e-17,-3.595609889852931e-14,-1.3348753789038748,-0.9802598331320411,0.7873854620038753,9.4747032476982e-15,6.911065667031362,6.911065667031387,6.91106566703152,6.911065667031377,0
5.245240461504381e-15,0.32829355769104307,-2.63765434484716e-17,-3.598324027587732e-14,-1.3363417629038616,-0.978880071804035,0.786972680892838,9.47447145735702e-15,6.911443319811365,6.91144331981139,6.911443319811522,6.911443319811379,0
5.246429695762326e-15,0.32831142074849495,-2.5154599531016174e-17,-3.601027935765658e-14,-1.3377988556452913,-0.977507482856177,0.7865611665075236,9.474285766814137e-15,6.911819384178773,6.911819384178798,6.91181938417893,6.911819384178787,0
5.247764619687199e-15,0.32832920779204583,-2.396691448967852e-17,-3.603775652884111e-14,-1.3392466602280377,-0.9761420932007563,0.7861509438395293,9.47712067790203e-15,6.912193848253528,6.912193848253553,6.912193848253685,6.912193848253542,0
5.2490283928445026e-15,0.32834691826094614,-2.272539744110861e-17,-3.606511320291384e-14,-1.3406851799670656,-0.9747839293461326,0.7857420376255492,9.478717382956528e-15,6.912566700230377,6.912566700230402,6.912566700230534,6.912566700230391,0
5.249802580958293e-15,0.32836455159808453,-2.1445299361758105e-17,-3.6092159309934226e-14,-1.3421144183942497,-0.9734330173940461,0.7853344723463814,9.482241560613364e-15,6.912937928380659,6.912937928380684,6.912937928380816,6.912937928380673,0
5.251118870158326e-15,0.3283821072500733,-2.0180842055637165e-17,-3.612004342339039e-14,-1.3435343792601426,-0.9720893830369249,0.7849282722259076,9.486630976603674e-15,6.913307521054106,6.913307521054131,6.913307521054263,6.91330752105412,0
5.252280999361959e-15,0.3283995846673335,-1.9003169821680405e-17,-3.6147325968341634e-14,-1.344945066535773,-0.9707530515552469,0.7845234612301353,9.488279704004355e-15,6.913675466680637,6.913675466680662,6.913675466680794,6.913675466680651,0
5.2532415347241455e-15,0.3284169833041815,-1.775304622010476e-17,-3.6174546470173375e-14,-1.3463464844144737,-0.9694240478148227,0.7841200630661901,9.491687343061086e-15,6.914041753772175,6.914041753772199,6.914041753772332,6.914041753772189,0
5.254512084145027e-15,0.32843430261891426,-1.6518569197804357e-17,-3.6202093995300656e-14,-1.347738637313636,-0.9681023962642035,0.7837181011813774,9.494414228894509e-15,6.914406370924443,6.9144063709244685,6.9144063709246,6.914406370924457,0
5.255808044554326e-15,0.32845154207389554,-1.531837111237794e-17,-3.622971457463802e-14,-1.3491215298765131,-0.9667881209320265,0.7833175987622155,9.496917407968773e-15,6.914769306818786,6.914769306818812,6.914769306818943,6.9147693068188,0
5.257066735513946e-15,0.3284687011356417,-1.4106714755450897e-17,-3.625740861532327e-14,-1.3504951669739698,-0.965481245424448,0.7829185787335191,9.50122810554865e-15,6.915130550223968,6.915130550223994,6.915130550224125,6.915130550223982,0
5.2584745042722825e-15,0.32848577927490896,-1.2905626610806825e-17,-3.628507739386912e-14,-1.35185955370634,-0.9641817929224541,0.7825210637574335,9.503963581921115e-15,6.915490089998016,6.915490089998042,6.9154900899981735,6.9154900899980305,0
5.259685761386856e-15,0.3285027759667791,-1.170833084494201e-17,-3.6312601024191137e-14,-1.3532146954051498,-0.9628897861793477,0.7821250762325519,9.507289931435227e-15,6.915847915090019,6.915847915090046,6.915847915090176,6.915847915090033,0
5.260995274323311e-15,0.32851969069074594,-1.0489422760498826e-17,-3.6339884700611227e-14,-1.354560597634892,-0.9616052475181801,0.7817306382930079,9.507154897877902e-15,6.916204014541952,6.916204014541979,6.916204014542109,6.916204014541966,0
5.262240412755775e-15,0.3285365229308025,-9.338689109248233e-18,-3.63670833314688e-14,-1.3558972661948554,-0.9603281988291361,0.7813377718075668,9.507865648798809e-15,6.916558377490511,6.916558377490538,6.916558377490668,6.916558377490525,0
5.263656651843584e-15,0.3285532721755265,-8.151101791242486e-18,-3.6394872033865404e-14,-1.3572247071207988,-0.959058661567105,0.7809464983787822,9.511176732396976e-15,6.91691099316891,6.916910993168937,6.9169109931690675,6.9169109931689245,0
5.265047479942976e-15,0.3285699379181678,-6.940213356071574e-18,-3.642271150888836e-14,-1.3585429266867863,-0.9577966567490916,0.7805568393421126,9.515226005673492e-15,6.9172618509087265,6.917261850908753,6.917261850908884,6.917261850908741,0
5.266272289584706e-15,0.3285865196567352,-5.753460949678292e-18,-3.64501532989322e-14,-1.3598519314069575,-0.9565422049517073,0.780168815765065,9.51762787555901e-15,6.917610940141723,6.91761094014175,6.917610940141881,6.917610940141738,0
5.267485240765174e-15,0.3286030168940815,-4.468877418369202e-18,-3.647768739767861e-14,-1.3611517280371768,-0.9552953263088003,0.779782448446397,9.519194046032366e-15,6.917958250401646,6.917958250401672,6.917958250401803,6.91795825040166,0
5.268689721616169e-15,0.3286194291379917,-3.1982741055429336e-18,-3.650537715494167e-14,-1.362442323576904,-0.9540560405088814,0.7793977579152609,9.523154216992165e-15,6.91830377132607,6.918303771326097,6.918303771326228,6.918303771326085,0
5.269956882905262e-15,0.3286357559012685,-2.014498756037647e-18,-3.653302125645181e-14,-1.363723725270872,-0.9528243667927477,0.7790147644304126,9.525603395612936e-15,6.918647492658214,6.91864749265824,6.918647492658371,6.918647492658228,0
5.271125788372473e-15,0.3286519967018177,-8.684251874367858e-19,-3.656059033872373e-14,-1.3649959406107575,-0.9516003239511392,0.7786334879794481,9.530369018124295e-15,6.918989404248724,6.918989404248752,6.918989404248881,6.918989404248739,0
5.272372620870831e-15,0.3286681510627365,3.0601085116607425e-19,-3.6588110855505476e-14,-1.3662589773370464,-0.9503839303222024,0.7782539482779758,9.53275661095387e-15,6.919329496057541,6.919329496057569,6.919329496057698,6.919329496057556,0
5.273604206776139e-15,0.32868421851239715,1.5325248457429196e-18,-3.661566971849918e-14,-1.3675128434406196,-0.9491752037892781,0.7778761647689175,9.53522526210879e-15,6.9196677581556605,6.919667758155688,6.919667758155818,6.919667758155676,0
5.274879838394704e-15,0.3287001985845343,2.780620690917335e-18,-3.664334539881494e-14,-1.3687575471645446,-0.9479741617784575,0.7775001566217211,9.53836153171362e-15,6.920004180726969,6.9200041807269965,6.920004180727126,6.920004180726984,0
5.275925077051616e-15,0.32871609081832925,4.036743913549423e-18,-3.667080472860578e-14,-1.3699930970056915,-0.9467808212563601,0.7771259427316688,9.541338531434089e-15,6.920338754070021,6.920338754070048,6.920338754070178,6.920338754070036,0
5.277244754383438e-15,0.3287318947584968,5.2517603353272136e-18,-3.6698532652890464e-14,-1.3712195017165287,-0.9455951987277431,0.7767535417191358,9.54360806097676e-15,6.920671468599863,6.920671468599891,6.920671468600021,6.9206714685998785,0
5.278440764904961e-15,0.32874760995536884,6.527315665318395e-18,-3.672623351844366e-14,-1.3724367703067166,-0.94441731023333,0.7763829719289277,9.546631712596069e-15,6.921002314849801,6.9210023148498285,6.921002314849958,6.921002314849816,0
5.279565624658915e-15,0.3287632359649799,7.75498517613016e-18,-3.675370102886522e-14,-1.3736449120448067,-0.9432471713475361,0.7760142514295876,9.548064045586305e-15,6.921331283473192,6.9213312834732195,6.921331283473349,6.921331283473207,0
5.280687096281079e-15,0.3287787723491514,8.948317762731296e-18,-3.6781116710660395e-14,-1.3748439364599063,-0.94208479717627,0.7756473980127456,9.550486965910342e-15,6.921658365245224,6.921658365245252,6.921658365245381,6.921658365245239,0
5.282060983721526e-15,0.3287942186755761,1.0134415942586687e-17,-3.6808911133229056e-14,-1.3760338533433416,-0.9409302023547319,0.7752824291924666,9.553041925025173e-15,6.921983551064691,6.921983551064719,6.921983551064849,6.921983551064707,0
5.283507715995436e-15,0.32880957451790105,1.1318363335528546e-17,-3.6836871318853645e-14,-1.3772146727502497,-0.9397834010453157,0.7749193622046472,9.555875451939404e-15,6.922306831955742,6.922306831955771,6.9223068319559005,6.922306831955758,0
5.284852804315676e-15,0.3288248394558119,1.2598414406076807e-17,-3.686474872143307e-14,-1.3783864050012646,-0.9386444069354285,0.7745582140063902,9.55833720705724e-15,6.9226281990696545,6.922628199069684,6.9226281990698135,6.922628199069671,0
5.286020015716992e-15,0.3288400130751151,1.3794994175084109e-17,-3.689233337137821e-14,-1.3795490606840768,-0.9375132332354553,0.7741990012754346,9.56095982424981e-15,6.922947643686564,6.9229476436865935,6.922947643686723,6.922947643686581,0
5.28742439634354e-15,0.32885509496782117,1.5028376235963678e-17,-3.6920315709566603e-14,-1.3807026506550963,-0.9363898926766403,0.7738417404095702,9.564056419685536e-15,6.923265157217219,6.923265157217248,6.923265157217378,6.9232651572172355,0
5.2887118864233665e-15,0.32887008473222573,1.6285009278655408e-17,-3.6948125645631936e-14,-1.3818471860409687,-0.9352743975091369,0.7734864475261141,9.566804077701854e-15,6.923580731204684,6.923580731204713,6.923580731204843,6.923580731204701,0
5.290021399359822e-15,0.3288849819729923,1.7526772729552823e-17,-3.697603017056554e-14,-1.3829826782402335,-0.934166759499921,0.7731331384613468,9.568916473494633e-15,6.923894357326086,6.923894357326115,6.923894357326245,6.923894357326103,0
5.291435944381736e-15,0.32889978630123246,1.8673196489233857e-17,-3.700373028560308e-14,-1.3841091389248283,-0.9330669899308986,0.7727818287700304,9.570378984620969e-15,6.924206027394299,6.9242060273943284,6.924206027394458,6.924206027394316,0
5.292630260837365e-15,0.32891449733458655,1.9890298293959905e-17,-3.7031407404044824e-14,-1.3852265800416694,-0.9319750995969364,0.7724325337248984,9.57300213296464e-15,6.924515733359649,6.924515733359678,6.924515733359808,6.924515733359666,0
5.29404480585928e-15,0.3289291146973039,2.1106074871321046e-17,-3.705933761126573e-14,-1.3863350138141803,-0.9308910988039842,0.7720852683161964,9.574968235178928e-15,6.924823467311593,6.924823467311622,6.924823467311752,6.92482346731161,0
5.295445798354038e-15,0.3289436380203223,2.2322221308167354e-17,-3.7087245138506576e-14,-1.3874344527438434,-0.9298149973671669,0.7717400472512074,9.576329704839785e-15,6.925129221480401,6.9251292214804305,6.92512922148056,6.925129221480418,0
5.296597763162304e-15,0.32895806694134566,2.3543817422063087e-17,-3.711480998698099e-14,-1.3885249096116214,-0.9287468046090551,0.7713968849538573,9.577874235830067e-15,6.9254329882387875,6.925432988238817,6.9254329882389465,6.925432988238804,0
5.297856454121924e-15,0.32897240110492343,2.4751375738337603e-17,-3.7142509630089694e-14,-1.3896063974795485,-0.9276865293577728,0.771055795564272,9.579431833060242e-15,6.925734760103582,6.925734760103611,6.925734760103741,6.925734760103599,0
5.299281163539206e-15,0.3289866401625281,2.592795505299976e-17,-3.7170328542659056e-14,-1.390678929692212,-0.9266341799452297,0.7707167929383774,9.580622468594078e-15,6.926034529737365,6.926034529737394,6.926034529737524,6.9260345297373815,0
5.300871891414149e-15,0.32900078377263037,2.7041368412933014e-17,-3.719825842615042e-14,-1.3917425198780968,-0.9255897642055234,0.7703798906475716,9.581741317282187e-15,6.926332289950044,6.926332289950074,6.926332289950203,6.926332289950062,0
5.30185275556707e-15,0.329014831600777,2.829320994697435e-17,-3.7225747838606706e-14,-1.392797181951168,-0.9245532894731184,0.7700451019783316,9.584480454713649e-15,6.926628033700499,6.9266280337005295,6.926628033700658,6.926628033700517,0
5.302955592464395e-15,0.32902878331966506,2.951829768152444e-17,-3.7253353859829793e-14,-1.3938429301122246,-0.9235247625812724,0.7697124399319054,9.586593675120127e-15,6.926921754098142,6.9269217540981725,6.926921754098301,6.92692175409816,0
5.304605612645646e-15,0.32904263860921673,3.0689526366379175e-17,-3.72815106435276e-14,-1.3948797788503358,-0.9225041898604102,0.7693819172240037,9.588835780046044e-15,6.927213444404493,6.927213444404523,6.927213444404652,6.927213444404511,0
5.305954089097675e-15,0.3290563971566531,3.1870429129340447e-17,-3.730938359785946e-14,-1.395907742944232,-0.9214915771365496,0.769053546284505,9.590409571349883e-15,6.927503098034731,6.927503098034761,6.92750309803489,6.927503098034749,0
5.307302565549704e-15,0.3290700586565671,3.312283331619759e-17,-3.7337288332191957e-14,-1.3969268374637032,-0.9204869297297614,0.7687273392571976,9.591546114515862e-15,6.927790708559236,6.927790708559266,6.927790708559395,6.927790708559254,0
5.308136045969802e-15,0.3290836228109954,3.438744477752854e-17,-3.736458057372713e-14,-1.3979370777709241,-0.9194902524527007,0.7684033079995373,9.59271475416801e-15,6.9280762697050955,6.928076269705126,6.9280762697052545,6.928076269705113,0
5.309218554076393e-15,0.3290970893294904,3.5582092577824594e-17,-3.7392134577562334e-14,-1.3989384795218707,-0.9185015496090955,0.7680814640824111,9.595611812473078e-15,6.928359775357621,6.928359775357651,6.92835977535778,6.928359775357639,0
5.310512820419798e-15,0.32911045792918914,3.6774541017551984e-17,-3.7419974408660284e-14,-1.3999310586675469,-0.9175208249924222,0.7677618187899675,9.597824617055993e-15,6.928641219561806,6.928641219561836,6.928641219561965,6.928641219561824,0
5.311598716658178e-15,0.3291237283348843,3.803848309980945e-17,-3.7447618146920926e-14,-1.4009148314553865,-0.9165480818844468,0.7674443831194113,9.599273567840239e-15,6.928920596523809,6.928920596523839,6.928920596523968,6.9289205965238265,0
5.312877736408532e-15,0.32913690027909187,3.9196884518980065e-17,-3.7475310456698154e-14,-1.4018898144305019,-0.9155833230539214,0.7671291677808553,9.600277904277352e-15,6.929197900612389,6.92919790061242,6.929197900612548,6.929197900612407,0
5.314217742531088e-15,0.3291499735021188,4.0381036313129544e-17,-3.75031754336878e-14,-1.4028560244369552,-0.9146265507553131,0.7668161831972014,9.601756693337146e-15,6.929473126360325,6.929473126360355,6.929473126360484,6.929473126360342,0
5.315347684482725e-15,0.3291629477521295,4.16002550451039e-17,-3.7530723200203736e-14,-1.403813478619003,-0.9136777667275395,0.7665054395040194,9.602942258025825e-15,6.929746268465814,6.929746268465844,6.929746268465973,6.9297462684658315,0
5.31646915610489e-15,0.32917582278521207,4.281811403181098e-17,-3.7558353194528574e-14,-1.4047621944223851,-0.9127369721927334,0.76619694654946,9.603357071946593e-15,6.930017321793867,6.930017321793898,6.930017321794026,6.930017321793885,0
5.31800228573942e-15,0.3291885983654418,4.4002424434534884e-17,-3.7586479124067604e-14,-1.4057021895954518,-0.9118041678551314,0.7658907138941984,9.604769918552064e-15,6.930286281377652,6.930286281377682,6.9302862813778106,6.930286281377669,0
5.319386337575234e-15,0.3292012742649459,4.520570607933956e-17,-3.7614449032463403e-14,-1.4066334821904523,-0.9108793538998815,0.7655867508113774,9.606971229846558e-15,6.930553142419844,6.930553142419874,6.930553142420003,6.930553142419861,0
5.320543384581183e-15,0.3292138502639645,4.64423551768588e-17,-3.7642135110413155e-14,-1.4075560905646016,-0.9099625299920601,0.7652850662866182,9.607837474690989e-15,6.93081790029392,6.93081790029395,6.930817900294079,6.930817900293937,0
5.321805463672592e-15,0.3292263261509139,4.763020529679902e-17,-3.767001689601538e-14,-1.4084700333813747,-0.9090536952755022,0.7649856690179876,9.60998671394751e-15,6.931080550545486,6.931080550545516,6.931080550545645,6.931080550545504,0
5.323143775729254e-15,0.3292387017224451,4.8806525874840305e-17,-3.769789444912701e-14,-1.4093753296115084,-0.9081528483719322,0.7646885674160585,9.611159300868134e-15,6.931341088893512,6.931341088893542,6.931341088893671,6.93134108889353,0
5.3244448183362365e-15,0.32925097678350407,5.005517281702705e-17,-3.772589065495194e-14,-1.4102719985341967,-0.9072599873799367,0.7643937696039421,9.612450233945095e-15,6.931599511231594,6.931599511231624,6.931599511231753,6.931599511231612,0
5.325683180505122e-15,0.329263151147389,5.121012594884714e-17,-3.7753651229044895e-14,-1.4111600597381457,-0.9063751098740959,0.7641012834173715,9.614468548695364e-15,6.931855813629173,6.931855813629203,6.931855813629332,6.93185581362919,0
5.326918154542219e-15,0.32927522463580783,5.2397591211108505e-17,-3.778145706807061e-14,-1.4120395331226752,-0.9054982129041048,0.7638111164048017,9.615365592264776e-15,6.932109992332727,6.932109992332757,6.932109992332886,6.9321099923327445,0
5.328073507482274e-15,0.32928719707893356,5.359554455212274e-17,-3.780919399738131e-14,-1.4129104388987563,-0.9046292929939512,0.763523275827521,9.616019980910407e-15,6.932362043766953,6.932362043766983,6.932362043767112,6.932362043766971,0
5.329279682399164e-15,0.32929906831545824,5.4750620841961636e-17,-3.783692666755284e-14,-1.4137727975900005,-0.9037683461411967,0.7632377686598173,9.617962979332897e-15,6.9326119645358935,6.932611964535924,6.932611964536052,6.932611964535911,0
5.3305400674246784e-15,0.3293108381926476,5.59314292997071e-17,-3.7864825019737525e-14,-1.414626630033781,-0.9029153678161311,0.7629546015891089,9.619778332115029e-15,6.9328597514240915,6.932859751424122,6.9328597514242505,6.932859751424109,0
5.331827557504505e-15,0.3293225065663913,5.707867723890206e-17,-3.7892773954411484e-14,-1.4154719573820778,-0.9020703529612463,0.762673781016191,9.621958728627417e-15,6.933105401397642,6.933105401397672,6.933105401397801,6.933105401397659,0
5.333081166266441e-15,0.329334073301255,5.82601266308691e-17,-3.7920637649569637e-14,-1.4163088011025642,-0.9012332959904601,0.7623953130554009,9.623895466728076e-15,6.933348911605299,6.9333489116053295,6.933348911605458,6.933348911605317,0
5.334165368438927e-15,0.32934553827052937,5.944104779884799e-17,-3.7948291842061833e-14,-1.4171371829794808,-0.9004041907886126,0.7621192035348918,9.625037112268382e-15,6.933590279379495,6.933590279379525,6.933590279379654,6.933590279379513,0
5.335317333247193e-15,0.32935690135627815,6.064176672433216e-17,-3.7976075630712973e-14,-1.4179571251145857,-0.8995830307108762,0.7618454579968769,9.626823744329366e-15,6.933829502237365,6.933829502237395,6.933829502237524,6.933829502237383,0
5.336593811898705e-15,0.32936816244938516,6.181823765405842e-17,-3.800397421375213e-14,-1.4187686499280365,-0.8987698085822946,0.7615740816979373,9.627846110686437e-15,6.9340665778817225,6.934066577881753,6.9340665778818815,6.93406657788174,0
5.3378516558253775e-15,0.3293793214496,6.302467131613432e-17,-3.8031956958017925e-14,-1.4195717801592909,-0.897964516697285,0.7613050796093106,9.629862936102272e-15,6.934301504202035,6.9343015042020655,6.934301504202194,6.934301504202053,0
5.3390705362364765e-15,0.3293903782655821,6.417297532980152e-17,-3.8059745207779096e-14,-1.4203665388679452,-0.897167146819268,0.7610384564172462,9.631034852769196e-15,6.934534279275343,6.934534279275373,6.934534279275502,6.93453427927536,0
5.340325839064307e-15,0.32940133281494394,6.529194769149942e-17,-3.8087517979328207e-14,-1.4211529494345922,-0.8963776901802667,0.7607742165233443,9.631696628809681e-15,6.934764901367171,6.934764901367201,6.93476490136733,6.934764901367188,0
5.341637893099604e-15,0.3294121850242918,6.648746727365344e-17,-3.8115561658221094e-14,-1.4219310355615757,-0.895596137480652,0.7605123640449634,9.633283358908672e-15,6.934993368932389,6.934993368932419,6.934993368932548,6.934993368932407,0
5.3429143717511165e-15,0.3294229348292674,6.769177144983655e-17,-3.814347493018155e-14,-1.4227008212738734,-0.8948224788887827,0.7602529028155947,9.634502570004564e-15,6.935219680616084,6.935219680616115,6.935219680616243,6.935219680616102,0
5.344034996340334e-15,0.3294335821745847,6.888876565115755e-17,-3.8171270122568886e-14,-1.4234623309197552,-0.8940567040408924,0.7599958363853301,9.63610941652324e-15,6.935443835254343,6.9354438352543735,6.935443835254502,6.935443835254361,0
5.34531655718953e-15,0.3294441270140688,7.005811893508361e-17,-3.8199223493654985e-14,-1.4242155891715966,-0.8932988020408325,0.7597411680212858,9.637300005181179e-15,6.9356658318750615,6.935665831875092,6.9356658318752205,6.935665831875079,0
5.3464786863931626e-15,0.3294545693106917,7.124641936659644e-17,-3.822706482041399e-14,-1.424960621026605,-0.8925487614599447,0.7594889007080847,9.638211234089935e-15,6.935885669698703,6.935885669698733,6.9358856696988616,6.93588566969872,0
5.3477627883412e-15,0.32946490903660636,7.238759672920233e-17,-3.825501252675335e-14,-1.4256974518074679,-0.8918065703370261,0.7592390371483706,9.640288109536528e-15,6.936103348139011,6.936103348139041,6.93610334813917,6.936103348139029,0
5.349096865233126e-15,0.3294751461731798,7.366037588538059e-17,-3.828313863792142e-14,-1.4264261071630506,-0.8910722161782691,0.7589915797633267,9.641663414024596e-15,6.936318866803715,6.936318866803745,6.936318866803874,6.936318866803733,0
5.350346238830326e-15,0.3294852807110255,7.48606220876367e-17,-3.831111912775899e-14,-1.4271466130690804,-0.8903456859572346,0.7587465306932109,9.643304765447825e-15,6.9365322254952035,6.936532225495234,6.9365322254953625,6.936532225495221,0
5.351709961875405e-15,0.3294953126500333,7.603661508988714e-17,-3.833923769895863e-14,-1.4278589958287569,-0.8896269661149319,0.7585038917979359,9.64439015155417e-15,6.936743424211157,6.936743424211187,6.936743424211316,6.9367434242111745,0
5.3529999930540734e-15,0.3295052419993971,7.720190834753743e-17,-3.836722381353199e-14,-1.4285632820732819,-0.8889160425599862,0.7582636646576822,9.645374992810094e-15,6.936952463145132,6.936952463145163,6.936952463145292,6.9369524631451505,0
5.354165510389495e-15,0.3295150687776447,7.83310899673885e-17,-3.839498843933891e-14,-1.4292594987626102,-0.8882129006686271,0.7580258505734672,9.646162380576498e-15,6.937159342687186,6.937159342687217,6.9371593426873455,6.937159342687204,0
5.355436059810377e-15,0.3295247930126607,7.949615642381818e-17,-3.8423022676751137e-14,-1.4299476731858343,-0.8875175252850579,0.7577904505678426,9.64692874416899e-15,6.937364063424364,6.937364063424395,6.937364063424524,6.937364063424383,0
5.356615129672955e-15,0.32953441474171297,8.067169769954893e-17,-3.8450934960230396e-14,-1.4306278329618445,-0.8868299007215751,0.7575574653855214,9.647874237680935e-15,6.937566626141254,6.937566626141285,6.937566626141414,6.9375666261412725,0
5.35771796657028e-15,0.32954393401147497,8.186194807803654e-17,-3.8478748780891254e-14,-1.4313000060397973,-0.8861500107588804,0.7573268954940646,9.648486135875643e-15,6.937767031820454,6.937767031820485,6.937767031820614,6.9377670318204725,0
5.3592155208210255e-15,0.329553350878047,8.303641371426483e-17,-3.850706252101995e-14,-1.4319642206996224,-0.8854778386464207,0.7570987410846043,9.649987167006392e-15,6.937965281643023,6.937965281643054,6.937965281643183,6.9379652816430415,0
5.360438636396861e-15,0.3295626654069761,8.422813269516958e-17,-3.8535058844787406e-14,-1.4326205055524697,-0.8848133671027681,0.7568730020725682,9.651340957203226e-15,6.938161376988899,6.93816137698893,6.938161376989059,6.938161376988917,0
5.361606694831124e-15,0.32957187767327434,8.545827841183604e-17,-3.8563053318576366e-14,-1.4332688895411683,-0.8841565783160417,0.7566496780984426,9.652371389023143e-15,6.938355319437283,6.938355319437314,6.938355319437443,6.938355319437302,0
5.362789999858439e-15,0.32958098776143635,8.658285496452901e-17,-3.8590971458934345e-14,-1.4339094019406757,-0.8835074539443385,0.7564287685285291,9.653767383922411e-15,6.9385471107670105,6.938547110767042,6.93854711076717,6.938547110767029,0
5.363969916753964e-15,0.3295899957654542,8.770604780846037e-17,-3.861882288888282e-14,-1.4345420723584528,-0.882865975116274,0.7562102724557594,9.654515498027485e-15,6.93873675295686,6.938736752956891,6.93873675295702,6.938736752956879,0
5.3651845620003265e-15,0.32959890178883156,8.887444403915158e-17,-3.8646823814579224e-14,-1.4351669307348522,-0.882232122431525,0.755994188700508,9.65628946295931e-15,6.938924248185856,6.938924248185887,6.938924248186016,6.938924248185875,0
5.3663272094461726e-15,0.32960770594459593,9.002705795590697e-17,-3.867468088722932e-14,-1.435784007343481,-0.8816058759614227,0.755780515811434,9.656542129433551e-15,6.939109598833527,6.939109598833558,6.939109598833687,6.939109598833546,0
5.3674495281012845e-15,0.3296164083553098,9.123334604409991e-17,-3.870264809180599e-14,-1.4363933327915352,-0.8809872152496047,0.7555692520663515,9.657418793055292e-15,6.939292807480135,6.939292807480166,6.939292807480295,6.939292807480154,0
5.368652314886386e-15,0.3296250091530798,9.240182904714356e-17,-3.873062811952364e-14,-1.4369949380200917,-0.8803761193127072,0.7553603954731114,9.65824910295481e-15,6.939473876906871,6.939473876906902,6.939473876907031,6.93947387690689,0
5.369850019473803e-15,0.32963350847956485,9.361212927842727e-17,-3.875873309743946e-14,-1.4375888543044468,-0.8797725666410602,0.7551539437705012,9.65975390988056e-15,6.939652810096031,6.939652810096062,6.939652810096191,6.9396528100960495,0
5.3710866875767945e-15,0.3296419064859826,9.47515918812058e-17,-3.878673506524798e-14,-1.438175113254347,-0.8791765351994819,0.7549498944291761,9.660052644836651e-15,6.939829610231142,6.939829610231173,6.9398296102313015,6.93982961023116,0
5.372281004032423e-15,0.3296502033331141,9.591508548970562e-17,-3.881472475847987e-14,-1.4387537468142506,-0.8785880024280964,0.754748244652614,9.660859161284101e-15,6.940004280697068,6.940004280697099,6.940004280697228,6.940004280697087,0
5.3734084048852185e-15,0.3296583991913072,9.711362185009563e-17,-3.8842718672479806e-14,-1.4393247872635395,-0.878006945243196,0.7545489913780801,9.661513538404367e-15,6.94017682508008,6.940176825080112,6.940176825080241,6.9401768250800995,0
5.374608650571478e-15,0.32966649424047867,9.823539279720635e-17,-3.887095849733116e-14,-1.4398882672167501,-0.8774333400381162,0.7543521312776158,9.662539324167524e-15,6.9403472471679,6.940347247167932,6.940347247168061,6.94034724716792,0
5.375787720434056e-15,0.32967448867011473,9.942016014078335e-17,-3.889901751143491e-14,-1.44044421962374,-0.8768671626841876,0.7541576607590456,9.663840614301287e-15,6.940515550949711,6.940515550949744,6.940515550949872,6.940515550949732,0
5.377037094031256e-15,0.32968238267926975,1.006120203676879e-16,-3.89271897024815e-14,-1.4409926777698572,-0.876308388531716,0.7539655759670093,9.664751273038564e-15,6.9406817406161325,6.940681740616165,6.940681740616293,6.940681740616153,0
5.37830679641919e-15,0.3296901764765635,1.0175930590100674e-16,-3.8955306646395426e-14,-1.4415336752760533,-0.8757569924110306,0.7537758727840205,9.665522738195708e-15,6.94084582055916,6.9408458205591925,6.94084582055932,6.94084582055918,0
5.379541770456287e-15,0.3296978702801781,1.0289335803923554e-16,-3.898335124448826e-14,-1.442067246099066,-0.8752129486334843,0.7535885468315159,9.666109683990254e-15,6.941007795372099,6.941007795372132,6.9410077953722595,6.941007795372119,0
5.380768274163911e-15,0.3297054643178514,1.0404551770890319e-16,-3.901141714063928e-14,-1.4425934245314451,-0.8746762309926284,0.7534035934709622,9.666411074801177e-15,6.941167669849432,6.941167669849465,6.941167669849593,6.941167669849452,0
5.381849088204608e-15,0.3297129588268713,1.052246797228513e-16,-3.90393386357946e-14,-1.4431122452017182,-0.8741468127652743,0.7532210078049457,9.666884141293745e-15,6.941325448986693,6.941325448986726,6.941325448986854,6.9413254489867136,0
5.383081521142863e-15,0.32972035405406525,1.0637493991343245e-16,-3.90674459759497e-14,-1.4436237430743004,-0.8736246667128232,0.7530407846783419,9.667989001417391e-15,6.94148113798025,6.941481137980283,6.941481137980411,6.94148113798027,0
5.3842868490268055e-15,0.3297276502557932,1.0753949923255623e-16,-3.909558593086923e-14,-1.444127953449719,-0.8731097650822878,0.7528629186793921,9.668878071754701e-15,6.941634742227155,6.941634742227188,6.941634742227316,6.941634742227175,0
5.385514199767377e-15,0.3297348476979349,1.0872767603505027e-16,-3.912372909765657e-14,-1.4446249119645256,-0.8726020796076716,0.7526874041409123,9.669494314493761e-15,6.941786267324874,6.941786267324907,6.941786267325035,6.941786267324894,0
5.3867415505079485e-15,0.3297419466558766,1.0987763831712014e-16,-3.915183438878262e-14,-1.4451146545912772,-0.8721015815112813,0.7525142351414775,9.670116153149558e-15,6.941935719071015,6.941935719071048,6.941935719071176,6.941935719071036,0
5.387928243667052e-15,0.32974894741449856,1.1105206780968958e-16,-3.9179937698424707e-14,-1.445597217638593,-0.8716082415049744,0.7523434055065907,9.67071073267605e-15,6.942083103463057,6.94208310346309,6.942083103463218,6.942083103463077,0
5.389111548694366e-15,0.3297558502681581,1.122073433802594e-16,-3.9208033294539494e-14,-1.4460726377510222,-0.8711220297916301,0.7521749088099323,9.671513536015374e-15,6.942228426697994,6.942228426698028,6.942228426698155,6.942228426698015,0
5.390373627785775e-15,0.32976265552067385,1.133464310260352e-16,-3.9236213760268754e-14,-1.4465409519090744,-0.8706429160664679,0.7520087383745686,9.672057903932511e-15,6.942371695172009,6.942371695172044,6.94237169517217,6.942371695172031,0
5.3915882730321376e-15,0.3297693634853072,1.145099903144864e-16,-3.926437991905e-14,-1.4470021974290999,-0.870170869518516,0.7518448872742037,9.672677550389478e-15,6.94251291548008,6.942512915480115,6.942512915480241,6.942512915480101,0
5.3928207059703926e-15,0.3297759744847422,1.1566964682251975e-16,-3.929256638700771e-14,-1.447456411963172,-0.8697058588321293,0.7516833483344656,9.673681778138367e-15,6.942652094415554,6.942652094415589,6.942652094415715,6.942652094415576,0
5.393956577152661e-15,0.3297824888510651,1.1681312024359435e-16,-3.932059881093305e-14,-1.4479036334989945,-0.8692478521884709,0.7515241141341757,9.674064920194052e-15,6.942789238969721,6.942789238969755,6.9427892389698815,6.942789238969742,0
5.395177151629654e-15,0.3297889069257423,1.1795565815472077e-16,-3.934875978441853e-14,-1.4483439003597942,-0.8687968172670281,0.75136717700664,9.675299773402269e-15,6.942924356331346,6.942924356331381,6.942924356331507,6.942924356331368,0
5.396324034240236e-15,0.3297952290595963,1.190926040841644e-16,-3.937680182957908e-14,-1.4487772512041306,-0.8683527212472426,0.7512125290409797,9.675429155185423e-15,6.9430574538861665,6.943057453886202,6.943057453886327,6.943057453886188,0
5.397557314211439e-15,0.3298014556127808,1.2021548895293342e-16,-3.940496078018378e-14,-1.4492037250257273,-0.8679155308101055,0.7510601620834501,9.67563440398065e-15,6.943188539216367,6.943188539216402,6.943188539216528,6.943188539216388,0
5.398739772205806e-15,0.3298075869547548,1.2134549088934555e-16,-3.9433081004851175e-14,-1.4496233611533145,-0.8674852121397965,0.7509100677387942,9.67647845463462e-15,6.94331762010003,6.943317620100066,6.943317620100191,6.943317620100052,0
5.399907830640069e-15,0.3298136234642555,1.2252538656032837e-16,-3.9461233305937483e-14,-1.4500361992504327,-0.8670617309253291,0.7507622373715808,9.677268143222504e-15,6.943444704510572,6.943444704510608,6.943444704510733,6.943444704510593,0
5.401097911930962e-15,0.32981956552926855,1.2366920390699367e-16,-3.948938401208838e-14,-1.4504422793151555,-0.8666450523623379,0.7506166621076108,9.677765693095778e-15,6.9435698006161095,6.943569800616145,6.94356980061627,6.943569800616131,0
5.402248182673333e-15,0.3298254135469989,1.248205671796162e-16,-3.9517520274736496e-14,-1.4508416416799117,-0.8662351411547444,0.75047333283528,9.678143633895125e-15,6.943692916778854,6.94369291677889,6.943692916779015,6.9436929167788755,0
5.403430217151226e-15,0.32983116792383993,1.2596507856061385e-16,-3.9545665768653946e-14,-1.4512343270112344,-0.8658319615165225,0.7503322402069759,9.678582043454588e-15,6.943814061554455,6.94381406155449,6.943814061554615,6.943814061554476,0
5.4046330039363274e-15,0.32983682907533957,1.270887642161225e-16,-3.957385859763344e-14,-1.4516203763094084,-0.8654354771735937,0.7501933746405314,9.678703735684926e-15,6.943933243691289,6.943933243691324,6.94393324369145,6.94393324369131,0
5.405809532700064e-15,0.3298423974261694,1.2821491974254183e-16,-3.9602004758035997e-14,-1.4519998309083462,-0.8650456513654671,0.7500567263205803,9.678721465777874e-15,6.944050472129811,6.944050472129846,6.944050472129971,6.944050472129832,0
5.407022483880532e-15,0.32984787341008676,1.2936472294134703e-16,-3.963025237624796e-14,-1.4523727324750961,-0.8646624468473132,0.7499222852000818,9.679707607137639e-15,6.944165756001755,6.944165756001791,6.944165756001916,6.944165756001777,0
5.408328185168724e-15,0.32985325746990185,1.3051191816419749e-16,-3.965861021094146e-14,-1.452739123009706,-0.8642858258916463,0.7497900410016974,9.680449137578516e-15,6.944279104629442,6.944279104629477,6.944279104629603,6.944279104629463,0
5.409467444482781e-15,0.32985855005743864,1.3164507317776486e-16,-3.968671262923722e-14,-1.4530990448447583,-0.8639157502903715,0.7496599832193045,9.68033128865264e-15,6.944390527524954,6.944390527524989,6.9443905275251145,6.944390527524975,0
5.4106702312678825e-15,0.32986375163349835,1.3278028299618132e-16,-3.97149230636423e-14,-1.4534525406451404,-0.8635521813566143,0.7495321011194411,9.68071689771286e-15,6.944500034389369,6.944500034389405,6.94450003438953,6.944500034389391,0
5.411902240689664e-15,0.32986886266781956,1.339086564323912e-16,-3.974317421925888e-14,-1.4537996534076176,-0.8631950799267241,0.7494063837427983,9.680857486642123e-15,6.944607635111922,6.944607635111957,6.9446076351120825,6.944607635111943,0
5.41299703077399e-15,0.3298738836390377,1.3508525314720124e-16,-3.977132919305188e-14,-1.4541404264604585,-0.8628444063622874,0.7492828199057352,9.681771514991739e-15,6.944713339769146,6.944713339769182,6.944713339769307,6.944713339769168,0
5.414247674920611e-15,0.32987881503464467,1.3620800741072655e-16,-3.979961711902625e-14,-1.4544749034630942,-0.8625001205520608,0.7491613982017554,9.681888434362114e-15,6.94481715862403,6.944817158624066,6.944817158624192,6.944817158624052,0
5.415422086101979e-15,0.32988365735094616,1.3733070906072383e-16,-3.982781267164151e-14,-1.454803128405704,-0.8621621819140425,0.7490421070030443,9.681933138641904e-15,6.944919102125114,6.944919102125151,6.944919102125276,6.944919102125136,0
5.416632072667132e-15,0.32988841109301903,1.3847199497207092e-16,-3.985609773327315e-14,-1.455125145608837,-0.8618305493974666,0.7489249344619701,9.682241470602944e-15,6.945019180905596,6.945019180905633,6.945019180905757,6.945019180905619,0
5.417824695056866e-15,0.32989307677466556,1.395886692054556e-16,-3.988445501452992e-14,-1.4554409997228877,-0.8615051814849958,0.7488098685126642,9.682831782899437e-15,6.945117405782365,6.945117405782402,6.9451174057825265,6.945117405782388,0
5.419027481841967e-15,0.32989765491837064,1.4072816814406505e-16,-3.991274079788555e-14,-1.4557507357278137,-0.8611860361946454,0.7486968968725043,9.682843627220118e-15,6.945213787755103,6.94521378775514,6.945213787755264,6.945213787755126,0
5.420185375880864e-15,0.3299021460552539,1.4188710637110743e-16,-3.994101501264573e-14,-1.4560543989325798,-0.8608730710820137,0.7485860070437094,9.68380684905478e-15,6.945308338005277,6.945308338005314,6.945308338005439,6.9453083380053,0
5.421386892116544e-15,0.32990655072502395,1.4302398179047282e-16,-3.996931744265005e-14,-1.4563520349747647,-0.8605662432423508,0.7484771863148785,9.684150256177037e-15,6.9454010678951725,6.94540106789521,6.945401067895334,6.945401067895196,0
5.422526998463548e-15,0.32991086947592974,1.4417056109808307e-16,-3.999753740648288e-14,-1.4566436898200381,-0.8602655093127466,0.7483704217625636,9.68422901760897e-15,6.945491988966873,6.945491988966911,6.945491988967035,6.9454919889668965,0
5.423737832061648e-15,0.32991510286471226,1.4534166992305451e-16,-4.002587713542841e-14,-1.456929409761721,-0.8599708254742852,0.748265700252853,9.684786206044898e-15,6.945581112941242,6.94558111294128,6.945581112941404,6.945581112941265,0
5.4249778882964285e-15,0.3299192514565562,1.4646785472786067e-16,-4.00542343808638e-14,-1.457209241420345,-0.8596821474541425,0.7481630084429058,9.684959854786118e-15,6.945668451716904,6.9456684517169425,6.945668451717066,6.945668451716927,0
5.426079454644333e-15,0.3299233158250379,1.4762704556869282e-16,-4.0082480943925804e-14,-1.457483231743061,-0.8593994305279151,0.7480623327825979,9.68580586682391e-15,6.945754017369151,6.94575401736919,6.945754017369313,6.9457540173691745,0
5.427211514178338e-15,0.32992729655207553,1.487578349543155e-16,-4.011069729129507e-14,-1.4577514280031858,-0.8591226295217576,0.7479636595160789,9.686324887864156e-15,6.94583782214889,6.9458378221489285,6.945837822149052,6.945837822148913,0
5.428417689095228e-15,0.32993119422787737,1.4992121239467823e-16,-4.013902784762601e-14,-1.4580138777997038,-0.8588516988145878,0.7478669746833605,9.68680225182944e-15,6.94591987848156,6.9459198784815985,6.945919878481722,6.945919878481583,0
5.42955398379397e-15,0.32993500945088916,1.510697473880325e-16,-4.0167315887690174e-14,-1.4582706290567187,-0.8585865923403677,0.7477722641219391,9.687423456350978e-15,6.946000198966019,6.946000198966058,6.946000198966181,6.9460001989660425,0
5.4307766758533314e-15,0.3299387428277408,1.5221297188901288e-16,-4.0195686574478976e-14,-1.4585217300229054,-0.8583272635903575,0.7476795134683941,9.687867024644081e-15,6.946078796373423,6.946078796373461,6.946078796373585,6.946078796373446,0
5.431954898682962e-15,0.32994239497319355,1.5332336079494429e-16,-4.0224031922224213e-14,-1.4587672292710425,-0.8580736656153182,0.7475887081599851,9.688363720638692e-15,6.946155683646112,6.94615568364615,6.946155683646274,6.946155683646135,0
5.43319114326948e-15,0.3299459665100839,1.5445195086668126e-16,-4.0252416076949304e-14,-1.4590071756973506,-0.857825751027894,0.7474998334362956,9.68891173309856e-15,6.946230873896436,6.946230873896474,6.946230873896598,6.946230873896459,0
5.434334637748273e-15,0.32994945806927106,1.555652877429857e-16,-4.028075703181199e-14,-1.4592416185210777,-0.8575834720047469,0.7474128743407943,9.689315438667004e-15,6.946304380405639,6.946304380405677,6.946304380405801,6.946304380405662,0
5.435495919918959e-15,0.3299528702895795,1.5668518547966687e-16,-4.0309073958105696e-14,-1.4594706072838417,-0.8573467802889675,0.747327815722503,9.689719260145188e-15,6.946376216622658,6.9463762166226966,6.94637621662282,6.9463762166226815,0
5.436644920111909e-15,0.32995620381774327,1.5779788318448946e-16,-4.033738773280274e-14,-1.4596941918490687,-0.8571156271923549,0.7472446422376005,9.690137791181546e-15,6.946446396162949,6.946446396162987,6.94644639616311,6.946446396162972,0
5.437826107556855e-15,0.3299594593083506,1.5890274891876294e-16,-4.036575427833257e-14,-1.4599124224015074,-0.8568899635976517,0.747163338351028,9.690588545101548e-15,6.946514932807313,6.946514932807351,6.9465149328074745,6.946514932807336,0
5.439003483353539e-15,0.32996263742378484,1.6004129082177213e-16,-4.039415094367808e-14,-1.4601253494465243,-0.8566697399609741,0.7470838883381418,9.690990638751374e-15,6.946581840500666,6.946581840500704,6.946581840500827,6.946581840500689,0
5.440154177612384e-15,0.32996573883416874,1.6115887871861043e-16,-4.0422483390868456e-14,-1.460333023809616,-0.856454906314041,0.7470062762863101,9.691409406109273e-15,6.946647133350853,6.946647133350891,6.946647133351014,6.946647133350876,0
5.4413222360466475e-15,0.32996876421730537,1.6228071526548699e-16,-4.0450855677965273e-14,-1.460535496635782,-0.8562454122665525,0.7469304860965572,9.69226537963976e-15,6.946710825627414,6.946710825627452,6.946710825627576,6.946710825627437,0
5.442486059316175e-15,0.32997171425862126,1.6340172187058971e-16,-4.047924377700573e-14,-1.4607328193890026,-0.8560412070084299,0.7468565014851519,9.692633928427458e-15,6.94677293176038,6.946772931760418,6.946772931760542,6.946772931760403,0
5.443610072037181e-15,0.32997458965110543,1.6451216123842617e-16,-4.0507609759759685e-14,-1.4609250438515018,-0.8558422393123023,0.746784305985283,9.693013945747787e-15,6.946833466338995,6.946833466339033,6.946833466339156,6.946833466339018,0
5.4447683895925516e-15,0.3299773910952525,1.6562326008351165e-16,-4.053598698456724e-14,-1.4611122221232928,-0.855648457535696,0.746713882948634,9.693372177089112e-15,6.946892444110512,6.94689244411055,6.946892444110674,6.946892444110535,0
5.445911672313108e-15,0.3299801192990021,1.667362927371632e-16,-4.0564373811056947e-14,-1.4612944066214977,-0.8554598096234495,0.7466452155470267,9.693731181059189e-15,6.946949879978925,6.9469498799789635,6.946949879979087,6.946949879978948,0
5.447048390528323e-15,0.3299827749776798,1.6785655684131242e-16,-4.0592754733598204e-14,-1.4614716500797682,-0.8552762431100256,0.7465782867740334,9.69405550347546e-15,6.947005789003719,6.947005789003757,6.947005789003881,6.947005789003742,0
5.448193367314774e-15,0.329985358853937,1.689616097763839e-16,-4.0621126102287094e-14,-1.4616440055476732,-0.8550977051218503,0.7465130794465892,9.694387662871089e-15,6.947060186398607,6.947060186398645,6.947060186398769,6.94706018639863,0
5.4493336854200154e-15,0.3299878716576907,1.7007199592558601e-16,-4.0649511627184395e-14,-1.4618115263900906,-0.8549241423796593,0.7464495762066129,9.69472093990744e-15,6.947113087530266,6.947113087530304,6.947113087530427,6.947113087530289,0
5.450490732425965e-15,0.3299903141260638,1.7118560154925035e-16,-4.0677915339495416e-14,-1.4619742662865938,-0.8547555012008135,0.7463877595226,9.695041307023598e-15,6.947164507917067,6.947164507917106,6.947164507917229,6.9471645079170905,0
5.451635073937705e-15,0.3299926870033239,1.7229396025380247e-16,-4.0706323764884106e-14,-1.4621322792308542,-0.8545917275016452,0.746327611691246,9.695353061691322e-15,6.947214463227807,6.947214463227845,6.947214463227969,6.94721446322783,0
5.4527709451199734e-15,0.3299949910408237,1.7340236990095833e-16,-4.0734722178167526e-14,-1.4622856195300364,-0.8544327667997497,0.746269114839021,9.695657231790356e-15,6.947262969280434,6.947262969280473,6.9472629692805965,6.947262969280458,0
5.453919945312924e-15,0.329997226996939,1.7452015181190222e-16,-4.0763150178108386e-14,-1.4624343418041368,-0.8542785642163777,0.7462122509237983,9.69596255605148e-15,6.9473100420407565,6.947310042040796,6.947310042040919,6.9473100420407805,0
5.455055816495192e-15,0.32999939563700914,1.7562041673845666e-16,-4.0791551424392e-14,-1.4625785009854204,-0.8541290644786856,0.746157001736413,9.696230225695249e-15,6.94735569762118,6.947355697621219,6.947355697621343,6.947355697621204,0
5.456183640864461e-15,0.33000149773327536,1.7672667387524685e-16,-4.081996268856534e-14,-1.462718152317792,-0.8539842119220878,0.74610334890227,9.696508158095365e-15,6.947399952279417,6.947399952279456,6.9473999522795795,6.947399952279441,0
5.457315276881993e-15,0.33000353406482114,1.778308804925458e-16,-4.084837820289254e-14,-1.4628533513562154,-0.8538439504924991,0.746051273882891,9.696778955499608e-15,6.947442822417222,6.947442822417261,6.9474428224173845,6.947442822417246,0
5.458457712569602e-15,0.3300055054175094,1.789332524964615e-16,-4.0876810260459844e-14,-1.4629841539660102,-0.8537082237487484,0.7460007579775304,9.697019421186328e-15,6.94748432457908,6.947484324579119,6.947484324579243,6.947484324579104,0
5.459586595730055e-15,0.3300074125839241,1.8003622930652638e-16,-4.0905244128237573e-14,-1.4631106163223768,-0.8535769748647223,0.7459517823246895,9.697260882276523e-15,6.947524475450968,6.947524475451007,6.9475244754511305,6.947524475450992,0
5.460707008561036e-15,0.3300092563633082,1.8113452115872233e-16,-4.093367259794432e-14,-1.4632327949097086,-0.8534501466317151,0.7459043279036929,9.69752441721852e-15,6.947563291859055,6.947563291859094,6.947563291859217,6.947563291859079,0
5.461829750732621e-15,0.3300110375615029,1.8223586147096177e-16,-4.09620896351371e-14,-1.4633507465209707,-0.8533276814607306,0.7458583755362546,9.697740750525828e-15,6.947600790768417,6.9476007907684565,6.94760079076858,6.947600790768441,0
5.462967104222547e-15,0.3300127569908884,1.8333898399467578e-16,-4.099053986142293e-14,-1.4634645282571805,-0.8532095213846376,0.7458139058879751,9.697979146380386e-15,6.947636989281796,6.947636989281835,6.947636989281959,6.94763698928182,0
5.4640887876029485e-15,0.330014415470322,1.8443436396811824e-16,-4.101898204495499e-14,-1.4635741975267096,-0.853095608060524,0.7457708994699136,9.698190376712656e-15,6.947671904638293,6.947671904638332,6.947671904638455,6.947671904638317,0
5.465214917906323e-15,0.3300160138250802,1.8552857024233762e-16,-4.104740581372039e-14,-1.4636798120448185,-0.8529858827717811,0.7457293366400535,9.698408510511116e-15,6.94770555421215,6.947705554212189,6.9477055542123125,6.947705554212174,0
5.466348671506223e-15,0.33001755288679646,1.8662467772878185e-16,-4.1075874020101405e-14,-1.4637814298329213,-0.852880286430481,0.7456891976048717,9.69861174828687e-15,6.94773795551144,6.947737955511479,6.947737955511602,6.947737955511464,0
5.4674771311502026e-15,0.3300190334934032,1.8772396143504024e-16,-4.110435140643654e-14,-1.4638791092181027,-0.8527787595794554,0.7456504624207899,9.698821656052385e-15,6.947769126176846,6.947769126176885,6.9477691261770085,6.94776912617687,0
5.468603155574459e-15,0.330020456489072,1.888226141882624e-16,-4.113281590733975e-14,-1.4639729088325069,-0.8526812423945267,0.7456131109956842,9.699022019492677e-15,6.9477990839804,6.947799083980439,6.947799083980563,6.947799083980424,0
5.4697274859328204e-15,0.3300218227241551,1.8991693473619446e-16,-4.116128111113811e-14,-1.4640628876127806,-0.8525876746866262,0.7455771230903337,9.699228074040975e-15,6.947827846824254,6.947827846824293,6.947827846824416,6.947827846824278,0
5.470856474972392e-15,0.3300231330551252,1.9100936285318692e-16,-4.1189756417552305e-14,-1.4641491047994442,-0.8524979959040369,0.7455424783199275,9.69941566633449e-15,6.947855432739414,6.947855432739453,6.947855432739576,6.947855432739438,0
5.471977417198965e-15,0.330024388344519,1.9209863258876779e-16,-4.121823158895472e-14,-1.4642316199363952,-0.8524121451344169,0.7455091561554651,9.699591076959173e-15,6.947881859884547,6.947881859884586,6.94788185988471,6.947881859884571,0
5.473095606568459e-15,0.33002558946087845,1.931908895505051e-16,-4.124672106714737e-14,-1.4643104928703292,-0.8523300611069637,0.7454771359252234,9.699767475819864e-15,6.947907146544745,6.947907146544785,6.947907146544908,6.947907146544769,0
5.47420532560848e-15,0.3300267372786932,1.9428613839995782e-16,-4.127519408394138e-14,-1.4643857837501844,-0.8522516821944842,0.745446396816164,9.699933248839182e-15,6.9479313111303185,6.9479313111303584,6.947931311130481,6.9479313111303425,0
5.475313879978199e-15,0.3300278326783438,1.9537760756446524e-16,-4.130367742156973e-14,-1.4644575530265962,-0.8521769464154644,0.7454169178753423,9.700079870141308e-15,6.9479543721755945,6.9479543721756345,6.947954372175757,6.9479543721756185,0
5.476427198908247e-15,0.33002887654604496,1.9646424298759324e-16,-4.1332162910803366e-14,-1.464525861451362,-0.8521057914361286,0.7453886780113119,9.700232867035771e-15,6.947976348337725,6.947976348337765,6.947976348337887,6.947976348337749,0
5.4775468705853985e-15,0.3300298697737895,1.9754890818094865e-16,-4.136067126429829e-14,-1.4645907700769063,-0.8520381545724541,0.7453616559954933,9.700375491348188e-15,6.947997258395505,6.947997258395545,6.9479972583956675,6.947997258395529,0
5.478664212921945e-15,0.3300308132592935,1.9863557842198468e-16,-4.138918332602914e-14,-1.464652340255801,-0.8519739727921265,0.7453358304635233,9.700517583332263e-15,6.9480171212482205,6.94801712124826,6.948017121248383,6.948017121248244,0
5.479774143720204e-15,0.3300317079059402,1.9972441736524078e-16,-4.141768981575808e-14,-1.4647106336401903,-0.8519131827165873,0.7453111799166289,9.700655143360921e-15,6.9480359559144675,6.9480359559145075,6.94803595591463,6.9480359559144915,0
5.480882803969041e-15,0.33003255462272685,2.0080997710181007e-16,-4.144620090550881e-14,-1.4647657121813455,-0.8518557206229102,0.7452876827229258,9.700796843122194e-15,6.948053781531028,6.948053781531068,6.948053781531191,6.948053781531052,0
5.482003216800022e-15,0.3300333543242103,2.0190131520148313e-16,-4.147472694731997e-14,-1.464817638129154,-0.8518015224457491,0.745265317118746,9.700916468637039e-15,6.948070617351733,6.948070617351773,6.948070617351895,6.948070617351757,0
5.4831127240818065e-15,0.3300341079304538,2.0298440762945843e-16,-4.150324652604421e-14,-1.464866474031596,-0.8517505237792605,0.7452440612099351,9.701027346261088e-15,6.948086482746332,6.948086482746373,6.948086482746495,6.948086482746357,0
5.484217996198855e-15,0.3300348163669749,2.0406582385478752e-16,-4.1531770743273685e-14,-1.464912282734326,-0.8517026598789256,0.7452238929731195,9.701145752704579e-15,6.948101397199408,6.948101397199449,6.948101397199571,6.948101397199433,0
5.485330997491547e-15,0.33003548056469406,2.0514625709406914e-16,-4.15603072808138e-14,-1.4649551273801924,-0.8516578656633845,0.7452047902569544,9.701253763474993e-15,6.948115380309285,6.948115380309327,6.948115380309448,6.948115380309311,0
5.4864437870260024e-15,0.3300361014598834,2.0623338862615008e-16,-4.158884946818488e-14,-1.4649950714087965,-0.8516160757162463,0.7451867307833709,9.701356869134352e-15,6.948128451786955,6.948128451786997,6.9481284517871185,6.948128451786981,0
5.487549006203492e-15,0.33003667999411607,2.0731123577352556e-16,-4.161739040777918e-14,-1.4650321785560163,-0.851577224287889,0.7451696921487959,9.701451824114277e-15,6.948140631455012,6.948140631455054,6.948140631455176,6.948140631455038,0
5.4886509960678695e-15,0.3300372171142173,2.0839023272677146e-16,-4.164593493412201e-14,-1.4650665128535987,-0.8515412452971811,0.7451536518253447,9.701543360252116e-15,6.948151939246617,6.948151939246658,6.94815193924678,6.948151939246642,0
5.48975282711357e-15,0.3300377137722155,2.094680552774905e-16,-4.167447954352701e-14,-1.4650981386287412,-0.8515080723331947,0.7451385871619978,9.701629208236916e-15,6.9481623952044735,6.948162395204515,6.948162395204637,6.948162395204499,0
5.4908482524726064e-15,0.3300381709252951,2.1054563503342444e-16,-4.1703025537471035e-14,-1.4651271205037104,-0.8514776386568464,0.7451244753857413,9.701704347819538e-15,6.948172019479833,6.948172019479875,6.948172019479997,6.948172019479859,0
5.491953577529214e-15,0.3300385895357489,2.1162731823250117e-16,-4.173158434805403e-14,-1.4651535233954203,-0.8514498772025795,0.7451112936027163,9.701784445724659e-15,6.948180832331492,6.948180832331534,6.948180832331656,6.948180832331518,0
5.493051649866211e-15,0.330038970570932,2.1270114576633143e-16,-4.176014644005133e-14,-1.4651774125150359,-0.8514247205799791,0.7450990187993302,9.701859139011911e-15,6.948188854124822,6.948188854124863,6.948188854124985,6.948188854124847,0
5.494147154634586e-15,0.3300393150032176,2.1377527558277144e-16,-4.178870752854042e-14,-1.465198853367668,-0.85140210107528,0.7450876278433237,9.701930746918384e-15,6.948196105330833,6.948196105330875,6.948196105330997,6.948196105330859,0
5.4952510503230955e-15,0.3300396238099516,2.1484778067641747e-16,-4.181728488775294e-14,-1.4652179117519584,-0.85138195065296,0.745077097484853,9.701994830476487e-15,6.948202606525234,6.9482026065252755,6.948202606525397,6.94820260652526,0
5.496345072783813e-15,0.33003989797340966,2.1591893106715288e-16,-4.184585643518983e-14,-1.4652346537597447,-0.8513642009572419,0.7450674043575383,9.702053548414997e-15,6.948208378387508,6.948208378387551,6.948208378387672,6.948208378387535,0
5.4974383276209225e-15,0.3300401384807561,2.169905320469365e-16,-4.1874433550869685e-14,-1.4652491457758139,-0.8513487833134483,0.7450585249794363,9.70210868009624e-15,6.948213441700065,6.948213441700108,6.948213441700228,6.948213441700092,0
5.498533488282163e-15,0.33004034632400125,2.1806277428394122e-16,-4.1903016156815744e-14,-1.4652614544775018,-0.8513356287295273,0.7450504357540718,9.702161490158143e-15,6.948217817347332,6.948217817347374,6.948217817347495,6.948217817347358,0
5.4996248769998104e-15,0.33004052249996174,2.1913264563323543e-16,-4.1931599174333944e-14,-1.4652716468344291,-0.8513246678973896,0.7450431129713917,9.702209936293151e-15,6.948221526314921,6.948221526314963,6.948221526315084,6.948221526314947,0
5.500714611356233e-15,0.33004066801022164,2.2020056181483312e-16,-4.196018788514832e-14,-1.465279790108246,-0.8513158311942202,0.7450365328086928,9.702255598648441e-15,6.948224589688813,6.948224589688856,6.9482245896889765,6.94822458968884,0
5.501802492828083e-15,0.3300407838610941,2.2126722974620885e-16,-4.1988779916683255e-14,-1.4652859518523371,-0.8513090486837946,0.7450306713315415,9.702297027938253e-15,6.948227028654549,6.948227028654592,6.9482270286547125,6.948227028654576,0
5.5028885412676956e-15,0.33004087106358393,2.2233311814605306e-16,-4.2017376350846196e-14,-1.465290199911553,-0.8513042501177622,0.7450255044946755,9.702334818865642e-15,6.94822886449644,6.948228864496483,6.9482288644966035,6.948228864496467,0
5.503973941197708e-15,0.3300409306333536,2.233979744606525e-16,-4.2045976269233563e-14,-1.4652926024220894,-0.8513013649367244,0.7450210081428119,9.702368568551819e-15,6.948230118596854,6.948230118596896,6.948230118597017,6.9482301185968804,0
5.505059049960145e-15,0.33004096359068635,2.2446268767447213e-16,-4.207458139306769e-14,-1.465293227811127,-0.8513003222715494,0.745017158011535,9.702399294263914e-15,6.948230812435438,6.94823081243548,6.948230812435601,6.948230812435464,0
5.506142351332943e-15,0.3300409709604539,2.2552580587948007e-16,-4.21031903070446e-14,-1.4652921447967167,-0.8513010509444024,0.7450139297280642,9.702426658420616e-15,6.94823096758844,6.948230967588483,6.948230967588604,6.948230967588467,0
5.507224187768877e-15,0.3300409537720847,2.265878194161966e-16,-4.213180270555293e-14,-1.4652894223876125,-0.851303479469793,0.74501129881202,9.702456632567496e-15,6.948230605728035,6.948230605728078,6.948230605728199,6.948230605728062,0
5.508305647010451e-15,0.33004091305953126,2.276486594794286e-16,-4.216042107204057e-14,-1.465285129883035,-0.8513075360556859,0.7450092406762001,9.702477690639262e-15,6.948229748621647,6.9482297486216895,6.94822974862181,6.9482297486216735,0
5.509385905185776e-15,0.33004084986124255,2.2870847897654512e-16,-4.2189043433658413e-14,-1.4652793368726391,-0.8513131486043408,0.7450077306272408,9.70249668905936e-15,6.948228418131358,6.948228418131401,6.948228418131522,6.948228418131385,0
5.510464145040406e-15,0.33004076522013315,2.297675714636864e-16,-4.221766990290826e-14,-1.4652721132362487,-0.8513202447133902,0.7450067438663545,9.702513202231733e-15,6.948226636213266,6.948226636213309,6.9482266362134295,6.948226636213293,0
5.5115405915674685e-15,0.3300406601835583,2.3082577061258492e-16,-4.2246299026077464e-14,-1.4652635291438882,-0.8513287516765661,0.7450062554899292,9.702525892780167e-15,6.948224424916954,6.948224424916996,6.948224424917117,6.9482244249169804,0
5.512614113183885e-15,0.3300405358032861,2.318824469016351e-16,-4.2274930181670074e-14,-1.4652536550555662,-0.8513385964846514,0.7450062404901883,9.702539772143948e-15,6.948221806384907,6.948221806384949,6.94822180638507,6.948221806384933,0
5.513689381805755e-15,0.33004039313547473,2.3293851931920166e-16,-4.2303569235518034e-14,-1.4652425617213367,-0.8513497058261202,0.7450066737557345,9.702549118613478e-15,6.948218802852036,6.948218802852079,6.9482188028522,6.948218802852063,0
5.514762890187281e-15,0.33004023324064796,2.3399362309622316e-16,-4.233221221933467e-14,-1.4652303201811359,-0.8513620060879714,0.7450075300721407,9.70255499474933e-15,6.948215436645157,6.948215436645199,6.94821543664532,6.948215436645183,0
5.51583490302626e-15,0.3300400571836744,2.3504736702176794e-16,-4.236085813922082e-14,-1.4652170017648374,-0.8513754233563057,0.745008784122441,9.70255980189597e-15,6.948211730182555,6.948211730182598,6.948211730182718,6.948211730182582,0
5.5169034880287805e-15,0.33003986603374613,2.360986187583874e-16,-4.238950663557558e-14,-1.4652026780921756,-0.8513898834170125,0.7450104104876423,9.70256261070155e-15,6.948207705973539,6.948207705973582,6.948207705973703,6.948207705973566,0
5.5179735023993995e-15,0.3300396608643606,2.3715069291926063e-16,-4.241816292742679e-14,-1.4651874210727909,-0.8514053117562771,0.7450123836471557,9.702564682539688e-15,6.948203386618054,6.948203386618097,6.948203386618218,6.948203386618081,0
5.519039811000874e-15,0.3300394427533033,2.382015837180547e-16,-4.244681959322729e-14,-1.465171302906301,-0.8514216335610633,0.7450146779792154,9.702565021739135e-15,6.948198794806323,6.948198794806365,6.948198794806486,6.948198794806349,0
5.5201074166215495e-15,0.3300392127826312,2.3925097946249006e-16,-4.247548209840957e-14,-1.4651543960822682,-0.8514387737196119,0.7450172677612661,9.702562802400242e-15,6.948193953318489,6.9481939533185315,6.948193953318652,6.9481939533185155,0
5.521174492846633e-15,0.3300389720386585,2.40298647895516e-16,-4.250414958106147e-14,-1.465136773380342,-0.8514566568217962,0.7450201271703109,9.702560150528783e-15,6.948188885024327,6.948188885024369,6.94818888502449,6.948188885024353,0
5.522236063357559e-15,0.33003872161194414,2.413435891638039e-16,-4.253281674247822e-14,-1.465118507870342,-0.8514752071594289,0.7450232302832027,9.702553754039356e-15,6.948183612882972,6.948183612883015,6.948183612883136,6.948183612882999,0
5.523299036766804e-15,0.3300384625972805,2.4238991210966107e-16,-4.256149143392455e-14,-1.4650996729123937,-0.8514943487265341,0.7450265510769215,9.70254783889436e-15,6.948178159942684,6.948178159942727,6.948178159942848,6.948178159942711,0
5.524361666068914e-15,0.330038196093682,2.434350816858231e-16,-4.259017200678448e-14,-1.4650803421569814,-0.8515140052196403,0.7450300634288374,9.702528114423015e-15,6.948172549340612,6.948172549340654,6.948172549340775,6.948172549340638,0
5.5254228660029254e-15,0.3300379232043795,2.4447979218537833e-16,-4.261885728478467e-14,-1.4650605895452504,-0.8515341000377838,0.745033741116856,9.702521538062601e-15,6.948166804302664,6.948166804302707,6.9481668043028275,6.948166804302691,0
5.526481392489197e-15,0.33003764503681243,2.4552224976921306e-16,-4.2647544075360135e-14,-1.465040489309139,-0.851554556282655,0.7450375578195968,9.702511877063561e-15,6.948160948143357,6.9481609481434,6.948160948143521,6.948160948143384,0
5.5275412954040085e-15,0.3300373627026228,2.465646575620583e-16,-4.267623588901573e-14,-1.465020115971502,-0.8515752967587031,0.7450414871165368,9.702500303609037e-15,6.94815500426568,6.948155004265723,6.9481550042658435,6.948155004265707,0
5.5286000071787375e-15,0.3300370773176543,2.4760590999182784e-16,-4.270493446994174e-14,-1.464999544346516,-0.8515962439729294,0.7450455024880364,9.702490792320214e-15,6.94814899616108,6.948148996161122,6.948148996161243,6.948148996161106,0
5.529656548431539e-15,0.33003679000194897,2.4864545737929066e-16,-4.2733633165708987e-14,-1.4649788495398015,-0.8516173201349091,0.7450495773154135,9.702480039553395e-15,6.948142947409388,6.948142947409431,6.9481429474095515,6.948142947409415,0
5.530709092747621e-15,0.3300365018797481,2.4968372945412853e-16,-4.2762334443802033e-14,-1.4649581069487763,-0.8516384471565555,0.7450536848809232,9.702444374521467e-15,6.948136881678844,6.948136881678886,6.948136881679007,6.94813688167887,0
5.531762695854887e-15,0.3300362141036954,2.507218178516925e-16,-4.279104506215977e-14,-1.4649373972579258,-0.8516595427860303,0.7450578035519708,9.70241800001095e-15,6.948130823235628,6.948130823235671,6.9481308232357915,6.948130823235655,0
5.532817119525321e-15,0.33003630034170606,2.517586264759788e-16,-4.281975656565115e-14,-1.464959912439828,-0.8516491923509367,0.7450736823472649,9.702408547394005e-15,6.948132638772695,6.948132638772738,6.948132638772859,6.948132638772722,0
5.53389772180778e-15,0.3300384959571995,2.527948372481992e-16,-4.2848498195364755e-14,-1.4652264533714205,-0.8514614234930422,0.745156149899206,9.702402612655388e-15,6.948178862256768,6.94817886225681,6.948178862256931,6.948178862256794,0
5.534941266398798e-15,0.3300445708370634,2.538872461961064e-16,-4.2877225954328195e-14,-1.4659412614960794,-0.8509474850510884,0.7453606965827629,9.702475553206951e-15,6.94830675446443,6.948306754464473,6.948306754464594,6.948306754464457,0
5.536047491427912e-15,0.3300559639072985,2.5491592373057154e-16,-4.2905931384361695e-14,-1.4672680944803562,-0.8499869692781378,0.7457306724099367,9.702506299272448e-15,6.948546608574643,6.948546608574685,6.948546608574806,6.948546608574669,0
5.53715541052292e-15,0.33007382884744035,2.5601601783128297e-16,-4.2934689588628117e-14,-1.4693334046533804,-0.8484844653818152,0.7462971190094067,9.70237722683274e-15,6.948922712577629,6.948922712577672,6.948922712577793,6.948922712577656,0
5.538388690494123e-15,0.3300990782433705,2.5708078763897174e-16,-4.296340968488421e-14,-1.472229473884147,-0.8463663328683303,0.747078677847843,9.70221022556443e-15,6.949454278807738,6.949454278807781,6.9494542788079015,6.949454278807765,0
5.539306874208946e-15,0.33013242187234515,2.581463718817295e-16,-4.299191308654815e-14,-1.47601739903547,-0.8435778804385357,0.7480817545799199,9.702027123388724e-15,6.950156249944047,6.950156249944089,6.95015624994421,6.950156249944073,0
5.540496108466891e-15,0.33017439675332316,2.5935805371550113e-16,-4.302089903605331e-14,-1.4807298691606934,-0.840081109815391,0.7493010400724947,9.701800846120047e-15,6.951039931648847,6.951039931648889,6.95103993164901,6.951039931648873,0
5.54187846623681e-15,0.33022538800749185,2.606265169113927e-16,-4.304996442801251e-14,-1.4863737121151597,-0.8358530853220427,0.750720426594156,9.701568002793255e-15,6.952113431736609,6.9521134317366515,6.952113431736772,6.9521134317366355,0
5.5434979932319606e-15,0.3302856405614515,2.615872336236855e-16,-4.307931720842206e-14,-1.4929322156916267,-0.8308849153857651,0.7523143104545863,9.701189201447769e-15,6.953381906556811,6.953381906556854,6.953381906556975,6.953381906556838,0
5.544345026179215e-15,0.33035526239423,2.62684689789672e-16,-4.3107310470612925e-14,-1.5003672482190542,-0.825181277429685,0.7540492374950731,9.70163841543272e-15,6.954847629352148,6.954847629352191,6.954847629352312,6.954847629352175,0
5.547089412928319e-15,0.33043422047239807,2.641863339993912e-16,-4.313796180422288e-14,-1.508621217148376,-0.8187603791686205,0.7558858229701242,9.701683297388571e-15,6.956509904682003,6.956509904682045,6.956509904682166,6.956509904682029,0
5.548776702559249e-15,0.3305223308121807,2.65508570352467e-16,-4.3167259436722133e-14,-1.5176189127404607,-0.8116542239511401,0.7577808605774884,9.702210695923027e-15,6.9583648592037415,6.958364859203784,6.958364859203905,6.958364859203768,0
5.5501184027477e-15,0.3306192443153788,2.6671717183540144e-16,-4.319595774535946e-14,-1.5272692887314872,-0.8039090327792144,0.7596895251431853,9.702020652250541e-15,6.960405143481596,6.960405143481639,6.9604051434817595,6.960405143481623,0
5.550728266469723e-15,0.33072443019526077,2.681073412888296e-16,-4.322385684504291e-14,-1.5372692887314872,-0.7955856687639393,0.7615675685845225,9.701665899938103e-15,6.962619583058059,6.9626195830581015,6.962619583058222,6.9626195830580855,0
5.551432997881839e-15,0.33083709993557375,2.689292520449238e-16,-4.325104408516035e-14,-1.5472692887314872,-0.7867651457510996,0.7633765316575957,9.70122656647777e-15,6.964991577590964,6.9649915775910065,6.964991577591127,6.9649915775909905,0
5.55284246070607e-15,0.33095617319966875,2.69929092471288e-16,-4.327938886822102e-14,-1.5572692887314872,-0.7775500480304856,0.7650864934332563,9.700814142394758e-15,6.967498383150859,6.967498383150901,6.967498383151022,6.967498383150885,0
5.555403888338567e-15,0.3310803779323047,2.709847000177035e-16,-4.330900517542873e-14,-1.5672692887314872,-0.768054036268702,0.7666716814077622,9.701415928339482e-15,6.970113219627405,6.970113219627447,6.970113219627568,6.970113219627431,0
5.5570708491787635e-15,0.33120826009484294,2.7277933925320307e-16,-4.333909932116262e-14,-1.5772692887314872,-0.758399696308383,0.7681110221698022,9.704560592575618e-15,6.9728054756808415,6.972805475680884,6.972805475681005,6.972805475680868,0
5.5586429423288675e-15,0.33133819795479225,2.7435522235776444e-16,-4.3368101530372325e-14,-1.5872692887314872,-0.7487162231712947,0.7693885680095387,9.706254797819976e-15,6.975541009574512,6.975541009574554,6.975541009574675,6.975541009574538,0
5.559957537463006e-15,0.33146842247352887,2.753365919757234e-16,-4.339626783086529e-14,-1.5972692887314872,-0.7391369340145354,0.7704938011879613,9.706540292308545e-15,6.97828257839002,6.978282578390063,6.978282578390184,6.978282578390047,0
5.5615838407217344e-15,0.3315970454605976,2.7656672635409786e-16,-4.3424681008922814e-14,-1.6072692887314872,-0.7297965937446578,0.7714218132069247,9.706382093837207e-15,6.980990430749362,6.980990430749405,6.980990430749526,6.980990430749388,0
5.563413431887804e-15,0.3317220971787058,2.7777720800071364e-16,-4.3453815850368486e-14,-1.617014655007179,-0.7208285271880935,0.7721733516384237,9.705242366643211e-15,6.983623098499009,6.983623098499052,6.983623098499173,6.983623098499035,0
5.5667066959867284e-15,0.33184150738748525,2.7929534557097385e-16,-4.3484775198537086e-14,-1.6260863583155394,-0.7123672485048095,0.7727581437823098,9.704665298060772e-15,6.986136997631206,6.986136997631251,6.9861369976313705,6.986136997631233,0
5.568468524517017e-15,0.33195314952435756,2.804318206337858e-16,-4.351347655003954e-14,-1.6343699995524745,-0.7045464173362213,0.7731954495318724,9.703755958634789e-15,6.988487358407466,6.98848735840751,6.98848735840763,6.988487358407492,0
5.570758901606393e-15,0.33205502971475803,2.8148702824492126e-16,-4.354319525607003e-14,-1.64176883730024,-0.6974853637015647,0.7735078568477908,9.702052824949014e-15,6.99063220452116,6.990632204521205,6.990632204521325,6.990632204521187,0
5.573462630774029e-15,0.33214540151392424,2.8285105322399106e-16,-4.357411551249761e-14,-1.6482081348246609,-0.6912828898360276,0.7737194305934703,9.703732793184219e-15,6.992534768714133,6.992534768714179,6.9925347687142985,6.992534768714161,0
5.574465517783578e-15,0.33222288686302737,2.840486327059676e-16,-4.360258925241296e-14,-1.6536395349804258,-0.6860110770452811,0.7738538942948503,9.703621732763713e-15,6.994166039221567,6.9941660392216125,6.994166039221732,6.994166039221595,0
5.57642385795763e-15,0.33228659536970795,2.8502718982882713e-16,-4.363210953897384e-14,-1.6580453390931662,-0.6817093869561986,0.773933010273188,9.703384319101687e-15,6.995507270941158,6.995507270941204,6.9955072709413235,6.995507270941186,0
5.5771827994783696e-15,0.33233623322541905,2.8596128911874187e-16,-4.366033997907768e-14,-1.6614425650088531,-0.6783793385637036,0.7739753147412862,9.70310175915236e-15,6.996552278429814,6.996552278429859,6.996552278429979,6.996552278429841,0
5.578585486039023e-15,0.33237219363532405,2.868055919382394e-16,-4.368923741543727e-14,-1.6638866762703517,-0.6759799971952246,0.7739953359444876,9.702861236584144e-15,6.997309339690971,6.997309339691016,6.997309339691136,6.997309339690998,0
5.579393555470703e-15,0.33239562280831864,2.8781720784780135e-16,-4.371769278826687e-14,-1.665474910543774,-0.6744244258406712,0.7740033739169874,9.702752000671744e-15,6.997802585438225,6.99780258543827,6.99780258543839,6.997802585438253,0
5.580484533906767e-15,0.33240845929464335,2.8881548170117253e-16,-4.374660067804117e-14,-1.6663491902597463,-0.6735771241656282,0.7740058501362793,9.702724012145532e-15,6.998072827255587,6.9980728272556325,6.998072827255752,6.998072827255615,0
5.5814992793775775e-15,0.33241344943049156,2.898267343288578e-16,-4.377553307357013e-14,-1.6666986690347407,-0.6732523203434017,0.7740061457765183,9.702841507930698e-15,6.998177882747129,6.998177882747174,6.998177882747294,6.998177882747156,0
5.582486443338043e-15,0.3324141473305192,2.9080466460714245e-16,-4.3804416515296534e-14,-1.6667620496693314,-0.673212791811772,0.7740057404635128,9.702734948409256e-15,6.9981925753792895,6.998192575379335,6.998192575379455,6.998192575379317,0
5.5834738984660845e-15,0.33241408529580563,2.9178332295009837e-16,-4.383331715299937e-14,-1.666774760517502,-0.6732237160325873,0.7740052394036123,9.702723278390087e-15,6.99819126938532,6.998191269385365,6.998191269385485,6.998191269385347,0
5.584458951461627e-15,0.33241402356569255,2.927604940074241e-16,-4.3862219758828655e-14,-1.666787407643971,-0.6732345860171206,0.7740047410663724,9.702703123961238e-15,6.998189969803992,6.998189969804037,6.998189969804157,6.998189969804019,1
5.5854424030355035e-15,0.332413962138713,2.937358601343212e-16,-4.3891124669434845e-14,-1.6667999913690221,-0.673245402032706,0.7740042454360081,9.70271492414922e-15,6.998188676604422,6.998188676604467,6.998188676604587,6.99818867660445,1
5.586425245804449e-15,0.33241390101340673,2.9470956690711664e-16,-4.392003393603929e-14,-1.6668125120113213,-0.6732561643453796,0.7740037524968351,9.702757648900449e-15,6.998187389755869,6.998187389755914,6.998187389756034,6.998187389755897,1
5.587406672440186e-15,0.33241384018832026,2.956834473505585e-16,-4.394894652175789e-14,-1.6668249698879247,-0.6732668732198854,0.7740032622332691,9.70274913717971e-15,6.998186109227733,6.998186109227778,6.998186109227898,6.998186109227761,1
5.588387238808086e-15,0.33241377966200686,2.9665653531028365e-16,-4.397786326828612e-14,-1.6668373653142865,-0.6732775289196815,0.774002774629825,9.7027565793463e-15,6.998184834989557,6.998184834989602,6.998184834989722,6.998184834989584,1
5.589368142665676e-15,0.33241371943302644,2.9762959840249103e-16,-4.400678608301359e-14,-1.6668496986042671,-0.6732881317069459,0.7740022896711163,9.702722291634848e-15,6.998183567011022,6.9981835670110675,6.998183567011187,6.99818356701105,1
5.590347173786359e-15,0.3324136594999456,2.9860106828529024e-16,-4.4035710880402127e-14,-1.666861970070142,-0.6732986818425828,0.774001807341854,9.702698770224907e-15,6.9981823052619525,6.998182305261998,6.998182305262118,6.99818230526198,1
5.59132599976625e-15,0.3324135998613376,2.9957199712513644e-16,-4.406464056427241e-14,-1.6668741800226088,-0.6733091795862285,0.7740013276268464,9.702738412929714e-15,6.9981810497123105,6.998181049712356,6.998181049712476,6.998181049712338,1
5.592303806659627e-15,0.3324135405157822,3.005427455654248e-16,-4.4093574572236335e-14,-1.6668863287707962,-0.6733196251962572,0.7740008505109982,9.702744411462492e-15,6.998179800332196,6.998179800332243,6.998179800332362,6.998179800332225,1
5.593278225421214e-15,0.33241348146186583,3.0151140446603005e-16,-4.4122509576147416e-14,-1.6668984166222718,-0.6733300189297875,0.7740003759793097,9.702762856115397e-15,6.998178557091851,6.998178557091897,6.998178557092016,6.9981785570918795,1
5.594254305161472e-15,0.3324134226981814,3.0248014765050136e-16,-4.415145255522e-14,-1.666910443883049,-0.6733403610426875,0.7739999040168763,9.702863686653222e-15,6.998177319961653,6.998177319961699,6.998177319961818,6.998177319961681,1
5.595229054795304e-15,0.3324133642233284,3.0344775419288815e-16,-4.418039836721652e-14,-1.6669224108575968,-0.6733506517895813,0.7739994346088879,9.702853648530882e-15,6.998176088912116,6.998176088912162,6.998176088912281,6.998176088912144,1
5.596204069126933e-15,0.33241330603591274,3.0441593469553836e-16,-4.420934970256999e-14,-1.6669343178488463,-0.6733608914238548,0.7739989677406277,9.702848441140635e-15,6.998174863913891,6.998174863913937,6.998174863914056,6.99817486391392,1
5.5971777401172464e-15,0.33241324813454687,3.053827270788189e-16,-4.42383044851695e-14,-1.6669461651581985,-0.6733710801976612,0.7739985033974722,9.702832790377043e-15,6.998173644937768,6.998173644937814,6.998173644937933,6.998173644937796,1
5.598150954503862e-15,0.3324131905178496,3.0634892212029993e-16,-4.4267263326425143e-14,-1.6669579530855332,-0.6733812183619272,0.7739980415648904,9.702853500305057e-15,6.998172431954668,6.998172431954714,6.998172431954833,6.998172431954696,1
5.59912234909313e-15,0.33241313318444626,3.073133419076739e-16,-4.4296224808449813e-14,-1.6669696819292155,-0.6733913061663587,0.7739975822284426,9.702852046112375e-15,6.99817122493565,6.998171224935696,6.998171224935815,6.998171224935678,1
5.60009362456839e-15,0.33241307613296844,3.082779749761269e-16,-4.432519242809146e-14,-1.6669813519861045,-0.6734013438594464,0.7739971253737805,9.702839933628797e-15,6.998170023851907,6.998170023851953,6.998170023852072,6.9981700238519355,1
5.601064291238719e-15,0.3324130193620542,3.0924196435947163e-16,-4.435416322698395e-14,-1.6669929635515606,-0.6734113316884717,0.7739966709866462,9.702857105856255e-15,6.998168828674765,6.998168828674811,6.99816882867493,6.998168828674793,1
5.602031946971618e-15,0.33241296287034783,3.1020360936735484e-16,-4.4383136913696546e-14,-1.6670045169194525,-0.6734212698995122,0.7739962190528712,9.702942353180556e-15,6.9981676393756835,6.99816763937573,6.998167639375849,6.998167639375712,1
5.603000873253938e-15,0.33241290665650003,3.1116610291009314e-16,-4.44121161353557e-14,-1.6670160123821662,-0.673431158737448,0.7739957695583766,9.702970474644006e-15,6.998166455926255,6.9981664559263015,6.9981664559264205,6.998166455926284,1
5.603966861390722e-15,0.33241285071916765,3.121265465397615e-16,-4.4441096079901976e-14,-1.6670274502306113,-0.6734409984459664,0.7739953224891718,9.702989379812067e-15,6.998165278298205,6.998165278298251,6.99816527829837,6.9981652782982335,1
5.604932849527507e-15,0.3324127950570139,3.130861148460376e-16,-4.4470081136418584e-14,-1.667038830754229,-0.6734507892675683,0.773994877831354,9.703016766128033e-15,6.998164106463389,6.9981641064634355,6.9981641064635545,6.998164106463418,1
5.605898023718568e-15,0.3324127396687081,3.1404496002322773e-16,-4.449906997615599e-14,-1.667050154241,-0.6734605314435735,0.7739944355711079,9.703039218909013e-15,6.998162940393794,6.99816294039384,6.998162940393959,6.998162940393822,1
5.606862271467344e-15,0.3324126845529259,3.150031879435997e-16,-4.452806311386537e-14,-1.6670614209774508,-0.6734702252141266,0.7739939956947047,9.70307950180564e-15,6.998161780061537,6.998161780061583,6.998161780061702,6.998161780061565,1
5.607826181726429e-15,0.332412629708349,3.1596107984174747e-16,-4.455706130796647e-14,-1.6670726312486626,-0.673479870818202,0.7739935581885017,9.703060421652134e-15,6.998160625438866,6.998160625438913,6.998160625439032,6.998160625438895,1
5.608791025045246e-15,0.3324125751336654,3.169192908378995e-16,-4.458606509048752e-14,-1.6670837853382772,-0.6734894684936101,0.7739931230389416,9.703090939587226e-15,6.9981594764981585,6.998159476498205,6.998159476498324,6.998159476498187,1
5.6097544654657436e-15,0.332412520827569,3.178766430200083e-16,-4.4615072158535376e-14,-1.6670948835285053,-0.6734990184770021,0.773992690232552,9.703103760751774e-15,6.9981583332119195,6.998158333211966,6.998158333212085,6.998158333211948,1
5.6107152986129504e-15,0.33241246678876,3.188321768518652e-16,-4.464408236498615e-14,-1.6671059261001335,-0.6735085210038761,0.7739922597559447,9.703196204125455e-15,6.998157195552783,6.998157195552829,6.998157195552948,6.998157195552811,1
5.6116765949813e-15,0.33241241301594454,3.1978840364720596e-16,-4.4673097301063215e-14,-1.6671169133325319,-0.6735179763085825,0.773991831595815,9.703219970889897e-15,6.99815606349351,6.998156063493556,6.998156063493675,6.998156063493538,1
5.6126375406250706e-15,0.3324123595078348,3.2074392711841624e-16,-4.47021181334992e-14,-1.6671278455036602,-0.6735273846243288,0.7739914057389417,9.703344973952169e-15,6.998154937006989,6.998154937007035,6.998154937007154,6.998154937007017,1
5.613597500269551e-15,0.33241230626314905,3.216985057220907e-16,-4.473114145810986e-14,-1.6671387228900763,-0.673536746183186,0.7739909821721855,9.703321792075494e-15,6.998153816066236,6.998153816066282,6.998153816066401,6.998153816066265,1
5.614555964371483e-15,0.33241225328061147,3.2265258943787927e-16,-4.4760167790210783e-14,-1.6671495457669423,-0.6735460612160933,0.7739905608824896,9.703328961355161e-15,6.998152700644392,6.9981527006444395,6.998152700644558,6.998152700644421,1
5.615513958634828e-15,0.33241220055895226,3.2360597973588767e-16,-4.478920055077752e-14,-1.6671603144080325,-0.6735553299528636,0.7739901418568783,9.70344819147342e-15,6.998151590714725,6.998151590714772,6.99815159071489,6.998151590714754,1
5.616471224979233e-15,0.33241214809690756,3.245588784416127e-16,-4.48182349213389e-14,-1.6671710290857398,-0.6735645526221891,0.7739897250824566,9.703442312579409e-15,6.998150486250626,6.998150486250673,6.9981504862507915,6.998150486250655,1
5.617425910520128e-15,0.33241209589321935,3.255107859314345e-16,-4.484727208030045e-14,-1.667181690071083,-0.6735737294516461,0.7739893105464096,9.703514102776326e-15,6.998149387225612,6.998149387225659,6.998149387225777,6.998149387225641,1
5.618382204100133e-15,0.3324120439466356,3.26462208433483e-16,-4.487631541007941e-14,-1.667192297633714,-0.673582860667701,0.7739888982360025,9.703534229807158e-15,6.998148293613323,6.99814829361337,6.998148293613488,6.998148293613351,1
5.619336962432921e-15,0.33241199225591006,3.2741303675332346e-16,-4.4905361986839386e-14,-1.667202852041924,-0.6735919464957151,0.7739884881385791,9.7035035976741e-15,6.9981472053875216,6.998147205387569,6.998147205387687,6.99814720538755,1
5.620291641356371e-15,0.3324119408198023,3.283631451531009e-16,-4.493441491004368e-14,-1.6672133535626514,-0.6736009871599498,0.7739880802415622,9.703619403832183e-15,6.998146122522095,6.998146122522142,6.99814612252226,6.998146122522123,1
5.621244057113664e-15,0.3324118896370778,3.293112498420562e-16,-4.496346887584785e-14,-1.6672238024614883,-0.6736099828835721,0.7739876745324522,9.703690613302724e-15,6.998145044991053,6.9981450449911,6.998145044991218,6.998145044991081,1
5.622195625838011e-15,0.3324118387065077,3.302586676854162e-16,-4.4992526186952176e-14,-1.6672341990026869,-0.6736189338886598,0.7739872709988271,9.703727984138284e-15,6.998143972768524,6.998143972768571,6.998143972768689,6.998143972768553,1
5.6231473335287e-15,0.332411788026869,3.3120602071664867e-16,-4.502158798822269e-14,-1.6672445434491672,-0.6736278403962064,0.7739868696283421,9.703720045189843e-15,6.998142905828762,6.998142905828809,6.998142905828927,6.99814290582879,1
5.62409797581076e-15,0.3324117375969444,3.3215262733255437e-16,-4.505065434920116e-14,-1.6672548360625226,-0.6736367026261265,0.7739864704087283,9.70369102257937e-15,6.998141844146139,6.998141844146186,6.998141844146304,6.998141844146168,1
5.625049915112021e-15,0.33241168741552235,3.3309991689494644e-16,-4.50797272413766e-14,-1.6672650771030277,-0.6736455207972609,0.773986073327793,9.70366633475325e-15,6.998140787695148,6.998140787695195,6.998140787695313,6.998140787695176,1
5.625999617716905e-15,0.33241163748139685,3.3404649311657533e-16,-4.5108802751328435e-14,-1.6672752668296449,-0.6736542951273816,0.7739856783734188,9.703623632296775e-15,6.9981397364504,6.998139736450447,6.9981397364505655,6.998139736450429,1
5.6269485196109566e-15,0.3324115877933677,3.349910126499556e-16,-4.513788086252651e-14,-1.6672854055000303,-0.6736630258331969,0.773985285533563,9.703623550312102e-15,6.99813869038663,6.998138690386677,6.998138690386795,6.998138690386658,1
5.627896607559285e-15,0.33241153835024034,3.3593504382331377e-16,-4.516696354671992e-14,-1.667295493370541,-0.6736717131303568,0.7739848947962574,9.703590612984579e-15,6.998137649478685,6.998137649478732,6.99813764947885,6.998137649478713,1
5.628843630098985e-15,0.33241148915082575,3.3687827561055273e-16,-4.5196050152542245e-14,-1.6673055306962417,-0.6736803572334574,0.7739845061496075,9.703669092552315e-15,6.998136613701535,6.998136613701583,6.998136613701701,6.998136613701564,1
5.629791234973836e-15,0.3324114401939405,3.378218627496607e-16,-4.5225141443951926e-14,-1.667315517730911,-0.6736889583560467,0.7739841195817919,9.703654588685044e-15,6.998135583030265,6.998135583030314,6.9981355830304315,6.998135583030296,1
5.630736384776629e-15,0.3324113914784067,3.3876381338352265e-16,-4.5254235762292554e-14,-1.6673254547270477,-0.6736975167106288,0.7739837350810622,9.703724601336587e-15,6.998134557440081,6.99813455744013,6.998134557440247,6.998134557440111,1
5.631681739720214e-15,0.33241134300305214,3.397064072158822e-16,-4.528333489556339e-14,-1.6673353419358783,-0.6737060325086697,0.7739833526357422,9.703735799398233e-15,6.998133536906301,6.99813353690635,6.998133536906467,6.998133536906331,1
5.6326267571741085e-15,0.33241129476671,3.4064833398652217e-16,-4.5312437843484696e-14,-1.6673451796073624,-0.6737145059606012,0.7739829722342276,9.703726880602917e-15,6.998132521404361,6.9981325214044094,6.998132521404527,6.998132521404391,1
5.633570272468011e-15,0.3324112467682189,3.415888922402101e-16,-4.5341544427886446e-14,-1.6673549679901998,-0.6737229372758271,0.7739825938649851,9.703696343980535e-15,6.998131510909812,6.998131510909861,6.998131510909978,6.998131510909842,1
5.6345139796678156e-15,0.33241119900642313,3.4252957420478087e-16,-4.5370657570573975e-14,-1.6673647073318365,-0.6737313266627271,0.7739822175165525,9.703805504437977e-15,6.998130505398322,6.998130505398371,6.998130505398488,6.998130505398352,1
5.635457256733702e-15,0.33241115148017225,3.434697313645898e-16,-4.53997732755862e-14,-1.6673743978784712,-0.673739674328662,0.7739818431775376,9.703749179643284e-15,6.9981295048456715,6.99812950484572,6.998129504845838,6.998129504845702,1
5.636399461773514e-15,0.33241110418832126,3.444091883513596e-16,-4.542889430708183e-14,-1.6673840398750617,-0.6737479804799789,0.7739814708366184,9.703849274615935e-15,6.998128509227756,6.998128509227805,6.998128509227922,6.9981285092277865,1
5.637341871954118e-15,0.3324110571297306,3.453480344946659e-16,-4.545801923746416e-14,-1.6673936335653312,-0.6737562453220153,0.773981100482542,9.703821876529913e-15,6.998127518520585,6.998127518520634,6.998127518520751,6.998127518520615,1
5.638282713800281e-15,0.3324110103032661,3.46286352506606e-16,-4.548714659888752e-14,-1.6674031791917747,-0.6737644690591048,0.7739807321041244,9.703822421413584e-15,6.9981265327002795,6.998126532700328,6.998126532700446,6.99812653270031,1
5.63922180864099e-15,0.3324109637077988,3.4722284205340275e-16,-4.551627603262388e-14,-1.6674126769956648,-0.6737726518945812,0.7739803656902502,9.70383136776126e-15,6.998125551743074,6.998125551743123,6.99812555174324,6.9981255517431045,1
5.640160281441878e-15,0.33241091734220535,3.481597828390042e-16,-4.5545411176198165e-14,-1.6674221272170582,-0.6737807940307837,0.7739800012298717,9.703912890137464e-15,6.998124575625316,6.998124575625365,6.998124575625482,6.998124575625346,1
5.641099171141795e-15,0.3324108712053674,3.490963013548369e-16,-4.5574551554200133e-14,-1.6674315300948022,-0.6737888956690614,0.7739796387120087,9.70396554918271e-15,6.998123604323464,6.998123604323513,6.99812360432363,6.998123604323494,1
5.642037657177573e-15,0.33241082529617194,3.500309682269344e-16,-4.5603694367852934e-14,-1.6674408858665402,-0.6737969570097782,0.7739792781257482,9.703963432342448e-15,6.998122637814086,6.998122637814135,6.9981226378142525,6.998122637814117,1
5.642974111657767e-15,0.3324107796135114,3.509652856094852e-16,-4.563284063678036e-14,-1.6674501947687181,-0.6738049782523172,0.7739789194602437,9.703995267068578e-15,6.998121676073864,6.998121676073913,6.99812167607403,6.998121676073894,1
5.64391130729179e-15,0.3324107341562832,3.519006630125495e-16,-4.5661993114520426e-14,-1.6674594570365908,-0.673812959595086,0.7739785627047145,9.703965798918104e-15,6.998120719079586,6.998120719079635,6.998120719079752,6.998120719079616,1
5.644846428356836e-15,0.33241068892339015,3.5283385126487703e-16,-4.569114726436396e-14,-1.6674686729042274,-0.6738209012355206,0.7739782078484462,9.703990823696702e-15,6.998119766808154,6.998119766808203,6.99811976680832,6.998119766808184,1
5.645782078817474e-15,0.33241064391374014,3.5376760983534053e-16,-4.572030751949899e-14,-1.6674778426045178,-0.6738288033700909,0.773977854880789,9.704025144225056e-15,6.998118819236575,6.998118819236624,6.998118819236741,6.9981188192366055,1
5.64671742818437e-15,0.3324105991262463,3.547008137525643e-16,-4.5749472037127064e-14,-1.6674869663691787,-0.6738366661943044,0.773977503791158,9.704048560024152e-15,6.9981178763419685,6.998117876342017,6.998117876342135,6.998117876341999,1
5.6476518478002565e-15,0.3324105545598269,3.556333736753629e-16,-4.5778639596399456e-14,-1.6674960444287594,-0.6738444899027116,0.773977154569033,9.70403459616941e-15,6.998116938101559,6.9981169381016075,6.998116938101725,6.998116938101589,1
5.648583623746906e-15,0.3324105102134052,3.5656437969943677e-16,-4.5807809180305784e-14,-1.6675050770126474,-0.6738522746889102,0.7739768072039573,9.704010661560499e-15,6.9981160044926805,6.998116004492729,6.9981160044928465,6.998116004492711,1
5.649515829827473e-15,0.33241046608590963,3.5749509244251436e-16,-4.5836983981838255e-14,-1.6675140643490751,-0.6738600207455495,0.7739764616855379,9.703959001113014e-15,6.998115075492774,6.998115075492823,6.99811507549294,6.998115075492804,1
5.650448174874384e-15,0.33241042217627376,3.5842544241578823e-16,-4.586616334465076e-14,-1.6675230066651248,-0.6738677282643356,0.7739761180034446,9.703948703019685e-15,6.998114151079387,6.998114151079436,6.9981141510795535,6.998114151079418,1
5.651379878029139e-15,0.33241037848343613,3.5935521785542405e-16,-4.5895346861205916e-14,-1.6675319041867351,-0.6738753974360351,0.77397577614741,9.70394584847906e-15,6.998113231230174,6.9981132312302226,6.99811323123034,6.998113231230204,1
5.652310687828833e-15,0.3324103350063403,3.602844915477777e-16,-4.592453477516085e-14,-1.6675407571387066,-0.6738830284504801,0.7739754361072287,9.703993043578956e-15,6.998112315922893,6.998112315922942,6.998112315923059,6.998112315922923,1
5.6532411899173385e-15,0.33241029174393494,3.6121315760822864e-16,-4.5953726678619734e-14,-1.6675495657447075,-0.6738906214965726,0.7739750978727574,9.703958106129662e-15,6.998111405135411,6.99811140513546,6.998111405135577,6.998111405135441,1
5.654170861516509e-15,0.33241024869517355,3.6214096125964533e-16,-4.59829217107932e-14,-1.6675583302272794,-0.673898176762289,0.7739747614339139,9.70395465118712e-15,6.998110498845698,6.9981104988457465,6.998110498845864,6.998110498845728,1
5.655100629068631e-15,0.3324102058590147,3.6306965942819345e-16,-4.6012122760811246e-14,-1.6675670508078433,-0.6739056944346843,0.7739744267806768,9.703947805051042e-15,6.998109597031827,6.998109597031876,6.998109597031993,6.998109597031857,1
5.656028719098471e-15,0.33241016323442185,3.639965025600464e-16,-4.60413265354491e-14,-1.667575727706705,-0.6739131746998968,0.7739740939030857,9.704032068403985e-15,6.9981086996719775,6.998108699672026,6.9981086996721436,6.998108699672008,1
5.656955581592281e-15,0.3324101208203634,3.6492279428647937e-16,-4.607053253079115e-14,-1.6675843611430605,-0.6739206177431524,0.7739737627912399,9.704023942095859e-15,6.998107806744431,6.99810780674448,6.998107806744597,6.9981078067444615,1
5.657882172770851e-15,0.3324100786158127,3.65849388252519e-16,-4.6099744105136986e-14,-1.6675929513350023,-0.6739280237487689,0.7739734334352985,9.704080626945301e-15,6.998106918227574,6.998106918227623,6.99810691822774,6.998106918227604,1
5.658809435620078e-15,0.3324100366197478,3.667757318961344e-16,-4.6128961087854365e-14,-1.6676014984995244,-0.6739353929001605,0.77397310582548,9.704104281562142e-15,6.998106034099892,6.998106034099941,6.998106034100058,6.998106034099922,1
5.659736294805166e-15,0.33240999483115174,3.6770151088329615e-16,-4.615818169451668e-14,-1.6676100028525283,-0.673942725379842,0.7739727799520618,9.704106973902102e-15,6.998105154339975,6.998105154340024,6.998105154340141,6.9981051543400055,1
5.6606614136022455e-15,0.3324099532490124,3.6862615941713823e-16,-4.618740509443047e-14,-1.667618464608828,-0.6739500213694333,0.7739724558053799,9.704099617974676e-15,6.998104278926515,6.998104278926564,6.998104278926681,6.9981042789265455,1
5.66158686327157e-15,0.3324099118723224,3.6955021350545e-16,-4.621664525056061e-14,-1.6676268839821562,-0.6739572810496633,0.7739721333758282,9.704144308862233e-15,6.998103407838305,6.998103407838354,6.998103407838471,6.998103407838335,1
5.662511042391473e-15,0.33240987070007916,3.704738352703219e-16,-4.624587719574649e-14,-1.6676352611851695,-0.6739645046003749,0.7739718126538585,9.704102058349927e-15,6.998102541054237,6.998102541054286,6.998102541054403,6.998102541054267,1
5.663435929577981e-15,0.3324098297312849,3.7139765005507744e-16,-4.627511453003163e-14,-1.6676435964294536,-0.6739716922005284,0.77397149362998,9.70411014240129e-15,6.998101678553305,6.998101678553354,6.998101678553471,6.998101678553335,1
5.6643598737785905e-15,0.33240978896494655,3.723209762576149e-16,-4.630435591548391e-14,-1.6676518899255288,-0.6739788440282064,0.7739711762947588,9.704157941632814e-15,6.998100820314603,6.998100820314652,6.998100820314769,6.998100820314633,1
5.665283824596645e-15,0.33240974840007576,3.7324360873195685e-16,-4.6333601829619106e-14,-1.6676601418828558,-0.6739859602606177,0.7739708606388175,9.704119561166967e-15,6.998099966317324,6.998099966317373,6.99809996631749,6.998099966317354,1
5.666205869590568e-15,0.3324097080356889,3.7416558386884967e-16,-4.636284982057179e-14,-1.6676683525098408,-0.6739930410741017,0.7739705466528352,9.704136848648016e-15,6.998099116540759,6.998099116540808,6.998099116540925,6.998099116540789,1
5.6671278451013196e-15,0.33240966787080706,3.750874608372875e-16,-4.639210262526933e-14,-1.6676765220138405,-0.6740000866441324,0.7739702343275465,9.704136666991776e-15,6.998098270964299,6.9980982709643476,6.998098270964465,6.998098270964329,1
5.6680477427343724e-15,0.3324096279044559,3.7600717498931063e-16,-4.642135757639968e-14,-1.667684650601168,-0.6740070971453225,0.7739699236537418,9.704180877081209e-15,6.998097429567432,6.998097429567481,6.998097429567598,6.998097429567462,1
5.668967577501699e-15,0.33240958813566573,3.769272475663787e-16,-4.645061678796698e-14,-1.6676927384770979,-0.6740140727514279,0.7739696146222664,9.704192848139935e-15,6.998096592329745,6.9980965923297935,6.998096592329911,6.998096592329775,1
5.669887875490168e-15,0.33240954856347155,3.778477612814482e-16,-4.647988216605323e-14,-1.6677007858458714,-0.6740210136353515,0.7739693072240205,9.704210483005456e-15,6.99809575923092,6.998095759230969,6.998095759231086,6.99809575923095,1
5.67080781282789e-15,0.3324095091869129,3.78767746673739e-16,-4.6509151460033113e-14,-1.667708792910702,-0.6740279199691473,0.7739690014499583,9.704223241408818e-15,6.998094930250739,6.9980949302507875,6.998094930250905,6.998094930250769,1
5.671726545790641e-15,0.33240947000503396,3.7968621443019216e-16,-4.6538423559971446e-14,-1.6677167598737797,-0.6740347919240248,0.7739686972910884,9.704236301350208e-15,6.998094105369076,6.998094105369125,6.998094105369242,6.998094105369106,1
5.672645212578942e-15,0.33240943101688336,3.8060445163885035e-16,-4.6567710791311984e-14,-1.6677246869362774,-0.6740416296703526,0.773968394738473,9.704279041718387e-15,6.998093284565905,6.998093284565954,6.998093284566071,6.998093284565935,1
5.67356176840232e-15,0.33240939222151433,3.815214921477459e-16,-4.659699009616951e-14,-1.667732574298355,-0.6740484333776631,0.7739680937832274,9.704321886809834e-15,6.9980924678212935,6.998092467821342,6.9980924678214596,6.998092467821324,1
5.674478463192041e-15,0.33240935361798457,3.824386627496711e-16,-4.6626273845365795e-14,-1.6677404221591656,-0.6740552032146556,0.7739677944165201,9.704330108555121e-15,6.998091655115404,6.998091655115453,6.99809165511557,6.998091655115434,1
5.675394721230399e-15,0.3324093152053564,3.833554638225608e-16,-4.6655563070746476e-14,-1.6677482307168596,-0.6740619393492013,0.773967496629572,9.704411643342471e-15,6.998090846428495,6.998090846428544,6.998090846428661,6.998090846428525,1
5.676311015664704e-15,0.3324092769826964,3.8427160750263177e-16,-4.668485560118814e-14,-1.6677560001685905,-0.6740686419483467,0.7739672004136562,9.704397855025589e-15,6.998090041740917,6.998090041740966,6.998090041741083,6.998090041740947,1
5.677226036240865e-15,0.3324092389490758,3.8518759671077074e-16,-4.671415178328138e-14,-1.6677637307105193,-0.6740753111783176,0.773966905760098,9.704423274068136e-15,6.9980892410331155,6.998089241033164,6.998089241033282,6.998089241033146,1
5.6781418906150836e-15,0.3324092011035702,3.8610385826732037e-16,-4.674345332056476e-14,-1.6677714225378202,-0.6740819472045235,0.773966612660274,9.704392969659141e-15,6.998088444285629,6.998088444285678,6.998088444285795,6.998088444285659,1
5.6790556075545995e-15,0.33240916344525956,3.8701886022887516e-16,-4.6772757096801975e-14,-1.667779075844685,-0.6740885501915609,0.7739663211056121,9.704387169478867e-15,6.998087651479089,6.998087651479138,6.998087651479255,6.9980876514791195,1
5.679969589191911e-15,0.3324091259732283,3.8793329742237286e-16,-4.680206547249499e-14,-1.6677866908243288,-0.6740951203032175,0.7739660310875912,9.704376148421188e-15,6.998086862594221,6.99808686259427,6.998086862594387,6.998086862594251,1
5.680883911627636e-15,0.3324090886865652,3.888483543656054e-16,-4.683137982825422e-14,-1.667794267668994,-0.6741016577024764,0.7739657425977405,9.704387637632147e-15,6.998086077611839,6.998086077611888,6.9980860776120055,6.99808607761187,1
5.681797992526621e-15,0.3324090515843634,3.8976329651736325e-16,-4.686069843726198e-14,-1.6678018065699558,-0.6741081625515196,0.7739654556276396,9.704366062408893e-15,6.998085296512854,6.998085296512903,6.99808529651302,6.998085296512884,1
5.6827113388892225e-15,0.3324090146657203,3.9067748859815407e-16,-4.6890020569493706e-14,-1.6678093077175273,-0.6741146350117319,0.7739651701689181,9.704355594910668e-15,6.998084519278263,6.998084519278311,6.998084519278429,6.998084519278293,1
5.6836240201986114e-15,0.3324089779297377,3.9159124824059124e-16,-4.691934764748925e-14,-1.6678167713010639,-0.6741210752437048,0.7739648862132549,9.704423953963096e-15,6.998083745889155,6.998083745889204,6.998083745889321,6.998083745889185,1
5.6845354607370816e-15,0.3324089413755217,3.925036026755516e-16,-4.694867716674154e-14,-1.6678241975089683,-0.6741274834072406,0.7739646037523782,9.704452716269185e-15,6.998082976326712,6.998082976326761,6.998082976326878,6.998082976326742,1
5.6854471428122905e-15,0.3324089050021825,3.9341643456142893e-16,-4.6978011754855646e-14,-1.6678315865286955,-0.6741338596613557,0.7739643227780652,9.704420457459544e-15,6.998082210572203,6.998082210572252,6.9980822105723695,6.998082210572234,1
5.686356373124164e-15,0.33240886880883486,3.943271200766073e-16,-4.700734776779274e-14,-1.6678389385467571,-0.6741402041642851,0.7739640432821416,9.704460464939731e-15,6.99808144860699,6.998081448607039,6.998081448607156,6.99808144860702,1
5.687267548964838e-15,0.33240883279459754,3.9523962968343274e-16,-4.703669085546943e-14,-1.667846253748727,-0.6741465170734852,0.7739637652564817,9.704474116072533e-15,6.99808069041252,6.998080690412569,6.998080690412686,6.99808069041255,1
5.68817738477292e-15,0.3324087969585936,3.9615067450705834e-16,-4.706603665435577e-14,-1.6678535323192454,-0.6741527985456384,0.7739634886930074,9.704472240156239e-15,6.998079935970331,6.99807993597038,6.998079935970497,6.998079935970361,1
5.689087187493777e-15,0.3324087612999503,3.970619386826195e-16,-4.709538698992723e-14,-1.6678607744420233,-0.6741590487366563,0.7739632135836881,9.70443899571383e-15,6.998079185262051,6.9980791852621,6.998079185262217,6.998079185262081,1
5.6899965567719934e-15,0.332408725817799,3.9797285310523723e-16,-4.712474182813933e-14,-1.667867980299848,-0.6741652678016842,0.7739629399205411,9.704436188528434e-15,6.998078438269392,6.998078438269441,6.998078438269558,6.998078438269422,1
5.690905360258671e-15,0.33240869051127536,3.9888326556909677e-16,-4.71541006504503e-14,-1.6678751500745872,-0.6741714558951036,0.7739626676956303,9.704436156038907e-15,6.998077694974157,6.998077694974206,6.998077694974323,6.998077694974187,1
5.691813124806499e-15,0.3324086553795191,3.9979230256691484e-16,-4.718346233296962e-14,-1.667882283947194,-0.6741776131705371,0.7739623969010664,9.704442893795423e-15,6.9980769553582345,6.998076955358283,6.998076955358401,6.998076955358265,1
5.692720584951861e-15,0.332408620421674,4.0070200226720174e-16,-4.721283767802152e-14,-1.6678893820977112,-0.6741837397808513,0.7739621275290065,9.70448115377311e-15,6.998076219403601,6.99807621940365,6.998076219403767,6.9980762194036314,1
5.693627515701632e-15,0.3324085856368881,4.016109022101103e-16,-4.724220786302201e-14,-1.6678964447052762,-0.6741898358781607,0.7739618595716541,9.704488913720604e-15,6.9980754870923185,6.998075487092367,6.998075487092485,6.998075487092349,1
5.694534410055455e-15,0.3324085510243134,4.025197865583656e-16,-4.727158255763647e-14,-1.6679034719481252,-0.6741959016138314,0.7739615930212581,9.704457410122675e-15,6.998074758406535,6.998074758406584,6.998074758406701,6.998074758406565,1
5.695440205913425e-15,0.33240851658310594,4.0342763622096106e-16,-4.7300970064445215e-14,-1.6679104640035982,-0.6742019371384844,0.7739613278701132,9.70449521056471e-15,6.998074033328484,6.998074033328533,6.99807403332865,6.998074033328514,1
5.6963462962476934e-15,0.332408482312426,4.04335599320152e-16,-4.7330352958260995e-14,-1.6679174210481433,-0.6742079426019999,0.7739610641105592,9.704469513052258e-15,6.998073311840485,6.998073311840534,6.998073311840651,6.998073311840515,1
5.697251390656504e-15,0.33240844821143767,4.0524232589271654e-16,-4.7359739453860364e-14,-1.6679243432573214,-0.67421391815352,0.7739608017349809,9.704475697964617e-15,6.998072593924941,6.99807259392499,6.998072593925107,6.998072593924971,1
5.698156617414213e-15,0.3324084142793092,4.0614959271821266e-16,-4.738913088050129e-14,-1.6679312308058103,-0.6742198639414532,0.7739605407358078,9.70446501834691e-15,6.998071879564341,6.99807187956439,6.998071879564507,6.998071879564371,1
5.699061136105317e-15,0.33240838051521265,4.0705646342377116e-16,-4.741852587018814e-14,-1.6679380838674094,-0.6742257801134769,0.7739602811055134,9.704435601437343e-15,6.998071168741256,6.998071168741305,6.998071168741422,6.998071168741286,1
5.699965022830433e-15,0.33240834691832427,4.0796203472379594e-16,-4.744792454897254e-14,-1.6679449026150444,-0.674231666816542,0.7739600228366158,9.704391522919169e-15,6.998070461438343,6.998070461438392,6.998070461438509,6.998070461438373,1
5.7008680426702676e-15,0.3324083134878242,4.088673753312887e-16,-4.7477327373363605e-14,-1.6679516872207711,-0.6742375241968757,0.7739597659216765,9.704445552310318e-15,6.998069757638341,6.9980697576383895,6.998069757638507,6.998069757638371,1
5.7017715952144164e-15,0.33240828022289637,4.0977300140262965e-16,-4.750673520812111e-14,-1.6679584378557804,-0.6742433523999851,0.7739595103533006,9.704448752484403e-15,6.998069057324071,6.99806905732412,6.998069057324237,6.998069057324101,1
5.702674846664822e-15,0.3324082471227289,4.106784066989353e-16,-4.753614703868084e-14,-1.6679651546904024,-0.6742491515706611,0.7739592561241364,9.70443477003437e-15,6.998068360478439,6.998068360478488,6.998068360478605,6.998068360478469,1
5.703577188216554e-15,0.3324082141865135,4.115833893838353e-16,-4.756556235695235e-14,-1.6679718378941109,-0.6742549218529814,0.7739590032268753,9.704418120587009e-15,6.998067667084431,6.99806766708448,6.998067667084597,6.998067667084461,1
5.70447880515807e-15,0.332408181413446,4.1248744652725615e-16,-4.759498163872104e-14,-1.667978487635527,-0.6742606633903143,0.7739587516542511,9.704417174023751e-15,6.998066977125116,6.9980669771251645,6.998066977125282,6.998066977125146,1
5.705380888629451e-15,0.33240814880272607,4.1339197109710164e-16,-4.762440637070065e-14,-1.667985104082425,-0.6742663763253218,0.7739585013990401,9.704374590400164e-15,6.998066290583642,6.998066290583691,6.998066290583808,6.998066290583672,1
5.706281595672292e-15,0.33240811635355705,4.142950407213613e-16,-4.765383343829711e-14,-1.6679916874017349,-0.6742720607999635,0.7739582524540608,9.704385350519354e-15,6.998065607443242,6.998065607443291,6.998065607443408,6.998065607443272,1
5.7071825707216524e-15,0.3324080840651463,4.1519854136764425e-16,-4.768326580725516e-14,-1.667998237759548,-0.6742777169554993,0.7739580048121735,9.704377588673626e-15,6.998064927687227,6.998064927687276,6.998064927687393,6.998064927687257,1
5.7080834498180615e-15,0.332408051936705,4.1610208921992485e-16,-4.7712702701766785e-14,-1.6680047553211201,-0.6742833449324936,0.77395775846628,9.704358994874425e-15,6.998064251298988,6.998064251299037,6.998064251299154,6.998064251299018,1
5.708983485190246e-15,0.3324080199674479,4.170049298852944e-16,-4.7742143234799595e-14,-1.6680112402508769,-0.674288944870818,0.7739575134093235,9.7043734819773e-15,6.998063578261997,6.998063578262046,6.998063578262164,6.998063578262028,1
5.7098823492746826e-15,0.3324079881565938,4.1790703688982646e-16,-4.777158665031656e-14,-1.668017692712417,-0.6742945169096551,0.7739572696342881,9.704356566610533e-15,6.998062908559805,6.998062908559855,6.998062908559972,6.998062908559836,1
5.710781253063789e-15,0.3324079565033651,4.188086418399749e-16,-4.78010344114076e-14,-1.668024112868517,-0.6743000611875017,0.773957027134199,9.704323355804241e-15,6.998062242176043,6.9980622421760925,6.99806224217621,6.998062242176074,1
5.711680057591222e-15,0.33240792500698796,4.197103369929214e-16,-4.78304871435896e-14,-1.6680305008811345,-0.674305577842172,0.7739567859021216,9.704358023953556e-15,6.9980615790944185,6.998061579094468,6.9980615790945855,6.99806157909445,1
5.712578557716189e-15,0.3324078936666923,4.2061171206296863e-16,-4.785994361296409e-14,-1.668036856911414,-0.6743110670108012,0.7739565459311616,9.704334758312667e-15,6.99806091929872,6.99806091929877,6.998060919298887,6.9980609192987515,1
5.7134763894792214e-15,0.3324078624817118,4.215122872812734e-16,-4.7889404073530064e-14,-1.6680431811196892,-0.6743165288298484,0.7739563072144648,9.704316114079756e-15,6.998060262772814,6.998060262772864,6.998060262772981,6.998060262772845,1
5.714373585967543e-15,0.33240783145128366,4.224124927776964e-16,-4.79188683992711e-14,-1.6680494736654885,-0.6743219634351003,0.7739560697452169,9.704294770500315e-15,6.998059609500642,6.998059609500692,6.998059609500809,6.9980596095006735,1
5.7152698427786895e-15,0.3324078005746489,4.233122094341893e-16,-4.794833622039571e-14,-1.6680557347075382,-0.6743273709616742,0.7739558335166428,9.704295896614954e-15,6.998058959466227,6.9980589594662765,6.998058959466394,6.998058959466258,1
5.716165904375211e-15,0.3324077698510522,4.2421143393801734e-16,-4.7977808237762056e-14,-1.6680619644037666,-0.6743327515440212,0.7739555985220067,9.70429826059607e-15,6.998058312653664,6.998058312653714,6.998058312653831,6.998058312653695,1
5.717062396105651e-15,0.3324077392797418,4.25111188680401e-16,-4.80072854627217e-14,-1.668068162911309,-0.6743381053159297,0.773955364754612,9.704284958836453e-15,6.998057669047129,6.99805766904718,6.998057669047297,6.998057669047161,1
5.717958520567899e-15,0.3324077088599696,4.260105703760943e-16,-4.8036766493820084e-14,-1.6680743303865102,-0.6743434324105286,0.7739551322078007,9.704250077281154e-15,6.998057028630872,6.998057028630923,6.99805702863104,6.998057028630904,1
5.718854476285302e-15,0.33240767859099113,4.2690963526940476e-16,-4.806625224870232e-14,-1.6680804669849296,-0.6743487329602902,0.7739549008749532,9.704250459952416e-15,6.998056391389221,6.998056391389271,6.9980563913893885,6.998056391389253,1
5.7197486022791905e-15,0.3324076484720655,4.2780757933681517e-16,-4.809574039390376e-14,-1.6680865728613448,-0.6743540070970335,0.7739546707494884,9.704257400447075e-15,6.998055757306576,6.998055757306626,6.9980557573067435,6.998055757306608,1
5.720642887091756e-15,0.33240761850245537,4.287052496073792e-16,-4.8125232587324784e-14,-1.6680926481697553,-0.6743592549519276,0.7739544418248632,9.704227352549097e-15,6.998055126367414,6.998055126367465,6.998055126367582,6.998055126367446,1
5.721537472998065e-15,0.33240758868142695,4.2960335083504334e-16,-4.8154730378948043e-14,-1.6680986930633872,-0.6743644766554947,0.7739542140945719,9.704217651605312e-15,6.998054498556289,6.99805449855634,6.998054498556457,6.998054498556321,1
5.722430791663675e-15,0.33240755900825003,4.3050047350012265e-16,-4.8184230840396846e-14,-1.6681047076946964,-0.6743696723376131,0.7739539875521467,9.704224948227297e-15,6.9980538738578275,6.998053873857878,6.998053873857995,6.9980538738578595,1
5.723323842322767e-15,0.33240752948219787,4.313973620613118e-16,-4.8213743124460224e-14,-1.6681106922153728,-0.6743748421275209,0.773953762191157,9.704257024372389e-15,6.99805325225673,6.99805325225678,6.998053252256898,6.998053252256762,1
5.7242173892902266e-15,0.3324075001025473,4.322944714640793e-16,-4.824325304621142e-14,-1.6681166467763435,-0.674379986153818,0.7739535380052092,9.704241738828118e-15,6.998052633737771,6.998052633737822,6.998052633737939,6.998052633737803,1
5.725110238117249e-15,0.33240747086857864,4.331912871982114e-16,-4.8272771309797496e-14,-1.668122571527778,-0.6743851045444705,0.7739533149879466,9.70427397832016e-15,6.998052018285799,6.99805201828585,6.998052018285967,6.998052018285831,1
5.726002451669561e-15,0.3324074417795756,4.340873675454412e-16,-4.830228878941383e-14,-1.668128466619091,-0.674390197426813,0.7739530931330492,9.704245911967749e-15,6.998051405885736,6.998051405885787,6.998051405885904,6.998051405885768,1
5.726895403066979e-15,0.33240741283482544,4.3498391191385274e-16,-4.833181949403392e-14,-1.6681343321989461,-0.6743952649275519,0.7739528724342329,9.704277782154367e-15,6.998050796522575,6.998050796522626,6.998050796522743,6.998050796522607,1
5.727786743116564e-15,0.33240738403361886,4.358794810053541e-16,-4.836134488073711e-14,-1.6681401684152604,-0.6744003071727681,0.7739526528852504,9.704252896426124e-15,6.998050190181384,6.998050190181434,6.9980501901815515,6.998050190181416,1
5.7286775173746104e-15,0.3324073553752499,4.3677444539311896e-16,-4.8390874767985143e-14,-1.6681459754152075,-0.6744053242879208,0.7739524344798897,9.704303171169485e-15,6.9980495868473005,6.998049586847351,6.998049586847468,6.9980495868473325,1
5.729568493464726e-15,0.3324073268590161,4.3766928152942656e-16,-4.8420414316741454e-14,-1.668151753345222,-0.6744103163978498,0.7739522172119748,9.704334910990626e-15,6.998048986505537,6.998048986505587,6.9980489865057045,6.998048986505569,1
5.730458867367356e-15,0.33240729848421835,4.385638107395066e-16,-4.84499525395545e-14,-1.6681575023510022,-0.6744152836267788,0.7739520010753652,9.704335358381244e-15,6.998048389141374,6.998048389141425,6.998048389141542,6.998048389141406,1
5.731348443867875e-15,0.332407270250161,4.394577997547086e-16,-4.847949418647026e-14,-1.668163222577515,-0.6744202260983188,0.7739517860639554,9.704338601527448e-15,6.998047794740166,6.998047794740216,6.998047794740334,6.998047794740198,1
5.7322381494085695e-15,0.3324072421561516,4.4035142724234973e-16,-4.850904007894649e-14,-1.6681689141689986,-0.6744251439354699,0.7739515721716751,9.704318014472763e-15,6.998047203287336,6.998047203287387,6.998047203287504,6.998047203287368,1
5.733127891345211e-15,0.33240721420150116,4.4124504392330577e-16,-4.853859064411767e-14,-1.6681745772689667,-0.6744300372606259,0.7739513593924887,9.704295295036855e-15,6.99804661476838,6.99804661476843,6.998046614768548,6.998046614768412,1
5.73401749431551e-15,0.332407186385524,4.4213886486085187e-16,-4.856814586634462e-14,-1.668180212020212,-0.6744349061955759,0.7739511477203952,9.704289558961873e-15,6.9980460291688615,6.998046029168912,6.998046029169029,6.9980460291688935,1
5.7349065314942696e-15,0.33240715870753784,4.4303236561881764e-16,-4.859770472078431e-14,-1.6681858185648104,-0.6744397508615079,0.773950937149428,9.704253305443918e-15,6.998045446474416,6.998045446474467,6.998045446474584,6.998045446474448,1
5.735794767962196e-15,0.33240713116686355,4.4392491588194307e-16,-4.862726667329652e-14,-1.6681913970441233,-0.6744445713790114,0.7739507276736544,9.704231823169746e-15,6.998044866670747,6.9980448666707975,6.998044866670915,6.998044866670779,1
5.736683103691797e-15,0.3324071037628254,4.448174536694328e-16,-4.865683983185983e-14,-1.6681969475988025,-0.6744493678680809,0.773950519287176,9.704261725166186e-15,6.9980442897436275,6.998044289743678,6.998044289743795,6.998044289743659,1
5.7375716710319685e-15,0.3324070764947509,4.457100335715895e-16,-4.8686417313960437e-14,-1.6682024703687932,-0.6744541404481179,0.7739503119841278,9.704291914162814e-15,6.9980437156789,6.998043715678952,6.998043715679068,6.998043715678933,1
5.73845923913796e-15,0.33240704936197074,4.466019954946797e-16,-4.8715992591816264e-14,-1.6682079654933375,-0.6744588892379347,0.7739501057586784,9.704284095602559e-15,6.998043144462476,6.998043144462527,6.998043144462644,6.998043144462509,1
5.7393464499019275e-15,0.33240702236381897,4.474936802335614e-16,-4.8745576998924406e-14,-1.6682134331109784,-0.6744636143557567,0.7739499006050299,9.704314070590795e-15,6.9980425760803335,6.998042576080385,6.998042576080501,6.998042576080366,1
5.740232674666605e-15,0.3324069954996328,4.483848958787772e-16,-4.8775159688914824e-14,-1.6682188733595626,-0.6744683159192255,0.7739496965174171,9.70432093335877e-15,6.998042010518519,6.998042010518572,6.998042010518687,6.998042010518553,1
5.74111853216309e-15,0.3324069687687527,4.492753777290088e-16,-4.8804746265123416e-14,-1.668224286376245,-0.6744729940454015,0.773949493490108,9.704350705279103e-15,6.998041447763148,6.9980414477632005,6.998041447763316,6.998041447763182,1
5.742004664283538e-15,0.33240694217052225,4.501662606725346e-16,-4.883434493365641e-14,-1.6682296722974914,-0.674477648850767,0.7739492915174031,9.704380129630833e-15,6.998040887800402,6.998040887800454,6.9980408878005695,6.998040887800435,1
5.742890846034823e-15,0.33240691570428826,4.510568531828397e-16,-4.886394674047507e-14,-1.668235031259082,-0.674482280451229,0.7739490905936355,9.704409352046219e-15,6.998040330616528,6.998040330616581,6.998040330616696,6.998040330616562,1
5.7437765844173e-15,0.3324068893694007,4.519472015785379e-16,-4.8893552719296416e-14,-1.6682403633961151,-0.6744868889621218,0.7739488907131703,9.704438514808748e-15,6.998039776197843,6.998039776197896,6.998039776198011,6.998039776197877,1
5.74466197538392e-15,0.33240686316521273,4.528372231380968e-16,-4.892316140420323e-14,-1.668245668843011,-0.67449147449821,0.773948691870405,9.70446723680861e-15,6.998039224530728,6.99803922453078,6.9980392245308956,6.998039224530761,1
5.745546115653453e-15,0.3324068370910806,4.5372683844872e-16,-4.895276850345258e-14,-1.6682509477335141,-0.6744960371736911,0.773948494059769,9.704462115628518e-15,6.99803867560163,6.998038675601682,6.998038675601798,6.998038675601664,1
5.746431073177432e-15,0.33240681114636367,4.546168217480431e-16,-4.8982381031576995e-14,-1.668256200200698,-0.6745005771021986,0.7739482972757229,9.704430691463133e-15,6.998038129397062,6.998038129397115,6.99803812939723,6.998038129397096,1
5.747314849487496e-15,0.3324067853304244,4.555058859395771e-16,-4.9011996534028753e-14,-1.6682614263769673,-0.6745050943968043,0.7739481015127592,9.70443199750474e-15,6.998037585903604,6.998037585903656,6.998037585903772,6.998037585903638,1
5.74819859932778e-15,0.3324067596426284,4.563946861469793e-16,-4.904161689890817e-14,-1.6682666263940622,-0.6745095891700212,0.7739479067654016,9.704472011362323e-15,6.998037045107899,6.998037045107951,6.998037045108067,6.998037045107933,1
5.749082603939693e-15,0.33240673408234434,4.572838675677255e-16,-4.907124192138355e-14,-1.668271800383061,-0.6745140615338067,0.7739477130282048,9.704468336273788e-15,6.998036506996655,6.998036506996708,6.998036506996823,6.998036506996689,1
5.7499657515924915e-15,0.3324067086489439,4.581722820717323e-16,-4.9100870159215735e-14,-1.668276948474384,-0.6745185115995643,0.7739475202957543,9.70447186304612e-15,6.998035971556646,6.998035971556698,6.9980359715568135,6.998035971556679,1
5.75084922350009e-15,0.33240668334180185,4.590608991113287e-16,-4.9130508550837284e-14,-1.6682820707977968,-0.6745229394781476,0.7739473285626667,9.704499730877846e-15,6.998035438774708,6.99803543877476,6.998035438774876,6.998035438774742,1
5.751731653160117e-15,0.332406658160296,4.599487177946101e-16,-4.91601453343845e-14,-1.6682871674824127,-0.6745273452798616,0.7739471378235886,9.704540399226533e-15,6.9980349086377425,6.998034908637796,6.99803490863791,6.998034908637777,1
5.7526135335722166e-15,0.3324066331038072,4.608362211917409e-16,-4.918978546347258e-14,-1.6682922386566974,-0.6745317291144666,0.7739469480731973,9.704520374249732e-15,6.998034381132714,6.9980343811327685,6.998034381132882,6.998034381132749,1
5.75349618822537e-15,0.33240660817171924,4.617241752686582e-16,-4.9219431084607294e-14,-1.6682972844484714,-0.6745360910911801,0.7739467593062002,9.704510175300673e-15,6.998033856246652,6.998033856246706,6.99803385624682,6.998033856246686,1
5.754377952832184e-15,0.33240658336341894,4.626112995464458e-16,-4.9249080420170776e-14,-1.668302304984913,-0.6745404313186797,0.7739465715173344,9.704561685573577e-15,6.998033333966645,6.9980333339667,6.998033333966814,6.9980333339666805,1
5.755259383258031e-15,0.3324065586782961,4.634981167999802e-16,-4.927873352302612e-14,-1.6683073003925626,-0.6745447499051058,0.7739463847013669,9.704558010183781e-15,6.998032814279848,6.998032814279903,6.998032814280017,6.998032814279884,1
5.756140995663612e-15,0.3324065341157435,4.643853896865166e-16,-4.930839162565516e-14,-1.6683122707973248,-0.6745490469580641,0.7739461988530945,9.704553887643683e-15,6.998032297173477,6.998032297173532,6.998032297173646,6.998032297173513,1
5.757022419472014e-15,0.3324065096751568,4.652722744785636e-16,-4.933805373981473e-14,-1.6683172163244722,-0.6745533225846282,0.773946013967343,9.704529495385507e-15,6.9980317826348095,6.998031782634865,6.998031782634978,6.998031782634845,1
5.757903449542444e-15,0.33240648535593464,4.661585776126153e-16,-4.936772320174062e-14,-1.6683221370986485,-0.6745575768913423,0.7739458300389677,9.704556401654755e-15,6.998031270651186,6.998031270651241,6.998031270651355,6.9980312706512215,1
5.7587843108680295e-15,0.3324064611574786,4.670449988802478e-16,-4.939739358874008e-14,-1.6683270332438715,-0.6745618099842239,0.7739456470628528,9.70458324068679e-15,6.998030761210007,6.998030761210062,6.998030761210176,6.9980307612100425,1
5.759663997597145e-15,0.33240643707919326,4.679307243325257e-16,-4.94270665999527e-14,-1.6683319048835366,-0.6745660219687659,0.7739454650339116,9.704564221526715e-15,6.998030254298736,6.998030254298791,6.998030254298905,6.998030254298771,1
5.7605444784196484e-15,0.33240641312048586,4.68816713495786e-16,-4.9456748679278176e-14,-1.6683367521404193,-0.6745702129499398,0.7739452839470858,9.704590820563692e-15,6.998029749904895,6.99802974990495,6.998029749905064,6.998029749904931,1
5.7614240526522006e-15,0.33240638928076666,4.697021507667389e-16,-4.948643084869125e-14,-1.6683415751366792,-0.6745743830321979,0.7739451037973457,9.704577363595574e-15,6.998029248016071,6.998029248016126,6.998029248016239,6.998029248016106,1
5.762304159589067e-15,0.3324063655594488,4.705878583597629e-16,-4.951611823962487e-14,-1.6683463739938627,-0.6745785323194756,0.77394492457969,9.704603683132488e-15,6.998028748619905,6.99802874861996,6.998028748620074,6.998028748619941,1
5.76318368088206e-15,0.33240634195594826,4.714731331681679e-16,-4.954581438580223e-14,-1.6683511488329055,-0.6745826609151946,0.7739447462891456,9.704629738475514e-15,6.998028251704104,6.998028251704159,6.998028251704273,6.99802825170414,1
5.764062384920608e-15,0.3324063184696838,4.723576989105008e-16,-4.9575508745615074e-14,-1.6683558997741366,-0.6745867689222647,0.7739445689207671,9.704631573162687e-15,6.998027757256432,6.998027757256487,6.998027757256601,6.998027757256468,1
5.764941525710519e-15,0.33240629510007713,4.732425994855863e-16,-4.960521125034104e-14,-1.668360626937281,-0.6745908564430867,0.7739443924696373,9.704657273360366e-15,6.998027265264713,6.998027265264768,6.998027265264882,6.998027265264748,1
5.765819839319818e-15,0.3324062718465527,4.741268753607906e-16,-4.963491807062212e-14,-1.6683653304414627,-0.674594923579555,0.7739442169308665,9.704683181479925e-15,6.99802677571683,6.998026775716885,6.9980267757169985,6.998026775716865,1
5.7666969419366994e-15,0.33240548712459783,4.750131118185311e-16,-4.9664636485221835e-14,-1.6683193079761949,-0.6746497151477899,0.7739440845853098,9.704712974940127e-15,6.998010255254622,6.998010255254677,6.9980102552547905,6.998010255254657,1
5.767480870929383e-15,0.3324003971982838,4.758752619330063e-16,-4.969423068500582e-14,-1.6679865906269944,-0.6749913791927511,0.7739441743397893,9.704730890370827e-15,6.997903098911168,6.997903098911223,6.997903098911337,6.997903098911204,1
5.768109369376246e-15,0.33238741463737126,4.767304274373728e-16,-4.9723697248020833e-14,-1.6671275554327798,-0.6758593815655948,0.7739443288618438,9.704764643856196e-15,6.997629781839326,6.997629781839381,6.997629781839494,6.997629781839361,1
5.768766666943315e-15,0.332363730080889,4.776424391139187e-16,-4.9753426933880435e-14,-1.6655516941142428,-0.6774427871519517,0.7739431045363718,9.704625946836085e-15,6.997131159597593,6.997131159597648,6.997131159597762,6.997131159597629,1
5.769156302099052e-15,0.3323273144222637,4.785741660891852e-16,-4.978296584685492e-14,-1.6631153156056728,-0.6798814000750353,0.7739366142005601,9.704758966005573e-15,6.996364514152851,6.996364514152906,6.9963645141530195,6.996364514152886,1
5.769928796146948e-15,0.3322769137729709,4.795471700229912e-16,-4.981320001748321e-14,-1.6597191459017877,-0.6832671361310003,0.7739174994260664,9.704477817730582e-15,6.99530344785195,6.995303447852005,6.995303447852119,6.9953034478519855,1
5.76995590120126e-15,0.33221202526766486,4.802434176130161e-16,-4.9842247699437474e-14,-1.6553056375811457,-0.6876460720346493,0.7738742892881324,9.703933829917533e-15,6.993937374056032,6.993937374056087,6.993937374056201,6.993937374056068,1
5.770945235683653e-15,0.33213284736486715,4.807013601885584e-16,-4.987238883856993e-14,-1.6498558862497315,-0.6930214174748797,0.7737912888646123,9.705092730433314e-15,6.992270470839238,6.992270470839293,6.992270470839407,6.992270470839274,1
5.770721618985578e-15,0.33204020364077536,4.817117064261868e-16,-4.9901970600801646e-14,-1.6433861279602013,-0.6993574805879318,0.7736490421284599,9.704742549769173e-15,6.990320076647833,6.990320076647888,6.990320076648001,6.990320076647868,1
5.7723343697171504e-15,0.3319354436683587,4.819338699450777e-16,-4.9932374843902454e-14,-1.6359438566516542,-0.7065845506780631,0.773425332108168,9.705855074308318e-15,6.988114603544323,6.988114603544378,6.988114603544492,6.988114603544359,1
5.772632525314584e-15,0.3318203279092979,4.8232648041072845e-16,-4.9961897806525806e-14,-1.6276036497507715,-0.7146045099877255,0.773096618259081,9.705040535290597e-15,6.985691113879886,6.985691113879941,6.985691113880055,6.985691113879922,1
5.772185291918434e-15,0.3316969053075759,4.830912325456806e-16,-4.999091538807861e-14,-1.6184628204895701,-0.723296913316391,0.7726397683999677,9.708250490174111e-15,6.983092743317318,6.983092743317373,6.983092743317487,6.9830927433173535,1
5.7719413464296244e-15,0.331567392445776,4.829128664502397e-16,-5.0019151705128576e-14,-1.608637026702089,-0.7325252410513612,0.7720339205405125,9.705023215699009e-15,6.980366156753109,6.980366156753164,6.980366156753278,6.980366156753145,1
5.772862918276237e-15,0.33143406198294495,4.837289365163465e-16,-5.0050100058067357e-14,-1.598637026702089,-0.7421430343119624,0.7712623070468398,9.705040793132876e-15,6.977559199640877,6.977559199640932,6.977559199641045,6.977559199640912,1
5.774001330557347e-15,0.33129901565663167,4.851583945133624e-16,-5.008185555511566e-14,-1.588637026702089,-0.7520096717741936,0.7703198452646721,9.706221772170075e-15,6.974716119086913,6.974716119086968,6.9747161190870814,6.974716119086948,1
5.77499066503974e-15,0.33116421998413,4.859928348525566e-16,-5.011269358892636e-14,-1.578637026702089,-0.7619872212615597,0.7692095109287319,9.70600392665019e-15,6.971878315455299,6.971878315455354,6.971878315455467,6.971878315455334,1
5.7758715793048844e-15,0.331031520705039,4.870967465020863e-16,-5.014354339350396e-14,-1.568637026702089,-0.7719392038761246,0.7679398434584302,9.705118610261716e-15,6.969084646421805,6.96908464642186,6.969084646421973,6.96908464642184,1
5.775343030745798e-15,0.33090261137005145,4.875312526004026e-16,-5.017224100013571e-14,-1.558637026702089,-0.7817333096316571,0.7665247974389625,9.706282324428205e-15,6.966370765685225,6.96637076568528,6.966370765685394,6.9663707656852605,1
5.7749229024039596e-15,0.3307790106376709,4.876847777100419e-16,-5.020068040425914e-14,-1.548637026702089,-0.7912439220468416,0.764983471655152,9.707888576757607e-15,6.96376864500353,6.963768645003585,6.963768645003698,6.963768645003565,1
5.773364361781012e-15,0.3306620466124846,4.883510196706869e-16,-5.022823457621943e-14,-1.538637026702089,-0.8003544679159655,0.7633397173590488,9.706627393197408e-15,6.961306244473292,6.961306244473347,6.961306244473461,6.961306244473327,1
5.773689622432757e-15,0.3305528466184143,4.890351634507533e-16,-5.025805789474424e-14,-1.528637026702089,-0.8089595986203517,0.7616216228319781,9.705871976524508e-15,6.959007297229706,6.959007297229761,6.959007297229875,6.959007297229742,1
5.773594754742665e-15,0.3304523309529816,4.895661244231503e-16,-5.028710632063606e-14,-1.5188427767057662,-0.8169671998328718,0.7598608674266532,9.706121957983632e-15,6.956891177957439,6.956891177957494,6.9568911779576075,6.956891177957474,1
5.77388613407652e-15,0.3303611525670858,4.905101465690299e-16,-5.031717999237649e-14,-1.5097132337733792,-0.8243047603754822,0.758094648948462,9.705375317142123e-15,6.954971632991212,6.954971632991267,6.954971632991381,6.954971632991247,1
5.774028435611659e-15,0.33027964987821423,4.914761272024075e-16,-5.034693344176487e-14,-1.501339995772149,-0.8309246150235011,0.7563669006872782,9.706087923525955e-15,6.953255786909704,6.953255786909759,6.953255786909873,6.95325578690974,1
5.774279157364046e-15,0.330207977766548,4.922481365177621e-16,-5.037649495259183e-14,-1.4937983299998228,-0.8367946859652651,0.7547208127732834,9.70398030454219e-15,6.951746900348309,6.951746900348364,6.9517469003484775,6.951746900348345,1
5.774536655380012e-15,0.3301461246783647,4.930836019095806e-16,-5.040602384598534e-14,-1.487145417502872,-0.8418979818410003,0.7531965755340524,9.702669989473126e-15,6.950444730070765,6.950444730070821,6.9504447300709336,6.950444730070802,1
5.775160071629191e-15,0.3300939259255722,4.938900973932238e-16,-5.043564791221687e-14,-1.4814185567088423,-0.8462321850444176,0.7518291704285145,9.701113551362256e-15,6.949345808959344,6.9493458089594,6.949345808959513,6.949345808959381,1
5.775979999522133e-15,0.3300510715191433,4.948657219121578e-16,-5.046600846194948e-14,-1.4766332747623963,-0.8498094783226956,0.7506463079829959,9.69990759610874e-15,6.948443610929263,6.948443610929319,6.948443610929432,6.9484436109293,1
5.776586475112367e-15,0.33001710708004706,4.958655545127658e-16,-5.049578116480094e-14,-1.4727812981795434,-0.8526567506090171,0.7496666042780005,9.7001332052331e-15,6.947728570106183,6.947728570106239,6.947728570106352,6.947728570106221,1
5.7772607133383814e-15,0.3299914266235779,4.968352926256269e-16,-5.052555573082075e-14,-1.4698283406015353,-0.8548163022312509,0.7488980739108044,9.698981488620105e-15,6.947187928917359,6.9471879289174145,6.947187928917527,6.947187928917396,1
5.777858718599143e-15,0.32997325636677244,4.975959859869273e-16,-5.0554997247900934e-14,-1.4677116757390556,-0.8563471386849792,0.7483369967126885,9.69906095086917e-15,6.9468053971951385,6.946805397195194,6.946805397195307,6.946805397195176,1
5.778632059679986e-15,0.329961629231683,4.985316930526275e-16,-5.0584847068426516e-14,-1.4663374793366089,-0.8573268970988991,0.7479671861787438,9.698477672243781e-15,6.946560615403782,6.946560615403838,6.946560615403951,6.946560615403819,1
5.7794892570226075e-15,0.3299553504915736,4.994309584139792e-16,-5.0614671752609847e-14,-1.4655779465123053,-0.8578543869660942,0.7477596475389447,9.69857143801636e-15,6.946428431401478,6.946428431401534,6.946428431401647,6.9464284314015154,1
5.780360642167095e-15,0.3299529561285373,5.003238689885694e-16,-5.064445258766768e-14,-1.4652682215621002,-0.8580526428771679,0.7476725602955362,9.698422111365066e-15,6.9463780237586095,6.946378023758665,6.946378023758778,6.946378023758647,1
5.781251191432015e-15,0.32995266704436815,5.012178294404188e-16,-5.067424576226502e-14,-1.4652032177189565,-0.85807227786842,0.7476514513303888,9.698320739800057e-15,6.946371937776101,6.946371937776157,6.94637193777627,6.946371937776139,1
-3.820404601801051e-09,0.32995274945595515,-3.4201877012091884e-09,3.820359679900195e-09,-1.4651815719374695,-0.8580604042601012,0.7476420705278934,9.698257001917507e-15,6.946373775726274,6.946373569787543,6.946373713795579,6.946373631718386,1
-3.053459898841993e-08,0.32995283146046395,-2.7335896213824766e-08,3.055365627318393e-08,-1.4651600346568818,-0.8580485896048623,0.7476327364864409,5.557782343349348e-14,6.946376222151156,6.946374576184087,6.946375727169311,6.946375071166082,1
-1.0295873028126477e-07,0.3299529130598791,-9.217347170841442e-08,1.0313046201418873e-07,-1.4651386053319884,-0.8580368336120481,0.7476234489736353,4.2043693531943207e-13,6.9463798920518025,6.946374342048373,6.946378223036671,6.946376011063654,1
-2.438246426526069e-07,0.32995299425617,-2.1828417286090397e-07,2.445111728881239e-07,-1.4651172834203796,-0.8580251359923051,0.7476142077581611,1.6445433809744215e-12,6.946385398164916,6.946372254727001,6.946381445639205,6.94637620725286,1
-4.7577997231210495e-07,0.3299530750512826,-4.2594425909560414e-07,4.77685637134764e-07,-1.465096068382488,-0.8580134964574216,0.7476050126096841,4.528951012238126e-12,6.946393350965583,6.946367703827943,6.946385638321896,6.946375416471778,1
-8.213882482745376e-07,0.3299531554471279,-7.353550793316703e-07,8.256728349314484e-07,-1.4650749596816606,-0.858001914720099,0.7475958632987107,1.0129211499966978e-11,6.946404358670021,6.946360081217929,6.946391043534281,6.946373396353816,1
-6.510902973305564e-07,0.32995323544584887,-5.782177960953571e-07,-7.2346655380706e-07,-1.4650539567785383,-0.8579903905083192,0.7475867596053494,1.974917865529847e-11,6.946401354386482,6.9463664538632335,6.946390799870157,6.946377008379706,1
-9.707436299368208e-07,0.3299533150490354,-8.620663687489833e-07,-1.0868889847970906e-06,-1.4650330591483758,-0.8579789235208988,0.7475777012921995,1.1220631941996586e-11,6.946411596879645,6.94635956309097,6.94639586061456,6.946375299356203,1
-1.3807914334235676e-06,0.3299533942583167,-1.22620099601605e-06,-1.5481382249082516e-06,-1.4650122662608398,-0.8579675134792396,0.7475686881359153,1.1165761552910344e-11,6.946424253986793,6.94635024112634,6.946401870630998,6.946372624482282,1
-1.8922246999442704e-06,0.32995347307555434,-1.6803689604929131e-06,-2.1234261081164663e-06,-1.4649915775884799,-0.8579561601055712,0.7475597199139332,1.1111438493863516e-11,6.946439620040014,6.946338193720056,6.946408946081794,6.946368867678424,1
-2.5160916684097227e-06,0.3299535515023408,-2.2343814345929107e-06,-2.8251796723057544e-06,-1.4649709926075547,-0.8579448631207885,0.7475507964031516,1.1057657314583627e-11,6.946457991175662,6.9463231248090285,6.946417204005533,6.946363911979306,1
-3.2633973384218074e-06,0.3299536295401454,-2.8980111937253955e-06,-3.6657773072976335e-06,-1.4649505107969079,-0.8579336222472962,0.7475419173816639,1.1004412622377297e-11,6.94647966236977,6.946304739487526,6.946426760981411,6.946357640876034,1
-4.1451035259758475e-06,0.32995370719029066,-3.680992665740571e-06,-4.657548817713211e-06,-1.4649301316379428,-0.8579224372090287,0.7475330826287696,1.095169905141617e-11,6.94650492743927,6.946282744005413,6.946437733129555,6.946349938315277,1
-5.172128919164308e-06,0.32995378445392587,-4.593021980375621e-06,-5.812775485833739e-06,-1.4649098546145969,-0.8579113077314785,0.7475242919249899,1.0899511285975401e-11,6.946534079043195,6.946256845766359,6.946450236111316,6.9463406886983865,1
-6.35534913388141e-06,0.32995386133199894,-5.64375701870163e-06,-7.143690134460407e-06,-1.4648896792133113,-0.8579002335417311,0.7475155450520878,1.084784411597145e-11,6.946567408683847,6.946226753326028,6.94646438512954,6.946329776880483,1
-7.705596769528703e-06,0.3299539378252259,-6.842817462571185e-06,-8.662477189773145e-06,-1.4648696049230052,-0.8578892143684917,0.7475068417930827,1.0796692339558749e-11,6.9466052067079485,6.946192176390238,6.946480294928811,6.946317088169524,1
-9.233661464721775e-06,0.3299540139340586,-8.199784844066911e-06,-1.0381272744188245e-05,-1.4648496312350443,-0.8578782499421259,0.7474981819322735,1.0746050804325969e-11,6.94664776230777,6.946152825813107,6.9464980797956795,6.9463025083253465,1
-1.0950289952997778e-05,0.32995408965865,-9.724202594950353e-06,-1.2312164619215215e-05,-1.4648297576432119,-0.8578673399946927,0.7474895652552578,1.0695914433469519e-11,6.946695363522232,6.946108413595165,6.946517853558857,6.946285923558688,1
-1.2866186118524003e-05,0.32995416499881763,-1.1425576096111343e-05,-1.4467192428312575e-05,-1.464809983643675,-0.8578564842599936,0.7474809915489605,1.0646278173366407e-11,6.946748297237979,6.946058652881447,6.946539729589395,6.94626722053018,1
-1.4992011051807257e-05,0.3299542399540053,-1.3313372727017585e-05,-1.6858347639742792e-05,-1.4647903087349534,-0.8578456824736103,0.7474724606016546,1.0597137058156e-11,6.946806849190444,6.9460032579595685,6.9465638208008365,6.946246286349324,1
-1.7338383105404157e-05,0.3299543145232424,-1.5397021915164214e-05,-1.9497573639426396e-05,-1.4647707324178865,-0.857834934372952,0.7474639722029893,1.0548486140859469e-11,6.9468713039648815,6.94594194425777,6.946590239649352,6.9462230085734475,1
-1.991587794963222e-05,0.3299543887051015,-1.7685915185523242e-05,-2.239676579379523e-05,-1.464751254195598,-0.857824239697305,0.7474555261440187,1.0500320491907282e-11,6.946941944997379,6.945874428342948,6.946619098133849,6.946197275206626,1
-2.2735028628281744e-05,0.3299544624976541,-2.0189406209992563e-05,-2.556777151264494e-05,-1.4647318735734614,-0.8578135981878847,0.7474471222172316,1.045263530732708e-11,6.947019054575851,6.945800427918656,6.946650507796056,6.946168974698599,1
-2.5806325614328398e-05,0.3299545358984244,-2.2916810856844287e-05,-2.9022390311986745e-05,-1.4647125900590638,-0.8578030095878866,0.7474387602165822,1.0405425737718078e-11,6.947102913841007,6.945719661823096,6.946684579720596,6.946137995943656,1
-2.9140216865646442e-05,0.3299546089043414,-2.587740724017211e-05,-3.2772373876898534e-05,-1.4646934031621694,-0.8577924736425445,0.7474304399375231,1.0358687107986351e-11,6.947193802787307,6.945631850027076,6.946721424535032,6.946104228279499,1
-3.274710788072274e-05,0.32995468151168905,-2.9080435769337572e-05,-3.682942612437536e-05,-1.4646743123946793,-0.8577819900991928,0.7474221611770426,1.0312414714088034e-11,6.947292000263883,6.945536713631954,6.94676115240989,6.946067561486096,1
-3.663736175437104e-05,0.3299547537160545,-3.253509919841458e-05,-4.120520326617923e-05,-1.464655317270596,-0.8577715587073189,0.7474139237336952,1.0266603890606076e-11,6.947397783975456,6.945433974867565,6.946803873058668,6.946027885784501,1
-4.0821299233447016e-05,0.32995482551227484,-3.625056267563203e-05,-4.591131387168873e-05,-1.4646364173059832,-0.8577611792186313,0.7474057274076412,1.0221250052156579e-11,6.947511430483221,6.94532335709012,6.946849695737825,6.945985091835664,1
-4.530919877256357e-05,0.32995489689438223,-4.023595379281443e-05,-5.09593189307479e-05,-1.4646176120189225,-0.8577508513871285,0.7473975720006881,1.0176348667648084e-11,6.94763321520572,6.945204584780091,6.946898729246742,6.945939070739217,1
-5.0111296589806664e-05,0.32995496785554684,-4.4500362634819455e-05,-5.636073191651501e-05,-1.464598900929477,-0.8577405749691587,0.7473894573163252,1.0131895149572374e-11,6.94776341241969,6.945077383540079,6.946951081927675,6.945889714032242,1
-5.5237786722451155e-05,0.32995503838801865,-4.9052841828972725e-05,-6.212701884831054e-05,-1.4645802835596469,-0.8577303497234944,0.7473813831597677,1.0087885049873331e-11,6.947902295260898,6.9449414800926546,6.94700686166568,6.945836913688021,1
-6.0698821082677185e-05,0.32995510848306725,-5.390240659449893e-05,-6.826959835446577e-05,-1.4645617594333253,-0.8577201754114061,0.7473733493380003,1.0044313965452235e-11,6.948050135724954,6.9447966022781875,6.947066175888528,6.945780562114762,1
-6.650450951328623e-05,0.32995517813092035,-5.9058034791948784e-05,-7.479984173517075e-05,-1.4645433280762592,-0.8577100517967307,0.7473653556598178,1.000117746285179e-11,6.9482072046681065,6.944642479052658,6.947129131566594,6.9457205521543175,1
-7.266491984341775e-05,0.32995524732070036,-6.452866697262195e-05,-8.1729073025322e-05,-1.4645249890160017,-0.8576999786459512,0.7473574019358721,9.958471257223364e-12,6.9483737718080185,6.944478840485444,6.947195835212734,6.945656777080877,1
-7.919007794426522e-05,0.32995531604035977,-7.032320642798424e-05,-8.906856905737106e-05,-1.4645067417818685,-0.8576899557282751,0.7473494879787188,9.916191077117321e-12,6.948550105724531,6.944305417757099,6.947266392882138,6.94558913059964,1
-8.608996778479227e-05,0.32995538427661464,-7.645051923907974e-05,-9.682955952417258e-05,-1.4644885859048913,-0.8576799828157166,0.7473416136028658,9.874332646924102e-12,6.948736473860403,6.9441219431571035,6.947340910172175,6.94551750684548,1
-9.337453148744851e-05,0.329955452014877,-8.291943432593658e-05,-0.00010502322704183271,-1.4644705209177737,-0.8576700596831726,0.7473337786248184,9.832891826369984e-12,6.948933142522038,6.943928150081609,6.947419492222209,6.9454418003815865,1
-0.00010105366938388484,0.32995551923918565,-8.97387434969658e-05,-0.00011366070721255845,-1.464452546354844,-0.8576601861085081,0.7473259828631302,9.791864259819126e-12,6.949140376880196,6.943723773031161,6.947502243713415,6.945361906198092,1
-0.0001091372400706686,0.32995558593213503,-9.691720149835309e-05,-0.00012275308868750636,-1.4644346617520037,-0.8576503618726506,0.747318226138459,9.75124602844729e-12,6.949358440970683,6.943508547608403,6.947589268868558,6.945277719710677,1
-0.00011763506046499764,0.32995565207480343,-0.00010446352606344185,-0.00013231141322963367,-1.4644168666466835,-0.8576405867596697,0.7473105082736143,9.711032997116518e-12,6.949587597695029,6.943282210515766,6.947680671451774,6.9451891367591685,1
-0.00012655690586041386,0.32995571764667964,-0.00011238639796210789,-0.0001423466757765483,-1.4643991605777957,-0.8576308605568612,0.7473028290936072,9.671221063175781e-12,6.94982810882115,6.9430444995531495,6.947776554768328,6.94509605360612,1
-0.00013591250998251604,0.32995578262558756,-0.00012069446105012464,-0.00015286982450336085,-1.4643815430856777,-0.8576211830548578,0.7472951884257165,9.631806145673951e-12,6.950080234983996,6.942795153615575,6.947877021664351,6.9449983669353665,1
-0.00014571156504467126,0.32995584698761055,-0.00012939632231851752,-0.0001638917608855373,-1.4643640137120504,-0.8576115540476993,0.7472875860995303,9.592784444721018e-12,6.950344235686176,6.942533912690835,6.947982174526576,6.944895973850581,1
-0.00015596372180372574,0.3299559107070135,-0.0001385005519429079,-0.00017542333976175244,-1.464346571999961,-0.8576019733329442,0.7472800219470125,9.554152058176281e-12,6.950620369298579,6.942260517857119,6.9480921152820425,6.944788771873802,1
-0.00016667858961571348,0.32995597375616437,-0.00014801568333284407,-0.00018747536939674612,-1.4643292174937355,-0.8575924407117583,0.747272495802556,9.515905079841014e-12,6.950908893060975,6.941974711280633,6.948206945397802,6.944676658943952,1
-0.00017786573649156444,0.32995603610545376,-0.0001579502131811207,-0.00020005861154417885,-1.4643119497389239,-0.8575829559890161,0.7472650075030424,9.478039585758601e-12,6.951210063082598,6.941676236213196,6.948326765880596,6.944559533415346,1
-0.00018953468915281033,0.329956097723214,-0.0001683126015130835,-0.00021318378150949073,-1.464294768282249,-0.8575735189734025,0.7472575568879039,9.440551828025266e-12,6.951524134342725,6.94136483698983,6.94845167727653,6.944437294056173,1
-0.00020169493308728944,0.32995615857563654,-0.00017911127173592017,-0.00022686154821276115,-1.4642776726715554,-0.857564129477505,0.747250143799177,9.403437997302315e-12,6.951851360691232,6.941040259026337,6.9485817796707305,6.944309840046985,1
-0.00021435591260484822,0.3299562186266882,-0.0001903546106879348,-0.00024110253425157027,-1.4642606624557517,-0.8575547873179298,0.747242768081573,9.366694348632075e-12,6.952191994849138,6.940702248816851,6.948717172686984,6.944177070979151,1
-0.0002275270308930422,0.32995627783802656,-0.00020205096868780662,-0.0002559173159638642,-1.4642437371847596,-0.8575454923153966,0.7472354295825338,9.330317244696553e-12,6.952546288409144,6.94035055393139,6.94885795548737,6.94403888685331,1
-0.000241217650072834,0.3299563361689138,-0.0002142086595838309,-0.00027131642349082093,-1.4642268964094602,-0.857536244294844,0.7472281281522953,9.294302918425566e-12,6.952914491836148,6.939984923013396,6.949004226771881,6.94389518807781,1
-0.00025543709125428805,0.3299563935761297,-0.00022683596080314082,-0.00028731034083971885,-1.4642101396816354,-0.8575270430855441,0.7472208636439561,9.258647936154205e-12,6.953296854467755,6.9396051057772485,6.9491560847780205,6.94374587546713,1
-0.00027019463459226434,0.3299564500138838,-0.0002399411134009105,-0.00030390950594680875,-1.4641934665539138,-0.8575178885212077,0.7472136359135397,9.223348588905163e-12,6.953693624514772,6.939210853005779,6.949313627280401,6.943590850240297,1
-0.00028549951934210744,0.32995650543372573,-0.00025353232210953614,-0.00032112431074018786,-1.464176876579715,-0.8575087804400948,0.7472064448200614,9.188401086280774e-12,6.95410504906169,6.938801916547768,6.949476951590322,6.943430014019285,1
-0.0003013609439153341,0.32995655978445554,-0.0002676177553877964,-0.0003389651012026782,-1.464160369313194,-0.8574997186851222,0.747199290225592,9.15380249736658e-12,6.954531374067159,6.9383780493154354,6.9496461545553405,6.943263268827402,1
-0.00031778806593531656,0.32995661301203205,-0.00028220554546998895,-0.000357442177434706,-1.4641439443091817,-0.8574907031039837,0.7471921719953304,9.11954882084329e-12,6.954972844364443,6.937939005281909,6.949821332558827,6.943090517087673,1
-0.00033479000229296244,0.329956665059481,-0.00029730378841504273,-0.0003765657937171873,-1.4641276011231315,-0.857481733549255,0.7471850899976661,9.08563696325202e-12,6.955429703661874,6.937484539478696,6.950002581519513,6.9429116616212045,1
-0.00035237582920239104,0.3299567158668016,-0.0003129205441556047,-0.0003963461585744154,-1.4641113393110539,-0.857472809878525,0.7471780441042576,9.052063402695154e-12,6.9559021945432855,6.93701440799313,6.950189996891025,6.942726605645539,1
-0.0003705545822566066,0.32995676537087265,-0.0003290638365471006,-0.00041679343483695306,-1.4640951584294675,-0.8574639319544923,0.7471710341900906,9.018824704835447e-12,6.956390558468444,6.936528367965821,6.95038367366141,6.942535252773004,1
-0.0003893352564831649,0.32995681350535755,-0.00034574165341676584,-0.0004379177397045277,-1.4640790580353336,-0.8574550996450984,0.7471640601335574,8.985917453790492e-12,6.956895035773461,6.936026177588085,6.950583706352649,6.942337507009045,1
-0.0004087268063998387,0.32995686020060827,-0.00036296194661264897,-0.00045972914480893283,-1.4640630376859989,-0.8574463128236415,0.7471571218165258,8.953338658441469e-12,6.957415865671204,6.935507596099363,6.950790189020164,6.942133272750551,1
-0.0004287381460702762,0.32995690538356875,-0.0003807326320525829,-0.00048223767627693316,-1.4640470969391384,-0.8574375713688935,0.7471502191244085,8.921084861257873e-12,6.957953286251693,6.934972383784643,6.951003215252312,6.941922454784174,1
-0.0004493781491596558,0.3299569489776774,-0.0003990615897731249,-0.0005054533147931747,-1.4640312353526936,-0.8574288751652229,0.7471433519462367,8.889152446640026e-12,6.958507534482486,6.93442030197186,6.951222878169866,6.941704958284629,1
-0.0004706556489903343,0.3299569909027684,-0.0004179566639784617,-0.0005293859956630989,-1.4640154524848106,-0.8574202241027232,0.747136520174738,8.857538793483355e-12,6.959078846209055,6.933851113029289,6.9514492704254955,6.941480688812997,1
-0.0004925794385974916,0.32995703107497276,-0.0004374256630892811,-0.0005540456088758658,-1.4639997478937818,-0.8574116180773305,0.747129723706406,8.826240358950994e-12,6.959667456155158,6.933264580362931,6.95168248420323,6.941249552315008,1
-0.0005151582707847686,0.32995706940661823,-0.0004574763597916062,-0.0005794419991672765,-1.4639841211379845,-0.8574030569909485,0.7471229624415758,8.79525439318956e-12,6.960273597923198,6.932660468413896,6.9519226112179195,6.941011455119324,1
-0.0005384008581798989,0.32995710580612875,-0.0004781164910855913,-0.0006055849660827082,-1.4639685717758193,-0.8573945407515761,0.7471162362845004,8.764577353215125e-12,6.960897503994573,6.932038542655765,6.95216974271468,6.940766303935809,1
-0.0005623158732903355,0.32995714017792277,-0.0004993537583342792,-0.000632484264040053,-1.4639530993656493,-0.8573860692734296,0.7471095451434242,8.734206337864782e-12,6.96153940573002,6.931398569591956,6.952423969468336,6.940514005853791,1
-0.0005869119485588698,0.3299571724223113,-0.0005211958273123164,-0.0006601496023926595,-1.4639377034657373,-0.8573776424770759,0.7471028889306623,8.704138550297681e-12,6.962199533369948,6.930740316753077,6.952685381782858,6.940254468340317,1
-0.000612197676419244,0.329957202435395,-0.000543650328254626,-0.0006885906454922884,-1.4639223836341837,-0.8573692602895574,0.7470962675626764,8.674370529728127e-12,6.962878116034765,6.930063552694268,6.952954069490781,6.939987599238402,1
-0.0006381816093517576,0.32995723010896066,-0.0005667248559050359,-0.0007178170127520678,-1.4639071394288654,-0.8573609226445188,0.7470896809601505,8.644899400160216e-12,6.963575381725198,6.929368046992543,6.953230121952624,6.9397133067652685,1
-0.0006648722599388654,0.3299572553303771,-0.0005904269695648615,-0.0007478382787094621,-1.4638919704073712,-0.8573526294823428,0.747083129048072,8.615722209511831e-12,6.9642915573226025,6.928653570244122,6.9535136280563,6.939431499510575,1
-0.0006922781009207673,0.32995727798249047,-0.0006147641931414396,-0.000778663973089244,-1.4638768761269396,-0.857344380750277,0.7470766117558083,8.586836268628904e-12,6.965026868589269,6.92791989406175,6.953804676216523,6.9391420864346465,1
-0.0007204075652509928,0.32995729794351875,-0.0006397440151966153,-0.000810303580866476,-1.4638618561443966,-0.8573361764025651,0.7470701290171861,8.558238336685702e-12,6.965781540168718,6.927166791072022,6.9541033543741975,6.938844976866693,1
-0.0007492690461519736,0.329957315086946,-0.0006653738889951742,-0.0008427665423295006,-1.4638469100160902,-0.8573280164005826,0.7470636807705716,8.529925610202616e-12,6.966555795585993,6.92639403491269,6.954409749995814,6.938540080503019,1
-0.0007788708971706109,0.3299573292814157,-0.000691661232553224,-0.0008760622531429406,-1.463832037297829,-0.8573199007129652,0.747057266958949,8.501895188479392e-12,6.9673498572479415,6.925601400229971,6.954723950072829,6.938227307405235,1
-0.0008092214322338314,0.32995734039062397,-0.0007186134286865215,-0.0009102000644107021,-1.4638172375448162,-0.857311829315747,0.7470508875300027,8.47414469255695e-12,6.968163946443496,6.924788662675847,6.955046041121043,6.937906567998452,1
-0.0008403289257041354,0.3299573482732118,-0.0007462378250587412,-0.0009451892827389974,-1.4638025103115861,-0.8573038021924932,0.7470445424361972,8.446670536699315e-12,6.968998283343942,6.923955598905356,6.95537610917997,6.93757777306948,1
-0.0008722016124351357,0.32995735278265725,-0.0007745417342296882,-0.0009810391702993642,-1.463787855151941,-0.8572958193344339,0.7470382316348577,8.419470716085772e-12,6.969853087003187,6.923101986573885,6.955714239812208,6.937240833765016,1
-0.0009048476878270849,0.3299573537671667,-0.0008035324337034481,-0.001017758944891706,-1.4637732716188838,-0.8572878807406049,0.7470319550882546,8.392542077619811e-12,6.970728575358019,6.9222276043344495,6.956060518102792,6.93689566158983,1
-0.0009382753078823934,0.3299573510695661,-0.0008332171659764746,-0.0010553577800073394,-1.4637587592645567,-0.8572799864179768,0.747025712763681,8.365882155548195e-12,6.9716249652283615,6.921332231834979,6.9564150286585535,6.93654216840494,1
-0.0009724925892611405,0.32995734452719155,-0.0008636031385856191,-0.0010938448048920448,-1.463744317640174,-0.857272136381597,0.7470195046335385,8.339488333949792e-12,6.972542472317523,6.920415649715585,6.95677785560747,6.93618026642579,1
-0.0010075076093365631,0.3299573339717795,-0.0008946975241560818,-0.0011332291046091407,-1.4637299462959592,-0.8572643306547235,0.7470133306754168,8.313357670069078e-12,6.973481311212442,6.919477639605833,6.957149082598009,6.935809868220419,1
-0.0010433284062505508,0.3299573192293565,-0.0009265074604493099,-0.0011735197201025605,-1.4637156447810755,-0.8572565692689706,0.747007190872182,8.287487731149515e-12,6.974441695383925,6.918517984122009,6.957528792798465,6.935430886707622,1
-0.0010799629789691148,0.32995730012012875,-0.0009590400504108154,-0.0012147256482599395,-1.4637014126435666,-0.8572488522644356,0.7470010852120529,8.261875766888953e-12,6.975423837186887,6.917536466864385,6.957917068896305,6.935043235155119,1
-0.0011174192873378466,0.32995727645837114,-0.0009923023622179197,-0.0012568558419757225,-1.4636872494302857,-0.857241179689849,0.7469950136886907,8.236519321928449e-12,6.976427947860575,6.916532872414467,6.958313993097489,6.934646827177704,1
-0.001155705252137375,0.32995724805231585,-0.0010263014293274352,-0.0012999192102142764,-1.4636731546868318,-0.857233551602711,0.7469889763012815,8.211416069183496e-12,6.977454237528799,6.915506986332259,6.958719647125805,6.934241576735404,1
-0.0011948287551387972,0.32995721470404116,-0.0010610442505232594,-0.0013439246180730162,-1.463659127957488,-0.8572259680694196,0.7469829730546133,8.186562860276258e-12,6.978502915200157,6.914458595153515,6.959134112222193,6.933827398131631,1
-0.0012347976391591051,0.3299571762093592,-0.0010965377899638954,-0.0013888808868455483,-1.4636451687851477,-0.8572184291654332,0.7469770039591734,8.161957730816614e-12,6.97957418876825,6.913387486386979,6.959557469144062,6.933404206011319,1
-0.0012756197081165946,0.329957132357704,-0.001132788977229892,-0.001434796794084822,-1.4636312767112554,-0.8572109349753925,0.7469710690312228,8.13759822502672e-12,6.980668265011899,6.9122934485116385,6.95998979816461,6.9329719153590785,1
-0.0013173027270862632,0.32995708293201914,-0.001169804707371202,-0.0014816810736663012,-1.4636174512757374,-0.8572034855932702,0.7469651682928852,8.113481483291496e-12,6.981785349595358,6.911176270973965,6.96043117907214,6.9325304414973346,1
-0.001359854422355191,0.32995702770864493,-0.0012075918409544535,-0.0015295424158511405,-1.4636036920169375,-0.8571960811225084,0.7469593017722298,8.089605251976155e-12,6.982925647068524,6.910035744185155,6.960881691169368,6.932079700084463,1
-0.0014032824814779086,0.3299569664572058,-0.001246157204110136,-0.0015783894673493872,-1.4635899984715501,-0.8571887216761631,0.7469534695033587,8.065967201851827e-12,6.9840893608671415,6.908871659518368,6.9613414132727325,6.931619607112929,1
-0.0014475945533317528,0.32995689894049696,-0.0012855075885796997,-0.0016282308313831902,-1.4635763701745528,-0.8571814073770475,0.746947671526493,8.042564990254427e-12,6.985276693313006,6.907683809305965,6.961810423711703,6.93115007890742,1
-0.0014927982481721998,0.32995682491437145,-0.0013256497517625575,-0.0016790750677500282,-1.4635628066591426,-0.8571741383578676,0.746941907888054,8.019396403709041e-12,6.9864878456141675,6.906471986836741,6.962288800328083,6.930671032122977,1
-0.001538901137688189,0.32995674412762643,-0.0013665904167629995,-0.001730930692885951,-1.4635493074566688,-0.8571669147613695,0.7469361786407525,7.996458597633334e-12,6.987723017865128,6.905235986353162,6.962776620475311,6.930182383743131,1
-0.0015859107550574277,0.32995665632188986,-0.0014083362724370103,-0.0017838061799288374,-1.4635358720965648,-0.8571597367404845,0.7469304838436753,7.97375000821223e-12,6.988982409047037,6.903975603048593,6.9632739610177605,6.929684051078021,1
-0.0016338345950016823,0.32995656123150663,-0.001450893973438987,-0.0018377099587816765,-1.463522500106284,-0.8571526044584665,0.7469248235623689,7.951267552937329e-12,6.990266217027887,6.902690633064534,6.963780898330041,6.929175951762532,1
-0.0016826801138420456,0.32995645858342487,-0.0014942701402683566,-0.0018926504161758497,-1.4635091910112323,-0.8571455180890382,0.7469191978689264,7.929009474725576e-12,6.991574638562708,6.901380873487846,6.964297508296292,6.928658003754414,1
-0.0017324547295541966,0.32995634809708196,-0.0015384713593160945,-0.0019486358957344536,-1.4634959443347046,-0.8571384778165286,0.7469136068420713,7.90697379385512e-12,6.992907869293757,6.900046122347986,6.96482386630948,6.928130125332414,1
-0.0017831658218236356,0.3299562294842906,-0.0015835041829111364,-0.0020056746980356165,-1.4634827595978124,-0.8571314838360289,0.7469080505672507,7.88515741188143e-12,6.9942661037507055,6.89868617861423,6.965360047270693,6.927592235094394,1
-0.0018348207321008988,0.32995610244912466,-0.0016293751293666786,-0.0020637750806758474,-1.4634696363194235,-0.8571245363535219,0.7469025291367134,7.863558887651985e-12,6.995649535350834,6.897300842192906,6.965906125588432,6.9270442519554605,1
-0.001887426763656766,0.32995596668780525,-0.0016760906830263782,-0.0021229452583334065,-1.463456574016093,-0.8571176355860335,0.746897042649601,7.84217574068457e-12,6.997058356399216,6.895889913924625,6.966462175177908,6.926486095146085,1
-0.0019409911816374336,0.3299558218885864,-0.001723657294310431,-0.0021831934028316772,-1.4634435722019963,-0.8571107817617746,0.7468915912120335,7.821005902905382e-12,6.998492758088905,6.894453195581504,6.967028269460331,6.92591768421023,1
-0.001995521213119681,0.32995566773164114,-0.0017720813797615445,-0.0022445276432025785,-1.4634306303888645,-0.857103975120284,0.7468861749371953,7.800046996800521e-12,6.999952930501121,6.892990489864402,6.967604481362203,6.925338939003471,1
-0.0020510240471660114,0.3299555038889471,-0.0018213693220907894,-0.002306956065749985,-1.4634177480859185,-0.8570972159125696,0.7468807939454202,7.779297456327886e-12,7.001439062605437,6.8915016004001455,6.96819088331461,6.924749779691124,1
-0.0021075068348797715,0.3299553300241728,-0.0018715274702233325,-0.002370486714113166,-1.4634049247998036,-0.8570905044012493,0.746875448364276,7.758754567663359e-12,7.002951342259965,6.889986331738765,6.968787547252514,6.924150126746366,1
-0.0021649766894602553,0.32995514579256296,-0.0019225621393440507,-0.002435127589330255,-1.463392160034516,-0.8570838408607152,0.7468701383286637,7.738416606285742e-12,7.004489956211535,6.888444489350717,6.969394544614043,6.92353990094836,1
-0.0022234406862577777,0.3299549508408251,-0.0019744796109430157,-0.002500886649901734,-1.4633794532913496,-0.8570772255772435,0.7468648639808838,7.71828134064618e-12,7.006055090095891,6.88687587962413,6.970011946339786,6.922919023380386,1
-0.0022829058628287394,0.32995474480701525,-0.0020272861328608613,-0.0025677718118539356,-1.46336680406882,-0.8570706588491619,0.7468596254707367,7.698347011299257e-12,7.0076469284378655,6.885280309862029,6.9706398228720845,6.922287415427962,1
-0.002343379218990658,0.32995452732042413,-0.0020809879193340163,-0.002635790948802574,-1.463354211862601,-0.8570641409869891,0.7468544229556069,7.678611682144446e-12,7.009265654651573,6.883657588279576,6.971278244154325,6.9216449987769755,1
-0.002404867716877183,0.3299542980014633,-0.002135591151039805,-0.002704951892016297,-1.46334167616546,-0.8570576723135754,0.7468492566005477,7.659073094497243e-12,7.010911451040591,6.882007524001303,6.9719272796302345,6.920991695411811,1
-0.002467378280993085,0.3299540564615518,-0.002191101975141419,-0.0027752624304802605,-1.463329196467194,-0.8570512531642399,0.7468441265783639,7.63972974573513e-12,7.01258449879815,6.880329927058359,6.972586998243178,6.920327427613482,1
-0.0025309177982692226,0.32995380230300236,-0.002247526505332751,-0.0028467303109597224,-1.463316772254561,-0.8570448838869194,0.7468390330697013,7.620579170911889e-12,7.014284978007321,6.878624608385746,6.973257468435452,6.919652117957766,1
-0.0025954931181174905,0.32995353511890807,-0.00230487082188309,-0.002919363238063669,-1.4633044030112148,-0.8570385648423159,0.746833976263136,7.601619457006864e-12,7.016013067641202,6.876891379819564,6.973938758147582,6.918965689313335,1
-0.0026611110524857313,0.32995325449302926,-0.002363140971681675,-0.002993168874308454,-1.4632920882176434,-0.8570322964040238,0.7468289563552499,7.58284917481022e-12,7.017768945563112,6.875130054094261,6.974630934817626,6.918268064839896,1
-0.0027277783759126345,0.3299529599996803,-0.002422342968282107,-0.003068154840181471,-1.463279827351097,-0.8570260789586942,0.7468239735507314,7.56426623517422e-12,7.019552788526774,6.873340444839874,6.975334065380474,6.917559167986324,1
-0.0027955018255826085,0.329952651203617,-0.0024824827919466192,-0.003144328714204854,-1.463267619885532,-0.8570199129061505,0.7468190280624434,7.545868465838629e-12,7.02136477217652,6.871522366579291,6.976048216267149,6.916838922488812,1
-0.002864288101380612,0.32995232765992377,-0.002543566389690182,-0.003221698032999183,-1.4632554652915382,-0.8570137986595514,0.7468141201115224,7.52765414042393e-12,7.023205071047475,6.869675634725498,6.976773453404115,6.916107252369007,1
-0.0029341438659469883,0.32995198891390126,-0.0026055996753244857,-0.003300270291347251,-1.463243363036277,-0.8570077366455273,0.7468092499274605,7.509621331362448e-12,7.025073858565756,6.867800065578839,6.977509842212584,6.915364081932161,1
-0.003005075744732246,0.32995163450095427,-0.002668588529501743,-0.0033800529422578184,-1.4632313125834198,-0.85700172730431,0.7468044177481832,7.49176851175207e-12,7.026971307048673,6.865895476324281,6.978257447607824,6.91460933576528,1
-0.0030770903260518272,0.32995126394647967,-0.002732538799758352,-0.0034610533970294284,-1.4632193133930782,-0.8569957710898906,0.7467996238201453,7.47409379001954e-12,7.028897587704925,6.863961685028675,6.979016333998474,6.913842938735275,1
-0.003150194161140844,0.3299508767657549,-0.0027974563005583944,-0.0035432790253142185,-1.4632073649217439,-0.8569898684701468,0.7467948683984069,7.456595659368325e-12,7.030852870634805,6.861998510638026,6.979786565285857,6.913064815987121,1
-0.0032243937642087864,0.32995047246382647,-0.0028633468133369743,-0.0036267371551817916,-1.4631954666222236,-0.8569840199269884,0.746790151746721,7.439271856551211e-12,7.032837324830401,6.860005772974764,6.9805682048632995,6.912274892942014,1
-0.003299695612494206,0.32995005053539883,-0.002930216086543396,-0.003711435073183083,-1.463183617943574,-0.8569782259564976,0.7467854741376188,7.422120967139236e-12,7.034851118175809,6.8579832927350255,6.98136131561545,6.911473095295533,1
-0.003376106146319368,0.3299496104647238,-0.002998069835684173,-0.0037973800244142874,-1.4631718183310398,-0.8569724870690669,0.7467808358524917,7.405141208842446e-12,7.036894417447339,6.855930891485927,6.982165959917603,6.910659349015811,1
-0.0034536317691448745,0.3299491517254899,-0.0030669137433658733,-0.003884579212580788,-1.4631600672259897,-0.8569668037895379,0.7467762371816761,7.388330462601083e-12,7.038967388313728,6.853848391662855,6.982982199635031,6.9098335803417,1
-0.003532278847624254,0.3299486737807123,-0.0031367534593377848,-0.003973039800061136,-1.4631483640658536,-0.856961176657338,0.7467716784245348,7.371687440100433e-12,7.041070195336356,6.851735616566757,6.983810096122309,6.908995715780952,1
-0.003612053711658535,0.329948176082623,-0.003207594600534422,-0.004062768907971038,-1.463136708284058,-0.8569556062266247,0.7467671598895448,7.355210804374329e-12,7.043203001969465,6.849592390361431,6.9846497102226515,6.908145682108391,1
-0.003692962654450769,0.3299476580725615,-0.003279442751117843,-0.004153773616227412,-1.4631250993099663,-0.8569500930664146,0.746762681894374,7.338898416990286e-12,7.045365970560379,6.847418538070826,6.98550110226725,6.907283406364104,1
-0.0037750119325605422,0.32994711918086556,-0.0033523034625198007,-0.004246060963612412,-1.4631135365688106,-0.8569446377607337,0.746758244765973,7.322748820937422e-12,7.047559262349733,6.84521388557635,6.986364332074613,6.906408815851617,1
-0.003858207765958438,0.3299465588267629,-0.003426182253483701,-0.0043396379478375605,-1.4631020194816384,-0.8569392409087329,0.7467538488406434,7.306760145071032e-12,7.049783037471698,6.842978259614177,6.987239458949919,6.905521838136105,1
-0.003942556338080482,0.3299459764182625,-0.0035010846101063866,-0.004434511525607847,-1.4630905474652436,-0.856933903124842,0.7467494944641319,7.290930649713286e-12,7.052037454954219,6.84071148777256,6.988126541684355,6.904622401042571,1
-0.0040280637958825475,0.3299453713520471,-0.0035770159858797366,-0.004530688612685888,-1.4630791199321056,-0.8569286250389014,0.7467451819917086,7.275259051689967e-12,7.054322672719241,6.838413398489154,6.989025638554481,6.903710432654061,1
-0.004114736249894735,0.3299447430133656,-0.0036539818017320745,-0.00462817608395613,-1.4630677362903288,-0.8569234072962956,0.746740911788248,7.259744198316277e-12,7.056638847582961,6.836083821048339,6.989936807321581,6.902785861309865,1
-0.0042025797742757005,0.3299440907759261,-0.003731987446069377,-0.004726980773489067,-1.4630563959435816,-0.8569182505580875,0.74673668422831,7.244383945697039e-12,7.058986135256061,6.833722585578556,6.9908601052310315,6.901848615603731,1
-0.004291600406866981,0.32994341400178956,-0.003811038274816315,-0.004827109474605481,-1.4630450982910363,-0.8569131555011485,0.746732499696218,7.229176881481259e-12,7.061364690343964,6.831329523049642,6.991795589011667,6.900898624382085,1
-0.004381804149247251,0.32994271204126335,-0.0038911396114570695,-0.0049285689399407575,-1.463033842727307,-0.8569081228182969,0.7467283585861424,7.214121903374924e-12,7.063774666347087,6.828904465270173,6.992743314875152,6.899935816742254,1
-0.004473196966786579,0.3299419842327961,-0.003972296747075973,-0.0050313658815091976,-1.4630226286423886,-0.8569031532184314,0.7467242613021813,7.1992165091668544e-12,7.066216215661091,6.8264472448848155,6.99370333851536,6.898960122030693,1
-0.004565784788700616,0.32994122990287217,-0.004054514940397936,-0.00513550697076837,-1.4630114554215976,-0.8568982474266603,0.746720208258438,7.184460272663643e-12,7.068689489577146,6.823957695371683,6.994675715107756,6.897971469841219,1
-0.0046595735081047755,0.3299404483659074,-0.00413779941782868,-0.005240998838683525,-1.4630003224455126,-0.8568934061844337,0.7467161998791009,7.1698510092826176e-12,7.071194638282199,6.821435651039698,6.995660499308784,6.89696979001326,1
-0.004754568982068365,0.3299396389241449,-0.004222155373494762,-0.00534784807579201,-1.4629892290899145,-0.8568886302496725,0.7467122365985215,7.15538720960382e-12,7.073731810859242,6.818880947025962,6.99665774525526,6.8959550126300915,1
-0.004850777031668681,0.32993880086755145,-0.004307587969283392,-0.005456061232267743,-1.462978174725728,-0.8568839203968993,0.7467083188612926,7.141068008400436e-12,7.076301155287592,6.8162934192931335,6.997667506563773,6.8949270680171,1
-0.004948203442045078,0.3299379334737144,-0.004394102334882047,-0.005565644817985707,-1.4629671587189617,-0.8568792774173678,0.746704447122327,7.1268923372207024e-12,7.078902818443163,6.81367290462681,6.998689836330086,6.893885886740036,1
-0.00504685396245297,0.3299370360077394,-0.004481703567817846,-0.005676605302586511,-1.462956180430648,-0.8568747021191973,0.7467006218469382,7.112857231290683e-12,7.081536946098762,6.811019240632918,6.999724787128546,6.892831399603282,1
-0.005146734306317855,0.32993610772214826,-0.004570396733496767,-0.005788949115540941,-1.462945239216789,-0.8568701953274884,0.7466968435109104,7.098962351760082e-12,7.084203682924373,6.808332265735111,7.000772411011504,6.891763537648127,1
-0.005247850151289222,0.32993514785677774,-0.004660186865242576,-0.0059026826462146,-1.4629343344282961,-0.8568657578844581,0.7466931126005795,7.085205532957997e-12,7.086903172487456,6.805611819172178,7.001832759508735,6.890682232151045,1
-0.005350207139294489,0.32993415563867856,-0.0047510789643355955,-0.0060178122439325426,-1.4629234654109293,-0.8568613906495726,0.7466894296129136,7.071585979992679e-12,7.089635557253247,6.802857740995449,7.002905883626862,6.889587414621981,1
-0.005453810876592868,0.32993313028201554,-0.0048430780000512244,-0.006134344218043986,-1.4629126315052463,-0.856857094499659,0.7466857950555804,7.058102281479137e-12,7.092400978585068,6.800069872066224,7.003991833848794,6.888479016802645,1
-0.005558666933829195,0.32993207098796784,-0.004936188909698237,-0.0062522848379870195,-1.4629018320465432,-0.8568528703290331,0.7466822094470236,7.044752993029595e-12,7.095199576744641,6.797248054053197,7.005090660133168,6.887356970664817,1
-0.00566478084608772,0.32993097694462986,-0.005030416598656856,-0.006371640333353401,-1.4628910663647947,-0.8568487190496353,0.7466786733165455,7.031537544925771e-12,7.098031490892403,6.794392129429889,7.00620241191379,6.886221208408647,1
-0.005772158112945874,0.3299298473269131,-0.005125765940416609,-0.006492416893953348,-1.4628803337846017,-0.8568446415911413,0.7466751872043734,7.018453424451945e-12,7.100896859087831,6.791501941472099,7.007327138099096,6.8850716624609785,1
-0.005880804198527964,0.3299286812964485,-0.0052222417766139345,-0.006614620669880394,-1.4628696336251346,-0.856840638901089,0.7466717516617364,7.005500383872996e-12,7.103795818289775,6.78857733425535,7.008464887071605,6.883908265473666,1
-0.005990724531558855,0.3299274780014891,-0.005319848917069573,-0.006738257771576293,-1.4628589652000779,-0.8568367119449982,0.746668367250937,6.992676566982607e-12,7.106728504356798,6.785618152652355,7.00961570668739,6.882730950321909,1
-0.006101924505417607,0.32992623657681386,-0.00541859213982572,-0.0068633342698959385,-1.4628483278175741,-0.8568328617064961,0.7466650345454273,6.97998016333044e-12,7.10969505204751,6.782624242330481,7.01077964427555,6.881539650102588,1
-0.006214409478191036,0.32992495614363193,-0.0055184761911829154,-0.00698985619617234,-1.462837720780171,-0.8568290891874304,0.7466617541298771,6.967410237139231e-12,7.112695595020926,6.779595449749232,7.011956746637692,6.880334298132613,1
-0.006328184772727309,0.3299236358094874,-0.00561950578573676,-0.007117829542281649,-1.4628271433847642,-0.8568253954079967,0.7466585266002507,6.954965418240635e-12,7.115730265836818,6.776531622157728,7.013147060047416,6.8791148279472765,1
-0.006443255676689405,0.3299222746681652,-0.005721685606414307,-0.007247260260708206,-1.4628165949225493,-0.8568217814068415,0.7466553525638685,6.942645386539617e-12,7.118799195956077,6.77343260759221,7.014350630249817,6.877881173298618,1
-0.006559627442608601,0.32992087179959706,-0.005825020304510269,-0.007378154264609656,-1.4628060746789602,-0.8568182482412003,0.7466522326394913,6.930447962555349e-12,7.121902515741085,6.770298254873533,7.015567502460977,6.876633268153789,1
-0.006677305287937886,0.32991942626976883,-0.005929514499722964,-0.007510517427882073,-1.4627955819336222,-0.8568147969869981,0.74664916745738,6.9183723675471474e-12,7.125040354456085,6.767128413604688,7.016797721367482,6.87537104669344,1
-0.006796294395105335,0.32991793713062806,-0.006035172780190003,-0.007644355585225178,-1.4627851159602963,-0.8568114287389726,0.7466461576593701,6.906416798280841e-12,7.12821284026757,6.763922934168319,7.018041331125936,6.8740944433101,1
-0.006916599911567443,0.3299164034199926,-0.006141999702523738,-0.0077796745322075336,-1.4627746760268292,-0.8568081446107814,0.7466432038989368,6.894580328311916e-12,7.131420100244667,6.760681667724255,7.01929837536249,6.872803392606581,1
-0.007038226949862413,0.3299148241614598,-0.006249999791846464,-0.00791648002533187,-1.4627642613951,-0.856804945735121,0.746640306841266,6.8828624976055975e-12,7.134662260359538,6.757404466207056,7.020568897172368,6.871497829394374,1
-0.007161180587663404,0.3299131983643162,-0.006359177541825353,-0.008054777782100349,-1.4627538713209682,-0.8568018332638393,0.7466374671633229,6.8712613826134826e-12,7.137939445487779,6.754091182323556,7.021852939119414,6.870177688692069,1
-0.007285465867831713,0.32991152502344856,-0.006469537414707137,-0.008194573481079966,-1.4627435050542257,-0.856798808368041,0.7466346855539151,6.859776637142092e-12,7.141251779408836,6.750741669550427,7.023150543235636,6.868842905723773,1
-0.007411087798469951,0.3299098031192551,-0.006581083841352541,-0.008335872761967962,-1.462733161838542,-0.8567958722382072,0.7466319627137648,6.848406307036871e-12,7.144599384806415,6.747355782131748,7.024461751020763,6.867493415917545,1
-0.0075380513529751374,0.32990803161755783,-0.006693821221270458,-0.00847868122565726,-1.4627228409114164,-0.8567930260842989,0.7466292993555712,6.837149380040047e-12,7.147982383268914,6.743933375076582,7.025786603441811,6.866129154903833,1
-0.007666361470091764,0.3299062094695156,-0.006807753922651841,-0.008623004434301989,-1.4627125415041289,-0.8567902711358645,0.7466266962040756,6.826004557379257e-12,7.151400895289857,6.740474304156572,7.027125140932653,6.864750058513923,1
-0.007796023053964812,0.3299043356115378,-0.00692288628240336,-0.008768847911383005,-1.4627022628416904,-0.8567876086421502,0.7466241539961279,6.814971138948961e-12,7.154855040268327,6.736978425903532,7.028477403393602,6.863356062778404,1
-0.007927040974192707,0.3299024089651991,-0.007039222606180762,-0.008916217141773531,-1.4626920041427944,-0.8567850398722012,0.7466216734807473,6.804047855064683e-12,7.158344936509419,6.733445597607064,7.029843430191,6.861947103925631,1
-0.008059420065880262,0.32990042843715467,-0.0071567671684220095,-0.009065117571804752,-1.4626817646197658,-0.8567825661149789,0.7466192554191932,6.793233760053908e-12,7.161870701224695,6.7298756773121715,7.031223260156814,6.8605231183802,1
-0.008193165129691551,0.32989839291905665,-0.007275524212380109,-0.009215554609331537,-1.4626715434785182,-0.8567801886794483,0.7466169005850181,6.782527242904242e-12,7.165432450532646,6.726268523816895,7.032616931588246,6.859084042761443,1
-0.00832828093190271,0.329896301287471,-0.007395497950155677,-0.009367533623798163,-1.4626613399185022,-0.856777908894693,0.746614609764137,6.7719267581114764e-12,7.169030299459166,6.722623996669949,7.034024482247342,6.85762981388192,1
-0.008464772204454742,0.32989415240379544,-0.007516692562729253,-0.009521059946304106,-1.462651153132659,-0.856775728110017,0.7466123837548886,6.761432648005531e-12,7.172664361938026,6.718941956168374,7.035445949360622,6.856160368745925,1
-0.008602643645006236,0.3298919451141783,-0.007639112199993319,-0.009676138869669873,-1.4626409823073758,-0.8567736476950392,0.7466102233680921,6.751043073596659e-12,7.1763347508113675,6.715222263355199,7.036881369618708,6.854675644548006,1
-0.00874189991698605,0.32988967824943793,-0.007762760980784049,-0.009832775648502871,-1.4626308266224408,-0.8567716690397932,0.7466081294271082,6.740757532187808e-12,7.1800415778301945,6.711464780017114,7.0383307791759675,6.853175578671489,1
-0.008882545649645942,0.3298873506249832,-0.007887642992912785,-0.009990975499263376,-1.4626206852509929,-0.8567697935548351,0.7466061027679033,6.730574371850018e-12,7.183784953654876,6.7076693686821525,7.039794213650162,6.851660108687014,1
-0.009024585438113164,0.32988496104073484,-0.008013762293197241,-0.010150743600330473,-1.4626105573594816,-0.8567680226713298,0.7466041442391019,6.7204929158519235e-12,7.1875649878556604,6.703835892617385,7.0412717081221095,6.850129172351084,1
-0.009168023843442978,0.3298825082810475,-0.008141122907492398,-0.010312085092068103,-1.4626004421076202,-0.8567663578411545,0.7466022547020493,6.710512473835873e-12,7.191381788913194,6.699964215826628,7.04276329713535,6.8485827076046215,1
-0.009312865392671158,0.32987999111463295,-0.008269728830721152,-0.010475005076891152,-1.462590338648343,-0.856764800536989,0.7466004350308657,6.7006303345916856e-12,7.195235464219052,6.696054203048156,7.044269014695825,6.8470206525715325,1
-0.009459114578866416,0.329877408294484,-0.00839958402690466,-0.010639508619331564,-1.4625802461277602,-0.856763352252414,0.7465986861125058,6.690847492921895e-12,7.199126120076271,6.692105719752432,7.045788894271563,6.845442945557289,1
-0.009606775861182788,0.3298747585577991,-0.0085306924291924,-0.010805600746104538,-1.4625701636851154,-0.8567620145020036,0.7465970088468146,6.681162665204801e-12,7.2030538616999005,6.688118632139842,7.047322968792379,6.843849525047512,1
-0.009755853664911957,0.32987204062590836,-0.008663057939891944,-0.010973286446174731,-1.4625600904527447,-0.8567607888214127,0.7465954041465799,6.671573532397377e-12,7.20701879321755,6.684092807138452,7.048871270649577,6.8422403297065735,1
-0.009906352381535557,0.3298692532042002,-0.008796684430498464,-0.01114257067082258,-1.4625500255560333,-0.8567596767674698,0.7465938729375888,6.6620809713306425e-12,7.211021017669959,6.680028112401764,7.050433831695667,6.840615298376206,1
-0.010058276368777385,0.32986639498204867,-0.008931575741723917,-0.01131345833371061,-1.4625399681133735,-0.8567586799182682,0.7465924161586825,6.6526822738787615e-12,7.215060637011566,6.6759244163064935,7.052010683244091,6.838974370074119,1
-0.010211629950655589,0.3298634646327423,-0.009067735683525965,-0.011485954310949812,-1.4625299172361266,-0.8567577998732477,0.7465910347618055,6.6433776003718126e-12,7.219137752111089,6.67178158795035,7.053601856068956,6.837317483992633,1
-0.0103664174175348,0.32986046081341314,-0.00920516803513659,-0.011660063441166102,-1.4625198720285784,-0.8567570382532909,0.7465897297120637,6.634165497522371e-12,7.223252462752112,6.667599497149836,7.055207380404779,6.835644579497319,1
-0.010522643026178191,0.3298573821649674,-0.009343876545090411,-0.011835790525566792,-1.4625098315879033,-0.8567563967007977,0.7465885019877699,6.625045353958073e-12,7.22740486763369,6.663378014438055,7.056827285946243,6.8339555961256515,1
-0.010680310999799538,0.3298542273120167,-0.00948386493125274,-0.012013140328007129,-1.462499795004121,-0.856755876879781,0.7465873525805011,6.61601675418108e-12,7.231595064370952,6.659117011062531,7.0584616018479585,6.832250473585673,1
-0.010839425528115136,0.32985099486281033,-0.009625136880847276,-0.012192117575056904,-1.4624897613600645,-0.8567554804759319,0.746586282495138,6.607077270511756e-12,7.235823149495719,6.654816358983043,7.060110356724241,6.83052915175467,1
-0.010999990767395783,0.3298476834091684,-0.009767696050483601,-0.012372726956067073,-1.4624797297313312,-0.8567552091967279,0.7465852927499308,6.598227398456916e-12,7.240089218457128,6.650475930869463,7.06177357864889,6.828791570677851,1
-0.011162010840518589,0.32984429152641626,-0.00991154606618426,-0.012554973123236486,-1.4624696991862562,-0.8567550647714866,0.7465843843765306,6.5894656664701524e-12,7.244393365622272,6.646095600099622,7.063451295154991,6.827037670567053,1
-0.01132548983701882,0.3298408177733193,-0.01005669052341164,-0.012738860691678597,-1.4624596687858686,-0.8567550489514593,0.7465835584200473,6.580791709418033e-12,7.248735684276838,6.64167524075717,7.0651435332347114,6.825267391799446,1
-0.011490431813141664,0.32983726069201935,-0.01020313298709452,-0.012924394239488308,-1.4624496375838547,-0.856755163509911,0.7465828159390969,6.572203671315445e-12,7.2531162666257645,6.637214727629456,7.066850319339121,6.823480674916251,1
-0.011656840791893913,0.3298336188079719,-0.010350876991654276,-0.013111578307808801,-1.4624396046265267,-0.8567554102421829,0.7465821580058398,6.563702171149626e-12,7.257535203793906,6.63271393620543,7.068571679378016,6.821677460621472,1
-0.011824720763095644,0.329829890629884,-0.010499926041030866,-0.013300417400898464,-1.4624295689527833,-0.8567557909657801,0.7465815857060336,6.555284993356157e-12,7.261992585826702,6.628172742673539,7.070307638719752,6.8198576897806396,1
-0.011994075683431792,0.3298260746496534,-0.010650283608708426,-0.013490915986197827,-1.4624195295940752,-0.8567563075204427,0.7465811001390762,6.546951067810775e-12,7.266488501690861,6.623591023919646,7.072058222191094,6.818021303419565,1
-0.012164909476503718,0.3298221693423089,-0.01080195313774063,-0.013683078494396627,-1.4624094855743714,-0.856756961768215,0.7465807024180475,6.5387005613040704e-12,7.271023039275052,6.618968657524966,7.073823454077067,6.816168242723104,1
-0.012337226032880694,0.32981817316595113,-0.010954938040775714,-0.013876909319500851,-1.4623994359101264,-0.8567577555935175,0.7465803936697534,6.530533139578132e-12,7.275596285390607,6.614305521764003,7.075603358120826,6.814298449033936,1
-0.012511029210151323,0.3298140845616951,-0.011109241700081186,-0.014072412818899854,-1.4623893796102465,-0.8567586909032159,0.7465801750347667,6.522447788951917e-12,7.280208325772231,6.609601495602509,7.077397957523537,6.812411863851355,1
-0.012686322832974968,0.3298099019536129,-0.011264867467568286,-0.014269593313433561,-1.4623793156760523,-0.8567597696267004,0.7465800476674761,6.514441126063248e-12,7.284859245078722,6.604856458695445,7.079207274944255,6.8105084288300635,1
-0.012863110693133006,0.3298056237486786,-0.011421818664816022,-0.014468455087459697,-1.4623692431012576,-0.8567609937159282,0.7465800127361111,6.506514500370941e-12,7.289549126893704,6.600070291384974,7.081031332499833,6.808588085778996,1
-0.01304139654958018,0.32980124833671265,-0.011580098583095057,-0.014669002388921066,-1.462359160871927,-0.856762365145514,0.7465800714227971,6.498668558821774e-12,7.294278053726366,6.595242874698442,7.082870151764825,6.806650776660135,1
-0.013221184128495775,0.3297967740903287,-0.011739710483391157,-0.014871239429412935,-1.4623490679664517,-0.8567638859127783,0.746580224923585,6.490899812082317e-12,7.299046107012215,6.590374090346395,7.084723753771411,6.804696443587351,1
-0.013402477123334786,0.3297921993648808,-0.011900657596428388,-0.015075170384250377,-1.462338963355516,-0.8567655580378188,0.7465804744484936,6.4832082962656095e-12,7.303853367113831,6.58546382072059,7.086592159009322,6.802725028825252,1
-0.013585279194879042,0.3297875224984117,-0.012062943122692004,-0.015280799392535753,-1.4623288460020678,-0.8567673835635699,0.7465808212215463,6.4755944012286916e-12,7.308699913321644,6.580511948892032,7.0884753874257855,6.800736474788043,1
-0.013769593971288234,0.3297827418116023,-0.012226570232451,-0.015488130557226242,-1.4623187148612924,-0.8567693645558574,0.7465812664808044,6.468055411718365e-12,7.31358582385471,6.57551835860902,7.090373458425481,6.798730724038401,1
-0.01395542504815093,0.32977785560772205,-0.01239154206578038,-0.015697167945201387,-1.462308568880579,-0.8567715031034668,0.7465818114784077,6.4605927891936245e-12,7.3185111758615005,6.5704829342952,7.092286390870498,6.796707719286355,1
-0.014142775988535538,0.3297728621725808,-0.012557861732583123,-0.015907915587330713,-1.4622984069994984,-0.8567738013181895,0.7465824574806034,6.453204091650007e-12,7.323476045420711,6.565405561047644,7.094214203080316,6.794667403388192,1
-0.014331650323041154,0.32976775977448086,-0.012725532312611794,-0.016120377478541413,-1.462288228149771,-0.8567762613348867,0.7465832057677843,6.4458884048503205e-12,7.328480507542064,6.56028612463493,7.0961569128317885,6.792609719345359,1
-0.014522051549848406,0.32976254666417126,-0.012894556855489871,-0.01633455757788606,-1.462278031255244,-0.8567788853115385,0.7465840576345187,6.4386472167095575e-12,7.333524636167134,6.555124511495244,7.098114537359141,6.79053461030339,1
-0.014713983134770259,0.32975722107480215,-0.013064938380732796,-0.016550459808610446,-1.462267815231862,-0.856781675429299,0.7465850143895844,6.431477515983606e-12,7.338608504170177,6.549920608734485,7.100087093353977,6.788442019550838,1
-0.014907448511302709,0.3297517812218808,-0.013236679877768647,-0.01676808805822134,-1.4622575789876446,-0.8567846338925467,0.746586077355998,6.424379813938151e-12,7.343732183358977,6.544674304124397,7.102074596965303,6.786331890518223,1
-0.01510245108067544,0.32974622530322856,-0.013409784305958534,-0.01698744617855451,-1.4622473214226595,-0.8567877629289338,0.7465872478710465,6.417352102737518e-12,7.3488957444756915,6.539385486100704,7.104077063799554,6.784204166776993,1
-0.015298994211902466,0.3297405514989387,-0.013584254594616697,-0.01720853798584252,-1.462237041428998,-0.856791064789438,0.7465885272863176,6.410395530394224e-12,7.35409925719772,6.534054043761259,7.1060945089206395,6.782058792038491,1
-0.01549708124183264,0.3297347579713357,-0.013760093643030241,-0.017431367260782912,-1.4622267378907527,-0.8567945417484067,0.7465899169677271,6.40350653232987e-12,7.359342790138572,6.528679866864213,7.108126946849993,6.779895710152944,1
-0.015696715475200188,0.3297288428649356,-0.013937304320478634,-0.017655937748606125,-1.4622164096839954,-0.8567981961035978,0.7465914182955434,6.396687240303656e-12,7.364626410848759,6.523262845826193,7.110174391566642,6.777714865108462,1
-0.015897900184675167,0.32972280430640705,-0.014115889466252852,-0.017882253159143685,-1.4622060556767529,-0.8568020301762295,0.7465930326644185,6.389936391859113e-12,7.36995018581668,6.517802871720493,7.112236856507284,6.77551620103004,1
-0.016100638610913782,0.32971664040453397,-0.014295851889674156,-0.018110317166896425,-1.4621956747289862,-0.8568060463110222,0.7465947614834126,6.38325280628821e-12,7.375314180469529,6.51229983627528,7.11431435456637,6.77329966217859,1
-0.016304933962608775,0.32971034925017895,-0.014477194370112674,-0.018340133411102643,-1.462185265692568,-0.8568102468762391,0.7465966061760199,6.376635270757722e-12,7.380718459174212,6.506753631871812,7.116406898096209,6.771065192949968,1
-0.016510789416539693,0.3297039289162481,-0.014659919657005598,-0.018571705495806393,-1.4621748274112654,-0.8568146342637215,0.746598568180189,6.370083723096736e-12,7.386163085238276,6.5011641515426755,7.118514498907077,6.768812737874027,1
-0.016718208117623076,0.32969737745765687,-0.014844030469875051,-0.018805036989925927,-1.4621643587207165,-0.856819210888933,0.7466006489483511,6.3635987231670366e-12,7.391648120910836,6.495531288970026,7.120637168267338,6.766542241613677,1
-0.01692719317896266,0.3296906929112967,-0.015029529498345733,-0.019040131427321954,-1.462153858448414,-0.8568239791909902,0.7466028499474379,6.357177687233887e-12,7.397173627383534,6.4898549384838535,7.122774916903584,6.764253648963956,1
-0.01713774768189943,0.3296838732960034,-0.015216419402162125,-0.01927699230686623,-1.4621433254136857,-0.8568289416326994,0.7466051726589042,6.350820663457324e-12,7.402739664791489,6.484134995060255,7.124927755000774,6.761946904851122,1
-0.017349874676061743,0.3296769166125262,-0.015404702811205526,-0.01951562309251002,-1.4621327584276775,-0.8568341007005887,0.7466076185787484,6.34452730755164e-12,7.408346292214271,6.478371354319722,7.127095692202399,6.759621954331746,1
-0.017563577179415243,0.32966982084349816,-0.015594382325510657,-0.01975602721335261,-1.462122156293336,-0.8568394589049388,0.74661018921753,6.338296239579341e-12,7.413993567676879,6.4725639125254455,7.129278737610646,6.757278742591831,1
-0.017778858178312863,0.32966258395340753,-0.015785460515282044,-0.019998208063710027,-1.46211151780539,-0.856845018779818,0.7466128861003923,6.3321280452704346e-12,7.4196815481507326,6.466712566581626,7.13147689978658,6.754917214945931,1
-0.017995720627544686,0.3296552038885704,-0.015977939920910036,-0.020242169003183673,-1.4621008417503352,-0.8568507828831109,0.7466157107670799,6.32602104849892e-12,7.42541028955467,6.460817214031808,7.133690186750338,6.752537316836292,1
-0.018214167450387765,0.3296476785771046,-0.01617182305298654,-0.02048791335672905,-1.4620901269064228,-0.8568567537965333,0.7466186647719472,6.319974318264428e-12,7.431179846755969,6.454877753057223,7.135918605981338,6.750138993832005,1
-0.018434201538655895,0.32964000592890447,-0.01636711239232044,-0.020735444414724576,-1.4620793720436405,-0.8568629341256709,0.7466217496839831,6.31398860760228e-12,7.43699027357136,6.448894082475147,7.138162164418488,6.74772219162817,1
-0.018655825752749378,0.32963218383561693,-0.016563810389952735,-0.020984765433040457,-1.4620685759236984,-0.8568693265000027,0.746624967086825,6.3080628565929624e-12,7.44284162276807,6.442866101737266,7.14042086846042,6.745286856045068,1
-0.01887904292170457,0.32962421017061894,-0.01676191946717128,-0.021235879633107493,-1.4620577373000228,-0.8568759335729058,0.7466283185787623,6.302195208345187e-12,7.448733946064864,6.436793710928076,7.14269472396573,6.742832933027362,1
-0.01910385584324363,0.3296160827889956,-0.016961442015525387,-0.02148879020198616,-1.462046854917734,-0.8568827580216991,0.7466318057727631,6.296386221953111e-12,7.454667294133101,6.430676810763267,7.144983736253228,6.740360368643292,1
-0.019330267283823963,0.32960779952751995,-0.017162380396839927,-0.021743500292435533,-1.4620359275136403,-0.8568898025476482,0.7466354302964775,6.290635646821502e-12,7.460641716597803,6.424515302588147,7.147287910102207,6.737869109083895,1
-0.019558279978687795,0.3295993582046335,-0.01736473694322931,-0.022000013022982413,-1.4620249538162255,-0.8568970698759879,0.7466391937922519,6.28494247324032e-12,7.466657262038735,6.418309088376063,7.149607249752715,6.735359100662234,1
-0.019787896631911526,0.32959075662042825,-0.017568513957110985,-0.022258331477990383,-1.4620139325456396,-0.8569045627559314,0.7466430979171348,6.279306530703738e-12,7.472713977991493,6.412058070726848,7.1519417589058465,6.732830289812646,1
-0.020019119916455174,0.3295819925566297,-0.01777371371121879,-0.022518458707729047,-1.4620028624136843,-0.8569122839606987,0.7466471443428944,6.273726500830974e-12,7.478811910948604,6.405762152865274,7.154291440724039,6.73028262308999,1
-0.020251952474211733,0.32957306377658113,-0.017980338448615935,-0.022780397728443237,-1.4619917421238104,-0.8569202362875109,0.7466513347560156,6.268201004052345e-12,7.4849511063606435,6.399421238639524,7.156656297831393,6.727716047168926,1
-0.02048639691605638,0.32956396802522914,-0.018188390382707652,-0.023044151522422316,-1.4619805703711053,-0.8569284225576133,0.746655670857715,6.262730934650235e-12,7.491131608637354,6.393035232519675,7.15903633231399,6.72513050884319,1
-0.020722455821895757,0.32955470302911005,-0.018397871697253633,-0.023309723038069507,-1.4619693458422856,-0.8569368456162815,0.7466601543639441,6.25731631026118e-12,7.497353461148782,6.386604039596194,7.161431545720232,6.722525955024895,1
-0.020960131740717102,0.32954526649633775,-0.018608784546380073,-0.023577115189971274,-1.4619580672156907,-0.8569455083328287,0.746664787005395,6.25195460215436e-12,7.503616706226423,6.380127565578457,7.16384193906119,6.719902332743841,1
-0.02119942719063737,0.32953565611659275,-0.01882113105459148,-0.02384633085896677,-1.461946733161276,-0.8569544136006108,0.7466695705275036,6.246646995207551e-12,7.509921385164381,6.373605716793269,7.1662675128109665,6.717259589146834,1
-0.021440344658952323,0.32952586956111235,-0.01903491331678218,-0.02411737289221743,-1.4619353423406083,-0.8569635643370317,0.746674506690454,6.241393240154694e-12,7.516267538220534,6.367038400183408,7.168708266907067,6.714597671497026,1
-0.021682886602185498,0.3295159044826818,-0.01925013339824751,-0.024390244103276375,-1.4619238934068572,-0.8569729634835487,0.7466795972691815,6.236191129118865e-12,7.522655204617715,6.360425523306181,7.171164200750784,6.711916527173263,1
-0.021927055446137163,0.32950575851562713,-0.01946679333469472,-0.024664947272158157,-1.4619123850047961,-0.8569826140056672,0.7466848440533705,6.2310402136285924e-12,7.529084422544906,6.353766994331991,7.1736353132076,6.709216103669447,1
-0.02217285358593328,0.32949542927580866,-0.019684895132253636,-0.024941485145408327,-1.4619008157707942,-0.8569925188929455,0.7466902488474578,6.225940921274133e-12,7.535555229158436,6.347062722042922,7.1761216026075925,6.706496348593914,1
-0.02242028338607427,0.32948491436061617,-0.01990444076748693,-0.02521986043617323,-1.4618891843328161,-0.8570026811589887,0.7466958134706299,6.220892318310884e-12,7.542067660583197,6.340312615831336,7.178623066745858,6.703757209668825,1
-0.022669347180483856,0.3294742113489647,-0.0201254321874002,-0.025500075824269726,-1.4618774893104167,-0.857013103841451,0.7467015397568243,6.215895134712852e-12,7.548621751913872,6.333516585698486,7.181139702882946,6.700998634729562,1
-0.022920047272557784,0.3294633178012923,-0.02034787130945171,-0.025782133956255004,-1.4618657293147446,-0.8570237900020191,0.7467074295547209,6.210947318054592e-12,7.555217537216167,6.326674542253142,7.183671507745306,6.6982205717241525,1
-0.023172385935212522,0.3294522312595582,-0.020571760021561854,-0.0260660374454965,-1.4618539029485351,-0.8570347427264173,0.7467134847277456,6.206048470648876e-12,7.561855049528063,6.319786396710231,7.186218477525745,6.695422968712697,1
-0.023426365410933916,0.3294409492472428,-0.02079710018212237,-0.02635178887224178,-1.4618420088061144,-0.8570459651243917,0.7467197071540609,6.201198817961192e-12,7.5685343208610725,6.31285206088949,7.188780607883903,6.692605773866808,1
-0.023681987911825738,0.3294294692693485,-0.02102389362000521,-0.026639390783688568,-1.4618300454733986,-0.8570574603297,0.7467260987265611,6.1963981702845885e-12,7.5752553822015125,6.30587144721414,7.191357893946728,6.689768935469073,1
-0.02393925561965825,0.32941778881240197,-0.021252142134571175,-0.026928845694054716,-1.4618180115278945,-0.857069231500102,0.7467326613528672,6.191644742830404e-12,7.582018263511787,6.298844468709563,7.193950330308981,6.686912401912517,1
-0.02419817068591668,0.3294059053444574,-0.021481847495678278,-0.027220156084648322,-1.461805905538706,-0.8570812818173336,0.7467393969553114,6.186938881535233e-12,7.588822993731684,6.291771039002006,7.196557911033741,6.684036121700097,1
-0.024458735231849636,0.3293938163151012,-0.021713011443689787,-0.027513324403937854,-1.4617937260665286,-0.8570936144871126,0.7467463074709423,6.18227964226119e-12,7.595669600779672,6.2846510723172875,7.199180629652921,6.681140043444186,1
-0.02472095134851755,0.32938151915545755,-0.021945635689482067,-0.027808353067622343,-1.461781471663659,-0.8571062327391054,0.7467533948515046,6.177667156691501e-12,7.602558111554227,6.277484483479524,7.201818479167806,6.678224115866092,1
-0.024984821096840883,0.3293690112781958,-0.022179721914452,-0.028105244458701613,-1.4617691408739975,-0.8571191398269125,0.746760661063432,6.173101235656544e-12,7.609488551935154,6.270271187909875,7.204471452049597,6.675288287795579,1
-0.02525034650764858,0.32935629007753836,-0.022415271770524398,-0.0284040009275465,-1.4617567322330538,-0.8571323390280439,0.7467681080878326,6.168579924189109e-12,7.616460946784933,6.263011101625291,7.207139540239966,6.6723325081704035,1
-0.02551752958172617,0.32934335292927025,-0.02265228688015887,-0.028704624791969318,-1.4617442442679498,-0.8571458336439048,0.7467757379204814,6.164104235667741e-12,7.6234753199500656,6.255704141237285,7.20982273515163,6.669356726035866,1
-0.02578637228986395,0.3293301971907498,-0.022890768836356525,-0.029007118337294083,-1.4617316754974283,-0.8571596269997653,0.7467835525718027,6.1596727803750904e-12,7.63053169426244,6.248350223950717,7.212521027668929,6.666360890544373,1
-0.02605687657290523,0.32931682020092046,-0.023130719202666555,-0.02931148381642712,-1.4617190244318603,-0.8571737224447328,0.7467915540668546,6.155285626122432e-12,7.637630091540708,6.240949267562589,7.215234408148422,6.663344950955019,1
-0.02632904434179429,0.3293032192803239,-0.0233721395131923,-0.02961772344992734,-1.4617062895732513,-0.8571881233517281,0.7467997444453152,6.150941731633874e-12,7.644770532591668,6.233501190460856,7.217962866419496,6.660308856633173,1
-0.026602877477624486,0.3292893917311144,-0.023615031272597255,-0.02992583942607696,-1.4616934694152495,-0.8572028331174579,0.746808125761467,6.1466420537017315e-12,7.651953037211665,6.226005911623255,7.220706391784982,6.657252557050082,1
-0.026878377831686232,0.3292753348370742,-0.023859395956110724,-0.030235833900951973,-1.4616805624431575,-0.8572178551623759,0.7468167000841746,6.14238490625449e-12,7.659177624187998,6.2184633506161395,7.223464973021788,6.654176001782495,1
-0.02715554722551493,0.3292610458636305,-0.024105235009533252,-0.030547708998492757,-1.4616675671339374,-0.8572331929306612,0.7468254694968722,6.138170849619724e-12,7.666444311300345,6.210873427593337,7.226238598381544,6.651079140512284,1
-0.027434387450938822,0.3292465220578732,-0.02435254984924176,-0.03086146681057482,-1.4616544819562267,-0.8572488498901739,0.7468344360975384,6.133998215561652e-12,7.6737531153221905,6.203236063295016,7.229027255591254,6.647961923026098,1
-0.027714900270126935,0.3292317606485744,-0.024601341862194558,-0.031177109397079454,-1.4616413053703479,-0.8572648295324196,0.7468436019986749,6.129867936753369e-12,7.681104052022276,6.195551179046568,7.231830931853975,6.644824299215015,1
-0.027997087415636827,0.32921675884620843,-0.024851612405935954,-0.03149463878596458,-1.461628035828317,-0.8572811353725215,0.746852969327292,6.125778075814786e-12,7.68849713616605,6.1878186967575015,7.234649613849483,6.641666219074215,1
-0.028280950590462293,0.32920151384297386,-0.02510336280860067,-0.031814056973335426,-1.4616146717738623,-0.8572977709491661,0.7468625402248752,6.1217303987782755e-12,7.69593238151714,6.18003853892036,7.237483287734982,6.638487632702664,1
-0.02856649146808116,0.32918602281281617,-0.02535659436891809,-0.03213536592351553,-1.4616012116424324,-0.8573147398245761,0.7468723168473714,6.117722253829605e-12,7.703409800838828,6.172210628609634,7.240331939145796,6.6352884903028135,1
-0.028853711692502865,0.32917028291145195,-0.02561130835621615,-0.03245856756911752,-1.4615876538612147,-0.8573320455844547,0.7468823013651561,6.11375401412005e-12,7.710929405895546,6.164334889480715,7.243195553196099,6.632068742180309,1
-0.02914261287831617,0.3291542912763942,-0.025867506010425135,-0.032783663811114125,-1.4615739968491483,-0.8573496918379476,0.7468924959630107,6.109825411545865e-12,7.718491207454374,6.156411245768833,7.2460741144796375,6.628828338743716,1
-0.029433196610736657,0.32913804502697874,-0.026125188542081082,-0.033110656518909154,-1.4615602390169395,-0.8573676822175962,0.7469029028400964,6.105935161453668e-12,7.726095215286557,6.148439622288032,7.248967607070479,6.6255672305042586,1
-0.029725464445654284,0.3291215412643923,-0.026384357132329072,-0.03343954753040857,-1.4615463787670782,-0.8573860203792899,0.7469135242099263,6.102084395566011e-12,7.73374143816903,6.140419944430151,7.251876014523761,6.622285368075568,1
-0.030019417909680872,0.32910477707170127,-0.026645012932926246,-0.0337703386520915,-1.461532414493858,-0.8574047100022065,0.7469243623003304,6.098272269287885e-12,7.741429883885956,6.132352138163813,7.254799319876466,6.618982702173451,1
-0.03031505850019756,0.329087749513882,-0.02690715706624462,-0.034103031659081295,-1.4615183445833906,-0.8574237547887722,0.7469354193534329,6.094498288652438e-12,7.7491605592302735,6.12423613003344,7.257737505648197,6.615659183615664,1
-0.030612387685402188,0.32907045563785225,-0.027170790625273642,-0.034437628295216925,-1.4615041674136258,-0.8574431584646028,0.7469466976256179,6.090761542621464e-12,7.756933470005259,6.1160718471582705,7.260690553841971,6.612314763321707,1
-0.030911406904356665,0.3290528924725039,-0.027435914673622566,-0.03477413027312398,-1.4614898813543686,-0.8574629247784545,0.7469581993875012,6.087061336506445e-12,7.764748621026097,6.107859217231398,7.263658445945021,6.608949392312622,1
-0.031212117567034244,0.329035057028737,-0.027702530245522564,-0.03511253927428592,-1.4614754847673062,-0.8574830575021501,0.7469699269238864,6.0833992017823166e-12,7.772606016121468,6.099598168518823,7.266641162929619,6.605563021710821,1
-0.031514521054366924,0.3290169462994944,-0.027970638345828767,-0.03545285694911555,-1.4614609760060195,-0.8575035604305419,0.7469818825337449,6.079773189048874e-12,7.780505658135143,6.091288629858513,7.2696386852539,6.602155602739903,1
-0.03181861871829252,0.3289985572597988,-0.028240239950021836,-0.03579508491702605,-1.4614463534160125,-0.8575244373814331,0.7469940685301688,6.076183445619575e-12,7.788447548927586,6.082930530659486,7.272650992862707,6.598727086724512,1
-0.03212441188180199,0.32897988686679,-0.028511336004209614,-0.03613922476650265,-1.461431615334731,-0.8575456921955246,0.7470064872403407,6.072629427610945e-12,7.79643168937758,6.074523800900899,7.275678065188443,6.595277425090183,1
-0.032431901838986504,0.3289609320597634,-0.028783927425128357,-0.03648527805517389,-1.4614167600915862,-0.8575673287363494,0.7470191410054956,6.0691110960878214e-12,7.8044580793838545,6.066068371131152,7.278719881151937,6.591806569363217,1
-0.03274108985508459,0.32894168976021076,-0.029058015100143875,-0.03683324630988301,-1.4614017860079784,-0.8575893508902049,0.7470320321808811,6.06562774701107e-12,7.812526717866727,6.057564172467015,7.281776419163325,6.588314471170564,1
-0.03305197716652927,0.32892215687186077,-0.029333599887252537,-0.037183131026759526,-1.4613866913973221,-0.8576117625660883,0.7470451631357201,6.062178215462933e-12,7.82063760276976,6.049011136592751,7.284847657122938,6.584801082239719,1
-0.033364564980995,0.328902330280722,-0.02961068261508184,-0.0375349336712908,-1.4613714745650725,-0.8576345676956201,0.7470585362531662,6.058763769306568e-12,7.828790731061423,6.0404091957592705,7.287933572422209,6.58126635439863,1
-0.033678854477444724,0.32888220685512637,-0.029889264082891078,-0.03788865567839347,-1.4613561338087486,-0.8576577702329827,0.747072153930268,6.05538360297199e-12,7.83698609873677,6.031758282783289,7.291034141944582,6.577710239575623,1
-0.033994846806176864,0.32886178344577405,-0.030169345060571687,-0.03824429845248509,-1.4613406674179614,-0.857681374154843,0.747086018577924,6.052036282003101e-12,7.845223700819134,6.023058331046502,7.294149342066446,6.5741326897993355,1
-0.03431254308887222,0.3288410568857798,-0.030450926288647387,-0.038601863367555826,-1.4613250736744436,-0.8577053834602727,0.747100132620836,6.048722673767019e-12,7.853503531361821,6.014309274494771,7.297279148658071,6.570533657198666,1
-0.03463194441864083,0.32882002399072024,-0.030734008478274157,-0.03896135176724013,-1.4613093508520736,-0.8577298021706834,0.7471144984974716,6.045441905824252e-12,7.861825583449822,6.005511047637327,7.30042353708456,6.566913094002735,1
-0.034953051860068925,0.32879868155868247,-0.03101859231124017,-0.03932276496488837,-1.4612934972169103,-0.857754634329732,0.7471291186600089,6.042193774187131e-12,7.870189849201546,5.996663585545985,7.303582482206818,6.563270952540859,1
-0.03527586644926562,0.3287770263703138,-0.031304678439965296,-0.03968610424363855,-1.4612775110272167,-0.8577798840032579,0.7471439955742998,6.038978213202448e-12,7.878596319770542,5.987766823854371,7.30675595838252,6.559607185242539,1
-0.035600389193909864,0.3287550551888729,-0.031592267487500755,-0.040051370856488175,-1.4612613905334946,-0.8578055552791906,0.7471591317198166,6.0357954187031106e-12,7.887044985347257,5.978820698757165,7.309943939467106,6.555921744637461,1
-0.035926621073297006,0.32873276476028185,-0.03188136004752825,-0.04041856602636608,-1.4612451339785142,-0.857831652267469,0.7471745295896046,6.032643803945016e-12,7.895535835160786,5.969825147009355,7.313146398814781,6.552214583355505,1
-0.036254563038385756,0.32871015181317986,-0.03217195668435938,-0.0407876909462041,-1.4612287395973473,-0.8578581790999558,0.7471901916902318,6.029524353686849e-12,7.9040688574806515,5.9607801059255054,7.316363309279525,6.548485654126779,1
-0.03658421601184461,0.3286872130589778,-0.032464057932934415,-0.041158746779009166,-1.4612122056173997,-0.8578851399303493,0.7472061205417385,6.02643537164135e-12,7.912644039618578,5.951685513379042,7.319594643216118,6.544734909781648,1
-0.03691558088809873,0.3286639451919141,-0.03275766429882131,-0.041531734657935054,-1.461195530258444,-0.8579125389340969,0.7472223186775859,6.023377404625725e-12,7.921261367930288,5.942541307801543,7.322840372481182,6.540962303250795,1
-0.0372486585333765,0.3286403448891118,-0.03305277625821439,-0.041906655686354315,-1.4611787117326533,-0.8579403803083063,0.747238788644605,6.020349727172664e-12,7.929920827817307,5.933347428182046,7.326100468434224,6.5371677875652745,1
-0.03758344978575601,0.328616408810637,-0.03334939425793285,-0.04228351093793034,-1.4611617482446388,-0.8579686682716471,0.7472555330029386,6.017352164423424e-12,7.938622403728776,5.9241038140663775,7.329374901938699,6.533351315856601,1
-0.037919955455211846,0.3285921335995582,-0.03364751871541933,-0.042662301456689325,-1.4611446379914854,-0.8579974070642562,0.7472725543259864,6.014386300758117e-12,7.94736607916329,5.914810405556481,7.332663643363087,6.529512841356831,1
-0.038258176323661436,0.3285675158820072,-0.03394715001873807,-0.043043028257092227,-1.4611273791627837,-0.8580266009476535,0.7472898552003562,6.011449407091514e-12,7.956151836670724,5.905467143309765,7.335966662581971,6.525652317398666,1
-0.03859811314501168,0.32854255226724105,-0.03424828852657319,-0.04342569232410688,-1.4611099699406729,-0.8580562542046304,0.7473074382257981,6.008541621288144e-12,7.964979657854096,5.896073968538465,7.339283928977139,6.52176969741557,1
-0.038939766645205376,0.3285172393477049,-0.034550934568226686,-0.043810294613280086,-1.4610924084998755,-0.8580863711391589,0.7473253060151525,6.005662449847808e-12,7.973849523371421,5.8866308230090185,7.342615411438692,6.517864934941895,1
-0.03928313752226769,0.3284915736990966,-0.034855088443616365,-0.04419683605080965,-1.4610746930077372,-0.8581169560762886,0.7473434611942886,6.002811162195071e-12,7.982761412937589,5.87713764904145,7.345961078366166,6.513937983613021,1
-0.03962822644635261,0.3284655518804322,-0.03516075042327367,-0.044585317533616574,-1.4610568216242659,-0.8581480133620416,0.7473619064020446,5.999989222213677e-12,7.9917153053262515,5.867594389508771,7.349320897669663,6.509988797165509,1
-0.03997503405978928,0.32843917043411275,-0.035467920748341306,-0.04497573992941722,-1.4610387925021742,-0.8581795473633061,0.7473806442901643,5.997195079414405e-12,8.000711178371716,5.858000987836397,7.352694836770996,6.506017329437266,1
-0.04032356097712852,0.32841242588599195,-0.03577659963057098,-0.04536810407679543,-1.4610206037869151,-0.8582115624677414,0.7473996775232427,5.994429200165593e-12,8.009749008970857,5.848357388001562,7.356082862604849,6.502023534367719,1
-0.040673807785188996,0.3283853147454457,-0.036086787252320666,-0.04576241078527485,-1.4610022536167298,-0.8582440630836555,0.7474190087786539,5.991689996535638e-12,8.018828773085033,5.838663534532768,7.3594849416199395,6.498007365998012,1
-0.04102577504310373,0.32835783350544206,-0.036398483766552206,-0.04615866083539109,-1.460983740122687,-0.8582770536399008,0.7474386407464906,5.988979290989816e-12,8.027950445742023,5.828919372509231,7.362901039780207,6.493968778471198,1
-0.041379463282366295,0.32832997864261304,-0.03671168929682847,-0.046556854978763856,-1.4609650614287262,-0.8583105385857664,0.7474585761295012,5.9862945364718805e-12,8.037114001037963,5.819124847560346,7.366331122565996,6.489907726032463,1
-0.04173487300687709,0.32830174661732714,-0.03702640393731054,-0.04695699393816949,-1.460946215651703,-0.8583445223908566,0.7474788176430187,5.983637715256381e-12,8.046319412139306,5.80927990586516,7.369775154975269,6.485824163029347,1
-0.04209200469298974,0.32827313387376333,-0.03734262775275496,-0.047359078407613095,-1.460927200901433,-0.8583790095449823,0.7474993680148976,5.981005890765111e-12,8.055566651284783,5.799384494151864,7.373233101524815,6.481718043911983,1
-0.04245085878955717,0.328244136839986,-0.03766036077851061,-0.0477631090524009,-1.4609080152807354,-0.8584140045580454,0.7475202299854462,5.9784005584173495e-12,8.064855689787384,5.7894385596972935,7.37670492625148,6.477589323233348,1
-0.04281143571797802,0.3282147519280214,-0.03797960302051581,-0.04816908650921249,-1.460888656885484,-0.8584495119599103,0.7475414063073519,5.975821332219507e-12,8.074186498036346,5.77944205032644,7.380190592713409,6.473437955649527,1
-0.04317373587224261,0.328184975533935,-0.03830035445529506,-0.04857701138617342,-1.4608691238046492,-0.8584855363002946,0.7475628997456171,5.973269626186044e-12,8.083559045499147,5.769394914411982,7.383690063991289,6.4692638959199895,1
-0.04353775961897932,0.32815480403791014,-0.03862261502995595,-0.04898688426292736,-1.4608494141203494,-0.8585220821486378,0.7475847130774826,5.970742129316543e-12,8.092973300723527,5.759297100873819,7.387203302689621,6.465067098907874,1
-0.043903507297500755,0.3281242338043277,-0.03894638466218596,-0.04939870569070853,-1.4608295259078963,-0.8585591540939866,0.7476068490923614,5.968239657800366e-12,8.102429231339503,5.749148559178621,7.390730270937986,6.460847519580287,1
-0.044270979219849745,0.3280932611818473,-0.039271663240249034,-0.049812476192414225,-1.4608094572358463,-0.8585967567448616,0.7476293105917595,5.965763899734992e-12,8.111926804061405,5.738949239339397,7.394270930392336,6.456605113008615,1
-0.04464017567084564,0.32806188250348917,-0.03959845062298235,-0.05022819626267711,-1.4607892061660495,-0.8586348947291345,0.7476521003892058,5.9633111975424454e-12,8.121465984689921,5.7286990919150655,7.397825242236288,6.452339834368848,1
-0.04501109690813032,0.32803009408671774,-0.03992674663979283,-0.05064586636793779,-1.4607687707537018,-0.858673572693893,0.7476752213101721,5.960883469135669e-12,8.131046738114158,5.718398068010044,7.401393167182436,6.448051638941916,1
-0.0453837431622144,0.3279978922335258,-0.040256551090653785,-0.05106548694651712,-1.4607481490473924,-0.8587127953053221,0.7476986761920044,5.958479498113226e-12,8.140669028313697,5.708046119273847,7.404974665473664,6.443740482114029,1
-0.04575811463652329,0.32796527323052055,-0.040587863746101446,-0.0514870584086888,-1.4607273390891609,-0.8587525672485574,0.7477224678838373,5.956099585556047e-12,8.150332818360688,5.697643197900695,7.40856969688449,6.439406319377042,1
-0.046134211507443124,0.3279322333490099,-0.040920684347231284,-0.05191058113675178,-1.4607063389145483,-0.8587928932275564,0.7477465992465187,5.953743784499089e-12,8.160038070421926,5.687189256629146,7.412178220722396,6.435049106328825,1
-0.04651203392436711,0.32789876884509084,-0.04125501260569474,-0.05233605548510288,-1.460685146552648,-0.8588337779649683,0.7477710731525339,5.951411354042179e-12,8.169784745760962,5.6766842487417195,7.41580019582919,6.43066879867364,1
-0.046891582009741306,0.32786487595973834,-0.041590848203695435,-0.052763481780309186,-1.4606637600261643,-0.8588752262019872,0.7477958924859199,5.949101604774678e-12,8.17957280474021,5.6661281280645515,7.419435580582372,6.426265352222537,1
-0.047272855859110875,0.3278305509188956,-0.04192819079398579,-0.05319286032118053,-1.4606421773514653,-0.8589172426982157,0.7478210601421861,5.946814423529578e-12,8.189402206823075,5.655520848967048,7.423084332896509,6.421838722893762,1
-0.047655855541166026,0.3277957899335656,-0.04226703999986333,-0.053624191378842195,-1.460620396538637,-0.8589598322315304,0.7478465790282355,5.944550505985322e-12,8.19927291057608,5.644862366361557,7.42674641022462,6.417388866713165,1
-0.04804058109778799,0.3277605891999035,-0.042607395415167094,-0.05405747519680727,-1.4605984155915432,-0.8590029995979295,0.7478724520622759,5.94230916343529e-12,8.209184873671022,5.634152635703052,7.430421769559584,6.412915739814637,1
-0.04842703254409512,0.32772494489931037,-0.0429492566042741,-0.05449271199104929,-1.4605762325078817,-0.859046749611391,0.7478986821737377,5.940089839602068e-12,8.21913805288712,5.623391612988824,7.434110367435545,6.4084192984405455,1
-0.048815209868488876,0.3276888531985281,-0.043292623102095744,-0.05492990195007484,-1.4605538452792408,-0.8590910871037308,0.7479252723031897,5.937892906488996e-12,8.229132404113187,5.6125792547581845,7.437812159929335,6.403899498942184,1
-0.04920511303269983,0.32765231024973523,-0.04363749441407422,-0.05536904523499604,-1.4605312518911595,-0.85913601692445,0.7479522254022518,5.935718980780554e-12,8.239167882349811,5.601715518092185,7.441527102661908,6.399356297780235,1
-0.04959674197183363,0.32761531219064427,-0.04398387001617896,-0.05581014197960303,-1.4605084503231867,-0.8591815439405857,0.7479795444335069,5.933566060768336e-12,8.249244441711543,5.590800360613342,7.445255150799786,6.394789651525246,1
-0.04999009659441703,0.32757785514459964,-0.044331749354903124,-0.05625319229043681,-1.4604854385489408,-0.8592276730365619,0.7480072323704142,5.931433192399083e-12,8.259362035429096,5.579833740485378,7.448996259056512,6.390199516858107,1
-0.05038517678244385,0.32753993522067726,-0.044681131847260046,-0.056698196246861544,-1.4604622145361719,-0.8592744091140339,0.7480352921972182,5.9293237464000855e-12,8.269520615851558,5.568815616412969,7.452750381694119,6.385585850570555,1
-0.05078198239142102,0.32750154851378493,-0.045032016880779825,-0.05714515390113728,-1.4604387762468207,-0.8593217570917376,0.7480637269088614,5.9272347074404475e-12,8.279720134448619,5.557745947641508,7.456517472524603,6.380948609565672,1
-0.0511805132504144,0.3274626911047639,-0.04538440381350576,-0.05759406527849252,-1.4604151216370842,-0.8593697219053287,0.7480925395108897,5.925166570895294e-12,8.289960541812798,5.546624693956878,7.4602974849114165,6.376287750858408,1
-0.05158076916209502,0.3274233590604916,-0.045738291973991145,-0.05804493037719678,-1.460391248657476,-0.8594183085072264,0.7481217330193625,5.923119482935433e-12,8.300241787661697,5.53545181568523,7.464090371770967,6.371603231576109,1
-0.051982749902784765,0.3273835484339855,-0.0460936806612957,-0.0584977491686331,-1.4603671552528912,-0.8594675218664554,0.7481513104607589,5.9210911710557416e-12,8.310563820840246,5.524227273692784,7.467896085574124,6.366895008959055,1
-0.05238645522250257,0.327343255264508,-0.04645056914498243,-0.058952521597370876,-1.4603428393626716,-0.8595173669684804,0.7481812748718828,5.919084327505069e-12,8.320926589322978,5.512951029385631,7.471714578347746,6.362163040361012,1
-0.05279188484501034,0.3273024755776726,-0.046808956665114386,-0.05940924758123817,-1.4603182989206704,-0.8595678488150443,0.7482116292997675,5.91709784316122e-12,8.331330040216303,5.501623044709548,7.475545801676208,6.357407283249793,1
-0.05319903846785891,0.3272612053855507,-0.04716884243225143,-0.05986792701139439,-1.4602935318553163,-0.8596189724240089,0.7482423768015831,5.915131350707401e-12,8.341774119760796,5.490243282149826,7.479389706702946,6.3526276952078256,1
-0.05360791576243403,0.32721944068678005,-0.047530225627447166,-0.060328559752403005,-1.4602685360896817,-0.8596707428291827,0.7482735204445365,5.913183980988761e-12,8.3522587733335,5.478811704731104,7.48324624413201,6.347824233932743,1
-0.054018516374002276,0.32717717746667424,-0.04789310540224583,-0.0607911456423039,-1.4602433095415506,-0.8597231650801532,0.7483050633057733,5.911254851589645e-12,8.362783945450223,5.467328276017225,7.487115364229629,6.342996857237971,1
-0.054430839921757276,0.32713441169733276,-0.0482574808786796,-0.06125568449268611,-1.460217850123486,-0.859776244242119,0.7483370084722795,5.9093453426960346e-12,8.373349579767883,5.455792960111085,7.490997016825785,6.338145523053332,1
-0.05484488599886545,0.32709113933775275,-0.04862335114926547,-0.06172217608876027,-1.4601921557428983,-0.8598299853957162,0.7483693590407813,5.907455354721755e-12,8.38395561908681,5.444205721654506,7.4948911513158025,6.333270189425665,1
-0.05526065417251215,0.3270473563339414,-0.04899071527700263,-0.062190620189431334,-1.4601662243021143,-0.859884393636851,0.7484021181176466,5.905583934731681e-12,8.394602005353113,5.432566525828116,7.498797716661937,6.328370814519443,1
-0.05567814398394761,0.32700305861902973,-0.049359572295369795,-0.06266101652737095,-1.4601400536984477,-0.8599394740765196,0.7484352888187807,5.903732294324637e-12,8.405288679661012,5.420875338351236,7.502716661394988,6.323447356617411,1
-0.056097354948533004,0.3269582421133873,-0.049729921208322626,-0.06313336480909015,-1.460113641824271,-0.8599952318406325,0.7484688742695236,5.901898399108159e-12,8.41601558225522,5.409132125481781,7.506647933615916,6.318499774121236,1
-0.056518286555786494,0.32691290272473794,-0.05010176099029135,-0.06360766471501178,-1.4600869865670862,-0.8600516720698382,0.7485028776045468,5.900083823734553e-12,8.426782652533301,5.39733685401617,7.510591480997468,6.313528025552155,1
-0.056940938269429184,0.32686703634827663,-0.05047509058617837,-0.0640839158995431,-1.4600600858095953,-0.8601087999193461,0.7485373019677513,5.898286849107194e-12,8.437589829048067,5.385489491289243,7.514547250785815,6.308532069551647,1
-0.057365309527431206,0.3268206388667874,-0.05084990891135608,-0.06456211799114828,-1.4600329374297758,-0.860166620558741,0.7485721505121582,5.896507682120202e-12,8.448437049509959,5.3735900051741945,7.518515189802201,6.303511864882105,1
-0.05779139974205784,0.3267737061507624,-0.051226214851664856,-0.06504227059242093,-1.4600055393009532,-0.8602251391718023,0.7486074263998042,5.894745140769532e-12,8.459324250789468,5.361638364082511,7.522495244444606,6.298467370427527,1
-0.05821920829991546,0.3267262340585218,-0.05160400726341103,-0.06552437328015649,-1.4599778892918762,-0.8602843609563173,0.7486431328016323,5.893000214887662e-12,8.470251368919541,5.349634536963922,7.5264873606894085,6.29339854519421,1
-0.058648734561997755,0.32667821843633477,-0.0519832849733652,-0.06600842560542496,-1.4599499852667874,-0.8603442911239058,0.7486792728973903,5.891272696471054e-12,8.481218339098008,5.337578493306355,7.5304914840930675,6.28830534831145,1
-0.05907997786373174,0.32662965511854186,-0.05236404677876052,-0.06649442709364296,-1.4599218250855055,-0.8604049348998175,0.7487158498755121,5.8895633967396435e-12,8.492225095690022,5.325470203135907,7.534507559793815,6.28318773903227,1
-0.059512937515023824,0.326580539927678,-0.052746291447291156,-0.06698237724464667,-1.4598934066034959,-0.8604662975227548,0.7487528669330145,5.8878712015614455e-12,8.503271572230503,5.313309637016828,7.53853553251335,6.278045676734137,1
-0.059947612800306124,0.3265308686745966,-0.05313001771711113,-0.06747227553276372,-1.4598647276719514,-0.8605283842446758,0.7487903272753827,5.886195664517353e-12,8.514357701426599,5.301096766051498,7.542575346558554,6.272879120919699,1
-0.06038400297858235,0.3264806371585948,-0.05351522429683291,-0.06796412140688615,-1.4598357861378677,-0.8605912003306061,0.748828234116461,5.884536240017237e-12,8.52548341516015,5.288831561880435,7.5466269458232045,6.267688031217535,1
-0.060822107283474244,0.32642984116753987,-0.053901909865526676,-0.06845791429054247,-1.4598065798441227,-0.8606547510584417,0.7488665906783373,5.8828927112330305e-12,8.536648644490167,5.276513996682292,7.550690273789712,6.2624723673829035,1
-0.061261924923267604,0.3263784764779961,-0.05429007307271933,-0.06895365358197016,-1.4597771066295544,-0.8607190417187581,0.7489054001912321,5.8812662073470496e-12,8.547853319655328,5.26414404317388,7.554765273530854,6.25723208929851,1
-0.061703455080958404,0.3263265388553535,-0.054679712538393835,-0.06945133865418793,-1.459747364329042,-0.8607840776146097,0.7489446658933823,5.879656558468368e-12,8.559097370076461,5.251721674610193,7.558851887711526,6.251967156975285,1
-0.06214669691429922,0.32627402405395667,-0.05507082685298889,-0.06995096885506819,-1.4597173507735852,-0.8608498640613328,0.7489843910309254,5.878062581335241e-12,8.570380724359069,5.2392468647844375,7.562950058590504,6.246677530553159,1
-0.06259164955584541,0.3262209278172353,-0.05546341457739869,-0.07045254350740934,-1.459687063790385,-0.8609164063863476,0.7490245788577854,5.8764855897029896e-12,8.581703310295838,5.226719588028076,7.567059728022209,6.241363170301862,1
-0.0630383121130013,0.3261672458778353,-0.055857474242972764,-0.0709560619090079,-1.4596565012029263,-0.8609837099289523,0.7490652326355519,5.87492406567532e-12,8.593065054869175,5.214139819210884,7.571180837458493,6.236024036621724,1
-0.0634866836680665,0.32611297395775124,-0.056253004351516166,-0.07146152333273113,-1.4596256608310583,-0.8610517800401285,0.7491063556333672,5.873377975046673e-12,8.604465884253736,5.201507533741009,7.575313327950418,6.230660090044484,1
-0.06393676327828228,0.3260581077684594,-0.05665000337528992,-0.07196892702658898,-1.4595945404910793,-0.8611206220823282,0.7491479511278026,5.871845953374307e-12,8.615905723818987,5.188822707565036,7.579457140150065,6.225271291234114,1
-0.06438854997587794,0.3260026430110522,-0.05704846975701162,-0.07247827221380626,-1.45956313799582,-0.8611902414292707,0.7491900224027395,5.870329493430465e-12,8.627384498131757,5.17608531716807,7.583612214312337,6.2198576009876465,1
-0.06484204276811699,0.32594657537637334,-0.0574484019098561,-0.0729895580928953,-1.4595314511547275,-0.8612606434657357,0.7492325727492493,5.868828938897634e-12,8.638902130958808,5.163295339573825,7.587778490296777,6.2144189802360135,1
-0.0652972406373438,0.32588990054515377,-0.05784979821745673,-0.07350278383772747,-1.4594994777739472,-0.8613318335873611,0.749275605465476,5.867342922385199e-12,8.650458545269416,5.1504527523447114,7.591955907569392,6.208955390044893,1
-0.06575414254102983,0.3258326141881492,-0.05825265703390652,-0.07401794859760588,-1.4594672156564128,-0.8614038172004215,0.7493191238565067,5.865872756925869e-12,8.662053663237959,5.137557533581948,7.596144405204498,6.203466791615566,1
-0.06621274741182008,0.325774711966278,-0.05865697668375967,-0.07453505149733716,-1.4594346626019306,-0.8614765997216214,0.7493631312342515,5.864416579648038e-12,8.673687406246517,5.124609661925672,7.6003439218865605,6.197953146285784,1
-0.06667305415757974,0.32571618953076026,-0.059062755462033524,-0.07505409163730373,-1.4594018164072646,-0.8615501865778855,0.7494076309173215,5.862975136521306e-12,8.68535969488748,5.111609116555057,7.60455439591205,6.192414415530641,1
-0.06713506166144055,0.32565704252325794,-0.059469991634210476,-0.0755750680935357,-1.4593686748662271,-0.8616245832061358,0.7494526262308991,5.861547834525601e-12,8.697070448966167,5.098555877188444,7.608775765191311,6.186850560963456,1
-0.0675987687818474,0.3255972665760157,-0.0598786834362403,-0.07609797991778296,-1.4593352357697624,-0.8616997950530875,0.749498120506619,5.8601349373004374e-12,8.708819587503461,5.085449924083476,7.61300796725043,6.181261544336662,1
-0.06806417435260488,0.3255368573120029,-0.06028882907454281,-0.07662282613758721,-1.4593014969060396,-0.8617758275750188,0.7495441170824342,5.8587352084111875e-12,8.720607028738435,5.072291238037247,7.6172509392331245,6.175647327542713,1
-0.06853127718292402,0.32547581034505635,-0.06070042672601073,-0.07714960575635386,-1.4592674560605392,-0.8618526862375596,0.7495906193024934,5.857350399543426e-12,8.732432690131013,5.059079800386447,7.621504617902635,6.170007872614981,1
-0.0690000760574686,0.3254141212800242,-0.061113474538012594,-0.077678317753424,-1.4592331110161425,-0.8619303765154729,0.7496376305170135,5.855979444957151e-12,8.744296488364617,5.045815593007533,7.625768939643621,6.164343141728685,1
-0.06947056973640235,0.3253517857129106,-0.061527970628396635,-0.07820896108414613,-1.4591984595532248,-0.8620089038924243,0.7496851540821458,5.8546217418660884e-12,8.756198339348845,5.032498598316886,7.630043840464081,6.158653097201806,1
-0.0699427569554352,0.3252887992310212,-0.06194391308549412,-0.0787415346799482,-1.459163499449743,-0.8620882738607685,0.7497331933598512,5.853277962288804e-12,8.768138158222142,5.019128799270994,7.634329255997265,6.1529377014960245,1
-0.07041663642587015,0.32522515741310987,-0.062361299968123486,-0.07927603744840932,-1.4591282284813312,-0.8621684919213151,0.7497817517177647,5.851946933195033e-12,8.780115859354483,5.005706179366636,7.638625121503608,6.1471969172176655,1
-0.07089220683465029,0.32516085582952575,-0.06278012930559482,-0.07981246827333159,-1.4590926444213863,-0.8622495635831171,0.7498308325290717,5.850630353500348e-12,8.792131356350078,4.992230722641066,7.642931371872662,6.141430707118637,1
-0.07136946684440544,0.32509589004236217,-0.06320039909771441,-0.08035082601481162,-1.4590567450411696,-0.862331494363224,0.7498804391723645,5.849325816105067e-12,8.804184562050077,4.978702413672219,7.647247941625052,6.1356390340974,1
-0.07184841509349899,0.32503025560560533,-0.0636221073147897,-0.08089110950931264,-1.4590205281098925,-0.8624142897864708,0.7499305750315199,5.8480356512264735e-12,8.816275388535278,4.965121237578911,7.651574764914422,6.1298218611999244,1
-0.07232905019607495,0.3249639480652846,-0.06404525189763469,-0.08143331756973574,-1.4589839913948137,-0.862497955385241,0.7499812434955612,5.846756518625215e-12,8.828403747128858,4.951487180021053,7.655911775529403,6.1239791516206665,1
-0.07281137074210475,0.3248969629596238,-0.06446983075757537,-0.08197744898549152,-1.4589471326613352,-0.8625824966992306,0.7500324479585203,5.8454900429104446e-12,8.840569548399106,4.937800227199876,7.660258906895589,6.1181108687035515,1
-0.0732953752974345,0.32482929581919234,-0.06489584177645609,-0.08252350252257201,-1.458909949673093,-0.8626679192752269,0.7500841918193103,5.8442384073075955e-12,8.852772702162165,4.924060365858145,7.664616092077512,6.112216975942956,1
-0.07378106240383173,0.3247609421670588,-0.06532328280664547,-0.08307147692362174,-1.458872440192058,-0.8627542286668617,0.7501364784815806,5.842997249016657e-12,8.865013117484784,4.91026758328041,7.66898326378064,6.106297436984712,1
-0.07426843057903268,0.32469189751894406,-0.06575215167104334,-0.08362137090800953,-1.4588346019786285,-0.8628414304343842,0.7501893113535857,5.841768720234677e-12,8.877290702687086,4.896421867293232,7.673360354353369,6.100352215627107,1
-0.07475747831678939,0.32462215738337563,-0.06618244616308767,-0.08417318317189973,-1.4587964327917262,-0.8629295301444273,0.7502426938480491,5.840553258949971e-12,8.889605365345332,4.882523206265437,7.6777472957890325,6.0943812758218945,1
-0.07524820408691685,0.3245517172618434,-0.06661416404676201,-0.08472691238832367,-1.4587579303888978,-0.8630185333697591,0.7502966293820185,5.839350325150987e-12,8.901957012294705,4.868571589108369,7.682144019727919,6.088384581675315,1
-0.07574060633534023,0.3244805726489554,-0.06704730305660325,-0.08528255720725104,-1.45871909252641,-0.8631084456890508,0.750351121376731,5.8381584466500285e-12,8.9143455496321,4.854567005276154,7.686550457459294,6.082362097449121,1
-0.07623468348414236,0.32440871903259505,-0.06748186089770991,-0.08584011625566106,-1.4586799169593474,-0.8631992726866374,0.7504061732574743,5.836978232536381e-12,8.926770882718927,4.8405094447659565,7.6909665399234335,6.07631378756161,1
-0.07673043393161065,0.3243361518940788,-0.06791783524575036,-0.08639958813761378,-1.4586404014417143,-0.8632910199522701,0.7504617884534418,5.835809795121505e-12,8.939232916183906,4.826398898118268,7.695392197713663,6.07023961658867,1
-0.07722785605228488,0.3242628667083148,-0.0683552237469721,-0.0869609714343213,-1.4586005437265304,-0.8633836930808809,0.7505179703975968,5.8346523316687645e-12,8.951731553925896,4.8122353564171725,7.699827361078408,6.06413954926482,1
-0.07772694819700447,0.3241888589439625,-0.06879402401821094,-0.08752426470421884,-1.458560341565933,-0.8634772976723343,0.7505747225265275,5.8335071073976654e-12,8.964266699116719,4.798018811290641,7.7042719599232505,6.058013550484269,1
-0.07822770869295587,0.32411412406359286,-0.06923423364690065,-0.08808946648303576,-1.458519792711278,-0.863571839331181,0.7506320482803036,5.832372838158153e-12,8.97683825420399,4.783749254910822,7.708725923812994,6.051861585301977,1
-0.07873013584372034,0.3240386575238493,-0.0696758501910833,-0.08865657528386674,-1.4584788949132403,-0.8636673236664139,0.750689951102335,5.831251103436659e-12,8.989446120913968,4.769426679994336,7.713189181973737,6.045683618934725,1
-0.07923422792932126,0.3239624547756098,-0.07011887117941959,-0.08922558959724256,-1.458437645921915,-0.8637637562912179,0.7507484344392261,5.830139565958817e-12,9.002090200254399,4.755051079802585,7.717661663294954,6.03947961676219,1
-0.07973998320627207,0.32388551126414944,-0.07056329411120005,-0.08979650789120129,-1.4583960434869208,-0.8638611428227223,0.7508075017406313,5.829037353749099e-12,9.01477039251739,4.740622448142059,7.722143296331583,6.033249544328024,1
-0.08024739990762371,0.3238078224293037,-0.07100911645635627,-0.09036932861135871,-1.4583540853574999,-0.8639594888817534,0.7508671564591121,5.827947755293477e-12,9.027486597282264,4.726140779364652,7.726634009306126,6.02699336734095,1
-0.08075647624301269,0.32372938370563314,-0.07145633565547295,-0.09094405018097967,-1.4583117692826242,-0.8640588000925788,0.7509274020499879,5.82687049777731e-12,9.040238713418457,4.71160606836798,7.731133730110751,6.020711051675847,1
-0.08126721039870856,0.3236501905225879,-0.07190494911979992,-0.09152067100104833,-1.4582690930110953,-0.864159082082661,0.7509882419711928,5.825803182147119e-12,9.053026639088388,4.697018310595715,7.735642386309403,6.014402563374863,1
-0.0817796005376621,0.323570238304674,-0.07235495423126513,-0.09209918945033893,-1.4582260542916565,-0.864260340482387,0.7510496796831183,5.82474617371284e-12,9.065850271750374,4.682377502037913,7.74015990513993,6.008067868648518,1
-0.08229364479955295,0.3234895224716194,-0.07280634834248757,-0.0926796038854867,-1.4581826508730868,-0.8643625809248373,0.7511117186484793,5.823699093264623e-12,9.078709508161513,4.667683639231354,7.744686213516206,6.001706933876821,1
-0.08280934130083806,0.3234080384385414,-0.07325912877679129,-0.09326191264105826,-1.4581388805043127,-0.8644658090455163,0.7511743623321568,5.822663782001572e-12,9.091604244380616,4.652936719259876,7.749221238030267,5.995319725610385,1
-0.0833266881347994,0.32332578161611475,-0.07371329282821922,-0.09384611402962202,-1.45809474093451,-0.8645700304821012,0.7512376142010531,5.821639742804981e-12,9.104534375771124,4.6381367397547315,7.753764904954455,5.988906210571561,1
-0.08384568337159216,0.32324274741074066,-0.07416883776154781,-0.09443220634181868,-1.4580502299132165,-0.8646752508741703,0.751301477723932,5.820624174585606e-12,9.117499797004037,4.623283698894943,7.7583171402435696,5.982466355655571,1
-0.08436632505829293,0.32315893122471573,-0.0746257608123021,-0.0950201878464315,-1.4580053451904293,-0.8647814758629652,0.7513659563712823,5.819618577272371e-12,9.13050040206085,4.608377595407656,7.762877869537022,5.976000127931645,1
-0.08488861121894822,0.3230743284564025,-0.07508405918677148,-0.09561005679045696,-1.457960084516717,-0.8648887110911171,0.7514310536151582,5.8186231019812655e-12,9.14353608423651,4.593418428568497,7.767447018161007,5.969507494644161,1
-0.08541253985462226,0.3229889345004004,-0.07554373006202528,-0.09620181139917455,-1.4579144456433275,-0.8649969622023872,0.7514967729290275,5.8176378010937135e-12,9.156606736142358,4.578406198201958,7.772024511130665,5.962988423213812,1
-0.08593810894344603,0.32290274474771724,-0.07600477058592989,-0.0967954498762172,-1.4578684263222932,-0.8651062348414069,0.751563117787622,5.8166639015527955e-12,9.169712249709109,4.5633409046817475,7.776610273152274,5.956442881238744,1
-0.08646531644066513,0.3228157545859418,-0.07646717787716528,-0.09739097040364122,-1.4578220243065438,-0.8652165346534066,0.7516300916667783,5.815697261809113e-12,9.182852516189815,4.548222548931188,7.781204228625428,5.9498708364957364,1
-0.08699416027868882,0.3227279593994165,-0.07693094902524297,-0.09798837114199661,-1.4577752373500077,-0.8653278672839688,0.7516976980432957,5.814742207298603e-12,9.196027426162846,4.533051132423579,7.785806301645233,5.943272256941354,1
-0.08752463836713811,0.3226393545694114,-0.0773960810905237,-0.0985876502303968,-1.4577280632077272,-0.8654402383787463,0.7517659403947714,5.813795215764028e-12,9.209236869534879,4.517826657182602,7.790416416004509,5.9366471107131344,1
-0.08805674859289506,0.3225499354742985,-0.07786257110423656,-0.09918880578658851,-1.4576804996359671,-0.8655536535831994,0.7518348221994483,5.8128594928544205e-12,9.222480735543902,4.502549125782692,7.795034495195999,5.929995366130758,1
-0.08859048882015072,0.32245969748972675,-0.0783304160684974,-0.09979183590702159,-1.4576325443923226,-0.8656681185423338,0.7519043469360623,5.811930850619379e-12,9.235758912762208,4.48721854134945,7.799660462414582,5.92331699169724,1
-0.08912585689045473,0.32236863598879784,-0.0787996129563292,-0.10039673866691919,-1.4575841952358295,-0.8657836389004331,0.751974518083687,5.811012776330014e-12,9.249071289099417,4.4718349075600266,7.804294240559495,5.916611956100113,1
-0.08966285062276362,0.3222767463422426,-0.07927015871168178,-0.10100351212034668,-1.4575354499270787,-0.8659002203007796,0.7520453391215711,5.810103129052926e-12,9.262417751805492,4.456398228643538,7.808935752236562,5.909880228212632,1
-0.09020146781349025,0.32218402391859813,-0.07974205024945284,-0.10161215430028207,-1.4574863062283232,-0.8660178683853952,0.7521168135289881,5.809202705326145e-12,9.275798187473772,4.440908509381459,7.813584919760431,5.903121777094964,1
-0.09074170623655238,0.3220904640843851,-0.080215284455509,-0.10222266321868462,-1.4574367619035922,-0.8661365887947636,0.7521889447850746,5.8083105886320975e-12,9.289212482044004,4.425365755108048,7.818241665156815,5.896336571995403,1
-0.09128356364342206,0.3219960622042865,-0.08068985818670783,-0.10283503686656532,-1.4573868147188018,-0.8662563871675614,0.7522617363686739,5.807429486716129e-12,9.302660520805395,4.409769971710754,7.8229059101647405,5.889524582351575,1
-0.09182703776317486,0.32190081364132644,-0.0811657682709203,-0.10344927321405532,-1.4573364624418688,-0.8663772691403829,0.7523351917581763,5.8065559856655484e-12,9.31614218839966,4.394121165630632,7.827577576238802,5.8826857777916555,1
-0.09237212630253894,0.32180471375704944,-0.08164301150705361,-0.10406537021047615,-1.4572857028428203,-0.8664992403474725,0.7524093144313634,5.8056916758434195e-12,9.32965736882408,4.37841934386277,7.832256584551426,5.87582012813559,1
-0.09291882694594451,0.32170775791170103,-0.08212158466507487,-0.10468332578440787,-1.4572345336939114,-0.8666223064204404,0.7524841078652423,5.8048357767091096e-12,9.343205945434578,4.362664513956715,7.836942855995138,5.86892760339632,1
-0.09346713735557326,0.3216099414644081,-0.08260148448603521,-0.10530313784375925,-1.4571829527697333,-0.8667464729879982,0.7525595755358931,5.803988947126437e-12,9.356787800948785,4.3468566840168945,7.841636311184837,5.862008173781008,1
-0.09401705517140782,0.3215112597733605,-0.08308270768209455,-0.10592480427583618,-1.4571309578473315,-0.8668717456756742,0.7526357209183019,5.803149724390563e-12,9.370402817449133,4.330995862703057,7.846336870460077,5.855061809692278,1
-0.09456857801128143,0.32141170819599296,-0.08356525093654696,-0.10654832294741097,-1.4570785467063179,-0.866998130105539,0.7527125474862022,5.802318683278688e-12,9.384050876385942,4.315082059230701,7.851044453887355,5.848088481729452,1
-0.09512170347092727,0.3213112820891676,-0.08404911090384627,-0.10717369170479076,-1.457025717128986,-0.8671256318959281,0.7527900587119131,5.801495432764299e-12,9.39773185858051,4.299115283371522,7.855758981262402,5.841088160689795,1
-0.09567642912402895,0.3212099768093569,-0.08453428420963334,-0.10780090837388714,-1.456972466900424,-0.8672542566611656,0.7528682580661792,5.8006798739190666e-12,9.411445644228243,4.283095545453835,7.860480372112486,5.834060817569756,1
-0.09623275252226941,0.3211077877128276,-0.08502076745076231,-0.10842997076028427,-1.456918793808634,-0.8673840100112766,0.7529471490180026,5.799873777831535e-12,9.425192112901739,4.267022856363044,7.865208545698715,5.827006423566232,1
-0.09679067119538168,0.3210047101558246,-0.08550855719532911,-0.10906087664930765,-1.456864695644642,-0.8675148975517184,0.7530267350344875,5.799075053800744e-12,9.43897114355393,4.250897227542065,7.86994342101835,5.81992495007781,1
-0.09735018265119814,0.320900739494756,-0.08599764998269928,-0.10969362380609259,-1.456810170202617,-0.867646924883093,0.753107019580672,5.798284186782691e-12,9.4527826145212,4.234718670991797,7.874684916807121,5.812816368706041,1
-0.09791128437570136,0.32079587108637814,-0.0864880423235375,-0.11032820997565305,-1.456755215279986,-0.867780097600868,0.7531880061193666,5.797501255651576e-12,9.466626403526526,4.218487199271554,7.879432951541554,5.805680651256691,1
-0.0984739738330735,0.3206901002879817,-0.08697973069983674,-0.11096463288294976,-1.4566998286775534,-0.8679144212950854,0.7532696981109842,5.796726023386103e-12,9.480502387682616,4.20220282549954,7.884187443441297,5.798517769741026,1
-0.09903824846574748,0.32058342245757787,-0.08747271156494914,-0.11160289023295847,-1.4566440081996108,-0.8680499015500968,0.7533520990133866,5.795960274999327e-12,9.49441044349507,4.185865563353283,7.888948310471457,5.791327696377063,1
-0.09960410569445617,0.32047583295408516,-0.08796698134361614,-0.11224297971073809,-1.4565877516540613,-0.8681865439442606,0.7534352122817082,5.795201927074847e-12,9.508350446865512,4.169475427070126,7.893715470344937,5.7841104035908675,1
-0.10017154291828402,0.32036732713751687,-0.08846253643200092,-0.11288489898149931,-1.4565310568525316,-0.8683243540496721,0.7535190413681986,5.794451167688787e-12,9.522322273094785,4.153032431447656,7.89848884052479,5.776865864017817,1
-0.10074055751471694,0.32025790036916885,-0.08895937319772021,-0.11352864569067216,-1.4564739216104914,-0.8684633374318718,0.7536035897220535,5.7937076782614066e-12,9.536325796886103,4.136536591844185,7.903268338226564,5.7695940505038905,1
-0.10131114683969283,0.32014754801180806,-0.08945748797987704,-0.11417421746397387,-1.4564163437473732,-0.8686034996495547,0.7536888607892454,5.792969224506365e-12,9.550360892348232,4.119987924179223,7.908053880420662,5.76229493610696,1
-0.10188330822765268,0.3200362654298612,-0.08995687708909465,-0.11482161190747703,-1.4563583210866848,-0.8687448462542989,0.7537748580123652,5.792240614461531e-12,9.564427432998677,4.103386444933932,7.912845383834706,5.75496849409807,1
-0.10245703899159132,0.31992404798960394,-0.09045753680755074,-0.11547082660767738,-1.456299851456134,-0.8688873827902623,0.7538615848304465,5.79151763228171e-12,9.578525291766882,4.086732171151597,7.917642764955906,5.7476146979627405,1
-0.10303233642310805,0.319810891059351,-0.09095946338901209,-0.11612185913156114,-1.4562409326877421,-0.8690311147939074,0.753949044678805,5.790802252042638e-12,9.592654340997413,4.07002512043811,7.922445940033428,5.740233521402261,1
-0.10360919779245784,0.31969679000964607,-0.0914626530588704,-0.11677470702667288,-1.4561815626179655,-0.8691760477937056,0.7540372409888663,5.790093989029428e-12,9.606814452453174,4.053265310962432,7.927254825080781,5.73282493833499,1
-0.10418762034860235,0.3195817402134526,-0.0919671020141785,-0.11742936782118266,-1.4561217390878118,-0.8693221873098563,0.7541261771880029,5.789394578854384e-12,9.621005497318615,4.036452761457075,7.932069335878196,5.725388922897659,1
-0.10476760131926129,0.31946573704634484,-0.09247280642368749,-0.1180858390239539,-1.4560614599429629,-0.8694695388539888,0.7542158566993602,5.788700731228351e-12,9.635227346202958,4.01958749121857,7.9368893879750155,5.717925449446679,1
-0.10534913791096355,0.3193487758866994,-0.09297976242788433,-0.11874411812461015,-1.4560007230338905,-0.8696181079288797,0.7543062829416923,5.788013857458863e-12,9.649479869143418,4.002669520107955,7.941714896692091,5.710434492559448,1
-0.10593222730909865,0.3192308521158873,-0.09348796613903024,-0.11940420259360268,-1.4559395262159778,-0.8697679000281614,0.7543974593291923,5.787334148735143e-12,9.663762935608434,3.9856988685512453,7.9465457771241805,5.702916027035665,1
-0.10651686667796785,0.3191119611184662,-0.09399741364119953,-0.12006608988227686,-1.4558778673496393,-0.8699189206360282,0.7544893892713209,5.786659564404182e-12,9.678076414500902,3.9686755575399317,7.951381944142348,5.695370027898653,1
-0.10710305316083663,0.3189920982823731,-0.0945081009903202,-0.12072977742294055,-1.4558157443004398,-0.8700711752269492,0.7545820761726397,5.7859947991639426e-12,9.692420174161441,3.9515996086314313,7.956223312396383,5.687796470396657,1
-0.1076907838799854,0.31887125899911783,-0.09502002421421367,-0.12139526262892926,-1.4557531549392146,-0.8702246692653757,0.7546755234326403,5.785334758050476e-12,9.706794082371623,3.9344710439496007,7.961069796317206,5.680195330004186,1
-0.10828005593676189,0.31874943866397604,-0.09553317931263648,-0.12206254289467418,-1.455690097142188,-0.8703794082054551,0.7547697344455785,5.784681884501583e-12,9.72119800635724,3.9172898861852,7.965921310119289,5.672566582423321,1
-0.10887086641163261,0.3186266326761838,-0.09604756225732204,-0.12273161559576806,-1.4556265687911012,-0.8705353974907188,0.7548647126002911,5.7840343274024144e-12,9.735631812791567,3.9000561585963966,7.970777767803082,5.664910203585054,1
-0.10946321236423542,0.3185028364391313,-0.0965631689920238,-0.12340247808903268,-1.4555625677733217,-0.8706926425538174,0.7549604612800433,5.783392525128114e-12,9.75009536779864,3.882769885009223,7.975639083157436,5.657226169650599,1
-0.11005709083343106,0.31837804536055786,-0.09707999543255827,-0.12407512771258442,-1.4554980919819722,-0.8708511488162085,0.755056983862346,5.782759924674124e-12,9.76458853695652,3.8654310898180864,7.98050516976204,5.64951445701274,1
-0.11065249883735559,0.3182522548527467,-0.09759803746684949,-0.12474956178590117,-1.4554331393160487,-0.8710109216878696,0.7551542837187883,5.7821317374246215e-12,9.779111185300588,3.848039797986246,7.985375940989857,5.64177504229715,1
-0.11124943337347248,0.31812546033272054,-0.09811729095497373,-0.12542577760988818,-1.4553677076805414,-0.8711719665670042,0.7552523642148667,5.781510982158374e-12,9.79366317732682,3.830596035046306,7.990251310009563,5.634007902363737,1
-0.11184789141862558,0.3179976572224369,-0.09863775172920584,-0.1261037724669449,-1.4553017949865565,-0.8713342888397464,0.7553512287098131,5.780898336954622e-12,9.808244376995104,3.8130998271006886,7.995131189787996,5.62621301430797,1
-0.11244786992909096,0.31786884094898443,-0.09915941559406506,-0.1267835436210303,-1.455235399151438,-0.8714978938798661,0.7554508805564222,5.780290901653343e-12,9.822854647732521,3.7955512008221377,8.000015493092606,5.6183903554622265,1
-0.1130493658406299,0.3177390069447791,-0.09968227832636263,-0.12746508831772935,-1.4551685180988856,-0.8716627870484808,0.7555513231008844,5.779688340091633e-12,9.837493852436662,3.777950183454198,8.004904132493905,5.610539903397129,1
-0.11365237606854132,0.3176081506477608,-0.1002063356752496,-0.1281484037843181,-1.455101149759081,-0.8718289736937507,0.7556525596826076,5.779091909004741e-12,9.852161853478934,3.7602968028117116,8.00979702036793,5.602661635922891,1
-0.11425689750771516,0.3174762675015903,-0.10073158336226602,-0.12883348722983082,-1.4550332920688056,-0.8719964591505917,0.75575459363405,5.77850065932913e-12,9.866858512707896,3.74259108728129,8.014694068898706,5.594755531090656,1
-0.11486292703268478,0.3173433529558463,-0.10125801708139015,-0.12952033584512404,-1.4549649429715643,-0.872165248740376,0.7558574282805453,5.777913062508375e-12,9.881583691452564,3.7248330658218185,8.019595190080707,5.58682156719385,1
-0.11547046149768017,0.3172094024662231,-0.10178563249908888,-0.13020894680294312,-1.4548961004177052,-0.8723353477706397,0.7559610669401324,5.7773328600688035e-12,9.896337250525749,3.707022767964936,8.024500295721335,5.578859722769525,1
-0.11607949773668114,0.3170744114947282,-0.10231442525436893,-0.13089931725798704,-1.4548267623645448,-0.8725067615347802,0.756065512923379,5.776761082925166e-12,9.911119050227397,3.689160223815529,8.029409297443388,5.570869976599712,1
-0.1166900325634707,0.31693837550988047,-0.10284439095882894,-0.1315914443469743,-1.4547569267764857,-0.8726794953117677,0.7561707695332127,5.776193235052821e-12,9.925928950347927,3.6712454640522076,8.034322106687542,5.562852307712769,1
-0.11730206277168836,0.31680128998690815,-0.10337552519671203,-0.13228532518870748,-1.4546865916251395,-0.8728535543658507,0.75627684006475,5.775631175767824e-12,9.940766810171583,3.6532785199277993,8.039238634714827,5.554806695384731,1
-0.11791558513488361,0.3166631504079475,-0.1039078235249594,-0.13298095688413894,-1.45461575488945,-0.8730289439462514,0.7563837278051182,5.7750748300671375e-12,9.95563248847978,3.635259423269835,8.044158792609124,5.5467331191406695,1
-0.11853059640656909,0.31652395226224167,-0.10444128147326433,-0.13367833651643485,-1.4545444145558137,-0.8732056692868783,0.7564914360332872,5.77452286048807e-12,9.97052584355446,3.6171882064810466,8.04908249127964,5.5386315587560455,1
-0.11914709332027561,0.31638369104633934,-0.10497589454412835,-0.13437746115104113,-1.4544725686182045,-0.8733837356060177,0.7565999680198899,5.773977470598754e-12,9.985446733181481,3.599064902539816,8.054009641463418,5.530501994258058,1
-0.11976507258960437,0.3162423622642941,-0.1055116582129159,-0.13507832783574752,-1.4544002150782909,-0.8735631481060522,0.7567093270270582,5.773436276971814e-12,10.000395014653948,3.580889545000706,8.05894015372782,5.522344405927014,1
-0.12038453090828198,0.3160999614278637,-0.10604856792791204,-0.13578093360075222,-1.4543273519455613,-0.8737439119731552,0.7568195163082434,5.772900885207268e-12,10.015370544775617,3.562662167994908,8.06387393847303,5.514158774297675,1
-0.12100546495021415,0.3159564840567097,-0.10658661911037963,-0.13648527545872652,-1.4542539772374454,-0.873926032376994,0.7569305391080442,5.772369941590429e-12,10.030373179864261,3.544382806230745,8.068810905934564,5.505945080160623,1
-0.12162787136953994,0.31581192567859717,-0.10712580715461797,-0.1371913504048792,-1.454180088979435,-0.8741095144704377,0.757042398662035,5.771848049504531e-12,10.045402775755061,3.52605149499414,8.073750966185768,5.497703304563615,1
-0.12225174680068611,0.3156662818295947,-0.10766612742802203,-0.13789915541702089,-1.4541056852052066,-0.8742943633892587,0.7571550981965922,5.7713297303469674e-12,10.060459187803996,3.507668270149103,8.078694029140333,5.489433428812947,1
-0.12287708785842157,0.31551954805427435,-0.10820757527114257,-0.13860868745562774,-1.4540307639567431,-0.8744805842518344,0.7572686409287194,5.770814981560755e-12,10.075542270891237,3.489233168138204,8.083640004554809,5.481135434474812,1
-0.12350389113791152,0.3153717199059119,-0.10875014599774675,-0.1393199434639061,-1.4539553232844553,-0.8746681821588544,0.7573830300658765,5.7703064410758245e-12,10.090651879424538,3.470746225983064,8.088588802031115,5.472809303376667,1
-0.1241321532147726,0.3152227929466874,-0.1092938348948804,-0.14003292036785592,-1.453879361247305,-0.8748571621930185,0.7574982688058028,5.769801269988052e-12,10.105787867342661,3.4522074812848182,8.093540331019069,5.46445501760859,1
-0.12476187064512766,0.31507276274788565,-0.10983863722293052,-0.14074761507633501,-1.453802875912925,-0.8750475294187449,0.7576143603363472,5.769303225977576e-12,10.120950088118775,3.4336169722245886,8.098494500818902,5.456072559524642,1
-0.12539303996566023,0.3149216248900967,-0.11038454821568851,-0.14146402448112202,-1.4537258653577398,-0.8752392888818753,0.7577313078352946,5.768809740423028e-12,10.136138394763869,3.41497473756397,8.103451220583782,5.447661911744236,1
-0.12602565769366986,0.3147693749634167,-0.1109315630804147,-0.1421821454569807,-1.4536483276670904,-0.8754324456093736,0.7578491144701905,5.76831995698363e-12,10.151352639830172,3.3962808166454916,8.108410399322352,5.439223057153493,1
-0.126659720327127,0.3146160085676491,-0.11147967699790336,-0.14290197486172285,-1.453570260935352,-0.8756270046090352,0.7579677833981706,5.767835917508585e-12,10.166592675414584,3.3775352493930955,8.11337194590125,5.430755978906612,1
-0.12729522434472898,0.314461521312505,-0.11202888512254935,-0.14362350953627226,-1.4534916632660573,-0.8758229708691886,0.7580873177657859,5.76735761744824e-12,10.181858353162111,3.3587380763125805,8.11833576904765,5.4222606604272245,1
-0.12793216620595402,0.31430590881780507,-0.1125791825824139,-0.14434674630472683,-1.4534125327720206,-0.8760203493583921,0.7582077207088256,5.76688239322913e-12,10.197149524269273,3.3398893384921142,8.123301777351797,5.413737085409775,1
-0.12857054235111817,0.3141491667136799,-0.1131305644792935,-0.1450716819744227,-1.4533328675754513,-0.8762191450251577,0.7583289953521554,5.766412444404998e-12,10.212466039487573,3.320989077602646,8.128269879269542,5.405185237820862,1
-0.12921034920143,0.31399129064077164,-0.1136830258887879,-0.1457983133359965,-1.4532526658080818,-0.8764193627976377,0.7584511448095335,5.765947494282342e-12,10.22780774912692,3.302037335898403,8.133239983124888,5.396605101900621,1
-0.1298515831590471,0.3138322762504353,-0.11423656186037015,-0.14652663716344863,-1.4531719256112843,-0.8766210075833384,0.7585741721834433,5.7654872156245216e-12,10.243174503059096,3.283034156217326,8.138211997112535,5.387996662164074,1
-0.13049424060713075,0.3136721192049401,-0.1147911674174561,-0.14725665021420556,-1.4530906451361951,-0.8768240842688205,0.7586980805649176,5.765031559203855e-12,10.25856615072118,3.26397958198156,8.14318582930042,5.379359903402506,1
-0.1311383179099035,0.31351081517767065,-0.11534683755747689,-0.14798834922918253,-1.4530088225438316,-0.8770285977194094,0.7588228730333689,5.76458080920606e-12,10.273982541119034,3.2448736571978642,8.148161387632273,5.37069481068481,1
-0.1317838114127038,0.31334835985332865,-0.11590356725194995,-0.14872173093284619,-1.4529264560052138,-0.8772345527788995,0.7589485526564163,5.7641351941201794e-12,10.289423522830742,3.2257164264581095,8.153138579930165,5.362001369358871,1
-0.13243071744204343,0.3131847489281341,-0.116461351446553,-0.14945679203327666,-1.4528435437014846,-0.877441954269261,0.7590751224897127,5.7636920473129006e-12,10.30488894401009,3.2065079349396908,8.15811731389706,5.3532795650529055,1
-0.13307903230566318,0.3130199781100269,-0.1170201850611974,-0.15019352922222973,-1.4527600838240324,-0.8776508069903393,0.7592025855767696,5.763254379164446e-12,10.32037865239003,3.1872482284059998,8.163097497119375,5.34452938367684,1
-0.1337287522925894,0.3128540431188683,-0.11758006299010305,-0.15093193917519934,-1.4526760745746043,-0.8778611157195779,0.7593309449487936,5.762822421219324e-12,10.335892495286144,3.167937353206861,8.168079037069528,5.335750811423663,1
-0.13437987367319096,0.3126869396866423,-0.11814098010187443,-0.1516720185514786,-1.4525915141654342,-0.8780728852117042,0.7594602036245023,5.76239163915274e-12,10.35143031960014,3.1485753562789722,8.173061841108511,5.326943834770789,1
-0.13503239269923598,0.312518663557657,-0.11870293123957708,-0.15241376399422274,-1.4525064008193522,-0.8782861201984631,0.7595903646099679,5.761968326086198e-12,10.366991971823326,3.129162285146336,8.17804581648844,5.318108440481409,1
-0.13568630560394804,0.3123492104887465,-0.1192659112208147,-0.15315717213051003,-1.4524207327699166,-0.8785008253882931,0.759721430898427,5.7615468007277945e-12,10.382577298040081,3.1096981879207237,8.183030870355125,5.309244615605866,1
-0.1363416086020642,0.3121785762494714,-0.11982991483780835,-0.15390223957140328,-1.4523345082615193,-0.8787170054660682,0.7598534054701294,5.7611303689314495e-12,10.398186143931367,3.090183113302072,8.188016909750633,5.300352347482993,1
-0.13699829788989137,0.312006756622321,-0.1203949368574751,-0.1546489629120118,-1.4522477255495148,-0.8789346650927825,0.7599862912921519,5.76071801266027e-12,10.413818354778208,3.0706171105789415,8.193003841615853,5.291431623741482,1
-0.1376563696453644,0.31183374740291414,-0.12096097202150914,-0.15539733873155231,-1.4521603829003318,-0.879153808905272,0.7601200913182347,5.76030991901602e-12,10.429473775465201,3.0510002296289134,8.197991572793073,5.282482432301228,1
-0.13831582002810208,0.3116595444002005,-0.12152801504646155,-0.15614736359341,-1.4520724785915962,-0.8793744415159199,0.7602548084886094,5.75990631930595e-12,10.445152250483993,3.0313325209190602,8.202980010028538,5.273504761374701,1
-0.13897664517946645,0.3114841434366617,-0.12209606062382398,-0.15689903404519986,-1.4519840109122482,-0.8795965675123634,0.7603904457298248,5.75950675612045e-12,10.460853623936815,3.011614035506312,8.207969059975033,5.264498599468281,1
-0.13963884122261885,0.3113075403485124,-0.12266510342011029,-0.15765234661882752,-1.4518949781626551,-0.8798201914572192,0.7605270059545872,5.759111482155928e-12,10.476577739539962,2.9918448250379166,8.212958629194446,5.255463935383619,1
-0.14030240426257917,0.3111297309859012,-0.12323513807694161,-0.15840729783054977,-1.4518053786547351,-0.8800453178877795,0.7606644920615794,5.758719768436398e-12,10.492324440627335,2.9720249417518154,8.217948624160357,5.2464007582189796,1
-0.1409673303862825,0.3109507112131117,-0.1238061592111302,-0.15916388418103575,-1.451715210712072,-0.8802719513157279,0.760802906935295,5.758331348262915e-12,10.508093570153928,2.952154438477088,8.222938951260602,5.237309057370601,1
-0.14163361566263794,0.3107704769087629,-0.12437816141476568,-0.15992210215542638,-1.4516244726700291,-0.880500096226863,0.7609422534458752,5.7579471571983604e-12,10.52388497069936,2.9322333686343356,8.22792951679985,5.228188822534031,1
-0.14230125614258662,0.31058902396601024,-0.12495113925530177,-0.16068194822339588,-1.4515331628758723,-0.8807297570807916,0.7610825344489277,5.7575672729566556e-12,10.539698484471401,2.912261786236091,8.232920227002197,5.219040043705482,1
-0.14297024785916004,0.3104063482927457,-0.1255250872756437,-0.16144341883921168,-1.4514412796888787,-0.8809609383106635,0.7612237527853701,5.7571915363865e-12,10.555533953309489,2.8922397458872147,8.237910988013727,5.209862711183164,1
-0.14364058682753855,0.3102224458117983,-0.12609999999423696,-0.16220651044179382,-1.4513488214804569,-0.8811936443228753,0.7613659112812564,5.756819228329153e-12,10.571391218688266,2.872167302785287,8.242901705905105,5.200656815568636,1
-0.1443122690451099,0.3100373124611343,-0.12667587190515653,-0.16297121945477586,-1.4512557866342612,-0.8814278794967869,0.7615090127476083,5.756450083725766e-12,10.587270121721106,2.8520445127210055,8.247892286674157,5.1914223477681425,1
-0.14498529049152795,0.3098509441940573,-0.12725269747819742,-0.1637375422865643,-1.451162173546307,-0.8816636481844397,0.7616530599802495,5.756085549244572e-12,10.603170503163652,2.831871432078565,8.252882636248453,5.182159298993953,1
-0.14565964712877175,0.3096633369794078,-0.12783047115896615,-0.1645054753303983,-1.4510679806250852,-0.8819009547102724,0.7617980557596384,5.755724564316976e-12,10.619092203417354,2.8116481178360377,8.257872660487887,5.172867660765694,1
-0.14633533490120407,0.3094744868017633,-0.1284091873689726,-0.1652750149644091,-1.4509732062916783,-0.8821398033708352,0.7619440028506983,5.755365513132518e-12,10.63503506253301,2.7913746275657663,8.262862265187271,5.163547424911694,1
-0.14701234973563135,0.3092843896616374,-0.12898884050572398,-0.16604615755167929,-1.450877848979869,-0.8823801984345202,0.7620909040026586,5.755014443494118e-12,10.650998920214315,2.771051019434709,8.267851356078912,5.1541985835703,1
-0.14769068754136183,0.3090930415756794,-0.12956942494281792,-0.16681889944030293,-1.450781907136263,-0.8826221441412605,0.7622387619488771,5.754664258939559e-12,10.666983615821396,2.750677352204847,8.272839838835205,5.144821129191227,1
-0.14837034421026618,0.308900438576873,-0.1301509350300387,-0.1675932369634441,-1.450685379220393,-0.8828656447022699,0.7623875794066851,5.754317279215992e-12,10.682988988374383,2.7302536852335106,8.277827619071216,5.135415054536867,1
-0.14905131561683632,0.3087065767147353,-0.13073336509345254,-0.16836916643939548,-1.4505882637048337,-0.8831107042997607,0.762537359077222,5.7539730155959085e-12,10.699014876556943,2.7097800784737607,8.28281460234727,5.125980352683622,1
-0.14973359761824506,0.3085114520555156,-0.1313167094355048,-0.16914668417163808,-1.4504905590753208,-0.8833573270866474,0.7626881036452582,5.75363328720514e-12,10.715061118719845,2.68925659247475,8.287800694171548,5.116517017023238,1
-0.15041718605440635,0.30831506068239356,-0.13190096233511803,-0.1699257864488995,-1.4503922638308548,-0.8836055171862893,0.7628398157790434,5.753295757687823e-12,10.73112755288452,2.668683288382057,8.29278580000266,5.107025041264107,1
-0.15110207674803525,0.3081173986956771,-0.13248611804779095,-0.17070646954521293,-1.4502933764838142,-0.8838552786922133,0.7629924981301427,5.752963489759485e-12,10.747214016746621,2.648060227938031,8.297769825252251,5.097504419432592,1
-0.15178826550470706,0.3079184622130009,-0.13307217080569747,-0.17148872971997475,-1.4501938955600713,-0.8841066156678202,0.7631461533332616,5.752636127373814e-12,10.763320347679578,2.6273874734821687,8.30275267528758,5.087955145874357,1
-0.1524757481129191,0.3077182473695232,-0.1336591148177888,-0.17227256321800383,-1.4500938195990953,-0.8843595321461342,0.7633007840060982,5.7523083498382385e-12,10.779446382738183,2.6066650879513964,8.307734255434116,5.078377215255654,1
-0.15316452034415015,0.3075167503181236,-0.1342469442698943,-0.173057966269599,-1.4499931471540697,-0.8846140321295082,0.7634563927491678,5.751982470499599e-12,10.795591958662147,2.5858931348804375,8.312714470978126,5.068770622564651,1
-0.15385457795292082,0.3073139672295999,-0.13483565332482422,-0.17384493509059815,-1.4498918767919973,-0.8848701195893632,0.763612982145648,5.751661246906726e-12,10.811756911879671,2.5650716784021363,8.317693227169263,5.059135363112738,1
-0.15454591667685463,0.30710989429286495,-0.1354252361224735,-0.1746334658824344,-1.4497900070938108,-0.8851277984659147,0.763770554761217,5.751343198404203e-12,10.827941078511024,2.5442007832477707,8.322670429223162,5.049471432535825,1
-0.1552385322367388,0.30690452771514276,-0.13601568677992645,-0.17542355483219546,-1.4496875366544808,-0.8853870726679003,0.7639291131438908,5.751029395859483e-12,10.844144294372118,2.523280514747367,8.327645982324029,5.03977882679565,1
-0.15593242033658505,0.30669786372216473,-0.13660699939156215,-0.1762151981126804,-1.4495844640831246,-0.8856479460723117,0.7640886598238639,5.750718132581601e-12,10.860366394978087,2.502310938830017,8.332619791627227,5.03005754218107,1
-0.15662757666369062,0.3064898985583655,-0.13719916802916102,-0.17700839188245782,-1.4494807880031164,-0.885910422524117,0.7642491973133444,5.7504091751985305e-12,10.87660721554687,2.4812921220241817,8.337591762261878,5.020307575309367,1
-0.1573239968886996,0.30628062848707804,-0.13779218674201218,-0.17780313228592212,-1.449376507052187,-0.8861745058360143,0.7644107281064072,5.7501024224940544e-12,10.892866591002786,2.460224131457988,8.34256179933344,5.01052892312753,1
-0.15802167666566433,0.306070049790729,-0.13838604955702205,-0.1785994154533518,-1.4492716198825368,-0.8864401997881466,0.7645732546788238,5.7498004395421436e-12,10.909144355980132,2.4391070348595254,8.347529807926305,5.000721582913548,1
-0.15872061163210663,0.30585815877103323,-0.13898075047882347,-0.17939723750096578,-1.449166125160942,-0.8867075081278384,0.7647367794879054,5.749501753439698e-12,10.925440344826756,2.417940900557141,8.352495693106391,4.990885552277702,1
-0.15942079740908008,0.305644951749188,-0.1395762834898865,-0.18019659453098147,-1.4490600215688556,-0.8869764345693418,0.7649013049723523,5.749205822490545e-12,10.941754391607661,2.3967257974797027,8.357459359923727,4.981020829163834,1
-0.16012222960123082,0.30543042506606727,-0.14017264255062895,-0.18099748263166907,-1.448953307802516,-0.8872469827935627,0.7650668335520885,5.7489130890186e-12,10.958086330108578,2.375461795156908,8.362420713415043,4.971127411850641,1
-0.16082490379686054,0.30521457508241484,-0.1407698215995295,-0.18179989787741146,-1.4488459825730495,-0.8875191564478085,0.7652333676281131,5.748625451671974e-12,10.974435993839581,2.354148963719522,8.367379658606364,4.961205298952937,1
-0.1615288155679874,0.30499739817903787,-0.1413678145532399,-0.1826038363287581,-1.4487380446065752,-0.8877929591455178,0.7654009095823373,5.748339484495873e-12,10.990803216038653,2.3327873738996807,8.372336100515591,4.951254489422942,1
-0.1622339604704097,0.3047788907569991,-0.14196661530670046,-0.18340929403248285,-1.448629492644308,-0.888068394466007,0.7655694617774336,5.748056908199304e-12,11.007187829675324,2.3113770970311047,8.3772899441551,4.941274982551527,1
-0.1629403340437667,0.30455904923780963,-0.14256621773325376,-0.18421626702163926,-1.4485203254426606,-0.8883454659542123,0.7657390265566812,5.747775497934669e-12,11.023589667454221,2.289918205049399,8.382241094534315,4.931266777969503,1
-0.1636479318116021,0.3043378700636206,-0.1431666156847616,-0.18502475131561757,-1.4484105417733446,-0.8886241771204332,0.7659096062438125,5.747494509349461e-12,11.040008561818702,2.2684107704922734,8.387189456662307,4.921229875648867,1
-0.1643567492814264,0.3041153496974147,-0.14376780299172193,-0.18583474292019977,-1.4483001404234745,-0.8889045314400712,0.766081203142856,5.7472181699805125e-12,11.056444344954448,2.2468548664997914,8.392134935550375,4.9111642759040635,1
-0.16506678194477986,0.3038914846231969,-0.14436977346338672,-0.1866462378276158,-1.4481891201956643,-0.8891865323533885,0.766253819537992,5.74694532074759e-12,11.072896848793064,2.2252505668146,8.39707743621463,4.901069979393234,1
-0.16577802527729477,0.30366627134618535,-0.14497252088788065,-0.18745923201659925,-1.4480774799081324,-0.8894701832652381,0.7664274576933905,5.746674662126699e-12,11.08936590501568,2.2035979457821817,8.402016863678583,4.890946987119478,1
-0.1664904747387595,0.30343970639300133,-0.14557603903232166,-0.18827372145244248,-1.4479652183947993,-0.8897554875448204,0.766602119853065,5.746408204916011e-12,11.10585134505657,2.1818970783510463,8.406953122975729,4.880795300432087,1
-0.16720412577318075,0.3032117863118587,-0.14618032164294106,-0.18908970208705259,-1.4478523345053826,-0.8900424485254415,0.7667778082407277,5.746144614193702e-12,11.122353000106736,2.1601480400729747,8.41188611915212,4.870614921027792,1
-0.16791897380884788,0.3029825076727529,-0.1467853624452062,-0.1899071698590062,-1.4477388271055025,-0.8903310695042448,0.7669545250596269,5.7458811627617595e-12,11.138870701117552,2.138350907103204,8.416815757268965,4.860405850951993,1
-0.1686350142583955,0.30275186706764995,-0.14739115514394246,-0.19072612069360426,-1.4476246950767697,-0.8906213537419881,0.7671322724924137,5.745621635623444e-12,11.155404278804339,2.116505756200653,8.42174194240519,4.850168092600003,1
-0.16935224251886757,0.3025198611106741,-0.14799769342345734,-0.1915465505029275,-1.44750993731689,-0.8909133044627794,0.7673110527009825,5.745365254349252e-12,11.171953563649987,2.09461266472811,8.426664579660027,4.839901648718271,1
-0.17007065397178117,0.3022864864382957,-0.14860497094766514,-0.1923684551858911,-1.4473945527397607,-0.8912069248538306,0.7674908678263233,5.745112593369802e-12,11.18851838590858,2.0726717106524277,8.4315835741556,4.8296065224056095,1
-0.17079024398319076,0.302051739709518,-0.14921298136021297,-0.19319183062829934,-1.4472785402755592,-0.8915022180652294,0.7676717199883825,5.744863641484176e-12,11.205098575609002,2.0506829725446867,8.436498831039486,4.819282717114404,1
-0.17151100790375112,0.301815617606064,-0.14982171828460622,-0.19401667270289938,-1.4471618988708437,-0.8917991872096845,0.7678536112859095,5.744615750650031e-12,11.221693962558533,2.0286465295804175,8.441410255487304,4.80893023665185,1
-0.17223294106878304,0.30157811683256186,-0.15043117532433753,-0.19484297726943675,-1.447044627488642,-0.8920978353622986,0.7680365437963205,5.7443673209326125e-12,11.238304376346496,2.0065624615397177,8.446317752705276,4.798549085181142,1
-0.1729560387983365,0.30133923411673086,-0.15104134606301411,-0.1956707401747088,-1.44692672510855,-0.8923981655603163,0.7682205195755448,5.744120852184475e-12,11.254929646347847,1.9844308488074582,8.451221227932812,4.788139267222696,1
-0.17368029639725613,0.30109896620956583,-0.15165222406448814,-0.1964999572526191,-1.4468081907268229,-0.8927001808028906,0.7684055406578841,5.743879631144807e-12,11.27156960172681,1.962251772373407,8.45612058644508,4.777700787655341,1
-0.1744057091552452,0.30085730988552156,-0.15226380287298646,-0.19733062432423062,-1.4466890233564633,-0.893003884050854,0.7685916090558725,5.743638832478709e-12,11.288224071440485,1.9400253138324004,8.461015733555564,4.767233651717525,1
-0.17513227234693035,0.30061426194269664,-0.152876076013242,-0.19816273719782082,-1.4465692220273167,-0.8933092782264768,0.7687787267601316,5.7434025564766786e-12,11.304892884242461,1.9177515553844868,8.465906574618645,4.756737865008508,1
-0.1758599812319273,0.30036981920301614,-0.15348903699062655,-0.19899629166893376,-1.4464487857861585,-0.8936163662132411,0.7689668957392316,5.7431686484098225e-12,11.321575868686455,1.8954305798350386,8.47079301503216,4.746213433489537,1
-0.17658883105490533,0.3001239785124144,-0.1541026792912836,-0.19983128352043486,-1.4463277136967856,-0.893925150855605,0.7691561179395489,5.742935852740958e-12,11.338272853129915,1.8730624705949013,8.475674960239976,4.735660363485043,1
-0.17731881704565258,0.29987673674101667,-0.15471699638226255,-0.20066770852256344,-1.4462060048401026,-0.89423563495878,0.7693463952851307,5.742702701108936e-12,11.354983665737642,1.8506473116805071,8.480552315734537,4.725078661683815,1
-0.17804993441914152,0.2996280907833206,-0.15533198171165383,-0.20150556243298606,-1.4460836583142127,-0.8945478212884952,0.7695377296775503,5.7424765871472604e-12,11.371708134485418,1.8281851877139916,8.485424987059439,4.714468335140173,1
-0.17878217837559454,0.2993780375583766,-0.1559476287087251,-0.20234484099684966,-1.445960673234504,-0.8948617125707748,0.7697301229957727,5.742249095692974e-12,11.388446087163624,1.805676183923294,8.490292879811985,4.703829391275135,1
-0.17951554410054962,0.29912657400996795,-0.15656393078405823,-0.2031855399468346,-1.4458370487337342,-0.8951773114917171,0.7699235770960181,5.742025740240469e-12,11.405197351380863,1.783120386142258,8.495155899645741,4.6931618378775815,1
-0.1802500267649259,0.29887369710678996,-0.15718088132968688,-0.20402765500320705,-1.4457127839621162,-0.8954946206972718,0.7701180938116277,5.741805800419076e-12,11.421961754567576,1.7605178808107285,8.500013952273092,4.6824656831054146,1
-0.18098562152509012,0.2986194038426287,-0.157798473719236,-0.2048711818738716,-1.4455878780874056,-0.895813642793013,0.7703136749529226,5.7415865053665975e-12,11.438739123979678,1.737868754974624,8.504866943467794,4.671740935486708,1
-0.1817223235229221,0.29836369123653905,-0.15841670130806096,-0.2057161162544239,-1.4454623302949812,-0.8961343803439286,0.7705103223070767,5.741369010507721e-12,11.455529286702163,1.7151730962860263,8.509714779067528,4.660987603920861,1
-0.182460127885882,0.2981065563330217,-0.15903555743338907,-0.2065624538282034,-1.4453361397879287,-0.8964568358741997,0.7707080376379801,5.741156170915684e-12,11.472332069652747,1.6924309930032246,8.514557364976447,4.650205697679725,1
-0.1831990297270755,0.2978479962022001,-0.15965503541446036,-0.2074101902663442,-1.4452093057871256,-0.8967810118669822,0.7709068226861058,5.740943782446264e-12,11.489147299585476,1.6696425339908096,8.519394607167722,4.639395226408762,1
-0.18393902414532123,0.2975880079399962,-0.1602751285526708,-0.20825932122782842,-1.4450818275313189,-0.8971069107641989,0.7711066791683812,5.740732455044702e-12,11.505974803094352,1.646807808719699,8.524226411686088,4.628556200128162,1
-0.18468010622521705,0.2973265886683057,-0.16089583013171546,-0.20910984235953728,-1.444953704277208,-0.8974345349663214,0.771307608778054,5.740523828322322e-12,11.522814406616959,1.6239269072671987,8.529052684650384,4.617688629233973,1
-0.18542227103720735,0.2970637355351723,-0.16151713341773344,-0.20996174929630337,-1.444824935299523,-0.8977638868321665,0.771509613184567,5.740317014799003e-12,11.539665936438094,1.6009999203170202,8.533873332256098,4.606792524499216,1
-0.18616551363764927,0.29679944571496175,-0.16213903165945243,-0.2108150376609614,-1.4446955198911027,-0.8980949686786881,0.7717126940334293,5.740112403361299e-12,11.556529218693369,1.5780269391593384,8.538688260777892,4.5958678970750135,1
-0.18690982906888076,0.29653371640853476,-0.16276151808833583,-0.21166970306440075,-1.4445654573629745,-0.8984277827807636,0.7719168529460839,5.7399058444019485e-12,11.573404079372857,1.555008055690782,8.543497376572153,4.584914758491683,1
-0.18765521235928703,0.29626654484341924,-0.16338458591872929,-0.21252574110561537,-1.4444347470444305,-0.8987623313709961,0.7721220915197863,5.739704275580362e-12,11.590290344324698,1.5319433624144707,8.548300586079513,4.573933120659853,1
-0.18840165852336876,0.2959979282739817,-0.16400822834800935,-0.21338314737175662,-1.4443033882831033,-0.899098616639509,0.7723284113274757,5.739508694180249e-12,11.607187839258737,1.5088329524399993,8.553097795827385,4.562922995871549,1
-0.18914916256180883,0.2957278639815983,-0.16463243855673182,-0.2142419174381823,-1.4441713804450413,-0.8994366407337474,0.7725358139176532,5.739313739212126e-12,11.624096389750127,1.4856769194834576,8.557888912432485,4.5518843968013,1
-0.189897719461541,0.2954563492748244,-0.16525720970878244,-0.21510204686850937,-1.44403872291478,-0.8997764057582851,0.7727443008142608,5.7391213180705055e-12,11.641015821242974,1.4624753578673884,8.562673842603358,4.540817336507205,1
-0.19064732419581684,0.29518338148956424,-0.16588253495152702,-0.215963531214663,-1.443905415095422,-0.9001179137746117,0.7729538735165491,5.738926384746811e-12,11.657945959053936,1.4392283625207996,8.567452493142902,4.529721828432035,1
-0.19139797172427456,0.294908957989239,-0.16650840741596368,-0.21682636601692876,-1.443771456408704,-0.9004611668009527,0.7731645334989651,5.73873782458997e-12,11.674886628375866,1.4159360289791105,8.572224770950884,4.518597886404292,1
-0.19214965699300632,0.2946330761649546,-0.16713482021687495,-0.21769054680400113,-1.4436368462950702,-0.9008061668120705,0.7733762822110278,5.7385497685968675e-12,11.691837654281406,1.3925984533841378,8.576990583026456,4.507445524639286,1
-0.19290237493462764,0.2943557334356681,-0.16776176645298208,-0.2185560690930355,-1.4435015842137404,-0.9011529157390786,0.7735891210772122,5.738363495084738e-12,11.708798861726638,1.3692157324840184,8.581749836470669,4.496264757740187,1
-0.19365612046834463,0.29407692724835444,-0.1683892392070984,-0.21942292838969735,-1.4433656696427832,-0.901501415469247,0.7738030514968268,5.738180881682397e-12,11.725770075554676,1.3457879636331966,8.586502438488978,4.485055600699093,1
-0.19441088850002394,0.29379665507817065,-0.16901723154628587,-0.22029112018821234,-1.443229102079182,-0.9018516678458182,0.7740180748438984,5.737996430266111e-12,11.74275112049931,1.322315244792315,8.591248296393758,4.4738180688980655,1
-0.19516667392225998,0.2935149144286211,-0.16964573652200987,-0.22116063997141636,-1.4430918810389046,-0.902203674667822,0.7742341924670557,5.737812690286665e-12,11.759741821188598,1.2987976745281946,8.595987317606799,4.462552178110193,1
-0.19592347161444498,0.29323170283172023,-0.17027474717029734,-0.2220314832108046,-1.4429540060569677,-0.9025574376898936,0.7744514056894142,5.737633510151755e-12,11.7767420021485,1.2752353520137165,8.600719409661808,4.451257944500609,1
-0.19668127644283792,0.2929470178481554,-0.17090425651189448,-0.22290364536658203,-1.4428154766875025,-0.9029129586220966,0.7746697158084649,5.737456147220455e-12,11.7937514878065,1.2516283770277414,8.605444480206911,4.43993538462753,1
-0.19744008326063311,0.29266085706744893,-0.17153425755242527,-0.22377712188771212,-1.4426762925038228,-0.903270239129737,0.7748891240959567,5.737282120708822e-12,11.8107701024952,1.2279768499550257,8.610162437007142,4.4285845154432835,1
-0.19819988690802967,0.2923732181081188,-0.17216474328255113,-0.22465190821196582,-1.4425364530984859,-0.9036292808331883,0.7751096317977845,5.737108654598863e-12,11.827797670455949,1.2042808717861164,8.614873187946937,4.417205354295329,1
-0.19896068221230176,0.29208409861783824,-0.17279570667813215,-0.22552799976597154,-1.4423959580833536,-0.9039900853077281,0.775331240133887,5.736935975130503e-12,11.844834015842462,1.180540544117209,8.619576641032618,4.405797918927253,1
-0.19972246398786733,0.29179349627359563,-0.1734271407003878,-0.2264053919652631,-1.4422548070896593,-0.9043526540833485,0.7755539502981246,5.736765602745357e-12,11.86187896272442,1.1567559691500546,8.624272704394881,4.394362227479793,1
-0.20048522703635843,0.291501408781852,-0.17405903829605968,-0.22728408021432966,-1.4421129997680624,-0.9047169886446046,0.7757777634581836,5.7365927696481845e-12,11.87893233509109,1.1329272496918081,8.628961286291275,4.382898298491824,1
-0.20124896614669063,0.2912078338786989,-0.17469139239757417,-0.22816405990666266,-1.4419705357887136,-0.9050830904304299,0.7760026807554581,5.736426370996617e-12,11.89599395685493,1.1090544891549043,8.633642295108677,4.371406150901358,1
-0.20201367609513357,0.2909127693300144,-0.17532419592320692,-0.22904532642480643,-1.4418274148413088,-0.9054509608339848,0.7762287033049522,5.736261132753572e-12,11.9130636518552,1.0851377915568896,8.638315639365768,4.359885804046524,1
-0.20277935164538097,0.2906162129316188,-0.1759574417772475,-0.22992787514040466,-1.4416836366351509,-0.9058206012024825,0.7764558321951692,5.736094281817541e-12,11.930141243861575,1.0611772615202713,8.6429812277155,4.348337277666547,1
-0.20354598754862122,0.29031816250942905,-0.17659112285016534,-0.23081170141425025,-1.4415392008992043,-0.9061920128370315,0.7766840684880096,5.7359359049742845e-12,11.947226556577753,1.0371730042723395,8.647638968947573,4.336760591902721,1
-0.20431357854360688,0.2900186159196126,-0.1772252320187753,-0.2316968005963316,-1.4413941073821483,-0.906565196992484,0.7769134132186729,5.735776679914446e-12,11.964319413645034,1.0131251256450207,8.652288771990875,4.32515576729938,1
-0.20508211935672685,0.28971757104873963,-0.17785976214640642,-0.2325831680258822,-1.4412483558524363,-0.9069401548772659,0.7771438673955482,5.735621535836248e-12,11.981419638645963,0.9890337320746441,8.656930545915966,4.313522824804844,1
-0.20585160470207617,0.28941502581393513,-0.17849470608306922,-0.23347079903142734,-1.441101946098346,-0.9073168876532317,0.77737543200012,5.735465697529198e-12,11.998527055107912,0.9648989306017759,8.661564199937516,4.301861785772376,1
-0.2066220292815273,0.28911097816302955,-0.17913005666562512,-0.23435968893083223,-1.4409548779280343,-0.9076953964355053,0.7776081079868647,5.7353150869134795e-12,12.015641486506684,0.9407208288710033,8.666189643416764,4.290172671961127,1
-0.20739338778480082,0.28880542607470844,-0.1797658067179559,-0.2352498330313493,-1.4408071511695832,-0.9080756822923433,0.7778418962831606,5.735158040157364e-12,12.032762756270108,0.9164995351307242,8.670806785863963,4.278455505537072,1
-0.20816567488953697,0.2884983675586615,-0.18040194905113457,-0.23614122662966555,-1.4406587656710574,-0.9084577462449706,0.7780767977891814,5.735005343916871e-12,12.049890687781637,0.8922351582329261,8.675415536940822,4.266710309073944,1
-0.20893888526136717,0.28818980065572997,-0.1810384764635972,-0.2370338650119496,-1.4405097213005484,-0.9088415892674443,0.7783128133778059,5.734857532019434e-12,12.067025104383958,0.8679278076329354,8.680015806462947,4.2549371055541485,1
-0.2097130135539856,0.2878797234380538,-0.18167538174131498,-0.2379277434538992,-1.440360017946226,-0.9092272122865068,0.7785499438945223,5.734708261684854e-12,12.08416582938258,0.8435775933891781,8.684607504402281,4.2431359183696795,1
-0.21048805440921994,0.2875681340092175,-0.18231265765796678,-0.23882285722078755,-1.4402096555163812,-0.9096146161814503,0.7787881901573378,5.7345605875535475e-12,12.10131268604941,0.8191846261629551,8.689190540889523,4.231306771323045,1
-0.21126400245710425,0.2872550305043944,-0.18295029697511386,-0.23971920156751078,-1.4400586339394748,-0.9100038017839778,0.7790275529566868,5.734413168389769e-12,12.118465497626364,0.7947490172181401,8.693764826216563,4.219449688628144,1
-0.21204085231595013,0.2869404110904911,-0.1835882924423739,-0.24061677173863347,-1.4399069531641826,-0.9103947698780595,0.7792680330553357,5.7342694193588286e-12,12.135624087328942,0.77027087842094,8.698330270838904,4.2075646949111825,1
-0.21281859859242014,0.28662427396628953,-0.18422663679759763,-0.24151556296843663,-1.4397546131594392,-0.9107875211998031,0.7795096311882961,5.734125678098965e-12,12.152788278349849,0.7457503222395685,8.702886785378086,4.195651815211535,1
-0.21359723588159815,0.28630661736258917,-0.18486532276704348,-0.24241557048096238,-1.4396016139144792,-0.9111820564373256,0.7797523480627387,5.733982645473896e-12,12.169957893862527,0.7211874617440106,8.707434280624089,4.183711074982653,1
-0.2143767587670626,0.2859874395423476,-0.18550434306555547,-0.24331678949006122,-1.4394479554388786,-0.9115783762306222,0.7799961843579056,5.7338429794235715e-12,12.187132757024767,0.6965824106056964,8.711972667537747,4.17174250009292,1
-0.21515716182095995,0.2856667388008197,-0.18614369039674164,-0.24421921519943796,-1.4392936377625971,-0.9119764811714384,0.7802411407250237,5.7337027818363926e-12,12.204312690982306,0.6719352830971607,8.716501857253162,4.1597461168265095,1
-0.21593843960407577,0.2853445134656968,-0.1867833574531515,-0.2451228428026974,-1.439138660936016,-0.9123763718031463,0.7804872177872211,5.733566364342214e-12,12.221497518872377,0.6472461940917696,8.721021761080092,4.147721951884259,1
-0.21672058666590852,0.28502076189724357,-0.1874233369164561,-0.24602766748338975,-1.438983025029977,-0.9127780486206225,0.7807344161394435,5.733429172061386e-12,12.238687063827301,0.622515259063363,8.725532290506358,4.1356700323845095,1
-0.21750359754474224,0.28469548248843485,-0.188063621457628,-0.24693368441505711,-1.4388267301358193,-0.9131815120701289,0.7809827363483735,5.733297965912996e-12,12.255881148978057,0.5977425940859169,8.73003335720023,4.123590385863947,1
-0.21828746676771943,0.28436867366509083,-0.1887042037371219,-0.2478408887612779,-1.4386697763654133,-0.9135867625492003,0.7812321789523523,5.733163328795619e-12,12.273079597457851,0.5729283158332027,8.734524873012816,4.111483040278443,1
-0.21907218885091517,0.28404033388601096,-0.18934507640505704,-0.2487492756757134,-1.438512163851201,-0.913993800406516,0.7814827444612926,5.733033842836631e-12,12.290282232405712,0.5480725415783994,8.739006749980451,4.0993480240038656,1
-0.21985775829940907,0.2837104616431076,-0.1899862321013983,-0.24965884030215166,-1.4383538927462218,-0.9144026259418088,0.7817344333566139,5.732900246733782e-12,12.307488876970012,0.523175389193764,8.74347890032706,4.087185365836921,1
-0.22064416960735994,0.28337905546153763,-0.19062766345614046,-0.25056957777455324,-1.438194963224152,-0.914813239405735,0.7819872460911529,5.7327706533076335e-12,12.324699354312074,0.49823697715021775,8.74794123646655,4.074995094995946,1
-0.22143141725807922,0.2830461138998335,-0.1912693630894916,-0.25148148321709624,-1.4380353754793318,-0.9152256409997805,0.7822411830890974,5.73263989747284e-12,12.341913487609718,0.4732574245169602,8.752393671005168,4.062777241121717,1
-0.22221949572410465,0.28271163555003287,-0.1919113236120577,-0.25239455174422054,-1.4378751297267975,-0.9156398308761492,0.7824962447459075,5.732510175365227e-12,12.359131100060827,0.44823685096107535,8.756836116743864,4.050531834278244,1
-0.223008399467274,0.2823756190378076,-0.19255353762502764,-0.25330877846067273,-1.43771422620231,-0.9160558091376649,0.7827524314282462,5.7323845038323456e-12,12.376352014886892,0.423175376747125,8.761268486680658,4.038258904953565,1
-0.22379812293879978,0.2820380630225908,-0.19319599772035984,-0.25422415846155066,-1.4375526651623833,-0.9164735758376653,0.7830097434739043,5.732258433952102e-12,12.39357605533659,0.3980731227367075,8.765690694012989,4.025958484060514,1
-0.2245886605793426,0.28169896619770374,-0.19383869648096808,-0.25514068683234725,-1.4373904468843108,-0.9168931309799118,0.7832681811917344,5.732136888668092e-12,12.410803044689306,0.37293021038805524,8.770102652140062,4.0136306029375035,1
-0.22538000681908693,0.28135832729048027,-0.19448162648091014,-0.25605835864899573,-1.4372275716661893,-0.9173144745184932,0.7835277448615823,5.732012498065954e-12,12.428032806258722,0.3477467617555468,8.774504274665201,4.001275293349272,1
-0.22617215607781382,0.28101614506239175,-0.19512478028557448,-0.2569771689779123,-1.4370640398269443,-0.9177376063577346,0.7837884347342197,5.731891253220324e-12,12.445265163396323,0.3225228994893101,8.778895475398176,3.9888925874876606,1
-0.226965102764977,0.2806724183091695,-0.19576815045187013,-0.2578971128760409,-1.436899851706357,-0.9181625263520965,0.784050251031272,5.7317714920956074e-12,12.462499939494974,0.2972587468347187,8.78327616835755,3.976482517972346,1
-0.22775884127977686,0.2803271458609266,-0.1964117295284155,-0.25881818539089685,-1.436735007665081,-0.9185892343061015,0.7843131939451625,5.731654690877944e-12,12.47973695799244,0.2719544276319391,8.787646267772999,3.9640451178515854,1
-0.2285533660112365,0.2799803265822781,-0.19705551005572955,-0.259740381560611,-1.4365695080846645,-0.9190177299742478,0.7845772636390478,5.731538405157887e-12,12.496976042374953,0.24661006631541382,8.792005688087642,3.951580420602932,1
-0.2293486713382751,0.27963195937246116,-0.19769948456642109,-0.2606636964139718,-1.4364033533675726,-0.9194480130609174,0.7848424602467502,5.73142100909146e-12,12.514217016180712,0.221225787913421,8.796354343960353,3.939088460133986,1
-0.2301447516297844,0.2792820431654525,-0.1983436455853813,-0.2615881249704695,-1.436236543937202,-0.9198800832203083,0.7851087838727048,5.73130413231785e-12,12.531459703003433,0.19580171804753047,8.80069215026808,3.926569270783088,1
-0.23094160124470398,0.27893057693008577,-0.19898798562997602,-0.26251366224033995,-1.4360690802379026,-0.9203139400563466,0.7853762345918932,5.73119014443261e-12,12.548703926495891,0.17033798293208938,8.805019022108159,3.914022887320028,1
-0.23173921453209645,0.2785775596701669,-0.199632497210238,-0.2634403032246068,-1.4359009627349888,-0.920749583122624,0.7856448124497941,5.731077436986237e-12,12.56594951037343,0.1448347093737066,8.8093348748006,3.9014493449467444,1
-0.23253758583122297,0.2782229904245892,-0.20027717282906057,-0.2643680429151244,-1.4357321919147599,-0.9211870119223116,0.7859145174623174,5.730965415689031e-12,12.583196278417493,0.1192920247707214,8.813639623890401,3.888848679298021,1
-0.2333367094716191,0.2778668682674464,-0.2009220049823915,-0.2652968762946208,-1.4355627682845074,-0.9216262259081076,0.7861853496157603,5.730855876000071e-12,12.60044405447913,0.09371005711264954,8.817933185149828,3.8762209264421603,1
-0.2341365797731714,0.2775091923081445,-0.2015669861594284,-0.2662267983367408,-1.4353926923725342,-0.9220672244821534,0.7864573088667427,5.730743264827817e-12,12.617692662482547,0.06808893497960906,8.822215474580714,3.863566122881652,1
-0.23493719104619257,0.27714996169151324,-0.20221210884281343,-0.2671578040060878,-1.4352219647281612,-0.922510006995982,0.7867303951421635,5.730630914041398e-12,12.634941926428588,0.04242878754177546,8.826486408416729,3.850884305553846,1
-0.23573853759149835,0.27678917559791505,-0.20285736550882966,-0.2680898882582668,-1.4350505859217397,-0.9229545727504498,0.7870046083391453,5.730527720997994e-12,12.652191670398269,0.016729744558783618,8.830745903125663,3.8381755118316008,1
-0.23654061370048274,0.27642683324335426,-0.20350274862759682,-0.2690230460399255,-1.4348785565446591,-0.9234009209956823,0.787279948324988,5.730418536337769e-12,12.669441718556252,-0.009008063620829114,8.83499387541169,3.8254397795239456,1
-0.2373434136551963,0.2760629338795833,-0.20414825066326997,-0.269957272288798,-1.4347058772093562,-0.923849050931013,0.7875564149371181,5.730316202924777e-12,12.686691895154398,-0.03478450606028183,8.839230242217639,3.8126771468766916,1
-0.23814693172842114,0.27569747679420936,-0.20479386407423597,-0.27089256193374545,-1.4345325485493208,-0.9242989617049319,0.7878340079830434,5.73021128400521e-12,12.70394202453523,-0.060599451235111235,8.843454920727247,3.799887652573086,1
-0.2389511621837484,0.2753304613107985,-0.20543958131331247,-0.2718289098947984,-1.4343585712191005,-0.9247506524150362,0.7881127272403088,5.730110237091499e-12,12.721191931135442,-0.08645276703381803,8.847667828367417,3.7870713357344212,1
-0.23975609927565525,0.2749618867889793,-0.2060853948279468,-0.2727663110831982,-1.4341839458943055,-0.9252041221079795,0.7883925724564519,5.730007896596811e-12,12.738441439489396,-0.11234432075850181,8.85186888281046,3.7742282359206483,1
-0.24056173724958152,0.2745917526245447,-0.20673129706041546,-0.2737047604014392,-1.4340086732716133,-0.9256593697794233,0.7886735433489581,5.7299075665475114e-12,12.75569037423261,-0.13827397912549672,8.856058001976344,3.7613583931309846,1
-0.24136807034200639,0.27422005824955326,-0.20737728044802353,-0.27464425274330917,-1.4338327540687654,-0.9261163943740042,0.7889556396052271,5.729803979850732e-12,12.772938560105226,-0.16424160826601203,8.860235104034913,3.7484618478045144,1
-0.24217509278052793,0.27384680313242765,-0.20802333742330748,-0.2755847829939312,-1.4336561890245754,-0.9265751947852753,0.7892388608825215,5.7297089242065246e-12,12.790185821955546,-0.19024707372686833,8.864400107408148,3.7355386408207445,1
-0.24298279878393708,0.27347198677805423,-0.2086694604142333,-0.27652634602980464,-1.4334789788989197,-0.9270357698556903,0.789523206807943,5.729609392410155e-12,12.807431984743436,-0.21629024047106887,8.868552930772353,3.7225888135002294,1
-0.24379118256229862,0.27309560872787864,-0.2093156418444011,-0.2774689367188467,-1.4333011244727425,-0.9274981183765497,0.7898086769783841,5.7295088101904136e-12,12.824676873543872,-0.24237097287859324,8.872693493060401,3.709612407605092,1
-0.24460023831702643,0.27271766856000235,-0.20996187413324563,-0.27841254992043163,-1.4331226265480503,-0.9279622390879747,0.7900952709604969,5.729408232095303e-12,12.841920313550363,-0.26848913474702313,8.876821713463936,3.696609465339618,1
-0.2454099602409625,0.2723381658892764,-0.2106081496962398,-0.2793571804854337,-1.432943485947905,-0.9284281306788836,0.7903829882906637,5.729314451978499e-12,12.859162130078438,-0.2946445892922906,8.880937511435574,3.683580029350788,1
-0.24622034251845512,0.2719571003673945,-0.21125446094509837,-0.2803028232562659,-1.4327637035164253,-0.9288957917869471,0.7906718284749534,5.729219189375526e-12,12.876402148569122,-0.320837199149403,8.885040806691116,3.6705241427288193,1
-0.24703137932543567,0.27157447168298504,-0.2119008002879807,-0.28124947306692105,-1.4325832801187701,-0.9293652209985871,0.7909617909891059,5.7291232633029274e-12,12.893640194592361,-0.3470668263731428,8.889131519211722,3.6574418490077116,1
-0.24784306482949844,0.2711902795617007,-0.2125471601296964,-0.28219712474301256,-1.4324022166411388,-0.9298364168489359,0.7912528752784902,5.729034711856779e-12,12.910876093850513,-0.3733333324388555,8.89320956924612,3.6443331921657536,1
-0.24865539318997826,0.27080452376630804,-0.21319353287190973,-0.28314577310181455,-1.4322205139907593,-0.9303093778218218,0.7915450807580802,5.7289394497356416e-12,12.928109672181787,-0.39963657824318494,8.897274877312773,3.6311982166260446,1
-0.2494683585580286,0.270417204096775,-0.21383991091334448,-0.2840954129523007,-1.432038173095877,-0.9307841023497555,0.7918384068124297,5.7288468129740516e-12,12.945340755563675,-0.4259764241048286,8.901327364202057,3.6180369672570065,1
-0.2502819550767016,0.2700283203903567,-0.21448628664999114,-0.28504603909518555,-1.4318551949057439,-0.9312605888139127,0.7921328527956452,5.728754581349894e-12,12.962569170116437,-0.4523527297653604,8.905366950978435,3.6048494893728584,1
-0.251096176881025,0.2696378725216813,-0.21513265247531158,-0.28599764632296326,-1.431671580390606,-0.9317388355441221,0.7924284180313621,5.728662616874207e-12,12.979794742106485,-0.4787653543899591,8.909393558982607,3.5916358287341343,1
-0.25191101809808275,0.26924586040283277,-0.21577900078044734,-0.2869502294199488,-1.4314873305416875,-0.9322188408188615,0.7927251018127255,5.728571671515129e-12,12.997017297949867,-0.5052141565682688,8.913407109833685,3.5783960315481296,1
-0.2527264728470928,0.2688522839834338,-0.2164253239544259,-0.28790378316231524,-1.4313024463711803,-0.9327006028652407,0.7930229034023619,5.72848444811878e-12,13.014236664215668,-0.5316989943151655,8.917407525431322,3.565130144469396,1
-0.2535425352394876,0.2684571432507257,-0.21707161438436942,-0.2888583023181348,-1.43111692891222,-0.9331841198590145,0.7933218220323711,5.728396666842782e-12,13.031452667629459,-0.5582197250716333,8.921394727957871,3.55183821460017,1
-0.25435919937899193,0.26806043822964915,-0.21771786445570182,-0.28981378164741783,-1.4309307792188755,-0.9336693899245656,0.7936218569042974,5.728310362495612e-12,13.048665135076696,-0.5847762057055449,8.925368639880512,3.538520289490855,1
-0.25517645936170325,0.2676621689829213,-0.21836406655235807,-0.2907702159021511,-1.4307439983661256,-0.9341564111349159,0.7939230071891191,5.728224907096255e-12,13.065873893606154,-0.6113682925125428,8.929329183953387,3.525176417140441,1
-0.25599430927617134,0.26726233561111296,-0.21901021305699328,-0.2917275998263376,-1.4305565874498418,-0.9346451815117259,0.7942252720272305,5.728139347289865e-12,13.08307877043334,-0.6379958412168962,8.933276283219723,3.5118066459969395,1
-0.2568127432034776,0.266860938252724,-0.2196562963511918,-0.29268592815603534,-1.4303685475867651,-0.9351356990253042,0.7945286505284294,5.728060131430898e-12,13.100279592943895,-0.6646587069723596,8.937209861013946,3.4984110249578086,1
-0.2576317552173153,0.2664579770842569,-0.2203023088156777,-0.29364519561939545,-1.4301798799144836,-0.935627961594619,0.7948331417719063,5.727972813816764e-12,13.117476188697008,-0.691356744363077,8.941129840963795,3.484989603370356,1
-0.2584513393840692,0.2660534523202898,-0.22094824283052436,-0.2946053969367018,-1.429990585591411,-0.936121967087303,0.7951387448062291,5.727894489535506e-12,13.134668385428805,-0.7180898074044482,8.945036146992424,3.4715424310321534,1
-0.25927148976289566,0.2656473642135475,-0.22159409077536552,-0.29556652682040835,-1.4298006657967581,-0.9366177133196782,0.7954454586493396,5.7278086559011615e-12,13.151856011055749,-0.7448577495440489,8.948928703320496,3.4580695581914234,1
-0.26009220040580344,0.265239713054971,-0.22223984502960667,-0.2965285799751778,-1.429610121730511,-0.9371151980567644,0.7957532822885395,5.7277266408249e-12,13.16903889367804,-0.7716604236625616,8.952807434468282,3.4445710355474164,1
-0.26091346535773335,0.26483049917378615,-0.22288549797263593,-0.2974915510979206,-1.4294189546133995,-0.9376144190123068,0.7960622146804895,5.727641345121256e-12,13.186216861582988,-0.7984976820746783,8.956672265257733,3.4310469142507953,1
-0.26173527865663904,0.2644197229375705,-0.22353104198403614,-0.2984554348778317,-1.4292271656868718,-0.9381153738487935,0.7963722547512002,5.727565596882686e-12,13.203389743248396,-0.8253693765300537,8.960523120814566,3.4174972459039963,1
-0.2625576343335678,0.2640073847523187,-0.22417646944379727,-0.2994202259964295,-1.4290347562130632,-0.9386180601774846,0.7966834013960306,5.7274905170734995e-12,13.220557367345949,-0.8522753582142669,8.964359926570326,3.4039220825615764,1
-0.26338052641274123,0.26359348506250674,-0.22482177273252868,-0.30038591912759327,-1.4288417274747662,-0.9391224755584373,0.7969956534796844,5.7274150028806304e-12,13.237719562744573,-0.8792154777497729,8.968182608264456,3.3903214767305654,1
-0.26420394891163573,0.26317802435115456,-0.22546694423167202,-0.30135250893760096,-1.4286480807753972,-0.9396286175005404,0.7973090098362116,5.727336212782969e-12,13.254876158513804,-0.9061895851968803,8.971991091946345,3.3766954813708003,1
-0.2650278958410644,0.2627610031398872,-0.22611197632371488,-0.30231999008516613,-1.4284538174389654,-0.9401364834615414,0.797623469269005,5.727263288310287e-12,13.27202698392716,-0.9331975300547539,8.975785303977386,3.363044149895244,1
-0.26585236120525685,0.262342421988995,-0.2267568613924035,-0.3032883572214765,-1.4282589388100349,-0.9406460708480926,0.7979390305508085,5.727189151007448e-12,13.289171868465479,-0.9602391612623824,8.979565171033006,3.349367536170315,1
-0.266677339001942,0.2619222814974913,-0.22740159182295774,-0.3042576049902305,-1.4280634462536927,-0.941157377015779,0.7982556924237147,5.727116772390205e-12,13.306310641820291,-0.9873143271996322,8.983330620104711,3.3356656945161722,1
-0.26750282322242835,0.26150058230317,-0.22804616000228445,-0.30522772802767456,-1.42786734115551,-0.9416703992691654,0.7985734535991729,5.727043050031727e-12,13.323443133897154,-1.014422875688237,8.987081578502112,3.3219386797070305,1
-0.2683288078516859,0.2610773250826608,-0.22869055831919222,-0.3061987209626401,-1.4276706249215052,-0.9421851348618384,0.7988923127579941,5.726972099018844e-12,13.340569174818997,-1.0415646539928478,8.990817973854938,3.3081865469714367,1
-0.26915528686842755,0.2606525105514831,-0.22933477916460604,-0.30717057841658024,-1.4274732989781025,-0.9427015809964568,0.7992122685503621,5.726906148103979e-12,13.357688594929455,-1.0687395088220735,8.994539734115058,3.2944093519925493,1
-0.26998225424519173,0.26022613946409856,-0.22997881493178304,-0.3081432950036074,-1.427275364772094,-0.9432197348247962,0.7995333195958393,5.726840300716937e-12,13.374801224796213,-1.0959472863295645,8.998246787558482,3.280607150908393,1
-0.2708097039484233,0.2597982126139625,-0.23062265801652698,-0.30911686533052934,-1.427076823770598,-0.9437395934477989,0.799855464483377,5.726766003966161e-12,13.391906895214323,-1.1231878321150524,9.001939062787365,3.266780000312133,1
-0.2716376299385554,0.25936873083357365,-0.23126630081740376,-0.31009128399688524,-1.426877677461014,-0.9442611539156384,0.8001787017713329,5.7266948427684204e-12,13.409005437209505,-1.1504609912254302,9.005616488731985,3.252927957252317,1
-0.2724660261700932,0.2589376949945215,-0.2319097357359586,-0.3110665455949834,-1.4266779273509829,-0.9447844132277604,0.800503029987476,5.7266264025860454e-12,13.42609668204151,-1.1777666081558968,9.009278994652746,3.2390510792330947,1
-0.27329488659169426,0.2585051060075341,-0.2325529551769306,-0.3120426447099364,-1.4264775749683383,-0.945309368332957,0.8008284476290097,5.7265564718200376e-12,13.443180461207389,-1.205104526851007,9.012926510142144,3.225149424214466,1
-0.2741242051462526,0.25807096482252245,-0.23319595154847023,-0.3130195759196974,-1.4262766218610612,-0.9458360161294226,0.8011549531625851,5.726489664073371e-12,13.460256606444819,-1.232474590705836,9.016558965126734,3.211223050612477,1
-0.27495397577097946,0.25763527242862494,-0.23383871726235503,-0.3139973337950971,-1.4260750695972342,-0.9463643534648168,0.8014825450243174,5.726428396467359e-12,13.477324949735388,-1.25987664256707,9.020176289869099,3.1972720172994475,1
-0.27578419239748764,0.2571980298542491,-0.23448124473420712,-0.3149759128998784,-1.425872919764991,-0.9468943771363366,0.8018112216198082,5.726363138050781e-12,13.494385323307904,-1.287310524734185,9.023778414969799,3.1832963836041492,1
-0.2766148489518732,0.2567592381671128,-0.2351235263837099,-0.31595530779073316,-1.4256701739724693,-0.9474260838907802,0.8021409813241631,5.726294486298608e-12,13.511437559641678,-1.314776078960588,9.027365271369321,3.169296209311997,1
-0.2774459393547989,0.25631889847428346,-0.2357655546348253,-0.31693551301733724,-1.4254668338477579,-0.9479594704246223,0.8024718224820147,5.7262285075834374e-12,13.528481491469801,-1.3422731464547848,9.030936790350019,3.1552715546652266,1
-0.27827745752157684,0.2558770119222155,-0.23640732191601121,-0.3179165231223867,-1.4252629010388433,-0.948494533384096,0.8028037434075511,5.7261637112244964e-12,13.545516951782432,-1.3698015678815696,9.03449290353804,3.1412224803630533,1
-0.27910939736225154,0.25543357969678765,-0.23704882066043878,-0.3188983326416321,-1.4250583772135628,-0.9490312693652536,0.8031367423845306,5.726101034557634e-12,13.562543773830054,-1.3973611833631907,9.038033542905252,3.127149047561843,1
-0.27994175278168376,0.2549886030233367,-0.23769004330621077,-0.3198809361039153,-1.4248532640595426,-0.9495696749140651,0.8034708176663188,5.72603443014979e-12,13.579561791126762,-1.4249518324805959,9.041558640771163,3.113051317875234,1
-0.28077451767963363,0.25454208316669147,-0.23833098229657926,-0.3208643280312037,-1.4246475632841489,-0.9501097465264859,0.8038059674759079,5.725972477001436e-12,13.596570837453509,-1.452573354274628,9.045068129804829,3.0989293533742837,1
-0.2816076859508436,0.25409402143120463,-0.23897163008016334,-0.3218485029386251,-1.4244412766144294,-0.950651480648547,0.8041421900059487,5.725915025649425e-12,13.61357074686136,-1.4802255872472454,9.04856194302675,3.084783216587597,1
-0.2824412514851227,0.253644419160783,-0.23961197911116763,-0.32283345533450364,-1.4242344057970513,-0.9511948736764536,0.8044794834187879,5.7258539655859214e-12,13.630561353674738,-1.5079083693627753,9.052040013810762,3.0706129705014336,1
-0.28327520816743024,0.2531932777389163,-0.24025202184960093,-0.3238191797203938,-1.424026952598251,-0.9517399219566545,0.8048178458464875,5.725792457164917e-12,13.647542492494685,-1.5356215380491745,9.055502275885935,3.0564186785598086,1
-0.28410954987795906,0.2527405985887047,-0.24089175076149402,-0.32480567059111526,-1.423818918803767,-0.9522866217859511,0.8051572753908679,5.725732669597441e-12,13.664513998202072,-1.5633649301992762,9.058948663338434,3.042200404664595,1
-0.28494427049222065,0.25228638317288415,-0.24153115831911925,-0.3257929224347873,-1.4236103062187848,-0.9528349694115826,0.8054977701235368,5.725672127032545e-12,13.68147570596086,-1.5911383821721012,9.062379110613403,3.02795821317559,1
-0.28577936388112773,0.25183063299385167,-0.24217023700120804,-0.32678092973286427,-1.4234011166678702,-0.9533849610313303,0.8058393280859295,5.725614354864067e-12,13.698427451221294,-1.6189417297941016,9.065793552516816,3.01369216891061,1
-0.28661482391108006,0.251373349593687,-0.24280897929317086,-0.32776968696016895,-1.4231913519949084,-0.9539365927936158,0.806181947289345,5.725559116161602e-12,13.715369069723145,-1.6467748083605167,9.069191924217336,2.999402337145528,1
-0.28745064444404717,0.25091453455417495,-0.243447377687315,-0.32875918858492653,-1.4229810140630397,-0.9544898607976026,0.8065256257149845,5.725506717987128e-12,13.732300397498907,-1.6746374526366399,9.072574161248156,2.985088783614345,1
-0.2882868193376544,0.25045418949682413,-0.24408542468306477,-0.32974942906880017,-1.4227701047545949,-0.9550447610932996,0.8068703613139907,5.725452467357285e-12,13.749221270877019,-1.7025294968591962,9.075940199508846,2.9707515745092112,1
-0.2891233424452657,0.24999231608288633,-0.24472311278717918,-0.3307404028669229,-1.422558625971029,-0.9556012896816697,0.8072161520074899,5.725395883242769e-12,13.766131526485044,-1.7304507747376279,9.079289975267171,2.9563907764804793,1
-0.28996020761607055,0.24952891601337202,-0.24536043451397263,-0.3317321044279342,-1.4223465796328518,-0.9561594425147422,0.8075629956866368,5.7253359481138675e-12,13.783031001252892,-1.7584011194555167,9.082623425160921,2.9420064566366904,1
-0.29079740869516635,0.24906399102906673,-0.2459973823855324,-0.33272452819401116,-1.4221339676795626,-0.9567192154957203,0.807910890212656,5.72527752198793e-12,13.799919532415979,-1.786380363671876,9.08594048619972,2.9275986825446205,1
-0.291634939523645,0.24859754291054384,-0.24663394893193905,-0.3337176686009034,-1.4219207920695769,-0.9572806044791028,0.8082598334168917,5.725219962377473e-12,13.816796957518426,-1.8143883395225873,9.089241095766829,2.913167522229248,1
-0.2924727939386771,0.2481295734781773,-0.24727012669148488,-0.3347115200779671,-1.4217070547801598,-0.9578436052707935,0.8086098231008497,5.725169558274779e-12,13.833663114416222,-1.8424248786217519,9.092525191620947,2.898713044173761,1
-0.29331096577359744,0.24766008459215186,-0.24790590821089373,-0.33570607704819694,-1.421492757807353,-0.958408213628222,0.8089608570362475,5.7251171942740916e-12,13.850517841280407,-1.8704898120631217,9.095792711898001,2.884235317319521,1
-0.29414944885799055,0.24718907815247215,-0.24854128604554007,-0.33670133392826096,-1.4212779031659,-0.9589744252604736,0.8093129329650681,5.72506684006582e-12,13.867360976600226,-1.8985829704215123,9.099043595112922,2.869734411066029,1
-0.29498823701777493,0.2467165560989707,-0.24917625275966773,-0.33769728512853314,-1.4210624928891744,-0.9595422358284058,0.8096660485996067,5.725011308938019e-12,13.884192359186276,-1.926704183754206,9.102277780161415,2.855210395270893,1
-0.29582732407528955,0.24624252041131345,-0.24981080092660968,-0.3386939250531258,-1.4208465290291046,-0.960111640944779,0.8100202016225253,5.724956606750432e-12,13.901011828173665,-1.9548532816024176,9.105495206321725,2.8406633402497605,1
-0.29666670384937943,0.24576697310900436,-0.25044492312900735,-0.339691248099924,-1.4206300136561019,-0.9606826361743743,0.8103753896869001,5.724898277701628e-12,13.917819223025164,-1.9830300929927513,9.108695813256398,2.826093316776252,1
-0.29750637015548065,0.24528991625138846,-0.25107861195902925,-0.3406892486606167,-1.4204129488589767,-0.9612552170341432,0.8107316104162872,5.724839699053033e-12,13.934614383534319,-2.0112344464386487,9.111879541014018,2.81150039608189,1
-0.29834631680570683,0.244811351937653,-0.2517118600185906,-0.3416879211207319,-1.4201953367448636,-0.9618293789933339,0.8110888614047745,5.724791641478742e-12,13.951397149828601,-2.0394661699418895,9.115046330030948,2.7968846498560005,1
-0.2991865376089344,0.2443312823068278,-0.25234465991957183,-0.342687259859666,-1.4199771794391474,-0.9624051174736161,0.8114471402170332,5.724742435324324e-12,13.96816736237251,-2.0677250909940517,9.118196121133064,2.782246150245632,1
-0.3000270263708891,0.24384970953778298,-0.2529770042840383,-0.34368725925071997,-1.4197584790853752,-0.9629824278492382,0.8118064443883874,5.724695301233334e-12,13.984924861970706,-2.0960110365780515,9.121328855537467,2.7675849698554247,1
-0.30086777689423233,0.24336663584922597,-0.25360888574445895,-0.3446879136611291,-1.4195392378451817,-0.9635613054471546,0.812166771424867,5.724649047175227e-12,14.001669489771112,-2.1243238331696483,9.124444474854204,2.7529011817474967,1
-0.3017087829786466,0.24288206349969682,-0.254240296943925,-0.3456892174520964,-1.4193194578982047,-0.9641417455471737,0.812528118803272,5.724603478439987e-12,14.018401087268014,-2.1526633067389667,9.127542921087969,2.7381948594413155,1
-0.3025500384209222,0.24239599478756207,-0.2548712305363686,-0.3466911649788243,-1.4190991414420036,-0.9647237433821013,0.8128904839712346,5.724559012205553e-12,14.035119496305146,-2.18102928275203,9.130624136639792,2.7234660769135615,1
-0.3033915370150444,0.24190843205100612,-0.2555016791867824,-0.3476937505905479,-1.4188782906919741,-0.9653072941378917,0.8132538643472854,5.724508284600568e-12,14.051824559078808,-2.209421586172362,9.133688064308737,2.708714908597947,1
-0.30423327255227867,0.24141937766802277,-0.25613163557143676,-0.3486969686305657,-1.418656907881264,-0.9658923929537963,0.8136182573209183,5.7244588584575326e-12,14.068516118140908,-2.237840041462497,9.136734647293567,2.6939414293850836,1
-0.30507523882125875,0.24092883405640342,-0.25676109237809946,-0.34970081343627185,-1.4184349952606907,-0.9664790349225073,0.8139836602526522,5.724408047338959e-12,14.085194016402069,-2.2662844725856104,9.13976382919442,2.679145714622279,1
-0.3059174296080719,0.24043680367372544,-0.25739004230625295,-0.3507052793391885,-1.4182125550986486,-0.9670672150903274,0.8143500704741086,5.7243670405918615e-12,14.101858097134665,-2.294754703007065,9.142775554014467,2.664327840113374,1
-0.3067598386963473,0.23994328901733722,-0.2580184780673134,-0.351710360664997,-1.4179895896810273,-0.9676569284573122,0.814717485288072,5.724318470562349e-12,14.118508203975908,-2.323250555696068,9.145769766161562,2.64948788211852,1
-0.30760245986734186,0.2394482926243433,-0.2586463923848479,-0.3527160517335692,-1.4177661013111196,-0.9682481699774371,0.815085901968566,5.724279023714227e-12,14.13514418093088,-2.351771853127246,9.148746410449885,2.6346259173539903,1
-0.30844528690002854,0.2389518170715864,-0.25927377799479345,-0.35372234685900006,-1.417542092309533,-0.9688409345587556,0.8154553177609234,5.724235241168146e-12,14.151765872375597,-2.3803184172823295,9.151705432101576,2.619742022991933,1
-0.30928831357118103,0.23845386497563018,-0.2599006276456725,-0.35472924034963693,-1.4173175650140994,-0.9694352170635628,0.8158257298818594,5.724189442616326e-12,14.168373123060002,-2.4088900696517066,9.154646776748352,2.6048362766601856,1
-0.310131533655465,0.23795443899273683,-0.26052693409881356,-0.35573672650811383,-1.417092521779785,-0.9700310123085584,0.8161971355195449,5.724148277163561e-12,14.184965778111074,-2.4374866312362156,9.157570390433138,2.5899087564419636,1
-0.3109749409255216,0.2374535418188473,-0.2611526901285654,-0.35674479963138006,-1.4168669649785948,-0.9706283150650198,0.8165695318336855,5.724105475015681e-12,14.20154368303577,-2.4661079225486895,9.16047621961165,2.5749595408756707,1
-0.31181852915205727,0.2369511761895569,-0.26177788852251604,-0.35775345401073216,-1.4166408969994846,-0.971227120058962,0.8169429159555927,5.72406436198891e-12,14.21810668372408,-2.4947537636157104,9.163364211154015,2.5599887089545965,1
-0.31266229210393043,0.23644734488009056,-0.26240252208170894,-0.35876268393184474,-1.4164143202482615,-0.971827421971321,0.8173172849882685,5.7240211267950905e-12,14.234654626452032,-2.5234239739792854,9.166234312346338,2.5449963401266498,1
-0.3135062235482397,0.2359420507052763,-0.26302658362086,-0.3597724836748026,-1.416187237147493,-0.9724292154381193,0.8176926360064805,5.72397594025471e-12,14.251187357884689,-2.55211837269857,9.169086470892298,2.5299825142940637,1
-0.31435031725041074,0.23543529651951778,-0.26365006596857327,-0.360782847514129,-1.4159596501364093,-0.9730324950506444,0.818068966056843,5.723938503756588e-12,14.267704725079128,-2.580836778351557,9.1719206349147,2.5149473118131125,1
-0.31519456697428555,0.2349270852167638,-0.26427296196755806,-0.36179376971881877,-1.415731561670808,-0.973637255355626,0.8184462721578997,5.723895304761106e-12,14.28420657548745,-2.609579009036865,9.174736752957054,2.499890813493775,1
-0.3160389664822092,0.23441741973047803,-0.2648952644748442,-0.36280524455236773,-1.415502974222954,-0.9742434908554193,0.8188245513002073,5.723854240800041e-12,14.300692756959739,-2.638344882375444,9.177534773985107,2.4848131005994327,1
-0.31688350953511846,0.23390630303360596,-0.2655169663619978,-0.36381726627280314,-1.4152738902814856,-0.9748511960081796,0.8192038004464156,5.723808252164214e-12,14.31716311774703,-2.6671342155123527,9.180314647388396,2.469714254846527,1
-0.3177281898926298,0.2333937381385409,-0.2661380605153366,-0.3648298291327143,-1.4150443123513103,-0.9754603652280571,0.8195840165313597,5.723770042634333e-12,14.333617506504277,-2.695946825118531,9.183076322981774,2.454594358404217,1
-0.3185730013131277,0.23287972809708804,-0.26675853983614517,-0.36584292737928287,-1.4148142429535087,-0.976070992885373,0.8199651964621395,5.723723466646384e-12,14.3500557722933,-2.7247825273925885,9.185819751006937,2.4394534938940207,1
-0.3194179375538535,0.23236427600042708,-0.2673783972408899,-0.3668565552543135,-1.414583684625231,-0.9766830733068138,0.8203473371182121,5.723681333437099e-12,14.366477764585747,-2.7536411380626213,9.188544882133934,2.424291744389438,1
-0.3202629923709927,0.231847384979074,-0.2679976256614327,-0.36787070699426283,-1.4143526399195987,-0.9772966007756158,0.8207304353514763,5.723638884731642e-12,14.382883333266001,-2.7825224723879853,9.19125166746267,2.4091091934155933,1
-0.32110815951976496,0.23132905820283964,-0.26861621804524616,-0.36888537683027095,-1.4141211114055967,-0.9779115695317662,0.8211144879863689,5.723603443175952e-12,14.399272328634142,-2.8114263451611796,9.193940058524397,2.393905924948813,1
-0.3219534327545113,0.2308092988807888,-0.2692341673556264,-0.36990055898818996,-1.413889101667974,-0.9785279737721917,0.8214994918199521,5.723561181326798e-12,14.41564460140884,-2.8403525707096295,9.196610007283207,2.3786820234162516,1
-0.32279880582878406,0.23028811026119608,-0.2698514665719073,-0.37091624768861436,-1.4136566133071402,-0.9791458076509489,0.8218854436220022,5.7235285205489075e-12,14.43200000273029,-2.8693009628975816,9.199261466137498,2.363437573695458,1
-0.3236442724954345,0.22976549563150145,-0.27046810868967297,-0.371932437146911,-1.4134236489390577,-0.9797650652794337,0.8222723401351104,5.7234897365110306e-12,14.448338384163092,-2.8982713351279363,9.201894387921442,2.348172661113963,1
-0.3244898265067034,0.22924145831826265,-0.27108408672097156,-0.3729491215732491,-1.413190211195137,-0.9803857407265749,0.8226601780747733,5.723446572100921e-12,14.464659597699187,-2.927263500344179,9.204508725906441,2.3328873714488165,1
-0.325335461614308,0.22871600168710846,-0.27169939369452617,-0.3739662951726288,-1.412956302722131,-0.9810078280190372,0.8230489541294896,5.723399819105451e-12,14.480963495760696,-2.9562772710322025,9.20710443380257,2.317581790926173,1
-0.3261811715695328,0.22818912914268796,-0.27231402265594823,-0.3749839521449104,-1.4127219261820267,-0.9816313211414244,0.8234386649608565,5.7233652878315994e-12,14.497249931202836,-2.9853124592222717,9.209681465760013,2.302256006220801,1
-0.32702695012331756,0.2276608441286201,-0.27292796666794816,-0.3760020866848458,-1.4124870842519397,-0.982256214036482,0.8238293072036655,5.7233348921916e-12,14.513518757316774,-3.014368876490902,9.212239776370494,2.2869101044556293,1
-0.3278727910263475,0.22713115012744028,-0.27354121881054727,-0.377020692982106,-1.412251779624001,-0.9828825006053136,0.8242208774660077,5.7233065401462455e-12,14.529769827832498,-3.043446333962823,9.214779320668681,2.2715441732012454,1
-0.3287186880291422,0.22660005066054645,-0.27415377218128845,-0.37803976522131116,-1.4120160150052514,-0.9835101747075812,0.8246133723293678,5.723272645432187e-12,14.546002996921674,-3.072544642312916,9.217300054133606,2.2561583004754047,1
-0.3295646348821443,0.22606754928814388,-0.2747656198954456,-0.37905929758205764,-1.4117797931175293,-0.9841392301617216,0.8250067883487291,5.723244628939856e-12,14.562218119200466,-3.101663611768127,9.219801932690048,2.240752574742543,1
-0.33041062533581067,0.22553364960918662,-0.2753767550862353,-0.38007928423895165,-1.4115431166973607,-0.9847696607451567,0.8254011220526738,5.723218248513965e-12,14.578415049732413,-3.1308030521095183,9.222284912709931,2.2253270849132165,1
-0.33125665314070063,0.2249983552613196,-0.275987170905025,-0.3810997193616329,-1.4113059884958485,-0.9854014601945051,0.8257963699434847,5.723182572669296e-12,14.594593644031232,-3.159962772674192,9.22474895101369,2.209881920343601,1
-0.33210271204756586,0.2244616699208181,-0.27659686052154214,-0.3821205971148075,-1.411068411278557,-0.9860346222058081,0.8261925284972558,5.723145840926488e-12,14.610753758063632,-3.1891425823572974,9.227194004871645,2.1944171708349423,1
-0.3329487958074405,0.22392359730252556,-0.2772058171240834,-0.38314191165827427,-1.4108303878254014,-0.9866691404347387,0.8265895941639919,5.723112072058201e-12,14.626895248252143,-3.2183422896140583,9.229620032005347,2.1789329266329918,1
-0.33379489817173114,0.22338414115979022,-0.27781403391972237,-0.38416365714695516,-1.4105919209305333,-0.9873050084968278,0.8269875633677191,5.72307261607349e-12,14.643017971477912,-3.2475617024617933,9.23202699058893,2.1634292784274414,1
-0.3346410128923061,0.22284330528440038,-0.27842150413451733,-0.38518582773092286,-1.4103530134022275,-0.9879422199676786,0.8273864325065878,5.7230428156131975e-12,14.659121785083485,-3.276800628481941,9.234414839250446,2.147906317351351,1
-0.33548713372158606,0.2223010935065175,-0.27902822101371827,-0.38620841755543006,-1.4101136680627628,-0.9885807683832032,0.8277861979529899,5.723010740081789e-12,14.67520654687561,-3.306058874822129,9.236783537073192,2.1323641349805436,1
-0.3363332544126328,0.22175750969460928,-0.27963417782197286,-0.3872314207609363,-1.4098738877483123,-0.9892206472398315,0.828186856053658,5.722978468550896e-12,14.69127211512798,-3.335336248198186,9.239133043597015,2.116802823333034,1
-0.3371793687192419,0.22121255775537824,-0.2802393678435343,-0.3882548314831397,-1.409633675308822,-0.9898618499947499,0.8285884031297842,5.72295136710115e-12,14.707318348584046,-3.364632554896315,9.241463318819628,2.101222474868359,1
-0.3380254703960305,0.22066624163369258,-0.28084378438246516,-0.3892786438530013,-1.409393033607898,-0.9905043700661212,0.8289908354771257,5.722916088241076e-12,14.72334510645973,-3.3939476007750864,9.243774323197899,2.0856231824870015,1
-0.3388715531985288,0.22011856531251242,-0.28144742076284324,-0.39030285199677706,-1.4091519655226825,-0.9911482008333269,0.829394149366126,5.722885558763062e-12,14.739352248446199,-3.4232811912676033,9.246066017649131,2.0700050395297205,1
-0.33971761088326946,0.21956953281281677,-0.28205027032896535,-0.3913274500360426,-1.4089104739437428,-0.9917933356371853,0.8297983410420197,5.7228534180963594e-12,14.755339634712572,-3.4526331313835623,9.24833836355234,2.054368139776926,1
-0.34056363720787985,0.21901914819352658,-0.2826523264455526,-0.3923524320877247,-1.4086685617749475,-0.9924397677801942,0.8302034067249532,5.72282753821081e-12,14.771307125908697,-3.482003225711459,9.250591322749518,2.038712577447977,1
-0.3414096259311703,0.21846741555142932,-0.28325358249795207,-0.3933777922641263,-1.4084262319333498,-0.9930874905267579,0.8306093426100957,5.722801638290775e-12,14.78725458316782,-3.5113912784206462,9.25282485754688,2.023038447200551,1
-0.3422555708132269,0.2179143390210988,-0.28385403189234115,-0.39440352467295675,-1.4081834873490644,-0.9937364971034345,0.8310161448677623,5.7227693537760245e-12,14.803181868109336,-3.54079709326357,9.255038930716111,2.007345844129912,1
-0.3431014656154999,0.21735992277481656,-0.28445366805592825,-0.3954296234173585,-1.4079403309651497,-0.9943867806991633,0.8314238096435256,5.7227365744516176e-12,14.819088842841452,-3.5702204735778658,9.257233505495591,1.991634863768253,1
-0.34394730410089647,0.21680417102248917,-0.2850524844371556,-0.39645608259593557,-1.4076967657374853,-0.9950383344655093,0.8318323330583367,5.72270943156235e-12,14.83497536996391,-3.5996612222885984,9.25940854559162,1.9759056020839492,1
-0.34479308003387005,0.21624708801156592,-0.2856504745058994,-0.39748289630278083,-1.4074527946346507,-0.9956911515169035,0.832241711208645,5.722673625369897e-12,14.850841312570646,-3.62911914191042,9.261564015179626,1.9601581554808571,1
-0.3456387871805121,0.21568867802695368,-0.2862476317536708,-0.398510058627504,-1.4072084206377995,-0.9963452249308924,0.8326519401665228,5.722639407792937e-12,14.866686534252473,-3.6585940345498082,9.263699878905362,1.9443926207975613,1
-0.34648441930864204,0.21512894539093166,-0.28684394969381477,-0.3995375636552592,-1.406963646740542,-0.9970005477483689,0.8330630159797782,5.722613920832688e-12,14.882510899099728,-3.68808570190725,9.26581610188609,1.9286090953066466,1
-0.34732997018789946,0.21456789446306293,-0.28743942186171023,-0.4005654054667736,-1.4067184759488183,-0.9976571129738271,0.8334749346720839,5.722589576174289e-12,14.898314271704947,-3.717593945279526,9.267912649711768,1.9128076767139122,1
-0.3481754335898342,0.21400552964010616,-0.28803404181496767,-0.4015935781383714,-1.4064729112807766,-0.998314913575602,0.8338876922430954,5.7225601260765355e-12,14.91409651716549,-3.7471185655619204,9.26998948844621,1.8969884631576186,1
-0.34902080328799784,0.2134418553559247,-0.28862780313362707,-0.4026220757420071,-1.406226955766642,-0.998973942486137,0.8343012846685878,5.722534496184491e-12,14.92985750108617,-3.7766593632505003,9.272046584628237,1.8811515532076915,1
-0.34986607305803474,0.21287687608139494,-0.28922069942035533,-0.40365089234528784,-1.405980612448602,-0.9996341926022043,0.8347157079005616,5.722514750474715e-12,14.945597089581886,-3.8062161384443858,9.27408390527283,1.8652970458649303,1
-0.3507112366777727,0.2123105963243131,-0.2898127243006418,-0.4046800220115025,-1.405733884380673,-1.0002956567851788,0.8351309578673839,5.722486053685145e-12,14.961315149280217,-3.835788690848019,9.276101417872251,1.8494250405602066,1
-0.35155628792731614,0.2117430206292991,-0.2904038714229955,-0.4057094587996494,-1.4054867746285769,-1.0009583278612826,0.8355470304739093,5.722463260546447e-12,14.97701154732406,-3.865376819773532,9.278099090397179,1.8335356371536076,1
-0.3524012205891349,0.21117415357770178,-0.2909941344591385,-0.4067391967644641,-1.4052392862696137,-1.0016221986218412,0.8359639216016099,5.722437067476195e-12,14.992686151374174,-3.8949803241429795,9.280076891297808,1.817628935933644,1
-0.35324602844815695,0.21060399978750052,-0.29158350710420083,-0.407769229956444,-1.4049914223925357,-1.002287261823537,0.8363816271087025,5.722412816022901e-12,15.008338829611784,-3.9245990024906976,9.282034789504955,1.8017050376163883,1
-0.3540907052918604,0.2100325639132053,-0.29217198307691467,-0.4087995524218784,-1.4047431860974204,-1.0029535101886635,0.8368001428302762,5.722390636382167e-12,15.023969450741166,-3.954232652965682,9.283972754431144,1.7857640433445963,1
-0.3549352449103635,0.2094598506457569,-0.292759556119806,-0.40983015820287383,-1.4044945804955393,-1.003620936405394,0.8372194645784301,5.722362479861097e-12,15.039577883992177,-3.9838810733338854,9.285890755971682,1.7698060546868644,1
-0.35577964109651755,0.20888586471242407,-0.2933462199993877,-0.4108610413373825,-1.4042456087092337,-1.0042895331280275,0.8376395881423957,5.722339818965586e-12,15.055163999122827,-4.013544060980627,9.28778876450573,1.7538311736367247,1
-0.35662388764599745,0.2083106108767004,-0.2939319685063502,-0.41189219585922665,-1.4039962738717828,-1.0049592929772573,0.8380605092886746,5.722311271361557e-12,15.070727666421808,-4.043221412912948,9.289666750897352,1.7378395026117621,1
-0.35746797835739375,0.20773409393819925,-0.29451679545575227,-0.41292361579812886,-1.403746579127278,-1.0056302085404274,0.8384822237611674,5.722290050579083e-12,15.086268756711018,-4.072912925762009,9.29152468649656,1.7218311444527044,1
-0.35831190703230503,0.2071563187325462,-0.2951006946872111,-0.4139552951797366,-1.403496527630487,-1.0063022723718087,0.8389047272813159,5.722267324942115e-12,15.101787141348101,-4.102618395785535,9.293362543140343,1.7058062024224776,1
-0.359155667475428,0.20657729013127296,-0.2956836600650905,-0.4149872280256497,-1.403246122546731,-1.0069754769928436,0.8393280155482252,5.722242662586082e-12,15.117282692228919,-4.132337618870163,9.295180293153695,1.6897647802053157,1
-0.3599992534946505,0.2059970130417066,-0.29626568547868976,-0.4160194083534471,-1.40299536705175,-1.0076498148924244,0.8397520842388075,5.722223985314585e-12,15.132755281790073,-4.1620703905339385,9.29697790935061,1.6737069819057793,1
-0.3608426589011438,0.2054154924068587,-0.2968467648424312,-0.41705183017671393,-1.4027442643315722,-1.0083252785271606,0.8401769290079182,5.722201771377809e-12,15.148204783011396,-4.19181650592876,9.298755365035094,1.6576329120477966,1
-0.36168587750945264,0.20483273320531448,-0.297426892096046,-0.41808448750506777,-1.4024928175823872,-1.0090018603216313,0.8406025454884835,5.722174453022692e-12,15.163631069418393,-4.221575759842787,9.300512634002137,1.6415426755737232,1
-0.3625289031375892,0.20424874045111732,-0.29800606120476075,-0.41911737434418594,-1.4022410300104038,-1.0096795526686857,0.8410289292916576,5.722145618176689e-12,15.179034015084742,-4.25134794670299,9.302249690538693,1.625436377843314,1
-0.363371729607123,0.2036635191936556,-0.29858426615948147,-0.4201504846958313,-1.4019889048317304,-1.0103583479296783,0.8414560760069395,5.722123787876063e-12,15.194413494634713,-4.281132860577554,9.30396650942464,1.609314124632773,1
-0.36421435074327424,0.20307707451754517,-0.29916150097697825,-0.42118381255787923,-1.4017364452722367,-1.0110382384347578,0.8418839812023232,5.722103686926347e-12,15.209769383245627,-4.310930295178431,9.305663065933734,1.5931760221337161,1
-0.36505676037500623,0.20248941154251102,-0.29973775970006905,-0.42221735192434445,-1.4014836545674199,-1.011719216483142,0.8423126404244393,5.722075556048076e-12,15.2251015566503,-4.340740043863875,9.307339335834541,1.5770221769521382,1
-0.3658989523351154,0.20190053542326974,-0.30031303639780044,-0.42325109678540707,-1.401230535962276,-1.012401274343378,0.8427420491986877,5.722046443421787e-12,15.24040989113942,-4.3705618996408875,9.308995295391366,1.5608526961074214,1
-0.36674092046032564,0.20131045134940703,-0.3008873251656307,-0.4242850411274391,-1.400977092711161,-1.0130844042536349,0.8431722030293901,5.7220220098634396e-12,15.255694263563996,-4.400395655167846,9.310630921365165,1.5446676870312401,1
-0.36758265859137884,0.20071916454525715,-0.30146062012560926,-0.4253191789330316,-1.400723328077664,-1.0137685984219595,0.8436030973999201,5.721994808953808e-12,15.270954551337725,-4.430241102756987,9.312246191014454,1.5284672575665406,1
-0.36842416057312805,0.20012668026977837,-0.3020329154265572,-0.42635350418102125,-1.4004692453344667,-1.0144538490265689,0.8440347277728562,5.721974637799084e-12,15.286190632439398,-4.460098034377024,9.313841082096193,1.5122515159664378,1
-0.3692654202546287,0.1995330038164291,-0.30260420524424525,-0.4273880108465142,-1.400214847763214,-1.0151401482161182,0.8444670895901192,5.721959612392068e-12,15.30140238541525,-4.489966241655686,9.315415572866664,1.4960205708931564,1
-0.37010643148923145,0.1989381405130414,-0.30317448378157225,-0.4284226929009156,-1.399960138654378,-1.015827488109981,0.8449001782731176,5.721938859931026e-12,15.31658968938133,-4.5198455158823245,9.316969642082341,1.4797745314169202,1
-0.37094718813467464,0.19834209572169295,-0.30374374526874204,-0.4294575443119549,-1.3997051213071225,-1.0165158607985325,0.8453339892228955,5.721912892599874e-12,15.331752424025863,-4.549735648010543,9.318503269000743,1.4635135070148328,1
-0.3717876840531759,0.19774487483857883,-0.30431198396343934,-0.43049255904371153,-1.3994497990291688,-1.0172052583434275,0.845768517820276,5.72188987436067e-12,15.346890469611573,-4.579636428660785,9.320016433381275,1.4472376075697695,1
-0.37262791311152405,0.19714648329388162,-0.3048791941510043,-0.4315277310566418,-1.399194175136661,-1.0178956727778776,0.8462037594260056,5.721869408920474e-12,15.362003706977996,-4.609547648122947,9.321509115486053,1.4309469433692508,1
-0.3734678691811724,0.19654692655163883,-0.3054453701446074,-0.43256305430760417,-1.398938252954029,-1.0185870961069419,0.8466397093809062,5.7218472321205055e-12,15.377092017543816,-4.639469096359072,9.322981296080732,1.4146416251042688,1
-0.37430754613833184,0.19594621010960975,-0.3060105062854229,-0.4335985227498886,-1.3986820358138545,-1.0192795203078029,0.8470763630060185,5.721828026890752e-12,15.392155283309181,-4.669400563006016,9.324432956435302,1.3983217638681193,1
-0.37514693786405956,0.19534433949914334,-0.30657459694279926,-0.43463413033323767,-1.3984255270567347,-1.0199729373300512,0.8475137156027509,5.7218227448606924e-12,15.407193386857926,-4.6993418373780145,9.325864078324882,1.381987471155286,1
-0.3759860382443561,0.19474132028503965,-0.3071376365144326,-0.43566987100387833,-1.3981687300311452,-1.020667339095975,0.8479517624530308,5.721798835910118e-12,15.422206211359931,-4.729292708469514,9.327274644030501,1.365638858860173,1
-0.37682484117025355,0.1941371580654156,-0.30769961942653473,-0.436705738704543,-1.397911648093304,-1.0213627175008413,0.8483904988194519,5.721784963812305e-12,15.437193640573318,-4.759252964957728,9.328664636339866,1.3492760392759806,1
-0.3776633405379115,0.19353185847156415,-0.30826054013400456,-0.43774172737450096,-1.3976542846070363,-1.022059064413183,0.848829919945425,5.721762339845362e-12,15.45215555884676,-4.789222395205479,9.330034038548117,1.3328991250934221,1
-0.3785015302487059,0.19292542716781738,-0.3088203931205939,-0.4387778309495792,-1.397396642943636,-1.0227563716750887,0.8492700210553297,5.721745580285208e-12,15.467091851121667,-4.819200787263788,9.331382834458568,1.3165082293995702,1
-0.37933940420932477,0.1923178698514032,-0.30937917289907685,-0.4398140433621935,-1.3971387264817297,-1.0234546311024868,0.8497107973546639,5.721727659498884e-12,15.482002402934464,-4.849187928874731,9.332711008383438,1.3001034656765542,1
-0.3801769563318577,0.19170919225230498,-0.3099368740114142,-0.44085035854137006,-1.3968805386071401,-1.0241538344854368,0.8501522440301977,5.721712786009088e-12,15.496887100418759,-4.879183607474091,9.334018545144566,1.2836849478003596,1
-0.38101418053388986,0.1910994001331173,-0.3104934910289191,-0.44188677041277563,-1.3966220827127482,-1.0248539735884186,0.8505943562501248,5.721689669864365e-12,15.511745830307571,-4.9091876101941665,9.33530543007412,1.2672527900395418,1
-0.38185107073859575,0.19048849928889977,-0.31104901855242273,-0.44292327289874234,-1.3963633621983558,-1.0255550401506217,0.8510371291642161,5.721675124015604e-12,15.526578479935548,-4.939199723866605,9.336571649015285,1.250807107053915,1
-0.38268762087482744,0.1898764955470343,-0.31160345121243394,-0.44395985991829173,-1.3961043804705484,-1.026257025886237,0.8514805579039735,5.721654936005245e-12,15.54138493724106,-4.969219735025031,9.337817188322937,1.2343480138933505,1
-0.38352382487721104,0.18926339476707454,-0.3121567836693041,-0.4449965253871641,-1.395845140942557,-1.0269599224847503,0.8519246375827851,5.721634220848765e-12,15.556165090768449,-4.999247429908003,9.339042034864319,1.2178756259963865,1
-0.3843596766862371,0.1886492028405989,-0.3127090106133866,-0.4460332632178424,-1.3955856470341215,-1.0276637216112303,0.8523693632960778,5.721606752277615e-12,15.57091882967013,-5.029282594461744,9.340246176019685,1.2013900591889626,1
-0.385195170248354,0.1880339256910598,-0.3132601267651972,-0.4470700673195806,-1.3953259021713524,-1.028368414906624,0.8528147301214741,5.72157987824425e-12,15.585646043708758,-5.0593250143430115,9.341429599682945,1.1848914296830633,1
-0.3860302995160587,0.18741756927363362,-0.3138101268755719,-0.4481069315984273,-1.3950659097865923,-1.0290739939880504,0.8532607331189483,5.7215662504951985e-12,15.600346623259316,-5.089374474921878,9.342592294262289,1.1683798540754107,1
-0.3868650584479907,0.1868001395750675,-0.3143590057258251,-0.44914384995725315,-1.3948056733182799,-1.0297804504490904,0.8537073673309798,5.7215565876583224e-12,15.615020459311257,-5.119430761284626,9.343734248680805,1.1518554493460866,1
-0.38769944100902487,0.1861816426135248,-0.3149067581279066,-0.4501808162957781,-1.3945451962108066,-1.0304877758600954,0.8541546277827191,5.721536316308329e-12,15.629667443470606,-5.149493658236648,9.344855452377073,1.1353183328571446,1
-0.3885334411703611,0.1855620844384326,-0.31545337892455527,-0.4512178245105957,-1.394284481914387,-1.0311959617684603,0.8546025094821309,5.721521718318787e-12,15.644287467962004,-5.179562950305213,9.345955895305758,1.1187686223512934,1
-0.38936705290962,0.18494147113032294,-0.3159988629894553,-0.4522548684952005,-1.3940235338849116,-1.0319049996989427,0.855051007420167,5.721517471028743e-12,15.658880425630832,-5.209638421742482,9.34703556793818,1.1022064359504322,1
-0.39020027021093207,0.1843198088006777,-0.31654320522738705,-0.45329194214001306,-1.393762355583815,-1.0326148811539426,0.8555001165709143,5.7214954842340914e-12,15.673446209945217,-5.2397198565282945,9.348094461262875,1.0856318921543098,1
-0.3910330870650336,0.1836971035917675,-0.31708640057438164,-0.45432903933240953,-1.3935009504779352,-1.0333255976138054,0.8559498318917569,5.721472741853117e-12,15.687984714998139,-5.269807038373216,9.34913256678615,1.0690451098390346,1
-0.39186549746935484,0.18307336167649485,-0.31762844399786877,-0.45536615395674246,-1.3932393220393755,-1.0340371405371191,0.8564001483235365,5.721454122285126e-12,15.702495835509383,-5.2998997507213135,9.350149876532608,1.052446208255724,1
-0.39269749542811583,0.18244858925823054,-0.31816933049682866,-0.45640327989437235,-1.3929774737453646,-1.0347495013610168,0.8568510607907137,5.721428478576953e-12,15.716979466827624,-5.329997776753225,9.351146383045672,1.0358353070289907,1
-0.3935290749524163,0.181822792570653,-0.31870905510193903,-0.45744041102369,-1.3927154090781206,-1.035462671501468,0.8573025642015248,5.721413282049707e-12,15.731435504932387,-5.360100899389034,9.35212207938809,1.0192125261555267,1
-0.3943602300603298,0.18119597787758385,-0.31924761287572356,-0.45847754122014683,-1.3924531315247117,-1.0361766423535803,0.857754653448144,5.7213931289664e-12,15.745863846436068,-5.390208901291292,9.353076959142438,1.002577986002603,1
-0.3951909547769938,0.18056815147282437,-0.3197849989126965,-0.4595146643562768,-1.3921906445769188,-1.0368914052918963,0.8582073234068432,5.721379907624199e-12,15.760264388585874,-5.420321564867934,9.354011016411587,0.9859318073066191,1
-0.3960212431347037,0.1799393196799887,-0.3203212083395089,-0.46055177430172617,-1.3919279517310947,-1.0376069516706994,0.8586605689381577,5.721361923191536e-12,15.774637029265815,-5.450438672275329,9.354924245819177,0.969274111171575,1
-0.3968510891730038,0.17930948885233758,-0.3208562363150911,-0.4615888649232783,-1.3916650564880269,-1.038323272824312,0.8591143848870461,5.7213443150861285e-12,15.788981666998625,-5.480560005421238,9.355816642510069,0.9526050190675832,1
-0.3976804869387797,0.17867866537261018,-0.3213900780307957,-0.46262593008488084,-1.3914019623528016,-1.0390403600673883,0.859568766083049,5.7213269149532445e-12,15.803298200947708,-5.510685345967848,9.356688202150785,0.935924652829341,1
-0.3985094304863514,0.1780468556528538,-0.3219227287105395,-0.4636629636476722,-1.3911386728346606,-1.0397582046952294,0.8600237073404604,5.72131039420792e-12,15.817586530919066,-5.540814475334832,9.357538920929928,0.9192331346545716,1
-0.39933791387756334,0.17741406613425512,-0.3224541836109418,-0.4646999594700078,-1.3908751914468687,-1.0404767979840703,0.860479203458482,5.7212943318886e-12,15.831846557363173,-5.570947174702322,9.3583687955586,0.9025305871025173,1
-0.4001659311818773,0.17678030328696784,-0.322984438021464,-0.46573691140748497,-1.3906115217065707,-1.0411961311913915,0.8609352492213928,5.721271675708528e-12,15.84607818137688,-5.601083225013992,9.359177823270796,0.885817133092358,1
-0.4009934764764659,0.17614557360993896,-0.3235134872645479,-0.46677381331297424,-1.3903476671346569,-1.0419161955562142,0.8613918393987099,5.721254229635545e-12,15.86028130470531,-5.631222406980177,9.35996600182379,0.8690928959016093,1
-0.4018205438463023,0.17550988363073633,-0.32404132669575086,-0.4678106590366415,-1.3900836312556224,-1.042636982299408,0.8618489687453555,5.721244450928138e-12,15.874455829743685,-5.661364501080879,9.3607333294985,0.8523579991645716,1
-0.4026471273842525,0.17487323990537357,-0.32456795170388053,-0.46884744242597604,-1.3898194175974303,-1.0433584826239921,0.8623066320018217,5.721231373632804e-12,15.888601659539175,-5.6915092875688655,9.361479805099847,0.8356125668707258,1
-0.4034732211911678,0.17423564901813363,-0.32509335771112924,-0.4698841573258172,-1.3895550296913761,-1.044080687715431,0.8627648238943297,5.721213023858168e-12,15.902718697792741,-5.721656546472792,9.362205427957102,0.8188567233631098,1
-0.4042988193759766,0.1735971175813911,-0.32561754017320643,-0.47092079757838295,-1.3892904710719443,-1.0448035887419513,0.8632235391350063,5.721197562892611e-12,15.91680684886095,-5.7518060576003345,9.3629101979242,0.8020905933366779,1
-0.4051239160557758,0.1729576522354347,-0.3261404945794696,-0.47195735702329483,-1.389025745276676,-1.0455271768548329,0.8636827724220397,5.721183270442363e-12,15.93086601775777,-5.781957600541288,9.363594115380065,0.7853143018366798,1
-0.40594850535592153,0.17231725964828826,-0.3266622164530532,-0.47299382949760427,-1.3887608558460294,-1.0462514431887195,0.8641425184398525,5.721168359977018e-12,15.944896110156337,-5.812110954670678,9.364257181228902,0.7685279742570201,1
-0.4067725814101221,0.17167594651552942,-0.32718270135099864,-0.4740302088358213,-1.3884958063232433,-1.0469763788619144,0.8646027718592612,5.721149724159375e-12,15.958897032390755,-5.842265899151964,9.364899396900489,0.7517317363385655,1
-0.40759613836053,0.17103371956010777,-0.32770194486438103,-0.47506648886994224,-1.388230600254197,-1.0477019749766965,0.865063527337652,5.72113731534584e-12,15.972868691457842,-5.872422212940208,9.365520764350437,0.734925714167459,1
-0.40841917035783093,0.1703905855321639,-0.3282199426184341,-0.47610266342947316,-1.387965241187278,-1.0484282226196113,0.8655247795191396,5.721116664646774e-12,15.986810995018846,-5.90257967478518,9.366121286060459,0.7181100341734707,1
-0.40924167156133767,0.16974655120884424,-0.3287366902726761,-0.47713872634146104,-1.3876997326732414,-1.049155112861783,0.8659865230347391,5.721097623716039e-12,16.0007238514012,-5.932738063234614,9.366700965038598,0.7012848231282511,1
-0.41006363613907987,0.16910162339411722,-0.32925218352103197,-0.47817467143051856,-1.3874340782650736,-1.0498826367592184,0.8664487525025335,5.7210823260047904e-12,16.014607169600207,-5.962897156637365,9.367259804819467,0.6844502081436367,1
-0.4108850582678962,0.16845580891858708,-0.3297664180919558,-0.4792104925188522,-1.3871682815178565,-1.0506107853531088,0.8669114625278409,5.721077531850984e-12,16.028460859280738,-5.993056733146644,9.367797809464449,0.6676063166699063,1
-0.41170593213352497,0.16780911463930737,-0.3302793897485511,-0.480246183426291,-1.386902345988631,-1.0513395496701352,0.8673746477033828,5.72107010978024e-12,16.042284830778915,-6.0232165707232275,9.368314983561906,0.650753276494043,1
-0.412526251930696,0.16716154743959288,-0.3307910942886903,-0.4812817379703106,-1.3866362752362615,-1.05206892072277,0.8678383026094506,5.721059107245358e-12,16.05607899510377,-6.053376447138704,9.368811332227356,0.6338912157379705,1
-0.41334601186322023,0.16651311422883164,-0.3313015275451317,-0.48231714996606334,-1.3863700728212973,-1.0527988895095908,0.8683024218140805,5.721044232317172e-12,16.069843263938875,-6.083536139978687,9.369286861103644,0.6170202628568017,1
-0.41416520614408275,0.1658638219422937,-0.3318106853856372,-0.48335241322640643,-1.3861037423058393,-1.0535294470155743,0.8687669998732156,5.721032510306294e-12,16.08357754964399,-6.113695426646134,9.369741576361097,0.6001405466370205,1
-0.41498382899553155,0.16521367754094185,-0.33231856371308593,-0.4843875215619273,-1.3858372872534028,-1.0542605842124095,0.8692320313308808,5.721024335636374e-12,16.097281765256668,-6.1438540843645475,9.370175484697658,0.5832521961947248,1
-0.41580187464916996,0.16456268801123872,-0.33282515846558924,-0.4854224687809727,-1.385570711228785,-1.0549922920587915,0.8696975107193452,5.7210115510474156e-12,16.11095582449385,-6.174011890181308,9.370588593339017,0.5663553409737871,1
-0.4166193373460457,0.1639108603649551,-0.3333304656166014,-0.4864572486896771,-1.3853040177979232,-1.0557245615007453,0.8701634325593041,5.720996469691659e-12,16.12459964175343,-6.204168620970913,9.370980910038716,0.5494501107440628,1
-0.41743621133674347,0.16325820163897495,-0.3338344811750321,-0.487491855091989,-1.385037210527769,-1.0564573834719069,0.8706297913600337,5.7209792731033465e-12,16.138213132115855,-6.234324053438346,9.371352443078248,0.5325366355995192,1
-0.41825249088147437,0.1626047188951011,-0.3343372011853552,-0.48852628178970153,-1.3847702929861454,-1.0571907488938477,0.8710965816195745,5.720971845815096e-12,16.15179621134564,-6.264477964122362,9.371703201267133,0.5156150459564037,1
-0.4190681702501663,0.16195041921986014,-0.33483862172771656,-0.48956052258247795,-1.3845032687416172,-1.0579246486763672,0.8715637978248933,5.7209541294415105e-12,16.165348795892918,-6.294630129398804,9.372033193942983,0.49868547255138823,1
-0.419883243722553,0.16129530972430645,-0.33533873891803995,-0.49059457126787953,-1.3842361413633557,-1.0586590737178019,0.8720314344520574,5.720949753789771e-12,16.178870802894913,-6.324780325483898,9.372342430971552,0.48174804643972063,1
-0.4206977055882681,0.16063939754382173,-0.33583754890813466,-0.4916284216413982,-1.3839689144210034,-1.0593940149053311,0.8724994859664055,5.720948359371565e-12,16.192362150177516,-6.354928328437744,9.372630922746772,0.4648028989932563,1
-0.42151155014693215,0.15998268983791913,-0.3363350478857973,-0.49266206749648084,-1.383701591484542,-1.0601294631152796,0.8729679468227176,5.7209461096737964e-12,16.2058227562567,-6.38507391416756,9.372898680190774,0.44785016189862636,1
-0.4223247717082417,0.15932519379004453,-0.33683123207491356,-0.4936955026245582,-1.383434176124159,-1.0608654092134193,0.8734368114653853,5.720932469610076e-12,16.219252540339987,-6.415216858431019,9.373145714753884,0.4308899671553427,1
-0.4231373645920624,0.15866691660737353,-0.3373260977355609,-0.49472872081507474,-1.3831666719101132,-1.0616018440552792,0.8739060743285859,5.720922238042694e-12,16.232651422327923,-6.445356936839758,9.37337203841462,0.4139224470738029,1
-0.4239493231285171,0.15800786552061197,-0.337819641164107,-0.49576171585551865,-1.382899082412603,-1.0623387584864457,0.8743757298364516,5.7209123479863765e-12,16.246019322815496,-6.475493924862696,9.373577663679667,0.39694773427339336,1
-0.4247606416580756,0.15734804778379335,-0.33831185869330804,-0.4967944815314476,-1.3826314112016331,-1.063076143342869,0.8748457724032437,5.7209065262513665e-12,16.259356163093546,-6.5056275978294575,9.373762603583822,0.3799659616805275,1
-0.42557131453164393,0.15668747067407646,-0.3388027466924045,-0.4978270116265194,-1.382363661846884,-1.0638139894511631,0.8753161964335204,5.720893935553845e-12,16.272661865150155,-6.535757730933766,9.373926871689957,0.36297726252669543,1
-0.42638133611065404,0.15602614149154131,-0.3392923015672166,-0.4988592999225211,-1.3820958379175794,-1.0645522876289093,0.8757869963223102,5.720889289903044e-12,16.285936351672028,-6.565884099236882,9.374070482088927,0.3459817703464804,1
-0.4271907007671545,0.15536406755898313,-0.3397805197602388,-0.49989134019939874,-1.3818279429823546,-1.065291028684962,0.8762581664552843,5.7208787170227984e-12,16.29917954604587,-6.5960064776710965,9.374193449399497,0.32897961897553635,1
-0.42799940288389715,0.15470125622170894,-0.34026739775072995,-0.5009231262352857,-1.381559980609124,-1.0660302034197535,0.8767297012089311,5.7208681307607824e-12,16.312391372359695,-6.626124641043087,9.37429578876823,0.31197094254863844,1
-0.42880743685442835,0.15403771484732948,-0.3407529320548054,-0.5019546518065323,-1.381291954364951,-1.066769802625599,0.8772015949507285,5.720858492974413e-12,16.32557175540418,-6.656238364037447,9.374377515869368,0.29495587549762586,1
-0.4296147970831763,0.1533734508255533,-0.341237119225525,-0.5029859106877355,-1.3810238678159203,-1.0675098170869834,0.8776738420393072,5.7208490402026705e-12,16.338720620673957,-6.686347421220109,9.374438646904702,0.277934552549405,1
-0.43042147798554137,0.1527084715679772,-0.3417199558529817,-0.5040168966517694,-1.3807557245270032,-1.0682502375808873,0.8781464368246376,5.7208425046905155e-12,16.35183789436891,-6.716451587041876,9.374479198603419,0.2609071087238726,1
-0.43122747398798417,0.15204278450787828,-0.342201438564387,-0.5050476034698149,-1.380487528061931,-1.0689910548770707,0.8786193736481906,5.720838447427915e-12,16.364923503395445,-6.746550635841887,9.374499188221934,0.24387367933188162,1
-0.43203277952811286,0.1513763971000049,-0.342681564024155,-0.5060780249113878,-1.380219281983067,-1.0697322597383772,0.8790926468431126,5.720832757950266e-12,16.37797737536773,-6.776644341851082,9.374498633543714,0.2268343999731941,1
-0.4328373890547742,0.1507093168203641,-0.3431603289339868,-0.5071081547443722,-1.3799509898512703,-1.0704738429210514,0.8795662507344074,5.720827484121193e-12,16.390999438608965,-6.806732479195809,9.374477552879071,0.20978940653434608,1
-0.43364129702813947,0.15004155116601237,-0.34363773003295073,-0.5081379867350481,-1.3796826552257762,-1.0712157951750185,0.8800401796390956,5.7208227294399515e-12,16.40398962215256,-6.836814821901258,9.374435965064958,0.19273883518660723,1
-0.4344444979197934,0.1493731076548428,-0.3441137640975627,-0.5091675146481237,-1.3794142816640635,-1.071958107244196,0.8805144278663943,5.720818370905904e-12,16.41694785574336,-6.866891143895031,9.374373889464733,0.1756828223838558,1
-0.4352469862128221,0.1487039938253724,-0.3445884279418648,-0.510196732246764,-1.379145872721727,-1.0727007698667925,0.8809889897178892,5.7208065544388565e-12,16.429874069838803,-6.896961219010679,9.374291345967922,0.15862150486046322,1
-0.43604875640190144,0.14803421723652785,-0.34506171841750216,-0.5112256332926236,-1.3788774319523462,-1.07344377377562,0.8814638594877144,5.720800557815654e-12,16.44276819561011,-6.927024820991281,9.374188354989943,0.14155501962914735,1
-0.43684980299338394,0.1473637854674321,-0.3455336324137983,-0.512254211545877,-1.37860896290737,-1.0741871096983615,0.8819390314627065,5.7207902000235064e-12,16.455630164943415,-6.957081723492978,9.374064937471847,0.12448350397885088,1
-0.43765012050538576,0.14669270611718935,-0.3460041668578282,-0.5132824607652479,-1.3783404691359753,-1.0749307683579092,0.8824144999226002,5.720786072280226e-12,16.46845991044087,-6.987131700088531,9.373921114880009,0.10740709547259007,1
-0.4384497034678768,0.14602098680466724,-0.34647331871449255,-0.5143103747080443,-1.3780719541849513,-1.0756747404726381,0.8828902591401872,5.720770113184926e-12,16.481257365421808,-7.0171745242710095,9.373756909205829,0.09032593194522975,1
-0.43924854642276306,0.1453486351682843,-0.3469410849865852,-0.5153379471301853,-1.3778034215985713,-1.0764190167567091,0.8833663033814907,5.720766208498322e-12,16.494022463923745,-7.047209969457199,9.3735723429654,0.07324015150140736,1
-0.44004664392397885,0.14467565886578823,-0.3474074627148657,-0.516365171786236,-1.3775348749184648,-1.077163587920374,0.8838426269059436,5.72075239133419e-12,16.50675514070354,-7.077237808991407,9.37336743919917,0.056149892513222804,1
-0.44084399053756984,0.14400206557404133,-0.3478724489781243,-0.5173920424294376,-1.3772663176834958,-1.077908444670267,0.8843192239665575,5.720738789712841e-12,16.519455331238376,-7.107257816148937,9.373142221471584,0.03905529361811632,1
-0.4416405808417818,0.14332786298879985,-0.3483360408932494,-0.5184185528117408,-1.3769977534296352,-1.0786535777097084,0.8847960888100997,5.720734436966032e-12,16.532122971726828,-7.137269764139783,9.372896713870706,0.0219564937166006,1
-0.44243640942714596,0.1426530588244961,-0.348798235615291,-0.5194446966838356,-1.3767291856898414,-1.0793989777389896,0.8852732156772589,5.720733863275575e-12,16.54475799908986,-7.167273426112226,9.372630941007833,0.004853631970061167,1
-0.4432314708965662,0.14197766081401728,-0.34925903033752437,-0.5204704677951857,-1.3764606179939327,-1.0801446354556818,0.8857505988028258,5.7207218493583895e-12,16.55736035097182,-7.197268575156511,9.372344928017085,-0.012253152201515762,1
-0.4440257598654042,0.1413016767084859,-0.34971842229151023,-0.5214958598940601,-1.3761920538684644,-1.0808905415549308,0.886228232415866,5.7207181094768055e-12,16.569929965741405,-7.227254984308458,9.372038700554983,-0.029363719121773088,1
-0.4448192709615662,0.1406251142770378,-0.3501764087471554,-0.5225208667275653,-1.3759234968366123,-1.081636686729737,0.886706110739883,5.7207053058750235e-12,16.582466782492638,-7.257232426553162,9.37171228480001,-0.04647792886027134,1
-0.4456119988255881,0.13994798130660077,-0.35063298701276985,-0.5235454820416787,-1.3756549504180424,-1.08238306167127,0.887184227993004,5.720689862692776e-12,16.594970741045767,-7.287200674828635,9.371365707452153,-0.06359564123475739,1
-0.4464039381107217,0.13927028560167135,-0.351088154435124,-0.5245696995812809,-1.375386418128793,-1.0831296570691569,0.8876625783881483,5.720685803358242e-12,16.60744178194821,-7.317159502029516,9.37099899573243,-0.08071671581347192,1
-0.4471950834830203,0.1385920349840917,-0.35154190839950333,-0.5255935130901911,-1.3751179034811565,-1.0838764636117637,0.8881411561331933,5.720678717535318e-12,16.619879846475445,-7.347108681010763,9.370612177382405,-0.09784101191745712,1
-0.447985429621422,0.13791323729282706,-0.3519942463297608,-0.5266169163111974,-1.3748494099835546,-1.0846234719865053,0.8886199554311573,5.7206738088184524e-12,16.63228487663186,-7.377047984591293,9.370205280663678,-0.11496838862284324,1
-0.44877497121783627,0.1372339003837404,-0.35244516568836903,-0.5276399029860918,-1.3745809411404197,-1.0853706728801311,0.8890989704803682,5.7206708381294875e-12,16.644656815151627,-7.40697718555774,9.36977833435736,-0.1320987047632065,1
-0.44956370297722936,0.13655403212936662,-0.35289466397647096,-0.5286624668557046,-1.3743125004520773,-1.0861180569790116,0.8895781954746327,5.720662386452052e-12,16.656995605499553,-7.436896056668204,9.369331367763545,-0.14923181893192958,1
-0.4503516196177071,0.13587364041868868,-0.35334273873392696,-0.529684601659938,-1.3740440914146224,-1.0868656149694431,0.8900576246034172,5.720660533150697e-12,16.66930119187186,-7.4668043706559075,9.36886441070074,-0.16636758948451968,1
-0.4511387158706004,0.1351927331569105,-0.3537893875393624,-0.5307063011378004,-1.3737757175198066,-1.0876133375379238,0.8905372520520108,5.720651075674671e-12,16.681573519197006,-7.4967019002329724,9.368377493505301,-0.18350587454099887,1
-0.4519249864805477,0.1345113182652316,-0.35423460801021167,-0.5317275590274386,-1.3735073822549164,-1.088361215371454,0.891017072001705,5.720642287637025e-12,16.69381253313643,-7.526588418094108,9.367870647030845,-0.2006465319882512,1
-0.45271042620558255,0.13382940368061705,-0.3546783978027637,-0.5327483690661776,-1.3732390891026585,-1.0891092391578174,0.8914970786299594,5.720629204251037e-12,16.706018180085366,-7.556463696920489,9.367343902647637,-0.21778941948248806,1
-0.4534950298172133,0.1331469973555728,-0.3551207546122016,-0.5337687249905502,-1.3729708415410384,-1.0898573995858836,0.8919772661105838,5.7206166864641825e-12,16.718190407173505,-7.586327509383377,9.366797292241973,-0.23493439445157227,1
-0.45427879210050814,0.1324641072579164,-0.3555616761726437,-0.5347886205363344,-1.37270264304325,-1.0906056873458805,0.8924576286138994,5.720610509704151e-12,16.730329162265743,-7.616179628147944,9.366230848215537,-0.25208131409746476,1
-0.4550617078541784,0.13178074137054807,-0.3560011602571822,-0.5358080494385887,-1.3724344970775562,-1.0913540931296901,0.8929381603069168,5.720606423993787e-12,16.74243439396287,-7.646019825877049,9.365644603484746,-0.269230035398652,1
-0.45584377189066344,0.13109690769121965,-0.356439204677921,-0.5368270054316888,-1.3721664071071729,-1.092102607631138,0.8934188553535086,5.7206017465103026e-12,16.754506051602274,-7.675847875235105,9.365038591480074,-0.2863804151126335,1
-0.4566249790362098,0.13041261423230835,-0.35687580728600904,-0.5378454822493609,-1.37189837659016,-1.0928512215462665,0.8938997079145737,5.720590447144355e-12,16.766544085258527,-7.705663548891719,9.364412846145365,-0.3035323097782852,1
-0.4574053241309554,0.1297278690205846,-0.3573109659716747,-0.5388634736247182,-1.3716304089792997,-1.0935999255736386,0.8943807121482203,5.720578783365396e-12,16.778548445744057,-7.7354666195255755,9.363767401937123,-0.32068557571837025,1
-0.45818480202901246,0.12904268009698122,-0.35774467866425824,-0.5398809732902988,-1.371362507721988,-1.0943487104146103,0.8948618622099294,5.7205699886482985e-12,16.790519084609752,-7.7652568598282565,9.363102293823786,-0.3378400690420209,1
-0.45896340759854987,0.12835705551636165,-0.3581769433322421,-0.5408979749781013,-1.3710946762601197,-1.0950975667736187,0.8953431522527284,5.720566341791332e-12,16.80245595414556,-7.795034042508078,9.362417557284989,-0.35499564564723624,1
-0.4597411357218727,0.12767100334729048,-0.3586077579832785,-0.5419144724196215,-1.370826918029979,-1.09584648535846,0.8958245764273597,5.720560947035688e-12,16.81435900738102,-7.824797940293828,9.361713228310796,-0.37215216122333145,1
-0.46051798129550653,0.12698453167179904,-0.3590371206642176,-0.5429304593458882,-1.3705592364621249,-1.0965954568805782,0.8963061288824548,5.720554926782492e-12,16.826228198085857,-7.8545483259386994,9.360989343400936,-0.3893094712535073,1
-0.46129393923027695,0.1262976485851543,-0.3594650294611322,-0.543945929487504,-1.3702916349812782,-1.0973444720553522,0.8967878037647088,5.720541449257912e-12,16.83806348077046,-7.884284972224073,9.360245939563999,-0.4064674310173391,1
-0.4620690044513915,0.12561036219562535,-0.35989148249934144,-0.544960876574678,-1.3700241170062175,-1.0980935216023586,0.8972695952190397,5.7205236971106905e-12,16.849864810686427,-7.914007651963388,9.359483054316634,-0.42362589559332303,1
-0.4628431718985201,0.12492268062425033,-0.36031647794343297,-0.5459752943372675,-1.3697566859496635,-1.0988425962456692,0.8977514973887692,5.720516812443305e-12,16.861632143827013,-7.943716138005993,9.358700725682713,-0.4407847198614218,1
-0.4636164365258758,0.12423461200460258,-0.36074001399728306,-0.5469891765048134,-1.3694893452181731,-1.0995916867141184,0.8982335044157865,5.720512479649002e-12,16.873365436927614,-7.973410203241012,9.357898992192496,-0.45794375850562186,1
-0.46438879330229443,0.12354616448255691,-0.3611620889040751,-0.548002516806581,-1.369222098212026,-1.100340783741598,0.8987156104407271,5.720499868105517e-12,16.885064647466187,-8.003089620601198,9.357077892881758,-0.47510286601649526,1
-0.46516023721131633,0.12285734621605389,-0.3615827009463174,-0.5490153089715952,-1.3689549483251244,-1.101089878067311,0.8991978096031288,5.7204987501793005e-12,16.896729733663705,-8.03275416306687,9.35623746729092,-0.4922618966938128,1
-0.4659307632512638,0.12216816537486667,-0.3620018484458572,-0.5500275467286834,-1.368687898944877,-1.1018389604360745,0.8996800960416168,5.720481786013618e-12,16.908360654484497,-8.06240360366972,9.355377755464144,-0.5094207046490935,1
-0.46670036643532115,0.1214786301403656,-0.36241952976389463,-0.5510392238065099,-1.368420953452098,-1.1025880215985762,0.9001624638940617,5.720478363433169e-12,16.919957369636652,-8.092037715496717,9.354498797948422,-0.526579143808215,1
-0.4674690417916167,0.12078874870527993,-0.3628357433009963,-0.5520503339336208,-1.3681541152209,-1.1033370523116548,0.9006449072977512,5.720470790905677e-12,16.931519839572402,-8.121656271694127,9.353600635792645,-0.5437370679140965,1
-0.46823678436329746,0.12009852927346588,-0.363250487497103,-0.5530608708384779,-1.3678873876185873,-1.1040860433385784,0.9011274203895617,5.720464425358423e-12,16.943048025488395,-8.151259045471242,9.352683310546656,-0.5608943305292291,1
-0.4690035892086102,0.11940798005966806,-0.3636637608315396,-0.554070828249504,-1.3676207740055482,-1.1048349854493231,0.901609997306131,5.720465915218771e-12,16.95454188932603,-8.180845810104403,9.351746864260274,-0.5780507850383725,1
-0.4697694514009797,0.11871710928928324,-0.36407556182302225,-0.5550801998951175,-1.367354277735158,-1.105583869420827,0.9020926321840139,5.720457113944042e-12,16.966001393771755,-8.210416338940902,9.350791339482326,-0.5952062846511985,1
-0.47053436602908544,0.11802592519812456,-0.36448588902966234,-0.5560889795037788,-1.367087902153668,-1.1063326860372826,0.9025753191598648,5.720453232365632e-12,16.9774265022573,-8.23997040540287,9.349816779259628,-0.6123606824049261,1
-0.47129832819694145,0.11733443603218267,-0.36489474104897146,-0.5570971608040264,-1.3668216506001085,-1.1070814260903894,0.903058052370593,5.720449804871629e-12,16.98881717895995,-8.26950778299128,9.348823227135982,-0.6295138311670384,1
-0.47206133302397224,0.11664265004738972,-0.3653021165178624,-0.5581047375245208,-1.366555526406181,-1.1078300803796415,0.9035408259535427,5.720438316773199e-12,17.00017338880275,-8.29902824528983,9.347810727151128,-0.6466655836379314,1
-0.4728233756450897,0.11595057550938179,-0.36570801411264886,-0.5591117033940849,-1.366289532896161,-1.1085786397125827,0.9040236340466509,5.720435329156839e-12,17.011495097454695,-8.328531565968882,9.346779323839694,-0.6638157923536058,1
-0.47358445121077103,0.11525822069326014,-0.3661124325490449,-0.5601180521417449,-1.3660236733867939,-1.1093270949050844,0.9045064707886213,5.720429502866296e-12,17.02278227133091,-8.358017518789454,9.345729062230129,-0.6809643096883954,1
-0.47434455488713545,0.11456559388335295,-0.3665153705821614,-0.5611237774967744,-1.3657579511871962,-1.110075436781606,0.904989330319087,5.720420187814272e-12,17.034034877592816,-8.387485877607178,9.344659987843603,-0.6981109878576852,1
-0.475103681856019,0.11387270337297808,-0.36691682700650047,-0.5621288731887356,-1.3654923695987569,-1.1108236561754619,0.9054722067787777,5.720412122368252e-12,17.045252884148237,-8.416936416376217,9.34357214669291,-0.7152556789206111,1
-0.4758618273150514,0.11317955746420368,-0.36731680065594957,-0.5631333329475211,-1.3652269319150367,-1.1115717439290886,0.905955094309687,5.7204167750039385e-12,17.056436259651512,-8.446368909153264,9.342465585281342,-0.7323982347828171,1
-0.47661898647773143,0.11248616446760962,-0.3677152904037727,-0.5641371505033972,-1.3649616414216705,-1.112319690894309,0.9064379870552387,5.72041137963245e-12,17.067584973503582,-8.475783130101512,9.341340350601545,-0.7495385071991982,1
-0.47737515457350277,0.11179253270204788,-0.36811229516260086,-0.5651403195870485,-1.3646965013962689,-1.1130674879325966,0.9069208791604538,5.72040265097879e-12,17.078698995852054,-8.50517885349465,9.340196490134357,-0.7666763477766758,1
-0.4781303268478287,0.11109867049440354,-0.3685078138844202,-0.5661428339296216,-1.3644315151083224,-1.1138151259153348,0.9074037647721132,5.720395350917523e-12,17.089778297591245,-8.534555853720851,9.339034051847632,-0.7838116079769624,1
-0.4788844985622652,0.11040458617935678,-0.368901845560558,-0.5671446872627657,-1.364166685819105,-1.1145625957240808,0.907886638038925,5.720386355216978e-12,17.10082285036216,-8.563913905286697,9.33785308419505,-0.80094413911931,1
-0.4796376649945377,0.10971028809914127,-0.3692943892216683,-0.5681458733186815,-1.3639020167815776,-1.1153098882508268,0.9083694931116904,5.720391263168343e-12,17.11183262655253,-8.59325278282126,9.336653636114898,-0.8180737923833507,1
-0.4803898214386135,0.10901578460330547,-0.3696854439377151,-0.5691463858301629,-1.3636375112402945,-1.1160569943982555,0.908852324143465,5.7203896395153365e-12,17.122807599296753,-8.622572261080066,9.33543575702884,-0.8352004188118752,1
-0.48114096320477623,0.10832108404847236,-0.3700750088179536,-0.5701462185306416,-1.36337317243131,-1.1168039050799972,0.9093351252897232,5.7203764335634526e-12,17.133747742475855,-8.651872114949116,9.334199496840672,-0.8523238693136557,1
-0.48189108561969785,0.10762619479810043,-0.3704630830109098,-0.5711453651542344,-1.3631090035820812,-1.1175506112208977,0.9098178907085285,5.7203742055074665e-12,17.144653030717386,-8.681152119448855,9.33294490593505,-0.8694439946662448,1
-0.4826401840265133,0.106931125222242,-0.3708496657043595,-0.5721438194357877,-1.3628450079113807,-1.1182971037572584,0.9103006145606867,5.720369465176938e-12,17.155523439395353,-8.710412049738256,9.331672035176219,-0.8865606455188472,1
-0.48338825378489186,0.10623588369730415,-0.3712347561253039,-0.5731415751109241,-1.3625811886291992,-1.1190433736371084,0.9107832910099202,5.72036517563231e-12,17.16635894463007,-8.739651681118787,9.33038093590669,-0.9036736723951353,1
-0.4841352902711095,0.10554047860580808,-0.37161835353994443,-0.574138625916087,-1.3623175489366572,-1.1197894118204463,0.9112659142230237,5.720354427667968e-12,17.177159523288008,-8.768870789038449,9.329071659945946,-0.9207829256961099,1
-0.48488128887812154,0.10484491833614833,-0.3720004572536565,-0.5751349655885892,-1.3620540920259148,-1.1205352092794976,0.9117484783700283,5.72034497531515e-12,17.187925152981652,-8.798069149095824,9.32774425958908,-0.9378882557029745,1
-0.48562624501563206,0.10414921128235369,-0.3723810666109595,-0.5761305878666582,-1.361790821080081,-1.1212807569989631,0.9122309776243624,5.720348308175157e-12,17.198655812069255,-8.827246537044047,9.32639878760546,-0.954989512579974,1
-0.4863701541101705,0.10345336584384213,-0.37276018099548935,-0.5771254864894869,-1.3615277392731242,-1.1220260459762765,0.9127134061630178,5.720344879640424e-12,17.209351479654707,-8.856402728795034,9.32503529723734,-0.9720865463773899,1
-0.48711301160515447,0.10275739042518701,-0.37313779982996254,-0.5781196551972773,-1.3612648497697821,-1.122771067221854,0.9131957581667106,5.720339568622222e-12,17.22001213558717,-8.88553750042323,9.323653842198484,-0.9891792070342651,1
-0.48785481296096617,0.10206129343587125,-0.3735139225761453,-0.5791130877312903,-1.3610021557254788,-1.1235158117593327,0.9136780278200362,5.720328165175419e-12,17.230637760460905,-8.914650628169875,9.322254476672745,-1.0062673443814367,1
-0.48859555365502083,0.10136508329004797,-0.3738885487348175,-0.5801057778338954,-1.3607396602862345,-1.124260270625826,0.9141602093116347,5.7203228084591016e-12,17.241228335614956,-8.943741888447002,9.320837255312648,-1.0233508081444156,1
-0.48933522918183586,0.10066876840629999,-0.37426167784573544,-0.5810977192486178,-1.3604773665885785,-1.1250044348721735,0.9146422968343538,5.720325206189603e-12,17.251783843132827,-8.97281105784147,9.31940223323794,-1.0404294479463028,1
-0.49007383505310087,0.09997235720739868,-0.37463330948759316,-0.5820889057201882,-1.3602152777594652,-1.1257482955631806,0.9151242845854051,5.720326432425837e-12,17.26230426584215,-9.001857913119041,9.317949466034124,-1.0575031133107355,1
-0.4908113667977451,0.09927585812006434,-0.3750034432779816,-0.5830793309945926,-1.3599533969161897,-1.1264918437778626,0.9156061667665233,5.720326517697405e-12,17.272789587314307,-9.030882231228391,9.316479009750994,-1.0745716536648002,1
-0.49154781996200925,0.09857927957472262,-0.37537207887334784,-0.5840689888191224,-1.3596917271663045,-1.1272350706096852,0.9160879375841239,5.7203130447394944e-12,17.283239791864084,-9.059883789305296,9.314990920901122,-1.0916349183420546,1
-0.49228319010950916,0.09788263000526758,-0.3757392159689494,-0.5850578729424245,-1.359430271607532,-1.127977967166819,0.9165695912494702,5.720304964611118e-12,17.293654864549204,-9.088862364676533,9.31348525645835,-1.108692756585398,1
-0.49301747282130803,0.09718591784881707,-0.37610485429881074,-0.5860459771145529,-1.3591690333276876,-1.1287205245723648,0.9170511219788214,5.7203012182246824e-12,17.304034791169947,-9.117817734864117,9.311962073856249,-1.1257450175501367,1
-0.49375066369598014,0.09648915154547527,-0.37646899363567443,-0.587033295087018,-1.3589080154045927,-1.1294627339646057,0.9175325239935991,5.720289385372033e-12,17.314379558268648,-9.146749677589236,9.31042143098658,-1.142791550306888,1
-0.49448275834968103,0.09579233953808909,-0.37683163379095397,-0.5880198206128405,-1.3586472209059988,-1.1302045864972337,0.9180137915205366,5.720285917571742e-12,17.324689153129246,-9.175657970776458,9.30886338619771,-1.159832203844643,1
-0.49521375241621096,0.09509549027201043,-0.3771927746146817,-0.5890055474466008,-1.3583866528895034,-1.1309460733395955,0.9184949187918422,5.720281322208727e-12,17.334963563776746,-9.20454239255768,9.307287998293043,-1.1768668270736964,1
-0.4959436415470838,0.09439861219485311,-0.3775524159954581,-0.5899904693444955,-1.358126314402471,-1.13168718567693,0.918975900045356,5.720269274149346e-12,17.345202778976716,-9.233402721276326,9.305695326529392,-1.1938952688287183,1
-0.4966724214115909,0.09370171375625437,-0.37791055786039673,-0.5909745800643846,-1.3578662084819555,-1.1324279147105951,0.9194567295247017,5.720266449513634e-12,17.35540678823471,-9.262238735491344,9.304085430615375,-1.2109173778717264,1
-0.4974000876968674,0.0930048034076333,-0.37826720017506976,-0.591957873365849,-1.3576063381546226,-1.1331682516583064,0.9199374014794447,5.720257683845725e-12,17.36557558179569,-9.291050213981347,9.302458370709767,-1.2279330028951414,1
-0.4981266361079564,0.0923078896019515,-0.37862234294345004,-0.5929403430102421,-1.3573467064366693,-1.133908187754373,0.920417910165251,5.720251364777483e-12,17.375709150643416,-9.319836935748661,9.300814207419842,-1.2449419925248026,1
-0.4988520623678768,0.09161098079346974,-0.37897598620785417,-0.5939219827607463,-1.357087316333752,-1.1346477142499196,0.9208982498440346,5.720242599560271e-12,17.38580748649987,-9.348598680023555,9.299153001799692,-1.2619441953230914,1
-0.4995763622176813,0.09091408543751388,-0.3793281300488788,-0.5949027863824233,-1.3568281708409082,-1.1353868224131218,0.9213784147841166,5.7202416749247965e-12,17.3958705818245,-9.377335226268082,9.297474815348544,-1.2789394597918406,1
-0.5002995314165252,0.09021721199022982,-0.37967877458534127,-0.5958827476422716,-1.3565692729424805,-1.1361255035294386,0.9218583992603808,5.72024428128433e-12,17.405898429813618,-9.40604635418039,9.295779710009038,-1.295927634375522,1
-0.5010215657417276,0.08952036890834562,-0.38002791997421503,-0.5968618603092819,-1.3563106256120447,-1.1368637489018343,0.9223381975544238,5.720234726344429e-12,17.415891024399677,-9.434731843698742,9.2940677481655,-1.312908567464275,1
-0.501742460988836,0.08882356464893096,-0.38037556641056447,-0.5978401181544939,-1.356052231812334,-1.1376015498510095,0.9228178039547112,5.720231187898262e-12,17.425848360250544,-9.463391475005656,9.29233899264219,-1.3298821073970097,1
-0.5024622129716854,0.08812680766915998,-0.38072171412747696,-0.598817514951048,-1.3557940944951703,-1.1383388977156175,0.9232972127567242,5.7202229855321185e-12,17.435770432768724,-9.492025028531906,9.29059350670155,-1.346848102464438,1
-0.5031808175224631,0.08743010642606966,-0.3810663633959952,-0.5997940444742461,-1.355536216601386,-1.1390757838525034,0.9237764182631215,5.720224352178771e-12,17.445657238090607,-9.520632284960728,9.288831354042403,-1.3638064009122322,1
-0.5038982704917696,0.08673346937632165,-0.38140951452504657,-0.6007697005016073,-1.35527860106076,-1.1398121996369084,0.92425541478388,5.720215607106407e-12,17.455508773085654,-9.549213025231886,9.287052598798166,-1.380756850944106,1
-0.5046145677486799,0.08603690497596253,-0.38175116786137153,-0.6017444768129248,-1.3550212507919435,-1.140548136462702,0.9247341966364513,5.720209423537404e-12,17.465325035355583,-9.577767030545804,9.285257305535023,-1.3976993007249516,1
-0.5053297051808033,0.0853404216801863,-0.3820913237894495,-0.602718367190326,-1.354764168702387,-1.1412835857426091,0.9252127581459186,5.720203797096851e-12,17.475106023233494,-9.60629408236763,9.28344553925009,-1.414633598383933,1
-0.5060436786943443,0.08464402794309552,-0.3824299827314238,-0.6036913654183271,-1.35450735768828,-1.1420185389084103,0.9256910936451337,5.720196144257264e-12,17.484851735783,-9.634793962431354,9.281617365369563,-1.4315595920176254,1
-0.5067564842141613,0.08394773221746345,-0.38276714514702487,-0.6046634652838939,-1.354250820634475,-1.1427529874111755,0.9261691974748772,5.720191334250687e-12,17.494562172797316,-9.66326645274391,9.279772849746845,-1.448477129693147,1
-0.507468117683829,0.08325154295449369,-0.3831028115334926,-0.6056346605765033,-1.353994560414426,-1.1434869227214688,0.9266470639840008,5.720186862825213e-12,17.50423733479837,-9.691711335589368,9.277912058660652,-1.46538605945136,1
-0.5081785750656932,0.08255546860358591,-0.3834369824254949,-0.6066049450881986,-1.3537385798901158,-1.1442203363295773,0.9271246875295841,5.720179841124771e-12,17.513877223035784,-9.720128393532907,9.276035058813111,-1.4822862293099441,1
-0.508887852340931,0.08185951761209663,-0.3837696583950467,-0.6075743126136521,-1.3534828819119988,-1.1449532197457042,0.9276020624770701,5.7201709815654165e-12,17.523481839485946,-9.748517409424993,9.274141917327837,-1.4991774872665975,1
-0.5095959455096106,0.08116369842510038,-0.3841008400514275,-0.6085427569502265,-1.353227469318927,-1.145685564500205,0.9280791832004279,5.72016598842611e-12,17.533051186851,-9.776878166405554,9.27223270174798,-1.5160596813022482,1
-0.5103028505907458,0.08046801948515546,-0.38443052804109523,-0.6095102718980348,-1.3529723449380922,-1.1464173621437812,0.9285560440822883,5.720162063469252e-12,17.5425852685578,-9.805210447907976,9.270307480034273,-1.5329326593841648,1
-0.5110085636223538,0.07977248923206635,-0.3847587230476003,-0.6104768512600013,-1.3527175115849603,-1.1471486042476948,0.9290326395140935,5.720152941855184e-12,17.55208408875686,-9.833514037663255,9.268366320563052,-1.5497962694691645,1
-0.5117130806615144,0.07907711610264531,-0.38508542579149824,-0.6114424888419248,-1.3524629720632104,-1.1478792824039756,0.9295089638962429,5.720153262889055e-12,17.561547652321302,-9.861788719704181,9.26640929212426,-1.566650359506856,1
-0.5124163977844208,0.07838190853048066,-0.38541063703025824,-0.6124071784525389,-1.3522087291646687,-1.1486093882256379,0.9299850116382437,5.720144383290367e-12,17.570975964845697,-9.890034278369276,9.264436463919436,-1.5834947774427324,1
-0.5131185110864404,0.07768687494569637,-0.385734357558174,-0.6133709139035796,-1.3519547856692515,-1.1493389133468743,0.9304607771588489,5.720143478635193e-12,17.580369032644995,-9.918250498307092,9.26244790555968,-1.6003293712214939,1
-0.5138194166821674,0.076992023774719,-0.38605658820626976,-0.6143336890098439,-1.3517011443449038,-1.1500678494232668,0.9309362548862055,5.720143479221177e-12,17.589726862753338,-9.94643716448022,9.260443687063608,-1.6171539887902044,1
-0.5145191107054778,0.07629736344004215,-0.38637732984220635,-0.6152954975892562,-1.351447807947541,-1.150796188131983,0.9314114392579942,5.7201362456575976e-12,17.59904946292289,-9.974594062169416,9.258423878855284,-1.6339684781015251,1
-0.5152175893095827,0.075602902359993,-0.3866965833701844,-0.6162563334629302,-1.351194779220989,-1.151523921171983,0.9318863247215755,5.720132983781477e-12,17.608336841622606,-10.00272097697766,9.256388551762145,-1.6507726871169115,1
-0.5159148486670855,0.0749086489484935,-0.387014349730849,-0.6172161904552402,-1.3509420608969236,-1.1522510402642296,0.9323609057341391,5.720130641331622e-12,17.617589008037072,-10.030817694834434,9.25433777701288,-1.667566463809957,1
-0.5166108849700293,0.07421461161483292,-0.38733062990118766,-0.6181750623938771,-1.3506896556948202,-1.152977537151863,0.9328351767628297,5.720126351236346e-12,17.62680597206515,-10.058884001999571,9.252271626235345,-1.6843496561694782,1
-0.5173056944299542,0.07352079876342915,-0.3876454248944317,-0.6191329431099213,-1.3504375663218922,-1.1537034036004195,0.933309132284903,5.720125424305862e-12,17.635987744318772,-10.086919685067551,9.250190171454395,-1.701122112202885,1
-0.5179992732779484,0.07282721879359678,-0.3879587357599539,-0.6200898264379074,-1.350185795473035,-1.1544286313980245,0.9337827667878635,5.720121544069436e-12,17.64513433612161,-10.114924530971555,9.248093485089752,-1.7178836799394053,1
-0.5186916177646996,0.07213388009931414,-0.3882705635831645,-0.6210457062158902,-1.3499343458307758,-1.155153212355578,0.9342560747695995,5.720121102005498e-12,17.654245759507756,-10.142898326987574,9.245981639953824,-1.734634207433351,1
-0.5193827241605453,0.07144079106899212,-0.38858090948540547,-0.6220005762855113,-1.3496832200652153,-1.1558771383069586,0.9347290507385289,5.720119782168226e-12,17.663322027220325,-10.170840860738444,9.243854709249526,-1.7513735427673545,1
-0.5200725887555252,0.0707479600852401,-0.38888977462384466,-0.6229544304920702,-1.3494324208339767,-1.1566004011092101,0.9352016892137355,5.720115877487407e-12,17.672363152710123,-10.198751920198038,9.24171276656807,-1.7681015340556963,1
-0.5207612078594298,0.07005539552463597,-0.38919716019136674,-0.6239072626845881,-1.3491819507821523,-1.1573229926427353,0.935673984725109,5.720114980029535e-12,17.681369150134202,-10.22663129369529,9.239555885886746,-1.7848180294475458,1
-0.5214485778018518,0.06936310575749341,-0.38950306741646407,-0.6248590667158812,-1.3489318125422538,-1.1580449048114805,0.9361459318134799,5.72011290089171e-12,17.690340034354456,-10.254478769918345,9.237384141566688,-1.8015228771302867,1
-0.5221346949322341,0.06867109914763204,-0.3898074975631248,-0.6258098364426279,-1.3486820087341578,-1.1587661295431333,0.9366175250307636,5.720108831286563e-12,17.699275820936148,-10.282294137918624,9.235197608350603,-1.818215925332791,1
-0.5228195556199176,0.06797938405214789,-0.39011045193072014,-0.6267595657254373,-1.3484325419650613,-1.1594866587892954,0.9370887589400873,5.720106660257771e-12,17.708176526146406,-10.310077187114878,9.23299636136052,-1.8348970223287007,1
-0.5235031562541919,0.06728796882118127,-0.39041193185389034,-0.6277082484289233,-1.348183414829426,-1.160206484525684,0.9375596281159376,5.720105945855851e-12,17.717042166952762,-10.337827707297361,9.23078047609548,-1.8515660164397894,1
-0.5241854932443414,0.0665968617976888,-0.39071193870242893,-0.6286558784217726,-1.347934629908936,-1.1609255987523006,0.9380301271442855,5.720100307912325e-12,17.72587276102158,-10.365545488631868,9.228550028429241,-1.868222756039241,1
-0.5248665630196914,0.06590607131721554,-0.3910104738811644,-0.6296024495768162,-1.3476861897724453,-1.1616439934936253,0.9385002506227297,5.720097360202358e-12,17.73466832671649,-10.393230321663772,9.226305094607953,-1.8848670895549458,1
-0.525546362029657,0.06521560570766402,-0.39130753882984287,-0.6305479557711032,-1.3474380969759334,-1.1623616607987912,0.938969993160626,5.720094741829434e-12,17.743428883096847,-10.420881997322205,9.224045751247813,-1.901498865472883,1
-0.5262248867437868,0.06452547328906905,-0.3916031350230064,-0.6314923908859714,-1.3471903540624592,-1.163078592741766,0.9394393493792228,5.7200910928592656e-12,17.75215444991606,-10.448500306924023,9.221772075332712,-1.9181179323403879,1
-0.5269021336518114,0.06383568237336686,-0.3918972639698729,-0.6324357488071229,-1.3469429635621146,-1.163794781421532,0.9399083139117946,5.7200868386705885e-12,17.760845047620023,-10.476085042178024,9.219484144211854,-1.9347241387695682,1
-0.5275780992636854,0.06314624126417182,-0.3921899272142112,-0.6333780234246951,-1.34669592799198,-1.164510218962262,0.9403768814037746,5.7200814810671025e-12,17.769500697345396,-10.503635995188867,9.217182035597375,-1.951317333440559,1
-0.5282527801096335,0.06245715825654793,-0.3924811263342175,-0.6343192086333336,-1.346449249856083,-1.165224897513488,0.9408450465128816,5.720076739923129e-12,17.77812142091795,-10.531152958461231,9.214865827561928,-1.9678973651049205,1
-0.5289261727401927,0.06176844163678506,-0.3927708629423882,-0.63525929833227,-1.3462029316453517,-1.1659388092502894,0.9413128039092605,5.720075720057211e-12,17.786707240850827,-10.55863572490379,9.212535598536265,-1.9844640825889388,1
-0.52959827372626,0.06108009968216907,-0.39305913868539444,-0.6361982864253983,-1.345956975837574,-1.1666519463734564,0.9417801482756074,5.720075612937341e-12,17.795258180342856,-10.586084087833456,9.210191427306782,-2.0010173347970928,1
-0.530269079659131,0.06039214066076151,-0.39334595524395105,-0.6371361668213451,-1.345711384897359,-1.167364301109657,0.9422470743072957,5.7200735059748826e-12,17.803774263276743,-10.613497840979264,9.207833393013075,-2.017556970715308,1
-0.5309385871505421,0.05970457283117525,-0.39363131433268633,-0.6380729334335499,-1.3454661612760903,-1.1680758657116215,0.9427135767125157,5.720066425480721e-12,17.812255514217277,-10.640876778486424,9.205461575145469,-2.0340828394143284,1
-0.5316067928327163,0.05901740444234762,-0.3939152177000117,-0.6390085801803401,-1.345221307411893,-1.1687866324582927,0.9431796502123913,5.720063372471625e-12,17.820701958409565,-10.668220694920505,9.20307605354251,-2.050594790053165,1
-0.5322736933584011,0.058330643733319525,-0.3941976671279873,-0.639943100985011,-1.3449768257295895,-1.169496593655008,0.9436452895411175,5.720064585430525e-12,17.829113621777157,-10.695529385271389,9.200676908388475,-2.067092671882419,1
-0.5329392854009095,0.05764429893301389,-0.39447866443218726,-0.6408764897758994,-1.3447327186406632,-1.1702057416336573,0.9441104894460834,5.720062864447527e-12,17.837490530920185,-10.722802644957273,9.198264220210842,-2.083576334247642,1
-0.5336035656541616,0.05695837826001141,-0.39475821146156426,-0.6418087404864655,-1.3444889885432185,-1.1709140687528554,0.9445752446880036,5.720058067614609e-12,17.84583271311349,-10.750040269828808,9.195838069877746,-2.100045626592776,1
-0.5342665308327235,0.05627288992233049,-0.39503631009831214,-0.64273984705537,-1.3442456378219534,-1.171621567398078,0.945039550041027,5.720053599873934e-12,17.854140196304712,-10.77724205617308,9.193398538595435,-2.1165003984635162,1
-0.5349281776718459,0.05558784211720684,-0.3953129622577264,-0.6436698034265557,-1.3440026688481068,-1.1723282299818694,0.9455034002928924,5.72004614425204e-12,17.862413009112316,-10.804407800717613,9.190945707905685,-2.1329404995106973,1
-0.5355885029275025,0.054903243030873655,-0.39558816988806444,-0.6445986035493232,-1.3437600839794415,-1.1730340489439524,0.9459667902450208,5.720047015431565e-12,17.87065118082366,-10.831537300634404,9.188479659683226,-2.1493657794936865,1
-0.5362475033764291,0.0542191008383409,-0.3958619349704043,-0.6455262413784165,-1.343517885560196,-1.1737390167514226,0.9464297147126629,5.720045904870809e-12,17.878854741393003,-10.858630353543974,9.186000476133126,-2.165776088283816,1
-0.53690517581616,0.05353542370317743,-0.39613425951850123,-0.6464527108741016,-1.343276075921056,-1.174443125898893,0.9468921685250138,5.720041111789229e-12,17.88702372143948,-10.885686757519355,9.183508239788175,-2.182171275867768,1
-0.537561517065067,0.05285221977729106,-0.3964051455786446,-0.64737800600225,-1.343034657379123,-1.1751463689086457,0.9473541465253337,5.720038384149975e-12,17.895158152245095,-10.91270631109016,9.181003033506245,-2.1985511923510286,1
-0.5382165239623901,0.05216949720071633,-0.3966745952295098,-0.6483021207344156,-1.3427936322378824,-1.175848738330782,0.9478156435710671,5.720038564561954e-12,17.90325806575259,-10.939688813246383,9.17848494046766,-2.2149156879611733,1
-0.5388701933682811,0.051487264101389464,-0.39694261058201485,-0.6492250490479269,-1.3425530027871648,-1.176550226743398,0.9482766545339789,5.7200384801677506e-12,17.91132349456344,-10.966634063442715,9.175954044172489,-2.231264613051483,1
-0.5395225221638316,0.05080552859494034,-0.3972091937791688,-0.6501467849259602,-1.3423127713031267,-1.1772508267527029,0.9487371743002541,5.720033173942101e-12,17.919354471935673,-10.99354186160222,9.173410428437904,-2.247597818104169,1
-0.5401735072511126,0.050124298784470736,-0.39747434699592465,-0.6510673223576328,-1.3420729400482097,-1.1779505309931992,0.9491971977706368,5.720026859122838e-12,17.927351031781775,-11.020412008120555,9.170854177395452,-2.2639151537339486,1
-0.5408231455532052,0.04944358276034386,-0.3977380724390269,-0.6519866553380784,-1.3418335112711215,-1.1786493321278029,0.9496567198605317,5.720020667303349e-12,17.9353132086665,-11.04724430386979,9.168285375488358,-2.2802164706913675,1
-0.5414714340142368,0.04876338859996672,-0.3980003723468606,-0.6529047778685426,-1.3415944872067973,-1.1793472228480186,0.9501157355001407,5.72002018678582e-12,17.943241037804697,-11.074038550202514,9.16570410746878,-2.296501619866316,1
-0.5421183695994112,0.04808372436757993,-0.39826124898929666,-0.6538216839564582,-1.3413558700763801,-1.180044195874062,0.9505742396345658,5.7200209406718025e-12,17.95113455505909,-11.100794548955674,9.163110458395083,-2.312770452291386,1
-0.5427639492950436,0.04740459811404215,-0.3985207046675385,-0.654737367615538,-1.341117662087193,-1.1807402439550065,0.9510322272239282,5.720021057955198e-12,17.95899379693806,-11.127512102454652,9.160504513629062,-2.3290228191453757,1
-0.5434081701085903,0.046726017876619834,-0.3987787417139648,-0.6556518228658612,-1.3408798654327063,-1.1814353598689444,0.9514896932434965,5.720018957319402e-12,17.966818800593348,-11.154191013517144,9.15788635883317,-2.3452585717566876,1
-0.5440510290686802,0.04604799167877619,-0.39903536249197286,-0.6565650437339564,-1.3406424822925211,-1.1821295364231033,0.9519466326837864,5.720017722168003e-12,17.97460960381779,-11.1808310854571,9.155256079967737,-2.361477561606767,1
-0.5446925232251474,0.045370527529957835,-0.3992905693958205,-0.6574770242528961,-1.3404055148323386,-1.1828227664540012,0.9524030405506865,5.72001604683668e-12,17.982366245043032,-11.207432122088782,9.152613763288143,-2.377679640333613,1
-0.5453326496490584,0.04469363342538832,-0.3995443648504655,-0.6583877584623787,-1.3401689652039406,-1.1835150428275727,0.9528589118655636,5.720015530790976e-12,17.990088763337152,-11.233993927730557,9.14995949534202,-2.3938646597351467,1
-0.5459714054327428,0.04401731734585745,-0.39979675131140485,-0.6592972404088226,-1.33993283554516,-1.1842063584393232,0.9533142416653887,5.7200147552345575e-12,17.997777198402318,-11.260516307208892,9.147293362966407,-2.4100324717727024,1
-0.5466087876898237,0.04334158725751178,-0.4000477312645132,-0.6602054641454537,-1.3396971279798666,-1.1848967062144409,0.9537690250028341,5.720015299753723e-12,18.00543159057242,-11.286999065862322,9.144615453284885,-2.4261829285745056,1
-0.5472447935552416,0.042666451111650766,-0.4002973072258779,-0.6611124237323941,-1.3394618446179394,-1.1855860791079482,0.9542232569463971,5.720015885600813e-12,18.013051980810626,-11.313442009545211,9.14192585370474,-2.4423158824390416,1
-0.5478794201852883,0.04199191684451398,-0.40054548174163673,-0.6620181132367589,-1.3392269875552456,-1.1862744701048318,0.9546769325805098,5.720011512833117e-12,18.020638410707008,-11.3398449446319,9.139224651914049,-2.458431185838656,1
-0.5485126647576284,0.04131799237708112,-0.40079225738780966,-0.6629225267327392,-1.338992558873627,-1.186961872220157,0.9551300470056394,5.72000933236745e-12,18.02819092247602,-11.36620767802036,9.136511935878815,-2.4745286914228677,1
-0.5491445244713283,0.04064468561486333,-0.4010376367701331,-0.6638256583017,-1.338758560640872,-1.187648278499218,0.9555825953384116,5.72000493811719e-12,18.035709558954068,-11.392530017136226,9.13378779384004,-2.4906082520219144,1
-0.5497749965468827,0.039972004447698994,-0.40128162252389177,-0.6647275020322723,-1.338524994910705,-1.1883336820176464,0.9560345727117068,5.719999993854261e-12,18.04319436359698,-11.418811769936664,9.131052314310809,-2.506669720650208,1
-0.5504040782262394,0.03929995674954969,-0.4015242173137491,-0.6656280520204457,-1.3382918637227585,-1.1890180758815616,0.9564859742747841,5.719998549088541e-12,18.0506453804775,-11.445052744914259,9.128305586073337,-2.522712950509809,1
-0.5510317667728228,0.038628550378299445,-0.4017654238335763,-0.6665273023696591,-1.3380591691025672,-1.1897014532276655,0.9569367951933698,5.7199948558031374e-12,18.058062654282715,-11.471252751100803,9.125547698176039,-2.538737794993842,1
-0.5516580594715595,0.037957793175550474,-0.40200524480628114,-0.6674252471908987,-1.3378269130615426,-1.1903838072233897,0.9573870306497793,5.719995127687873e-12,18.065446230311483,-11.497411598071235,9.122778739930547,-2.5547441076900155,1
-0.5522829536289036,0.03728769296642049,-0.40224368298363594,-0.6683218806027956,-1.3375950975969615,-1.1910651310670055,0.9578366758430152,5.719996861744961e-12,18.07279615447187,-11.523529095947552,9.119998800908728,-2.5707317423841247,1
-0.5529064465728545,0.03661825755934707,-0.4024807411461017,-0.6692171967317124,-1.33736372469195,-1.1917454179877456,0.9582857259888744,5.719994961597401e-12,18.08011247327847,-11.549605055402461,9.117207970939702,-2.5867005530634084,1
-0.5535285356529852,0.03594949474588232,-0.40271642210265507,-0.6701111897118488,-1.3371327963154684,-1.1924246612459273,0.9587341763200542,5.719995161199194e-12,18.08739523384981,-11.575639287663435,9.114406340106818,-2.6026503939201566,1
-0.5541492182404597,0.03528141230049869,-0.4029507286906105,-0.6710038536853312,-1.3369023144222996,-1.1931028541330606,0.9591820220862509,5.71999389285648e-12,18.094644483905647,-11.60163160451636,9.111593998744645,-2.6185811193550728,1
-0.5547684917280566,0.03461401798038797,-0.40318366377544423,-0.6718951828023143,-1.3366722809530318,-1.1937799899719774,0.9596292585542711,5.719992976948601e-12,18.10186027176429,-11.627581818309467,9.108771037435927,-2.63449258398082,1
-0.5553863535301907,0.03394731952526353,-0.40341523025061593,-0.6727851712210792,-1.3364426978340518,-1.1944560621169316,0.9600758810081244,5.719991072367698e-12,18.10904264633991,-11.653489741957175,9.105937547008528,-2.650384642625512,1
-0.5560028010829293,0.03328132465716752,-0.4036454310373882,-0.6736738131081283,-1.3362135669775288,-1.1951310639537225,0.960521884749132,5.719989548061779e-12,18.116191657139737,-11.679355188943742,9.103093618532384,-2.6662571503361057,1
-0.5566178318440151,0.032616041080271975,-0.4038742690846472,-0.6745611026382867,-1.335984890281406,-1.1958049888998008,0.9609672650960236,5.719989644830363e-12,18.123307354261367,-11.705177973327196,9.100239343316412,-2.6821099623819578,1
-0.5572314432928837,0.031951476480685824,-0.40410174736872057,-0.6754470339948025,-1.3357566696293914,-1.1964778304043755,0.9614120173850351,5.7199873255515685e-12,18.130389788389937,-11.730957909743058,9.097374812905429,-2.697942934258266,1
-0.5578436329306834,0.031287638526258786,-0.40432786889319555,-0.6763316013694477,-1.3355289068909428,-1.1971495819485374,0.9618561369700177,5.719985254184066e-12,18.137439010795347,-11.7566948134082,9.094500119077033,-2.713755921689603,1
-0.5584543982802898,0.030624534866392498,-0.4045526366887342,-0.6772147989626147,-1.3353016039212666,-1.1978202370453452,0.9622996192225222,5.719980929152414e-12,18.144455073329393,-11.782388500124462,9.091615353838511,-2.729548780633298,1
-0.5590637368863246,0.029962173131845987,-0.40477605381288945,-0.678096620983421,-1.3350747625613055,-1.1984897892399422,0.962742459531904,5.719980661853152e-12,18.15143802842293,-11.808038786282495,9.088720609423694,-2.7453213672829766,1
-0.5596716463151743,0.0293005609345428,-0.4049981233499201,-0.6789770616498134,-1.33484838463773,-1.1991582321096643,0.9631846533054228,5.719981985126162e-12,18.158387929083027,-11.833645488865583,9.085815978289807,-2.761073538072081,1
-0.5602781241550022,0.028639705867384242,-0.40521884841060285,-0.6798561151886657,-1.3346224719629352,-1.199825559264131,0.9636261959683299,5.719982454473692e-12,18.165304828890026,-11.85920842545324,9.082901553114331,-2.7768051496772643,1
-0.5608831680157672,0.027979615504056532,-0.40543823213204605,-0.6807337758358863,-1.3343970263350298,-1.2004917643453623,0.964067082963975,5.719977985002965e-12,18.172188781994652,-11.884727414225067,9.07997742679182,-2.792516059021955,1
-0.5614867755292352,0.027320297398845755,-0.40565627767749984,-0.6816100378365185,-1.3341720495378377,-1.2011568410278572,0.9645073097538854,5.719976571818351e-12,18.17903984311505,-11.910202273964343,9.077043692430733,-2.8082061232797506,1
-0.5620889443489964,0.026661759086447013,-0.40587298823616763,-0.6824848954448469,-1.333947543340888,-1.2018207830187073,0.9649468718178704,5.719972735821203e-12,18.185858067533836,-11.935632824061855,9.074100443350233,-2.823875199877977,1
-0.5626896721504773,0.02600400808177901,-0.40608836702301515,-0.6833583429245041,-1.3337235094994109,-1.2024835840576935,0.9653857646541137,5.719967723913586e-12,18.192643511095113,-11.961018884519547,9.071147773076978,-2.839523146501135,1
-0.5632889566309527,0.02534705187979956,-0.40630241727857846,-0.6842303745485709,-1.3334999497543363,-1.2031452379173764,0.9658239837792625,5.719967125223441e-12,18.199396230201444,-11.98636027595415,9.068185775341917,-2.855149821094348,1
-0.56388679550956,0.024690897955318404,-0.4065151422687725,-0.685100984599688,-1.3332768658322918,-1.2038057384031868,0.9662615247285161,5.71996581446675e-12,18.20611628181084,-12.011656819600962,9.065214544077046,-2.8707550818668937,1
-0.5644831865273106,0.024035553762813685,-0.4067265452846974,-0.6859701673701608,-1.3330542594455976,-1.204465079353527,0.9666983830557225,5.719966419704471e-12,18.21280372343371,-12.036908337317486,9.062234173412168,-2.8863387872956716,1
-0.5650781274470998,0.023381026736250032,-0.40693662964244415,-0.6868379171620661,-1.3328321322922674,-1.205123254639857,0.9671345543334646,5.719962251757465e-12,18.219458613129774,-12.06211465158705,9.05924475767165,-2.9019007961286514,1
-0.5656716160537185,0.0227273242888957,-0.4071453986828993,-0.68770422828736,-1.3326104860560082,-1.2057802581667778,0.9675700341531451,5.7199608078580105e-12,18.22608100950498,-12.087275585522478,9.056246391371143,-2.9174409673883654,1
-0.5662636501538632,0.022074453813140667,-0.40735285577154945,-0.6885690950679886,-1.3323893224062184,-1.20643608387213,0.9680048181250813,5.7199594671644475e-12,18.232670971708394,-12.112390962869753,9.053239169214317,-2.932959160375401,1
-0.5668542275761441,0.02142242268031798,-0.40755900429828384,-0.6894325118359944,-1.3321686429979875,-1.2070907257270793,0.9684389018785916,5.719955923367406e-12,18.239228559429037,-12.137460608011583,9.050223186089562,-2.948455234671833,1
-0.5674433461710964,0.020771238240522287,-0.4077638476771972,-0.6902944729336267,-1.3319484494721023,-1.2077441777361873,0.9688722810620722,5.7199549556682524e-12,18.245753832892763,-12.162484345971096,9.047198537066695,-2.9639290501447504,1
-0.5680310038111861,0.02012090782243302,-0.40796738934639054,-0.6911549727134554,-1.3317287434550402,-1.2083964339375213,0.9693049513431007,5.71995385013452e-12,18.252246852859056,-12.18746200241538,9.04416531739364,-2.979380466949686,1
-0.5686171983908199,0.0194714387331352,-0.40816963276777246,-0.6920140055384779,-1.331509526558982,-1.209047488402705,0.9697369084084989,5.719948949555821e-12,18.258707680617857,-12.21239340365915,9.041123622493112,-2.994809345534128,1
-0.569201927826347,0.018822838257948383,-0.40837058142685695,-0.6928715657822279,-1.331290800381806,-1.2096973352370257,0.9701681479644352,5.719941585181715e-12,18.26513637798627,-12.23727837666811,9.038073547959296,-3.01021554664086,1
-0.5697851900560752,0.01817511366024068,-0.40857023883256577,-0.6937276478288967,-1.3310725665070968,-1.2103459685794997,0.9705986657364974,5.719939251514376e-12,18.271533007305447,-12.262116749062939,9.03501518955446,-3.0255989313116745,1
-0.5703669830402672,0.01752827218126417,-0.4087686085170233,-0.6945822460734392,-1.3308548265041482,-1.2109933826029533,0.9710284574697784,5.719935862327909e-12,18.27789763143722,-12.286908349122449,9.031948643205649,-3.040959360890598,1
-0.5709473047611509,0.01688232103997651,-0.40896569403535526,-0.6954353549216872,-1.3306375819279677,-1.2116395715141008,0.9714575189289573,5.7199344020321525e-12,18.28423031376086,-12.311653005787328,9.028874005001283,-3.056296697027468,1
-0.571526153222922,0.016237267432869715,-0.40916149896548504,-0.6962869687904646,-1.3304208343192823,-1.2122845295536178,0.97188584589838,5.719929725705892e-12,18.290531118169778,-12.336350548663615,9.025791371187804,-3.0716108016813597,1
-0.5721035264517503,0.015593118533796876,-0.40935602690792966,-0.6971370821077029,-1.3302045852045463,-1.212928250996213,0.9723134341821372,5.71992509857024e-12,18.296800109068197,-12.36100080802629,9.022700838166271,-3.0869015371240813,1
-0.5726794224957823,0.014949881493801834,-0.40954928148559494,-0.6979856893125557,-1.3299888360959438,-1.21357073015071,0.9727402796041503,5.719923500329502e-12,18.303037351367827,-12.385603614822768,9.019602502488963,-3.1021687659436203,1
-0.5732538394251424,0.014307563440951316,-0.4097412663435689,-0.6988327848555128,-1.3297735884914004,-1.214211961360106,0.9731663780082411,5.7199225627176155e-12,18.30924291048448,-12.410158800676328,9.016496460855986,-3.1174123510475535,1
-0.573826775331938,0.013666171480163546,-0.4099319851489164,-0.6996783631985177,-1.3295588438745922,-1.2148519390016395,0.9735917252582083,5.719919343079955e-12,18.315416852334707,-12.434666197889706,9.013382810111843,-3.1326321556665606,1
-0.5743982283302589,0.013025712693042962,-0.41012144159047087,-0.700522418815083,-1.3293446037149486,-1.2154906574868733,0.9740163172379142,5.71991842315459e-12,18.321559243332388,-12.459125639448477,9.010261647242007,-3.147828043357813,1
-0.5749681965561809,0.0123861941377102,-0.4103096393786276,-0.7013649461904126,-1.3291308694676633,-1.2161281112617566,0.9744401498513572,5.719916463602042e-12,18.327670150385334,-12.483536959024633,9.00713306936948,-3.1629998780084962,1
-0.5755366781677638,0.011747622848640147,-0.4104965822451339,-0.7022059398215095,-1.3289176425737106,-1.216764294806671,0.9748632190227348,5.719916186486573e-12,18.33374964089182,-12.507899990979906,9.003997173751362,-3.1781475238391628,1
-0.5761036713450544,0.01111000583649275,-0.41068227394288126,-0.7030453942173076,-1.3287049244598466,-1.2173992026365208,0.9752855206965342,5.719914764253541e-12,18.33979778273717,-12.532214570369362,9.000854057775365,-3.1932708454072753,1
-0.5766691742900824,0.01047335008795394,-0.41086671824569376,-0.7038833038987787,-1.3284927165386247,-1.2180328293007807,0.975707050837597,5.719916256084136e-12,18.34581464429022,-12.556480532944652,8.997703818956381,-3.208369707610532,1
-0.5772331852268633,0.009837662565567876,-0.4110499189481191,-0.7047196633990607,-1.3282810202084054,-1.218665169383564,0.9761278054311957,5.7199139225266535e-12,18.35180029439989,-12.58069771515762,8.994546554932972,-3.223443975690418,1
-0.5777957024013934,0.009202950207579236,-0.4112318798652162,-0.7055544672635723,-1.3280698368533732,-1.2192962175036661,0.976547780483095,5.719910814894457e-12,18.35775480239164,-12.604865954163541,8.991382363463917,-3.238493515235537,1
-0.5783567240816496,0.008569219927769562,-0.41141260483234393,-0.7063877100501363,-1.3278591678435423,-1.2199259683146435,0.9769669720196367,5.7199099348966574e-12,18.363678238063933,-12.628985087824635,8.988211342424691,-3.25351819218511,1
-0.5789162485575855,0.007936478615298875,-0.41159209770494837,-0.7072193863291016,-1.3276490145347732,-1.2205544165048599,0.9773853760878022,5.719907710726861e-12,18.36957067168471,-12.653054954713374,8.985033589803983,-3.2685178728323634,1
-0.5794742741411283,0.007304733134546498,-0.4117703623583498,-0.7080494906834631,-1.3274393782687857,-1.2211815567975444,0.9778029887552839,5.719907278249329e-12,18.3754321739878,-12.677075394115873,8.981849203700172,-3.283492423827958,1
-0.5800307991661762,0.006673990324951682,-0.41194740268752933,-0.7088780177089866,-1.3272302603731743,-1.221807383950842,0.978219806110551,5.719903592305646e-12,18.381262816169368,-12.701046246035295,8.978658282317806,-3.298441712183445,1
-0.580585821988591,0.006044257000860254,-0.41212322260691375,-0.7097049620143285,-1.3270216621614226,-1.222431892757868,0.9786358242629182,5.719906340010823e-12,18.38706266988427,-12.724967351195067,8.97546092396409,-3.313365605274598,1
-0.5811393409861958,0.005415539951365409,-0.4122978260501617,-0.710530318221163,-1.3268135849329183,-1.2230550780467593,0.9790510393426126,5.719902082659681e-12,18.39283180724247,-12.748838551042335,8.97225722704533,-3.3282639708449038,1
-0.5816913545587686,0.004787845940153652,-0.4124712169699478,-0.7113540809643043,-1.3266060299729676,-1.2236769346807297,0.9794654475008431,5.719901237510294e-12,18.3985703008054,-12.772659687751247,8.969047290063394,-3.3431366770089515,1
-0.5822418611280351,0.004161181705352815,-0.41264339933774663,-0.712176244891832,-1.3263989985528148,-1.2242974575581076,0.979879044909858,5.719900074309433e-12,18.404278223582285,-12.796430604226197,8.96583121161217,-3.357983592255792,1
-0.5827908591376629,0.003535553959377252,-0.41281437714361635,-0.7129968046652148,-1.326192491929657,-1.2249166416123918,0.9802918277630154,5.719898967940523e-12,18.409955649026493,-12.82015114410518,8.962609090373991,-3.3728045854523865,1
-0.5833383470532545,0.002910969388776728,-0.4129841543959819,-0.7138157549594399,-1.3259865113466618,-1.2255344818122966,0.9807037922748457,5.71989836870879e-12,18.41560265103185,-12.843821151763052,8.959381025116075,-3.3875995258469844,1
-0.5838843233623381,0.0022874346540863602,-0.41315273512141726,-0.7146330904631345,-1.3257810580329867,-1.2261509731617906,0.9811149346811106,5.719896239848071e-12,18.42121930392892,-12.867440472314765,8.956147114686946,-3.4023682830724993,1
-0.5844287865743616,0.0016649563896749728,-0.41332012336442786,-0.715448805878698,-1.325576133203797,-1.2267661107001426,0.9815252512388667,5.719894246196369e-12,18.42680568248131,-12.89100895161869,8.952907458012849,-3.4171107271499386,1
-0.5849717352206808,0.0010435412035989925,-0.41348632318723144,-0.7162628959224253,-1.3253717380602812,-1.2273798895019745,0.9819347382265338,5.719893911782816e-12,18.432361861881905,-12.914526436279758,8.949662154094165,-3.431826728491725,1
-0.5855131678545522,0.0004231956774526692,-0.4136513386695399,-0.717075355324637,-1.3251678737896788,-1.2279923046772778,0.9823433919439388,5.7198919885829306e-12,18.43788791774915,-12.937992773652757,8.946411302001811,-3.446516157905125,1
-0.5860530830511219,-0.00019607363377765737,-0.4138151739083395,-0.7178861788298083,-1.3249645415652918,-1.2286033513714774,0.9827512087123917,5.7198905999554935e-12,18.44338392612326,-12.961407811845516,8.943155000873633,-3.461178886595596,1
-0.5865914794074155,-0.000814260201859431,-0.4139778330176711,-0.7186953611966953,-1.3247617425465101,-1.229213024765453,0.983158184874733,5.71988999831574e-12,18.448849963462443,-12.984771399722108,8.939893349910793,-3.4758147861701634,1
-0.5871283555423256,-0.0014313575254570362,-0.4141393201284096,-0.7195028971984675,-1.3245594778788297,-1.2298213200755896,0.9835643167954009,5.7198884383334415e-12,18.454286106639096,-13.008083386905971,8.936626448374165,-3.490423728640747,1
-0.5876637100966032,-0.0020473591302788354,-0.4142996393880443,-0.720308781622838,-1.3243577486938796,-1.2304282325537903,0.9839696008604722,5.719885266855626e-12,18.459692432936013,-13.031343623783222,8.933354395580688,-3.5050055864276026,1
-0.5881975417328424,-0.0026622585692160244,-0.4144587949604567,-0.7211130092721926,-1.324156556109436,-1.231033757487539,0.9843740334777387,5.719885438043967e-12,18.465069020042538,-13.054551961505663,8.930077290899755,-3.5195602323625867,1
-0.5887298491354697,-0.0032760494224863086,-0.4146167910256997,-0.7219155749637205,-1.3239559012294504,-1.2316378901999114,0.9847776110767473,5.719883341286953e-12,18.470415946050725,-13.077708251994009,8.926795233749564,-3.534087539692555,1
-0.5892606310107292,-0.003888725297773182,-0.4147736317797756,-0.7227164735295494,-1.3237557851440716,-1.2322406260496142,0.9851803301088597,5.719884438470567e-12,18.475733289451487,-13.100812347940971,8.923508323593484,-3.548587382082678,1
-0.5897898860866713,-0.004500279830366909,-0.4149293214344141,-0.7235156998168757,-1.3235562089296664,-1.2328419604310188,0.9855821870473088,5.719881950620368e-12,18.48102112913072,-13.123864102814428,8.920216659936395,-3.5630596336198117,1
-0.590317613113135,-0.005110706683300496,-0.4150838642168493,-0.7243132486880944,-1.3233571736488472,-1.2334418887741818,0.9859831783872451,5.719879989362256e-12,18.486279544365416,-13.146863370860434,8.916920342321047,-3.577504168815774,1
-0.5908438108617373,-0.005719999547490565,-0.41523726436959785,-0.7251091150209396,-1.3231586803504953,-1.234040406544875,0.9863833006457908,5.7198796142348815e-12,18.49150861481978,-13.169810007106438,8.913619470324383,-3.5919208626107517,1
-0.5913684781258538,-0.006328152141869709,-0.41538952615023444,-0.7259032937086111,-1.322960730069783,-1.2346375092446193,0.9867825503620964,5.719879107919501e-12,18.496708420541278,-13.192703867364205,8.91031414355389,-3.6063095903765268,1
-0.5918916137206052,-0.006935158213524317,-0.4155406538311693,-0.7266957796599122,-1.3227633238282024,-1.235233192410699,0.9871809240973826,5.719875294943499e-12,18.501879041956755,-13.21554480823297,8.907004461643922,-3.6206702279198493,1
-0.5924132164828412,-0.007541011537828994,-0.41569065169942415,-0.7274865677993855,-1.322566462633589,-1.2358274516161927,0.9875784184349959,5.7198730844278404e-12,18.507020559868465,-13.238332687102487,8.903690524252019,-3.6350026514857503,1
-0.5929332852711229,-0.008145705918578909,-0.4158395240564083,-0.728275653067446,-1.3223701474801492,-1.2364202824699901,0.9879750299804532,5.719873430641145e-12,18.51213305545014,-13.261067362156021,8.90037243105523,-3.6493067377608233,1
-0.5934518189657049,-0.008749235188121322,-0.41598727521769363,-0.7290630304205177,-1.3221743793484855,-1.2370116806168205,0.9883707553614937,5.719874003524925e-12,18.51721661024299,-13.283748692373347,8.897050281746434,-3.6635823638765044,1
-0.5939688164685195,-0.009351593207489265,-0.41613390951279117,-0.7298486948311707,-1.321979159205623,-1.237601641737269,0.9887655912281244,5.719874094335941e-12,18.522271306151765,-13.306376537533838,8.893724176030636,-3.677829407412421,1
-0.5944842767031561,-0.009952773866528562,-0.41627943128492517,-0.7306326412882572,-1.321784488005041,-1.2381901615477886,0.9891595342526612,5.7198721725998365e-12,18.527297225440737,-13.328950758219339,8.890394213621288,-3.6920477463996035,1
-0.5949981986148433,-0.010552771084028939,-0.41642384489080864,-0.7314148647970491,-1.321590366686693,-1.2387772358007358,0.9895525811297871,5.719870651943153e-12,18.532294450729694,-13.351471215817211,8.88706049423658,-3.7062372593238093,1
-0.5955105811704313,-0.011151578807852917,-0.4165671547004184,-0.7321953603793763,-1.3213967961770454,-1.2393628602843614,0.9899447285765787,5.719869803541803e-12,18.537263064989958,-13.373937772523329,8.883723117595734,-3.7203978251288143,1
-0.5960214233583694,-0.011749191015060322,-0.4167093650967687,-0.7329741230737654,-1.3212037773890952,-1.239947030822853,0.9903359733325697,5.719867575893785e-12,18.542203151540317,-13.396350291344918,8.880382183415305,-3.7345293232196175,1
-0.5965307241886862,-0.012345601712034955,-0.41685048047568607,-0.7337511479355749,-1.321011311222409,-1.2405297432763225,0.9907263121597752,5.719865032460642e-12,18.547114794042997,-13.41870863610352,8.87703779140548,-3.7486316334657146,1
-0.597038482692972,-0.012940804934612643,-0.41699050524558406,-0.7345264300371418,-1.3208193985631445,-1.2411109935408404,0.991115741842749,5.719866041451895e-12,18.55199807649964,-13.441012671438019,8.873690041266332,-3.762704636204422,1
-0.5975446979243526,-0.013534794748200185,-0.417129443827236,-0.7352999644679127,-1.3206280402840833,-1.241690777548441,0.9915042591886201,5.719865203588067e-12,18.556853083247194,-13.46326226280735,8.87033903268414,-3.7767482122440037,1
-0.5980493689574724,-0.014127565247903266,-0.4172673006535502,-0.7360717463345918,-1.320437237244664,-1.2422690912671228,0.9918918610271276,5.719864776602163e-12,18.561679898953898,-13.485457276493579,8.866984865327636,-3.790762242867028,1
-0.5985524948884681,-0.014719110558643597,-0.41740408016934255,-0.7368417707612738,-1.320246990291009,-1.2428459307008688,0.9922785442106672,5.7198649490221645e-12,18.566478608615135,-13.507597579604596,8.863627638844312,-3.804746609833484,1
-0.5990540748349509,-0.015309424835285556,-0.41753978683111126,-0.737610032889595,-1.3200573002559568,-1.2434212918896503,0.9926643056143282,5.7198630377351345e-12,18.57124929754941,-13.529683040077188,8.860267452856656,-3.818701195384144,1
-0.5995541079359776,-0.015898502262749237,-0.41767442510680897,-0.7383765278788643,-1.319868167959092,-1.2439951709094401,0.9930491421359352,5.7198608503314404e-12,18.575992051394174,-13.551713526679624,8.85690440695846,-3.832625882243619,1
-0.6000525933520323,-0.01648633705613499,-0.41780799947561753,-0.7391412509062125,-1.319679594206781,-1.2445675638722042,0.9934330506960769,5.7198583826337224e-12,18.580706956101768,-13.5736889090147,8.853538600711063,-3.846520553623704,1
-0.600549530265,-0.017072923460839096,-0.4179405144277208,-0.739904197166733,-1.3194915797921993,-1.2451384669259211,0.9938160282381521,5.719858040446261e-12,18.585394097935275,-13.595609057522477,8.85017013363962,-3.8603850932265296,1
-0.6010449178781412,-0.017658255752668696,-0.4180719744640773,-0.7406653618736223,-1.319304125495368,-1.2457078762545732,0.9941980717283984,5.7198563745262656e-12,18.59005356346438,-13.617473843483003,8.846799105229383,-3.874219385247714,1
-0.6015387554160696,-0.01824232823796097,-0.4182023840961945,-0.7414247402583262,-1.3191172320831834,-1.2462757880781583,0.9945791781559323,5.7198568721162905e-12,18.594685439561246,-13.639283139019232,8.843425614921935,-3.8880233143796312,1
-0.6020310421247251,-0.01882513525369593,-0.4183317478459012,-0.7421823275706843,-1.3189309003094498,-1.2468421986526945,0.9949593445327876,5.719856252359603e-12,18.59928981339635,-13.661036817099722,8.840049762111468,-3.9017967658145465,1
-0.60252177727135,-0.019406671167611925,-0.4184600702451216,-0.7429381190790724,-1.3187451309149207,-1.2474071042701926,0.9953385678939289,5.7198553131336575e-12,18.60386677243435,-13.682734751541451,8.836671646141024,-3.9155396252478294,1
-0.603010960144459,-0.019986930378314286,-0.4185873558356469,-0.7436921100705456,-1.3185599246273194,-1.2479705012586977,0.9957168452973142,5.719851944175336e-12,18.60841640442987,-13.704376817012411,8.833291366298777,-3.929251778881024,1
-0.6034985900538167,-0.02056590731539211,-0.4187136091689098,-0.7444442958509883,-1.3183752821613848,-1.2485323859822521,0.9960941738239031,5.719850846234962e-12,18.612938797423364,-13.725962889034522,8.829909021814261,-3.9429331134251253,1
-0.6039846663304076,-0.021143596439524584,-0.418838834805757,-0.7451946717452539,-1.3181912042189012,-1.2490927548409043,0.9964705505776958,5.7198492121772675e-12,18.617434039736906,-13.747492843986182,8.826524711854644,-3.9565835161036267,1
-0.6044691883264123,-0.021719992242595406,-0.41896303731622286,-0.7459432330973177,-1.318007691488731,-1.2496516042707129,0.9968459726857702,5.719849087136107e-12,18.621902219970025,-13.76896655910514,8.823138535520952,-3.9702028746557723,1
-0.6049521554151751,-0.022295089247796437,-0.4190862212793019,-0.7466899752704159,-1.3178247446468545,-1.2502089307437259,0.9972204372983006,5.7198493457630995e-12,18.62634342699548,-13.79038391249099,8.819750591844356,-3.983791077339573,1
-0.6054335669911801,-0.022868882009739813,-0.41920839128272286,-0.7474348936471983,-1.317642364356402,-1.250764730767985,0.997593941588594,5.719848971744702e-12,18.63075774995507,-13.811744783108008,8.816360979782392,-3.997348012935037,1
-0.605913422470018,-0.023441365114559628,-0.419329551922721,-0.7481779836298699,-1.317460551267691,-1.2513190008875128,0.9979664827531153,5.71984905578618e-12,18.635145278255393,-13.833049050787617,8.812969798215239,-4.010873570747169,1
-0.6063917212883628,-0.024012533180024345,-0.4194497078038129,-0.7489192406403461,-1.3172793060182617,-1.2518717376823063,0.9983380580115154,5.71984752088873e-12,18.63950610156368,-13.854296596231274,8.809577145941937,-4.024367640609237,1
-0.6068684629039373,-0.024582380855635376,-0.41956886353856876,-0.7496586601203934,-1.3170986292329125,-1.25242293776833,0.9987086646066606,5.719846920985323e-12,18.643840309803505,-13.875487301012871,8.806183121676662,-4.037830112885733,1
-0.607343646795485,-0.025150902822733096,-0.4196870237473864,-0.7503962375317806,-1.3169185215237396,-1.2529725977974955,0.9990782998046516,5.719844792934871e-12,18.648147993150587,-13.896621047581434,8.802787824044971,-4.05126087847552,1
-0.6078172724627409,-0.0257180937945999,-0.4198041930582651,-0.7511319683564281,-1.316738983490169,-1.2535207144576646,0.9994469608948585,5.719842190643466e-12,18.652429242028546,-13.917697719263721,8.799391351580045,-4.064659828814922,1
-0.6082893394264011,-0.02628394851656312,-0.41992037610657973,-0.7518658480965574,-1.3165600157190007,-1.254067284472616,0.9998146451899321,5.719841974707839e-12,18.656684147104663,-13.938717200266858,8.795993802718934,-4.0780268558808315,1
-0.6087598472280894,-0.026848461766092492,-0.420035577534854,-0.7525978722748387,-1.3163816187844366,-1.2546123046020607,1.0001813500258467,5.719840507225815e-12,18.660912799285608,-13.95967937568078,8.792595275798824,-4.0913618521937,1
-0.6092287954303273,-0.02741162835290076,-0.4201498019925349,-0.75332803643454,-1.3162037932481279,-1.2551557716415958,1.000547072761902,5.719841336268086e-12,18.665115289713192,-13.980584131480814,8.78919586905329,-4.1046647108206145,1
-0.6096961836165051,-0.027973443119047092,-0.420263054135768,-0.7540563361396844,-1.3160265396592061,-1.2556976824227122,1.000911810780761,5.719840996269127e-12,18.669291709760138,-14.001431354530387,8.785795680608512,-4.117935325378463,1
-0.6101620113908446,-0.028533900939027117,-0.4203753386271703,-0.7547827669751891,-1.3158498585543257,-1.2562380338127637,1.0012755614884632,5.71983991733859e-12,18.673442151025764,-14.022220932583268,8.782394808479584,-4.131173590036788,1
-0.610626278378371,-0.02909299671987593,-0.4204866601356063,-0.7555073245470268,-1.3156737504576987,-1.2567768227149594,1.0016383223144507,5.719839849561504e-12,18.677566705331753,-14.042952754286297,8.778993350566722,-4.144379399520967,1
-0.6110889842248781,-0.029650725401260895,-0.42059702333596233,-0.7562300044823714,-1.3154982158811386,-1.2573140460683334,1.0020000907115811,5.719838280386879e-12,18.681665464717852,-14.06362670918177,8.775591404651548,-4.157552649115168,1
-0.6115501285968955,-0.030207081955576833,-0.42070643290892157,-0.7569508024297493,-1.315323255324093,-1.2578497008477394,1.0023608641561566,5.71983630047773e-12,18.68573852143761,-14.084242687709933,8.77218906839334,-4.170693234665365,1
-0.6120097111816575,-0.030762061388043,-0.42081489354074036,-0.757669714059198,-1.3151488692736872,-1.2583837840638203,1.0027206401479354,5.719837659731605e-12,18.689785967954105,-14.104800581211554,8.768786439325273,-4.1838010525824245,1
-0.612467731687064,-0.03131565873678959,-0.42092240992302243,-0.7583867350624077,-1.3149750582047637,-1.2589162927629851,1.0030794162101497,5.719838741171187e-12,18.693807896935624,-14.125300281930137,8.765383614850727,-4.196875999844943,1
-0.6129241898416533,-0.03186786907295722,-0.4210289867524963,-0.7591018611528842,-1.3148018225799183,-1.2594472240273968,1.0034371898895296,5.719838785969673e-12,18.697804401251414,-14.145741683014638,8.76198069223949,-4.209917974002416,1
-0.6133790853945615,-0.032418687500781446,-0.42113462873079005,-0.759815088066094,-1.3146291628495441,-1.2599765749749379,1.0037939587563107,5.719838250315079e-12,18.70177557396736,-14.166124678521639,8.758577768624082,-4.222926873178063,1
-0.6138324181154929,-0.03296810915768829,-0.4212393405642092,-0.7605264115596246,-1.3144570794518688,-1.2605043427591935,1.0041497204042573,5.719838670396226e-12,18.70572150834172,-14.186449163417965,8.755174940995978,-4.235902596071922,1
-0.6142841877946804,-0.03351612921437821,-0.4213431269635122,-0.76123582741333,-1.314285572812996,-1.2610305245694235,1.004504472450674,5.71983725165739e-12,18.709642297820803,-14.206715033582876,8.751772306201914,-4.248845041963689,1
-0.6147343942428536,-0.034062742874918235,-0.4214459926436885,-0.761943331429492,-1.3141146433469455,-1.2615551176305366,1.0048582125364207,5.719836011472254e-12,18.713538036034677,-14.226922185810599,8.74836996094014,-4.2617541107157635,1
-0.615183037291202,-0.03460794537682789,-0.4215479423237354,-0.7626489194329706,-1.313944291455694,-1.262078119203063,1.0052109383259265,5.719837250192905e-12,18.717408816792886,-14.24707051781264,8.744968001756703,-4.274629702776156,1
-0.6156301167913399,-0.03515173199116613,-0.42164898072643636,-0.7633525872713609,-1.313774517529216,-1.2625995265831291,1.005562647507204,5.719837480786442e-12,18.72125473408014,-14.267159928220154,8.741566525041723,-4.287471719181435,1
-0.6160756326152678,-0.03569409802261375,-0.4217491125781384,-0.7640543308151413,-1.3136053219455264,-1.2631193371024194,1.0059133377918557,5.719836617565057e-12,18.725075882051996,-14.287190316586178,8.738165627025696,-4.300280061559579,1
-0.6165195846553382,-0.03623503880956163,-0.4218483426085311,-0.764754145957838,-1.3134367050707172,-1.263637548128165,1.006263006915098,5.719834538320251e-12,18.72887235503057,-14.307161583388085,8.734765403775759,-4.313054632132975,1
-0.6169619728242188,-0.03677454972419257,-0.4219466755504255,-0.7654520286161738,-1.3132686672590044,-1.2641541570630954,1.00661165263576,5.7198335730160985e-12,18.73264424750024,-14.327073630029833,8.731365951191995,-4.325795333721288,1
-0.6174027970548552,-0.03731262617256453,-0.4220441161395332,-0.7661479747302268,-1.3131012088527647,-1.2646691613454208,1.006959272736303,5.719833543031942e-12,18.73639165410333,-14.346926358844279,8.727967365003714,-4.338502069744364,1
-0.6178420573004317,-0.03784926359468971,-0.4221406691142458,-0.7668419802635821,-1.3129343301825833,-1.2651825584487832,1.007305865022819,5.71983162821196e-12,18.740114669635798,-14.366719673095366,8.724569740765782,-4.351174744225053,1
-0.6182797535343374,-0.03838445746461963,-0.42223633921541565,-0.7675340412034938,-1.312768031567289,-1.2656943458822436,1.0076514273250534,5.7198313959073594e-12,18.743813389042952,-14.386453476980542,8.721173173854888,-4.36381326179218,1
-0.6187158857501249,-0.03891820329052123,-0.4223311311861357,-0.768224153561036,-1.312602313314001,-1.266204521190233,1.0079959574964028,5.719829404162755e-12,18.747487907415135,-14.406127675632876,8.717777759465884,-4.376417527683327,1
-0.6191504539614752,-0.039450496614758454,-0.42242504977152084,-0.7689123133712643,-1.3124371757181676,-1.2667130819525314,1.0083394534139325,5.719828901539146e-12,18.751138319983422,-14.42574217512339,8.714383592608073,-4.388987447747741,1
-0.619583458202157,-0.039981333013968195,-0.42251809971848925,-0.7695985166933677,-1.3122726190636123,-1.267220025784218,1.008681912978373,5.719827992082783e-12,18.754764722115315,-14.445296882463202,8.710990768101546,-4.401522928449133,1
-0.6200148985259912,-0.04051070809914051,-0.42261028577554455,-0.7702827596108309,-1.312108643622573,-1.2677253503356458,1.0090233341141344,5.7198269993210085e-12,18.758367209310464,-14.464791705605853,8.707599380573487,-4.414023876868575,1
-0.6204447750068064,-0.041038617515687964,-0.422701612692557,-0.7709650382315822,-1.3119452496557487,-1.2682290532923957,1.0093637147693055,5.7198265630129105e-12,18.76194587719631,-14.484226553449242,8.704209524454543,-4.426490200707171,1
-0.6208730877384074,-0.04156505694353058,-0.4227920852205482,-0.7716453486881653,-1.3117824374123344,-1.2687311323752568,1.009703052915672,5.719825901325292e-12,18.765500821523865,-14.503601335838162,8.70082129397509,-4.438921808289085,1
-0.6212998368345319,-0.04209002209716425,-0.4228817081114732,-0.772323687137885,-1.3116202071300755,-1.2692315853401588,1.0100413465487004,5.719824529098231e-12,18.76903213816337,-14.522915963566248,8.697434783161633,-4.451318608564205,1
-0.6217250224288101,-0.042613508725734155,-0.4229704861180045,-0.7730000497629685,-1.311458559035299,-1.269730409978167,1.010378593687565,5.71982453385408e-12,18.772539923100002,-14.542170348378114,8.694050085833121,-4.46368051111093,1
-0.6221486446747281,-0.04313551261311055,-0.42305842399331695,-0.773674432770728,-1.3112974933429642,-1.2702276041154168,1.010714792375135,5.719825142788259e-12,18.776024272429595,-14.561364402971614,8.690667295597308,-4.476007426139022,1
-0.6225707037455865,-0.04365602957795889,-0.42314552649087256,-0.7743468323937122,-1.3111370102567044,-1.2707231656130813,1.0110499406779814,5.719824705334234e-12,18.77948528235436,-14.5804980409999,8.687286505847105,-4.488299264492339,1
-0.6229911998344615,-0.04417505547381148,-0.4232317983642058,-0.7750172448898701,-1.3109771099688678,-1.2712170923673352,1.0113840366863833,5.71982377455934e-12,18.782923049178596,-14.599571177073562,8.683907809756944,-4.500555937651606,1
-0.6234101331541615,-0.0446925861891348,-0.42331724436670953,-0.7756856665427051,-1.3108177926605629,-1.2717093823093095,1.0117170785143272,5.719823080315915e-12,18.786337669304377,-14.618583726762619,8.680531300279167,-4.5127773577371055,1
-0.6238275039371912,-0.04520861764740337,-0.4234018692514222,-0.7763520936614379,-1.310659058501701,-1.2722000334050478,1.012049064299507,5.7198228977338275e-12,18.78972923922733,-14.637535606598776,8.677157070140375,-4.524963437511518,1
-0.6242433124357101,-0.04572314580716673,-0.42348567777081514,-0.7770165225811659,-1.3105009076510423,-1.2726890436554599,1.012379992203322,5.719822880976344e-12,18.79309785553234,-14.65642673407745,8.673785211837817,-4.537114090382622,1
-0.6246575589214883,-0.046236166662113796,-0.4235686746765796,-0.7776789496630169,-1.3103433402562354,-1.273176411096287,1.012709860410884,5.719822931598154e-12,18.796443614889263,-14.675257027659693,8.670415817635806,-4.549229230405934,1
-0.6250702436858706,-0.04674767624114416,-0.42365086471941626,-0.7783393712943142,-1.3101863564538647,-1.273662133798049,1.0130386671310085,5.7198224610607675e-12,18.79976661404869,-14.694026406774427,8.66704897956209,-4.561308772287523,1
-0.6254813670397318,-0.04725767060843081,-0.4237322526488235,-0.7789977838887333,-1.3100299563694906,-1.2741462098660066,1.0133664105962221,5.7198199669040006e-12,18.80306694983767,-14.71273479182034,8.66368478940427,-4.573352631386634,1
-0.6258909293134379,-0.04776614586348733,-0.4238128432128878,-0.7796541838864623,-1.3098741401176965,-1.2746286374401095,1.013693089062753,5.719819524128894e-12,18.806344719155476,-14.731382104167997,8.66032333870621,-4.5853607237184235,1
-0.626298930856805,-0.04827309814123224,-0.42389264115807396,-0.780308567754364,-1.3097189078021312,-1.2751094146949526,1.0140187008105317,5.719818526021112e-12,18.80960001896935,-14.749968266161842,8.65696471876445,-4.597332965956634,1
-0.6267053720390545,-0.04877852361204892,-0.4239716512290156,-0.7809609319861294,-1.3095642595155534,-1.2755885398397282,1.0143432441431879,5.719818361936149e-12,18.812832946310238,-14.768493201122066,8.653609020624659,-4.609269275436182,1
-0.6271102532487753,-0.04928241848185186,-0.42404987816830764,-0.7816112731024425,-1.309410195339876,-1.2760660111181774,1.0146667173880457,5.7198175417076585e-12,18.816043598268585,-14.786956833346721,8.650256335078058,-4.621169570155889,1
-0.6275135748938842,-0.049784778992151626,-0.42412732671629905,-0.7822595876511459,-1.3092567153462076,-1.276541826808549,1.0149891188961246,5.7198164813748424e-12,18.819232071990125,-14.805359088113804,8.646906752657832,-4.633033768781206,1
-0.6279153374015746,-0.05028560142010435,-0.4242040016108842,-0.7829058722073857,-1.3091038195949,-1.2770159852235416,1.0153104470421284,5.71981611114198e-12,18.822398464671576,-14.823699891682782,8.64356036363567,-4.64486179064657,1
-0.6283155412182858,-0.05078488207858488,-0.4242799075872988,-0.7835501233737865,-1.3089515081355907,-1.277488484710258,1.0156307002244427,5.719816472880462e-12,18.82554287355652,-14.84197917129702,8.640217258018135,-4.6566535557583295,1
-0.6287141868096562,-0.051282617316240606,-0.4243550493779134,-0.784192337780608,-1.308799781007245,-1.2779593236501625,1.0159498768651338,5.7198146520806245e-12,18.828665395931143,-14.860196855185496,8.636877525543179,-4.668408984797224,1
-0.6291112746604799,-0.05177880351754876,-0.42442943171202885,-0.7848325120858997,-1.3086486382382065,-1.2784285004590086,1.0162679754099284,5.719814376467353e-12,18.831766129120055,-14.87835287256468,8.633541255676633,-4.680127999120949,1
-0.6295068052746656,-0.05227343710287527,-0.42450305931567195,-0.7854706429756676,-1.308498079846232,-1.2788960135868221,1.0165849943282295,5.71981325389757e-12,18.834845170482065,-14.896447153640462,8.630208537608684,-4.691810520766773,1
-0.629900779175198,-0.05276651452853592,-0.42457593691139334,-0.7861067271640361,-1.3083481058385433,-1.2793618615178208,1.016900932113089,5.7198121839831504e-12,18.83790261740605,-14.914479629610206,8.626879460250356,-4.703456472454202,1
-0.6302931969040894,-0.053258032286845676,-0.4246480692180637,-0.7867407613934009,-1.3081987162118682,-1.2798260427703743,1.0172157872812093,5.719812659970475e-12,18.84093856730673,-14.932450232664365,8.623554112230059,-4.715065777587387,1
-0.6306840590223427,-0.05374798690618081,-0.42471946095067326,-0.7873727424345989,-1.308049910952485,-1.2802885558969512,1.0175295583729338,5.719813013372553e-12,18.84395311762053,-14.9503588959886,8.620232581890066,-4.726638360257831,1
-0.6310733661099064,-0.054236374951029794,-0.42479011682013024,-0.7880026670870642,-1.3079016900362668,-1.2807493994840655,1.0178422439522379,5.719812404356242e-12,18.84694636580141,-14.968205553765484,8.616914957283074,-4.738174145246839,1
-0.631461118765633,-0.054723193022049296,-0.4248600415330611,-0.7886305321789899,-1.3077540534287246,-1.2812085721522257,1.018153842606722,5.719810795290291e-12,18.84991840931673,-14.985990141176421,8.613601326168718,-4.7496730580281,1
-0.6318473176072358,-0.05520843775611556,-0.4249292397916111,-0.7892563345674872,-1.3076070010850562,-1.2816660725558684,1.018464352947593,5.719810448512471e-12,18.852869345643086,-15.003712594403407,8.610291776010147,-4.761135024770159,1
-0.6322319632712464,-0.05569210582637842,-0.4249977162932458,-0.7898800711387499,-1.3074605329501814,-1.2821218993833294,1.0187737736096714,5.719810070067738e-12,18.855799272262196,-15.021372850630907,8.60698639397056,-4.772559972338962,1
-0.6326150564129751,-0.0561741939423154,-0.42506547573055403,-0.7905017388082165,-1.307314648958794,-1.2825760513567648,1.0190821032513642,5.719810799376718e-12,18.8587082866568,-15.038970848047745,8.603685266909773,-4.783947828300408,1
-0.6329965977064635,-0.05665469884977774,-0.42513252279105046,-0.7911213345207245,-1.3071693490354028,-1.2830285272321071,1.019389340554662,5.719810762661473e-12,18.86159648630651,-15.056506525848713,8.60038848138083,-4.795298520922721,1
-0.6333765878444462,-0.05713361733104517,-0.4251988621569801,-0.7917388552506776,-1.307024633094376,-1.2834793257990076,1.0196954842251253,5.719810128089415e-12,18.864463968683747,-15.07397982423652,8.59709612362656,-4.80661197917902,1
-0.6337550275383068,-0.057610946204875245,-0.4252644985051234,-0.792354298002207,-1.3068805010399835,-1.2839284458807851,1.020000532991877,5.719809772131099e-12,18.86731083124965,-15.091390684423553,8.593808279576194,-4.817888132749785,1
-0.6341319175180327,-0.05808668232654742,-0.42532943650660127,-0.7929676598093256,-1.3067369527664463,-1.284375886334354,1.0203044856075787,5.719809738370649e-12,18.870137171449965,-15.108739048633463,8.590525034842006,-4.829126912025191,1
-0.6345072585321786,-0.0585608225879202,-0.4253936808266833,-0.793578937736099,-1.3065939881579718,-1.2848216460501924,1.0206073408484344,5.719809511168821e-12,18.872943086711043,-15.12602486010324,8.587246474715876,-4.84032824810776,1
-0.6348810513478167,-0.05903336391746904,-0.42545723612459374,-0.794188128876797,-1.3064516070888044,-1.285265723952267,1.0209090975141655,5.719809538322636e-12,18.87572867443572,-15.143248063084597,8.583972684165998,-4.851492072814563,1
-0.635253296750502,-0.05950430328034295,-0.4255201070533217,-0.7947952303560638,-1.3063098094232688,-1.2857081189979733,1.0212097544279963,5.719807653219202e-12,18.87849403199935,-15.160408602846067,8.580703747833466,-4.862618318679871,1
-0.635623995544223,-0.05997363767840278,-0.42558229825942934,-0.7954002393290713,-1.3061685950158088,-1.2861488301780972,1.021509310436652,5.719807929952907e-12,18.88123925674571,-15.177506425674418,8.577439750028983,-4.873706918957375,1
-0.6359931485513616,-0.06044136415026905,-0.42564381438286253,-0.7960031529816824,-1.3060279637110361,-1.2865878565167381,1.021807764410332,5.719806661450516e-12,18.883964445983025,-15.194541478876454,8.574180774729523,-4.884757807622639,1
-0.6363607566126532,-0.060907479771370385,-0.42570466005676294,-0.7966039685306148,-1.3058879153437717,-1.2870251970712585,1.0221051152427008,5.719807739795816e-12,18.88666969697996,-15.211513710780846,8.570926905574993,-4.895770919375565,1
-0.6367268205871425,-0.061371981653985025,-0.4257648399072797,-0.7972026832236002,-1.3057484497390899,-1.2874608509322232,1.0224013618508707,5.719805439314463e-12,18.889355106961634,-15.22842307073971,8.567678225864947,-4.90674618964271,1
-0.6370913413521394,-0.06183486694728297,-0.42582435855338263,-0.7977992943395437,-1.3056095667123608,-1.2878948172233424,1.0226965031753887,5.7198063237842314e-12,18.89202077310563,-15.245269509130246,8.564434818555311,-4.917683554579611,1
-0.6374543198031788,-0.06229613283737034,-0.42588322060667666,-0.7983937991886835,-1.3054712660692944,-1.2883270951014127,1.0229905381802198,5.719806200185061e-12,18.894666792538054,-15.262052977356447,8.561196766255094,-4.9285829510731745,1
-0.6378157568539804,-0.062755776547335,-0.42594143067121737,-0.7989861951127594,-1.3053335476059837,-1.288757683756255,1.0232834658527294,5.7198064618150904e-12,18.897293262329583,-15.278773427850886,8.557964151223102,-4.939444316744093,1
-0.6381756534364,-0.06321379533727917,-0.4259989933433262,-0.7995764794851591,-1.3051964111089487,-1.2891865824106539,1.0235752852036661,5.719804521031623e-12,18.89990027949151,-15.295430814076031,8.554737055364754,-4.950267589948963,1
-0.6385340105003959,-0.06367018650437155,-0.4260559132114089,-0.8001646497110945,-1.305059856355177,-1.2896137903203029,1.0238659952671487,5.719803530661313e-12,18.902487940971874,-15.312025090526285,8.551515560228761,-4.961052709782863,1
-0.6388908290139829,-0.06412494738288217,-0.4261121948557732,-0.8007507032277541,-1.3049238831121683,-1.2900393067737415,1.0241555951006458,5.719804911577521e-12,18.905056343651527,-15.328556212729417,8.548299747003952,-4.971799616081532,1
-0.6392461099631889,-0.06457807534422048,-0.4261678428484477,-0.8013346375044618,-1.304788491137977,-1.290463131092294,1.0244440837849589,5.719803822815878e-12,18.907605584340242,-15.34502413724811,8.545089696516067,-4.982508249423623,1
-0.6395998543520156,-0.06502956779697702,-0.4262228617530027,-0.8019164500428398,-1.3046536801812565,-1.2908852626300051,1.0247314604242015,5.719802540708335e-12,18.91013575977286,-15.36142882168167,8.541885489224546,-4.993178551133045,1
-0.6399520632023975,-0.06547942218696287,-0.42627725612437134,-0.8024961383769701,-1.3045194499812978,-1.2913057007735889,1.0250177241457874,5.719801813394051e-12,18.91264696660543,-15.377770224667652,8.538687205219345,-5.0038104632812574,1
-0.6403027375541573,-0.06592763599724388,-0.42633103050867166,-0.8030737000735498,-1.3043858002680764,-1.291724444942356,1.0253028741004042,5.719801936741964e-12,18.91513930141135,-15.39404830588331,8.535494924217792,-5.014403928689441,1
-0.6406518784649703,-0.06637420674818477,-0.42638418944303086,-0.803649132732059,-1.3042527307622906,-1.2921414945881637,1.0255869094620018,5.719802091655598e-12,18.917612860677597,-15.410263026047426,8.532308725561386,-5.024958890930906,1
-0.6409994870103157,-0.06681913199747702,-0.4264367374554087,-0.8042224339849096,-1.3041202411754067,-1.2925568491953454,1.0258698294277673,5.719802466810011e-12,18.920067740800846,-15.426414346921558,8.529128688212719,-5.035475294333121,1
-0.6413455642834426,-0.06726240934018318,-0.4264886790644241,-0.8047936014976153,-1.3039883312096987,-1.2929705082806557,1.0261516332181098,5.719802013497049e-12,18.922504038083748,-15.442502231311888,8.5259548907523,-5.045953083980131,1
-0.6416901113953232,-0.06770403640876556,-0.42654001877918085,-0.8053626329689415,-1.3038570005582932,-1.293382471393199,1.0264323200766343,5.719800162744976e-12,18.924921848731113,-15.458526643070531,8.522787411375495,-5.056392205714605,1
-0.6420331294746187,-0.0681440108731294,-0.42659076109909644,-0.805929526131076,-1.3037262489052084,-1.293792738114378,1.0267118892701281,5.7197997354761235e-12,18.927321268846196,-15.47448754709737,8.519626327889366,-5.066792606140232,1
-0.6423746196676324,-0.06858233044064936,-0.42664091051373,-0.8064942787497769,-1.303596075925395,-1.2942013080578305,1.02699034008854,5.719798750632288e-12,18.929702394426922,-15.490384909341293,8.516471717709658,-5.077154232623722,1
-0.6427145831382733,-0.06901899285620852,-0.42669047150261274,-0.8070568886245371,-1.3034664812847807,-1.2946081808693612,1.0272676718449554,5.7197986985446985e-12,18.93206532136219,-15.506218696801911,8.513323657857695,-5.087477033297109,1
-0.6430530210680137,-0.06945399590222905,-0.42673944853507895,-0.8076173535887422,-1.3033374646403089,-1.2950133562268844,1.0275438838755782,5.7197978434537155e-12,18.934410145428167,-15.521988877530967,8.510182224957353,-5.097760957059848,1
-0.6433899346558513,-0.06988733739870764,-0.4267878460700984,-0.8081756715098299,-1.3032090256399822,-1.295416833840356,1.0278189755397065,5.719796778038415e-12,18.93673696228461,-15.537695420633948,8.507047495232005,-5.108005953581041,1
-0.6437253251182681,-0.0703190152032462,-0.42683566855610955,-0.8087318402894466,-1.3030811639228996,-1.2958186134517218,1.0280929462197184,5.719796279723979e-12,18.939045867471197,-15.553338296271514,8.503919544501521,-5.118211973301534,1
-0.6440591936891895,-0.07074902721108181,-0.42688292043085396,-0.8092858578636046,-1.3029538791193023,-1.29621869483484,1.0283657953210392,5.719797447035505e-12,18.94133695640389,-15.568917475660932,8.500798448179276,-5.128378967436015,1
-0.6443915416199498,-0.07117737135512474,-0.4269296061212126,-0.8098377222028466,-1.302827170850608,-1.2966170777954367,1.0286375222721327,5.719797879409265e-12,18.94361032437132,-15.584432931077798,8.497684281269118,-5.138506887975293,1
-0.6447223701792468,-0.07160404560598063,-0.42697573004304196,-0.810387431312394,-1.3027010387294586,-1.2970137621710227,1.0289081265244644,5.719798521221376e-12,18.945866066531156,-15.599884635857206,8.494577118362455,-5.148595687688203,1
-0.645051680653106,-0.07202904797198535,-0.42702129660101235,-0.8109349832323098,-1.302575482359753,-1.2974087478308516,1.0291776075524932,5.719798380867992e-12,18.948104277906538,-15.61527256439538,8.491477033635277,-5.158645320123816,1
-0.6453794743448447,-0.07245237649923791,-0.42706631018844776,-0.8114803760376588,-1.3024505013366923,-1.2978020346758432,1.02944596485364,5.7197982360093585e-12,18.95032505338253,-15.630596692151245,8.488384100845193,-5.168655739613604,1
-0.6457057525750267,-0.07287402927162161,-0.42711077518716517,-0.8120236078386561,-1.3023260952468187,-1.2981936226385211,1.0297131979482643,5.719797640917859e-12,18.952528487702544,-15.645856995647595,8.485298393328572,-5.178626901273319,1
-0.6460305166814285,-0.0732940044108377,-0.4271546959673167,-0.8125646767808288,-1.3022022636680521,-1.2985835116829618,1.0299793063796494,5.719796869307425e-12,18.95471467546482,-15.6610534524727,8.482219983997599,-5.188558761005174,1
-0.6463537680190038,-0.07371230007643732,-0.4271980768872331,-0.8131035810451772,-1.3020790061697332,-1.2989717018047198,1.0302442897139708,5.719796575832589e-12,18.95688371111897,-15.676186041281891,8.47914894533737,-5.198451275499987,1
-0.6466755079598405,-0.0741289144658427,-0.4272409222932668,-0.8136403188483229,-1.3019563223126613,-1.299358193030768,1.030508147540275,5.719796769590436e-12,18.959035688962437,-15.691254741798739,8.476085349403064,-5.208304402239059,1
-0.6469957378931254,-0.07454384581437687,-0.42728323651963757,-0.8141748884426678,-1.3018342116491322,-1.2997429854194409,1.03077087947046,5.719796240293349e-12,18.96117070313707,-15.706259534816565,8.47302926781708,-5.218118099496267,1
-0.6473144592251064,-0.07495709239529029,-0.4273250238882789,-0.8147072881165494,-1.301712673722979,-1.3001260790603633,1.0310324851392454,5.719796208554512e-12,18.963288847625677,-15.721200402199852,8.469980771766203,-5.22789232634007,1
-0.6476316733790605,-0.0753686525197927,-0.4273662887086866,-0.8152375161944028,-1.3015917080696084,-1.3005074740743963,1.0312929642041537,5.719796131312454e-12,18.96539021624863,-15.736077326885843,8.466939931998741,-5.237627042635649,1
-0.6479473817952475,-0.07577852453706815,-0.4274070352777662,-0.8157655710369018,-1.3014713142160412,-1.3008871706135683,1.0315523163454832,5.7197955584325916e-12,18.96747490266042,-15.750890292885549,8.463906818821817,-5.247322209046638,1
-0.648261585930883,-0.07618670683431107,-0.4274472678796848,-0.816291451041128,-1.3013514916809494,-1.3012651688610144,1.0318105412662835,5.719794208187519e-12,18.969543000346356,-15.765639285285525,8.4608815020985,-5.256977787037365,1
-0.6485742872600984,-0.07659319783674684,-0.4274869907857217,-0.8168151546407181,-1.3012322399746927,-1.3016414690309195,1.0320676386923358,5.7197942456556755e-12,18.971594602619167,-15.780324290249096,8.457864051245082,-5.266593738874708,1
-0.6488854872739022,-0.07699799600765306,-0.4275262082541212,-0.8173366803060157,-1.3011135585993592,-1.302016071368446,1.0323236083721208,5.7197939998448686e-12,18.97362980261568,-15.794945295017612,8.454854535228352,-5.276170027629984,1
-0.6491951874801539,-0.07740109984839517,-0.42756492452994754,-0.817856026544237,-1.3009954470488,-1.3023889761496814,1.032578450076801,5.7197939236093725e-12,18.975648693293568,-15.80950228791224,8.451853022562789,-5.2857066171811615,1
-0.6495033894035165,-0.07780250789843436,-0.4276031438449388,-0.8183731918996063,-1.3008779048086683,-1.3027601836815699,1.0328321636001916,5.719794102381696e-12,18.977651367427992,-15.82399525833475,8.448859581307968,-5.295203472214424,1
-0.6498100945854339,-0.07820221873536733,-0.4276408704173652,-0.8188881749535293,-1.3007609313564539,-1.3031296943018567,1.0330847487587398,5.719794199352856e-12,18.979637917608432,-15.838424196769472,8.445874279065748,-5.304660558226485,1
-0.6501153045840878,-0.0786002309749373,-0.4276781084518858,-0.8194009743247299,-1.3006445261615218,-1.3034975083790221,1.0333362053914967,5.719794112251511e-12,18.981608436235398,-15.852789094784224,8.442897182977692,-5.314077841526218,1
-0.6504190209743671,-0.07899654327106169,-0.4277148621394083,-0.8199115886694107,-1.3005286886851497,-1.3038636263122174,1.0335865333600907,5.719793455374443e-12,18.983563015517237,-15.867089945031841,8.439928359722371,-5.323455289236676,1
-0.6507212453478334,-0.0793911543158532,-0.42775113565694955,-0.8204200166814022,-1.3004134183805618,-1.3042280485312068,1.033835732548704,5.719793823572562e-12,18.985501747466962,-15.881326741251478,8.436967875512746,-5.3327928692969655,1
-0.651021979312691,-0.07978406283964619,-0.4277869331674977,-0.8209262570923206,-1.3002987146929632,-1.3045907754963162,1.0340838028640555,5.719794170372732e-12,18.987424723899103,-15.895499478270114,8.43401579609351,-5.342090550464227,1
-0.6513212244937469,-0.08017526761100857,-0.4278222588198749,-0.8214303086717079,-1.300184577059582,-1.3049518076983482,1.0343307442353578,5.719793958146257e-12,18.989332036426543,-15.909608152003546,8.43107218673857,-5.35134830231528,1
-0.6516189825323855,-0.08056476743677352,-0.42785711674860233,-0.8219321702271954,-1.3000710049096966,-1.3053111456585467,1.0345765566143093,5.71979299386144e-12,18.991223776457446,-15.923652759458092,8.428137112248384,-5.3605660952487355,1
-0.6519152550865326,-0.0809525611620543,-0.42789151107376605,-0.8224318406046484,-1.299957997664676,-1.305668789928523,1.0348212399750603,5.719792696748665e-12,18.993100035192164,-15.937633298731706,8.425210636947455,-5.369743900486701,1
-0.6522100438306241,-0.08133864767026597,-0.42792544590088416,-0.8229293186883158,-1.2998455547380132,-1.3060247410901968,1.0350647943141875,5.7197916323670175e-12,18.994960903620175,-15.951549769015344,8.422292824681774,-5.378881690076646,1
-0.6525033504555737,-0.08172302588314462,-0.42795892532077534,-0.8234246034009804,-1.299733675535362,-1.3063789997557311,1.0353072196506663,5.719790939278159e-12,18.99680647251706,-15.965402170594254,8.419383738816318,-5.387979436893215,1
-0.6527951766687449,-0.08210569476077043,-0.427991953409429,-0.8239176937041132,-1.2996223594545626,-1.3067315665674974,1.0355485160258608,5.719790607074035e-12,18.998636832441502,-15.979190504849397,8.416483442232511,-5.39703711464011,1
-0.653085524193916,-0.08248665330158228,-0.4280245342278766,-0.8244085885980152,-1.2995116058856897,-1.3070824421979739,1.035788683503471,5.719790419762883e-12,19.000452073732298,-15.992914774258589,8.413591997325797,-5.406054697851791,1
-0.653374394771254,-0.08286590054240162,-0.42805667182206436,-0.8248972871219733,-1.2994014142110724,-1.307431627349728,1.0360277221695342,5.719789951410308e-12,19.002252286505424,-16.006574982397968,8.41070946600313,-5.4150321618953745,1
-0.6536617901572822,-0.08324343555844797,-0.42808837022272733,-0.8253837883544026,-1.2992917838053366,-1.3077791227553288,1.036265632132381,5.7197902293264195e-12,19.004037560651106,-16.020171133943183,8.407835909680566,-5.423969482972343,1
-0.653947712124852,-0.08361925746335967,-0.428119633445265,-0.8258680914130005,-1.2991827140354335,-1.3081249291773038,1.03650241352262,5.7197904224510074e-12,19.00580798583092,-16.033703234670757,8.404971389280826,-5.432866638120364,1
-0.6542321624631126,-0.08399336540920918,-0.42815046548961794,-0.826350195454887,-1.2990742042606764,-1.3084690474080667,1.0367380664931019,5.7197904786206964e-12,19.00756365147492,-16.047171291459293,8.402115965230918,-5.4417236052149915,1
-0.6545151429774854,-0.0843657585865258,-0.42818087034014646,-0.8268300996767599,-1.2989662538327669,-1.30881147826988,1.0369725912189094,5.719789693003133e-12,19.009304646778816,-16.06057531229092,8.399269697459715,-5.450540362971521,1
-0.6547966554896314,-0.0847364362243069,-0.4282108519655098,-0.8273078033150338,-1.2988588620958321,-1.309152222614781,1.0372059878973197,5.7197888933226515e-12,19.01103106070112,-16.073915306252346,8.396432645395654,-5.459316890946581,1
-0.6550767018374275,-0.08510539759004004,-0.42824041431854765,-0.8277833056459908,-1.298752028386458,-1.309491281324519,1.0374382567477756,5.719788897215541e-12,19.01274298196041,-16.08719128353633,8.393604867964356,-5.468053169539976,1
-0.6553552838749386,-0.08547264198971977,-0.4282695613361626,-0.828256605985927,-1.2986457520337151,-1.3098286553105176,1.0376693980118727,5.7197886999306896e-12,19.014440499032542,-16.10040325544293,8.39078642358631,-5.476749179996396,1
-0.6556324034723888,-0.08583816876786139,-0.42829829693920385,-0.8287277036912941,-1.2985400323591938,-1.3101643455138041,1.0378994119533251,5.719787746858751e-12,19.01612370014792,-16.11355123438068,8.387977370174596,-5.485404904407055,1
-0.655908062516136,-0.08620197730751783,-0.4283266250323525,-0.8291965981588434,-1.2984348686770348,-1.310498352904955,1.0381282988579408,5.719788296343703e-12,19.017792673288785,-16.126635233867862,8.385177765132614,-5.49402032571139,1
-0.6561822629086492,-0.0865640670303011,-0.42835454950400903,-0.8296632888257796,-1.2983302602939586,-1.3108306784840436,1.0383560590335987,5.719788298572673e-12,19.01944750618659,-16.139655268533982,8.382387665351784,-5.502595427698875,1
-0.656455006568478,-0.08692443739639023,-0.4283820742261805,-0.8301277751698908,-1.2982262065092975,-1.3111613232805783,1.0385826928102198,5.719788204912672e-12,19.0210882863193,-16.15261135412073,8.379607127209374,-5.511130195010501,1
-0.6567262954302333,-0.08728308790455513,-0.4284092030543712,-0.8305900567097052,-1.2981227066150218,-1.3114902883534598,1.0388082005397494,5.71978841659674e-12,19.022715100908815,-16.16550350748353,8.376836206566223,-5.519624613140634,1
-0.6569961314445576,-0.08764001809216435,-0.42843593982747286,-0.8310501330046237,-1.2980197598957754,-1.3118175747909062,1.0390325825961189,5.719787942846696e-12,19.02432803691836,-16.17833174659253,8.374074958764616,-5.528078668438483,1
-0.6572645165781044,-0.08799522753520485,-0.4284622883676578,-0.8315080036550662,-1.2979173656289014,-1.3121431837104127,1.0392558393752296,5.719787614807763e-12,19.025927181049944,-16.191096090534025,8.371323438626074,-5.536492348109851,1
-0.6575314528135141,-0.088348715848296,-0.42848825248027284,-0.8319636683026141,-1.29781552308447,-1.3124671162586967,1.039477971294928,5.719787281929918e-12,19.02751261974183,-16.203796559511662,8.368581700449212,-5.54486564021874,1
-0.6577969421493938,-0.08870048268470701,-0.4285138359537347,-0.8324171266301555,-1.2977142315253085,-1.312789373611643,1.0396989787949795,5.719786269938236e-12,19.029084439166052,-16.216433174847793,8.365849798007595,-5.553198533689034,1
-0.6580609866002889,-0.08905052773636482,-0.4285390425594268,-0.8328683783620159,-1.2976134902070309,-1.3131099569742462,1.0399188623370403,5.719785841015373e-12,19.030642725225913,-16.229005958984487,8.363127784547684,-5.561491018305954,1
-0.6583235881966667,-0.08939885073387398,-0.428563876051598,-0.8333174232641057,-1.2975132983780657,-1.3134288675805557,1.0401376224046315,5.7197860428894e-12,19.03218756355359,-16.241514935484968,8.36041571278671,-5.569743084717785,1
-0.6585847489848935,-0.08974545144652937,-0.42858834016726216,-0.8337642611440607,-1.2974136552796804,-1.3137461066936371,1.0403552595031231,5.719785516431931e-12,19.033719039507705,-16.253960129034816,8.35771363491062,-5.577954724437431,1
-0.6588444710272133,-0.09009032968232943,-0.4286124386260997,-0.8342088918513775,-1.2973145601460125,-1.3140616756055044,1.0405717741596991,5.71978492612599e-12,19.035237238170954,-16.26634156544318,8.355021602572055,-5.586125929843979,1
-0.6591027564017283,-0.09043348528799021,-0.4286361751303603,-0.8346513152775541,-1.2972160122040943,-1.314375575637079,1.04078716692334,5.719784542421739e-12,19.036742244347767,-16.27865927164403,8.352339666888312,-5.594256694184271,1
-0.6593596072023787,-0.09077491814895865,-0.4286595533647672,-0.8350915313562282,-1.297118010673879,-1.3146878081381355,1.041001438364796,5.719784496516598e-12,19.038234142561993,-16.290913275697392,8.349667878439366,-5.602347011574457,1
-0.6596150255389257,-0.09111462818942816,-0.42868257699642337,-0.8355295400633165,-1.2970205547682705,-1.3149983744872458,1.0412145890765594,5.719783364599325e-12,19.03971301705463,-16.303103606790657,8.347006287265872,-5.610396877001595,1
-0.6598690135369305,-0.09145261537234908,-0.4287052496747184,-0.8359653414171504,-1.2969236436931417,-1.3153072760917468,1.0414266196728519,5.7197835999090386e-12,19.04117895178155,-16.315230295239733,8.34435494286724,-5.6184062863251185,1
-0.6601215733377341,-0.09178887969943805,-0.4287275750312372,-0.836398935478605,-1.296827276647372,-1.3156145143876579,1.0416375307895789,5.719783855480179e-12,19.042632030411283,-16.327293372490132,8.341713894199735,-5.62637523627828,1
-0.6603727070984478,-0.09212342121120129,-0.428749556679671,-0.8368303223512509,-1.2967314528228606,-1.3159200908396662,1.0418473230843284,5.719783721307345e-12,19.044072336322866,-16.339292871118598,8.339083189674486,-5.634303724469914,1
-0.6606224169919291,-0.09245623998693864,-0.42877119821572846,-0.837259502181478,-1.2966361714045562,-1.3162240069410636,1.0420559972363377,5.7197831842699634e-12,19.045499952603645,-16.351228824834013,8.336462877155673,-5.642191749385737,1
-0.6608707052067683,-0.09278733614475802,-0.42879250321704926,-0.8376864751586323,-1.2965414315704835,-1.3165262642136917,1.042263553946465,5.7197824749194536e-12,19.046914962047175,-16.363101268478715,8.333853003958653,-5.650039310389888,1
-0.6611175739472703,-0.09311670984158629,-0.4288134752431188,-0.8381112415151485,-1.2964472324917642,-1.3168268642079055,1.0424699939371738,5.71978194895788e-12,19.048317447151106,-16.374910238029656,8.33125361684813,-5.657846407726375,1
-0.6613630254334459,-0.09344436127318831,-0.4288341178351849,-0.8385338015266929,-1.2963535733326406,-1.3171258085025255,1.042675317952508,5.7197816508032665e-12,19.049707490115168,-16.386655770599898,8.328664762036292,-5.665613042520719,1
-0.6616070619009892,-0.09377029067416925,-0.4288544345161751,-0.8389541555122834,-1.2962604532505009,-1.3174230987047837,1.0428795267580653,5.719781593072868e-12,19.051085172839088,-16.39833790443948,8.32608648518109,-5.67333921678118,1
-0.661849685601269,-0.0940944983179932,-0.4288744287906166,-0.8393723038344312,-1.2961678713959008,-1.3177187364502845,1.0430826211409776,5.71978135121889e-12,19.05245057692064,-16.40995667893689,8.323518831384423,-5.681024933400372,1
-0.6620908988013153,-0.09441698451699451,-0.42889410414455686,-0.8397882468992711,-1.2960758269125863,-1.3180127234029582,1.0432846019098883,5.71978087520393e-12,19.053803783653674,-16.421512134620283,8.320961845190388,-5.688670196156696,1
-0.6623307037838027,-0.09473774962238415,-0.42891346404548586,-0.8402019851566872,-1.2959843189375162,-1.3183050612550127,1.0434854698949265,5.71978056230882e-12,19.05514487402616,-16.433004313158502,8.318415570583603,-5.696275009715648,1
-0.6625691028470418,-0.0950567940242666,-0.4289325119422604,-0.8406135191004493,-1.2958933466008837,-1.3185957517268942,1.043685225947689,5.719779879399006e-12,19.056473928718322,-16.44443325736252,8.31588005098747,-5.703839379631368,1
-0.6628060983049692,-0.09537411815165195,-0.4289512512650296,-0.8410228492683457,-1.295802909026137,-1.3188847965672432,1.043883870941217,5.719779071429257e-12,19.05779102810079,-16.455799011186674,8.313355329262485,-5.71136331234807,1
-0.663041692487131,-0.09568972247246102,-0.42896968542516156,-0.8414299762423011,-1.2957130053300032,-1.319172197552843,1.0440814057699692,5.719778541186452e-12,19.059096252232724,-16.467101619729682,8.31084144770464,-5.718846815201299,1
-0.6632758877386778,-0.09600360749354271,-0.42898781781517226,-0.8418349006485178,-1.2956236346225034,-1.3194579564885962,1.0442778313498127,5.719778860106416e-12,19.060389680860055,-16.47834112923609,8.308338448043736,-5.72628989641947,1
-0.6635086864203538,-0.09631577376068301,-0.4290056518086555,-0.8422376231575972,-1.2955347960069794,-1.319742075207462,1.0444731486179866,5.719778426332742e-12,19.061671393413718,-16.48951758709741,8.305846371441808,-5.733692565125202,1
-0.6637400909084863,-0.09662622185861504,-0.42902319076021467,-0.8426381444846691,-1.295446488580109,-1.3200245555704295,1.0446673585330915,5.719778535842551e-12,19.06294146900791,-16.500631041853342,8.303365258491537,-5.741054831336669,1
-0.663970103594978,-0.09693495241102985,-0.4290404380053957,-0.8430364653895156,-1.2953587114319283,-1.320305399466468,1.044860462075062,5.71977830521315e-12,19.06419998643841,-16.51168154319297,8.300895149214696,-5.748376705968958,1
-0.6641987268873003,-0.09724196608058898,-0.429057396860622,-0.8434325866767025,-1.2952714636458484,-1.320584608812495,1.0450524602451514,5.719777772854372e-12,19.065447024180912,-16.522669141956076,8.298436083060604,-5.755658200835469,1
-0.6644259632084862,-0.09754726356893487,-0.4290740706231307,-0.8438265091957023,-1.2951847442986768,-1.320862185553331,1.045243354065907,5.719777487020917e-12,19.066682660389407,-16.533593890134338,8.295988098904612,-5.762899328649245,1
-0.6646518149971236,-0.09785084561670124,-0.42909046257091044,-0.8442182338410193,-1.295098552460632,-1.3211381316616666,1.045433144581154,5.719777258017999e-12,19.067906972894583,-16.544455840872573,8.293551235046616,-5.770100103024305,1
-0.664876284707347,-0.09815271300352064,-0.4291065759626407,-0.8446077615523102,-1.2950128871953668,-1.3214124491380148,1.045621832855968,5.719776977499035e-12,19.069120039202268,-16.55525504846984,8.291125529209623,-5.777260538476893,1
-0.6650993748088373,-0.09845286654804028,-0.4291224140376327,-0.8449950933145152,-1.2949277475599792,-1.321685140010689,1.0458094199766674,5.719777415012488e-12,19.070321936491908,-16.565991568380866,8.288711018538262,-5.784380650426921,1
-0.6653210877868158,-0.09875130710793185,-0.4291379800157722,-0.845380230157978,-1.294843132605035,-1.3219562063357535,1.0459959070507832,5.719777703040571e-12,19.071512741615095,-16.576665457217274,8.286307739597376,-5.791460455199255,1
-0.6655414261420363,-0.09904803557989555,-0.42915327709746304,-0.8457631731585619,-1.294759041374582,-1.322225650196992,1.0461812952070442,5.719777875632518e-12,19.072692531094077,-16.587276772748563,8.283915728370678,-5.7984999700248645,1
-0.6657603923907891,-0.09934305289967986,-0.4291683084635732,-0.8461439234377832,-1.2946754729061662,-1.3224934737058747,1.0463655855953595,5.719777115284116e-12,19.073861381120384,-16.5978255739037,8.281535020259305,-5.805499213042327,1
-0.6659779890648899,-0.0996363600420805,-0.4291830772753814,-0.8465224821629158,-1.2945924262308515,-1.3227596790015135,1.0465487793867925,5.719777224463099e-12,19.07501936755339,-16.608311920771953,8.279165650080571,-5.812458203298839,1
-0.6661942187116904,-0.09992795802096706,-0.4291975866745266,-0.8468988505471351,-1.2945099003732263,-1.3230242682506517,1.0467308777735589,5.7197770422227085e-12,19.076166565919035,-16.6187358746047,8.276807652066504,-5.819376960751871,1
-0.6664090838940612,-0.10021784788927188,-0.4292118397829573,-0.847273029849608,-1.2944278943514298,-1.3232872436475998,1.0469118819689875,5.71977712047522e-12,19.077303051408425,-16.629097497815913,8.274461059862727,-5.826255506269916,1
-0.6666225871904098,-0.10050603073902477,-0.4292258397028844,-0.8476450213756435,-1.2943464071771575,-1.3235486074142297,1.0470917932075212,5.719777225990842e-12,19.078428898876652,-16.639396853984287,8.272125906526988,-5.833093861634323,1
-0.6668347311946629,-0.10079250770133873,-0.42923958951673363,-0.8480148264767813,-1.294265437855682,-1.3238083617999257,1.0472706127446862,5.719776849705495e-12,19.079544182841452,-16.6496340078536,8.269802224528105,-5.839892049539953,1
-0.667045518516281,-0.10107727994643888,-0.4292530922871011,-0.8483824465509305,-1.2941849853858614,-1.3240665090815646,1.0474483418570848,5.7197765076414065e-12,19.080648977482067,-16.65980902533463,8.26749004574459,-5.8466500935968595,1
-0.6672549517802534,-0.10136034868366263,-0.4292663510567097,-0.8487478830424765,-1.2941050487601582,-1.3243230515634756,1.0476249818423697,5.719775592373924e-12,19.081743356638036,-16.669921973506064,8.265189401463534,-5.853368018331268,1
-0.6674630336271029,-0.10164171516147413,-0.429279368848367,-0.8491111374424006,-1.2940256269646473,-1.3245779915774223,1.0478005340192373,5.719775356687584e-12,19.082827393808078,-16.67997292061588,8.262900322379384,-5.860045849186892,1
-0.6676697667128885,-0.10192138066747268,-0.42929214866492516,-0.8494722112883936,-1.2939467189790328,-1.3248313314825615,1.0479749997274017,5.71977576307338e-12,19.083901162148983,-16.68996193608256,8.260622838592816,-5.866683612526098,1
-0.667875153709207,-0.10219934652840064,-0.4293046934892417,-0.849831106164968,-1.2938683237766566,-1.3250830736654284,1.0481483803275888,5.71977556534569e-12,19.08496473447453,-16.699889090496253,8.258356979609617,-5.873281335631046,1
-0.6680791973032041,-0.10247561411016134,-0.429317006284143,-0.8501878237035827,-1.2937904403245144,-1.325333220539893,1.0483206772015095,5.719776089802627e-12,19.086018183254488,-16.709754455620317,8.256102774339523,-5.8798390467050545,1
-0.6682819001975703,-0.10275018481781806,-0.4293290899923876,-0.8505423655827403,-1.2937130675832627,-1.3255817745471514,1.048491891751856,5.719775632971123e-12,19.087061580613597,-16.719558104392192,8.25386025109522,-5.886356774873519,1
-0.6684832651105571,-0.10302306009561674,-0.4293409475366332,-0.8508947335281167,-1.2936362045072318,-1.32582873815569,1.0486620254022818,5.7197755054789595e-12,19.08809499833063,-16.7293001109251,8.251629437591202,-5.892834550185376,1
-0.668683294775974,-0.10329424142698336,-0.4293525818194032,-0.8512449293126566,-1.2935598500444379,-1.3260741138612577,1.0488310795973845,5.719775522304528e-12,19.089118507837433,-16.73898055050886,8.249410360942829,-5.899272403613956,1
-0.668881991943202,-0.10356373033454239,-0.4293639957230562,-0.8515929547566959,-1.293484003136591,-1.3263179041868487,1.0489990558026956,5.7197748146807635e-12,19.090132180218085,-16.748599499611455,8.24720304766526,-5.905670367058332,1
-0.6690793593772013,-0.10383152838012645,-0.4293751921097565,-0.8519388117280696,-1.293408662719105,-1.326560111682678,1.049165955504668,5.719774674850149e-12,19.091136086208017,-16.758157035880295,8.245007523672466,-5.912028473344447,1
-0.6692753998585179,-0.10409763716478326,-0.4293861738214461,-0.8522825021422188,-1.2933338277211082,-1.3268007389261531,1.0493317802106574,5.719773723731141e-12,19.092130296193208,-16.76765323814336,8.242823814276315,-5.9183467562261685,1
-0.669470116183294,-0.10436205832878696,-0.4293969436798186,-0.8526240279623013,-1.293259497065451,-1.3270397885218583,1.049496531448914,5.719773495621574e-12,19.0931148802094,-16.77708818641053,8.24065194418561,-5.924625250386441,1
-0.6696635111632804,-0.1046247935516513,-0.42940750448629433,-0.8529633911993024,-1.2931856696687152,-1.3272772631015302,1.0496602107685675,5.719772971414749e-12,19.094089907941367,-16.78646196187497,8.238491937505165,-5.930863991438467,1
-0.6698555876258445,-0.10488584455213573,-0.42941785902199714,-0.853300593912137,-1.2931123444412205,-1.3275131653240408,1.0498228197396176,5.719772925961926e-12,19.095055448722196,-16.795774646914257,8.236343817734953,-5.937063015926715,1
-0.6700463484139837,-0.10514521308825765,-0.4294280100477329,-0.8536356382077606,-1.2930395202870362,-1.3277474978753685,1.0499843599529146,5.719772926664858e-12,19.096011571532625,-16.805026325091756,8.23420760776923,-5.943222361328063,1
-0.670235796386336,-0.10540290095730083,-0.42943796030396914,-0.8539685262412706,-1.2929671961039817,-1.3279802634685973,1.0501448330201617,5.719772850242857e-12,19.096958345000395,-16.81421708115782,8.23208332989571,-5.949342066052838,1
-0.6704239344172004,-0.10565890999583441,-0.42944771251081715,-0.8542992602160242,-1.2928953707836404,-1.3282114648438772,1.0503042405738878,5.719772112723523e-12,19.097895837399697,-16.823347001051417,8.229971005794686,-5.955422169446108,1
-0.6706107653965391,-0.10591324207970858,-0.42945726936801426,-0.8546278423837231,-1.292824043211361,-1.3284411047684244,1.0504625842674493,5.719772176573725e-12,19.098824116650547,-16.832416171900878,8.22787065653836,-5.961462711788395,1
-0.6707962922300035,-0.10616589912407952,-0.42946663355490905,-0.8549542750445356,-1.2927532122662666,-1.328669186036493,1.0506198657750108,5.719771669997097e-12,19.099743250318316,-16.84142468202573,8.225782302589968,-5.967463734297087,1
-0.6709805178389413,-0.1064168830834087,-0.429475807730447,-0.8552785605471862,-1.292682876821258,-1.32889571146937,1.0507760867915434,5.719771252192059e-12,19.100653305613196,-16.850372620937595,8.22370596380312,-5.973425279127222,1
-0.6711634451604188,-0.10666619595148173,-0.42948479453315863,-0.8556007012890678,-1.2926130357430201,-1.329120683915351,1.0509312490328078,5.719771541871215e-12,19.101554349389797,-16.859260079341798,8.221641659421032,-5.979347389372736,1
-0.6713450771472337,-0.10691383976141339,-0.4294935965811484,-0.8559206997163361,-1.2925436878920267,-1.3293441062497329,1.0510853542353493,5.719771614785527e-12,19.102446448146686,-16.868087149138475,8.219589408075871,-5.985230109067361,1
-0.6715254167679373,-0.10715981658566479,-0.42950221647208575,-0.8562385583240182,-1.2924748321225437,-1.329565981374797,1.0512384041564882,5.719772112284647e-12,19.103329668026053,-16.876853923424125,8.217549227788043,-5.991073483185815,1
-0.6717044670068475,-0.107404128536046,-0.4295106567831972,-0.8565542796561034,-1.2924064672826336,-1.3297863122198004,1.0513904005743113,5.719771706288544e-12,19.104204074813325,-16.885560496492637,8.215521135965611,-5.996877557644624,1
-0.6718822308640706,-0.10764677776373081,-0.4295189200712604,-0.8568678663056459,-1.2923385922141608,-1.3300051017409562,1.0515413452876605,5.719772062196337e-12,19.105069733936876,-16.89420696383676,8.213505149403652,-6.002642379303235,1
-0.6720587113555243,-0.10788776645927188,-0.4295270088725994,-0.8571793209148697,-1.2922712057527903,-1.3302223529214359,1.0516912401161325,5.7197722087874e-12,19.10592671046778,-16.90279342214957,8.21150128428362,-6.008367995965115,1
-0.6722339115129543,-0.10812709685260584,-0.4295349257030818,-0.8574886461752588,-1.2922043067279931,-1.3304380687713513,1.0518400869000668,5.719772374935955e-12,19.10677506911955,-16.91131996932562,8.20950955617284,-6.014054456378614,1
-0.6724078343839583,-0.1083647712130679,-0.42954267305811716,-0.8577958448276579,-1.29213789396305,-1.3306522523277429,1.051987887500537,5.719772016636472e-12,19.107614874247957,-16.919786704462375,8.207529980023917,-6.019701810238037,1
-0.6725804830320037,-0.10860079184939651,-0.4295502534126566,-0.8581009196623609,-1.2920719662750506,-1.3308649066545744,1.0521346437993462,5.719772479254182e-12,19.108446189850845,-16.928193727861334,8.205562570174282,-6.025310108184472,1
-0.672751860536458,-0.1088351611097558,-0.42955766922119504,-0.8584038735192212,-1.2920065224748931,-1.3310760348427386,1.0522803576990298,5.719772073104364e-12,19.109269079568048,-16.93654114102978,8.203607340345592,-6.030879401807028,1
-0.6729219699926074,-0.10906788138173841,-0.4295649229177738,-0.858704709287735,-1.291941561367291,-1.3312856400100246,1.0524250311228323,5.7197717555912706e-12,19.11008360668127,-16.944829046681832,8.201664303643337,-6.036409743643602,1
-0.6730908145116822,-0.10929895509237854,-0.42957201691598534,-0.8590034299071369,-1.2918770817507683,-1.3314937253011339,1.0525686660147169,5.719771835222628e-12,19.110889834114044,-16.95305754873984,8.199733472556376,-6.041901187181872,1
-0.6732583972208852,-0.10952838470816874,-0.4295789536089794,-0.8593000383665006,-1.291813082417661,-1.331700293887669,1.0527112643393564,5.7197718863351676e-12,19.111687824431737,-16.961226752335953,8.197814858956464,-6.047353786860379,1
-0.673424721263411,-0.109756172735061,-0.4295857353694705,-0.8595945377048169,-1.2917495621541175,-1.3319053489681287,1.0528528280821279,5.719771510661743e-12,19.11247763984153,-16.969336763813104,8.195908474097942,-6.052767598069214,1
-0.6735897897984785,-0.10998232171848658,-0.4295923645497471,-0.8598869310110976,-1.2916865197400995,-1.3321088937678975,1.052993359249105,5.7197714980561785e-12,19.113259342192503,-16.977387690726662,8.194014328617296,-6.058142677151151,1
-0.6737536060013615,-0.11020683424337245,-0.42959884348168254,-0.8601772214244698,-1.2916239539493732,-1.3323109315392698,1.053132859867071,5.719771459369891e-12,19.11403299297575,-16.98537964184598,8.192132432532757,-6.063479081402683,1
-0.6739161730634042,-0.11042971293413535,-0.4296051744767467,-0.8604654121342462,-1.2915618635495205,-1.3325114655614065,1.0532713319834885,5.7197717058809736e-12,19.114798653324453,-16.99331272715514,8.190262795244134,-6.068776869074516,1
-0.6740774941920662,-0.11065096045471515,-0.4296113598260201,-0.8607515063800383,-1.2915002473019244,-1.3327104991403746,1.0534087776665233,5.7197712968611706e-12,19.11555638401411,-17.001187057855084,8.188405425532322,-6.074036099372993,1
-0.6742375726109441,-0.11087057950857632,-0.429617401800209,-0.8610355074518351,-1.2914391039617734,-1.3329080356091254,1.0535451990050275,5.719771029309484e-12,19.11630624546271,-17.009002746364644,8.186560331559111,-6.079256832460745,1
-0.674396411559796,-0.11108857283871176,-0.42962330264966164,-0.8613174186900767,-1.2913784322780586,-1.3331040783274974,1.0536805981085398,5.7197712222468984e-12,19.11704829773094,-17.01675990632162,8.184727520867002,-6.084439129457387,1
-0.6745540142945885,-0.11130494322767595,-0.429629064604387,-0.8615972434857715,-1.2913182309935665,-1.3332986306822296,1.0538149771072904,5.719771107891727e-12,19.117782600522528,-17.024458652584936,8.182907000378798,-6.089583052440906,1
-0.6747103840875155,-0.11151969349757963,-0.4296346898740739,-0.8618749852805562,-1.2912584988448788,-1.3334916960869534,1.0539483381521946,5.7197708860622935e-12,19.11850921318451,-17.03209910123539,8.18109877639754,-6.094688664448122,1
-0.674865524227039,-0.11173282651011304,-0.42964018064811255,-0.862150647566798,-1.2911992345623664,-1.3336832779822014,1.054080683414854,5.719770835820316e-12,19.119228194707592,-17.039681369577462,8.179302854606242,-6.099756029475814,1
-0.675019438017914,-0.11194434516654651,-0.4296455390956167,-0.8624242338876622,-1.2911404368701875,-1.3338733798354057,1.0542120150875534,5.719770767814439e-12,19.119939603726504,-17.047205576140296,8.177519240067811,-6.104785212481306,1
-0.6751721287812348,-0.11215425240775986,-0.4296507673654482,-0.8626957478372187,-1.2910821044862792,-1.3340620051409138,1.0543423353832688,5.7197703190272274e-12,19.120643498520472,-17.0546718406797,8.175747937224791,-6.109776279383721,1
-0.6753235998544613,-0.11236255121424292,-0.4296558675862422,-0.8629651930605082,-1.2910242361223543,-1.3342491574199868,1.0544716465356623,5.719770024570248e-12,19.121339937013634,-17.06208028417914,8.173988949899334,-6.114729297064539,1
-0.6754738545914575,-0.11256924460611166,-0.42966084186643416,-0.863232573253629,-1.2909668304838948,-1.3344348402208106,1.0545999507990855,5.7197706298778396e-12,19.122028976775535,-17.06943102885127,8.172242281293089,-6.119644333368521,1
-0.6756228963625287,-0.11277433564312322,-0.4296656922942885,-0.8634978921638217,-1.290909886270146,-1.3346190571185022,1.0547272504485818,5.719770629382444e-12,19.12271067502167,-17.076724198139445,8.17050793398712,-6.124521457104593,1
-0.6757707285544606,-0.1129778274246901,-0.42967042093792857,-0.8637611535895513,-1.29085340217411,-1.3348018117151184,1.054853547779888,5.7197701017254855e-12,19.12338508861403,-17.083959916719184,8.168785909941844,-6.129360738046698,1
-0.6759173545705524,-0.1131797230898872,-0.4296750298453675,-0.8640223613805788,-1.2907973768825383,-1.3349831076396672,1.0549788451094373,5.719770329945017e-12,19.124052274061693,-17.091138310499392,8.167076210497074,-6.134162246934473,1
-0.6760627778306624,-0.1133800258174751,-0.42967952104454166,-0.8642815194380524,-1.2907418090759248,-1.335162948548117,1.0551031447743628,5.7197700082366675e-12,19.12471228752149,-17.098259506624164,8.165378836371927,-6.138926055474301,1
-0.6762070017712414,-0.11357873882590376,-0.42968389654334455,-0.8645386317145759,-1.2906866974284978,-1.3353413381234087,1.0552264491325016,5.71977014118738e-12,19.125365184798625,-17.10532363347387,8.163693787664938,-6.143652236339885,1
-0.6763500298453801,-0.1137758653733368,-0.4296881583296627,-0.8647937022142975,-1.2906320406082115,-1.3355182800754697,1.0553487605623988,5.719770032984732e-12,19.126011021347423,-17.112330820667008,8.162021063854016,-6.148340863173302,1
-0.6764918655228421,-0.11397140875765388,-0.4296923083714124,-0.865046734992973,-1.2905778372767387,-1.3356937781412213,1.0554700814633096,5.719770369086772e-12,19.126649852272035,-17.119281199061252,8.160360663796613,-6.152992010585528,1
-0.6766325122901142,-0.114165372316476,-0.4296963486165788,-0.865297734158058,-1.2905240860894596,-1.335867836084602,1.0555904142552097,5.719770201413071e-12,19.127281732327233,-17.12617490075532,8.158712585729718,-6.1576057541575,1
-0.6767719736504433,-0.11435775942717204,-0.42970028099325536,-0.865546703868771,-1.2904707856954538,-1.3360404576965754,1.0557097613787974,5.719770162399314e-12,19.127906715919206,-17.133012059090184,8.157076827270041,-6.162182170440714,1
-0.6769102531238822,-0.11454857350687622,-0.42970410740968545,-0.8657936483361753,-1.2904179347374916,-1.336211646795145,1.0558281252954964,5.71977003856914e-12,19.1285248571064,-17.139792808650668,8.15545338541412,-6.166721336958083,1
-0.6770473542473343,-0.11473781801250313,-0.42970782975430516,-0.8660385718232523,-1.2903655318520204,-1.336381407225379,1.0559455084874707,5.719769981878404e-12,19.129136209600407,-17.14651728526695,8.153842256538482,-6.17122333220472,1
-0.6771832805746005,-0.11492549644076511,-0.4297114498957874,-0.8662814786449777,-1.2903135756691564,-1.336549742859424,1.0560619134576268,5.719769445882708e-12,19.129740826766884,-17.153185626016157,8.1522434363998,-6.175688235648771,1
-0.6773180356764158,-0.11511161232817446,-0.42971496968308737,-0.8665223731683799,-1.2902620648126755,-1.3367166575965126,1.0561773427296148,5.719769840255112e-12,19.13033876162645,-17.159797969223426,8.150656920135205,-6.180116127731876,1
-0.677451623140506,-0.11529616925107267,-0.4297183909454896,-0.86676125981263,-1.2902109978999978,-1.3368821553629993,1.0562917988478473,5.719769407297765e-12,19.13093006685573,-17.166354454463903,8.149082702262389,-6.18450708987026,1
-0.6775840465716368,-0.1154791708256478,-0.4297217154926565,-0.8669981430491135,-1.2901603735421778,-1.3370462401123735,1.056405284377503,5.71976966200912e-12,19.13151479478835,-17.17285522256436,8.147520776679837,-6.18886120445554,1
-0.677715309591647,-0.11566062070792943,-0.42972494511467757,-0.8672330274014793,-1.290110190343893,-1.3372089158252773,1.0565178019045327,5.719769787047692e-12,19.132092997415956,-17.179300415603965,8.145971136667276,-6.193178554854981,1
-0.677845415839513,-0.11584052259382624,-0.4297280815821209,-0.8674659174457342,-1.2900604469034291,-1.3373701865095342,1.0566293540356744,5.7197694819583056e-12,19.13266472638933,-17.185690176916626,8.14443377488577,-6.197459225412761,1
-0.67797436897139,-0.11601888021912998,-0.42973112664608537,-0.8676968178102976,-1.290011141812669,-1.3375300562001662,1.0567399433984581,5.719769157450682e-12,19.133230033019494,-17.192024651092083,8.142908683378138,-6.201703301450423,1
-0.6781021726606635,-0.11619569735953285,-0.42973408203825453,-0.8679257331760741,-1.28996227365708,-1.3376885289594143,1.0568495726412146,5.71976910097242e-12,19.133788968278864,-17.198303983977524,8.141395853569284,-6.205910869267641,1
-0.6782288305980011,-0.11637097783064476,-0.42973694947095165,-0.8681526682765209,-1.2899138410156958,-1.3378456088767778,1.0569582444330958,5.719769384115127e-12,19.134341582802424,-17.20452832267917,8.139895276266529,-6.210082016142971,1
-0.6783543464914045,-0.11654472548801008,-0.4297397306371963,-0.8683776278977167,-1.2898658424611091,-1.3380013000690172,1.057065961464071,5.719769305837189e-12,19.134887926888958,-17.210697815563844,8.138406941659998,-6.2142168303345775,1
-0.6784787240662582,-0.11671694422711841,-0.42974242721076183,-0.8686006168784194,-1.2898182765594521,-1.3381556066801963,1.0571727264449489,5.719769225218786e-12,19.135428050502277,-17.21681261226034,8.136930839323057,-6.218315401080815,1
-0.6786019670653917,-0.11688763798343366,-0.4297450408462351,-0.8688216401101506,-1.289771141870382,-1.3383085328817073,1.057278542107389,5.719769344244366e-12,19.135962003272546,-17.222872863661443,8.135466958212637,-6.222377818601229,1
-0.6787240792491194,-0.11705681073239181,-0.42974757317907614,-0.8690407025372342,-1.289724436947067,-1.3384600828722963,1.057383411203912,5.719769126279647e-12,19.13648983449754,-17.22887872192482,8.13401528666983,-6.226404174096809,1
-0.6788450643953089,-0.11722446648943562,-0.4297500258256805,-0.8692578091568836,-1.2896781603361709,-1.3386102608780883,1.0574873365079105,5.719768617953094e-12,19.137011593144038,-17.23483034047523,8.132575812420205,-6.230394559751098,1
-0.6789649262994272,-0.11739060931001997,-0.42975240038344203,-0.8694729650192522,-1.2896323105778373,-1.3387590711526165,1.0575903208136623,5.719768592977426e-12,19.13752732784919,-17.24072787400572,8.131148522574387,-6.234349068730617,1
-0.6790836687746015,-0.11755524328963488,-0.42975469843081715,-0.8696861752275012,-1.2895868862056703,-1.3389065179768638,1.057692366936352,5.71976863657414e-12,19.138037086921937,-17.246571478479392,8.129733403628517,-6.238267795185674,1
-0.6792012956516698,-0.11771837256381468,-0.42975692152739065,-0.869897444937854,-1.2895418857467242,-1.3390526056592709,1.0577934777120694,5.7197690122626995e-12,19.13854091834442,-17.252361311130734,8.128330441464843,-6.242150834250856,1
-0.6793178107792492,-0.11788000130817054,-0.42975907121394236,-0.8701067793596751,-1.289497307721476,-1.3391973385358027,1.0578936559978482,5.719768488674432e-12,19.139038869773536,-17.258097530467744,8.126939621352141,-6.2459982820460525,1
-0.6794332180237797,-0.11804013373838747,-0.4297611490125155,-0.8703141837555046,-1.2894531506438196,-1.3393407209699417,1.0579929046716536,5.719768661802023e-12,19.139530988542347,-17.26378029627282,8.12556092794646,-6.249810235676634,1
-0.6795475212695965,-0.11819877411026175,-0.42976315642648605,-0.8705196634411448,-1.2894094130210385,-1.3394827573527541,1.058091226632421,5.719768397318945e-12,19.140017321661713,-17.26940976960506,8.124194345291532,-6.253586793234579,1
-0.6796607244189764,-0.11835592671969977,-0.4297650949406332,-0.870723223785693,-1.2893660933537952,-1.339623452102897,1.058188624800053,5.719768272991346e-12,19.140497915821793,-17.27498611280121,8.122839856819557,-6.257328053798673,1
-0.6797728313922127,-0.11851159590275677,-0.4297669660212116,-0.8709248702116292,-1.2893231901361055,-1.3397628096666785,1.0582851021154536,5.719767919399531e-12,19.14097281739371,-17.280509489478018,8.121497445351643,-6.261034117435653,1
-0.6798838461276624,-0.11866578603563636,-0.4297687711160242,-0.8711246081948476,-1.289280701855325,-1.339900834518075,1.0583806615405318,5.719768099761519e-12,19.141442072431136,-17.285980064533213,8.12016709309862,-6.264705085200401,1
-0.6799937725818154,-0.11881850153471886,-0.4297705116544967,-0.8713224432647282,-1.289238626992127,-1.3400375311587762,1.0584753060582248,5.719768161693936e-12,19.141905726671986,-17.29139800414748,8.11884878166162,-6.26834105913682,1
-0.6801026147293533,-0.11896974685657559,-0.4297721890477533,-0.8715183810041873,-1.2891969640204852,-1.3401729041182167,1.0585690386725124,5.719768565093866e-12,19.142363825540098,-17.296763475785962,8.1175424920328,-6.271942142278372,1
-0.6802103765632155,-0.11911952649799167,-0.4297738046886931,-0.87171242704974,-1.289155711407651,-1.3403069579536218,1.0586618624084398,5.719768778441203e-12,19.142816414146978,-17.302076648200046,8.116248204596019,-6.275508438648795,1
-0.6803170620946605,-0.11926784499598174,-0.42977535995206834,-0.8719045870915485,-1.2891148676141329,-1.3404396972500476,1.0587537803121372,5.719768751893558e-12,19.143263537293546,-17.30733769142891,8.114965899127583,-6.279040053262657,1
-0.6804226753533252,-0.11941470692780233,-0.4297768561945635,-0.8720948668734719,-1.2890744310936813,-1.3405711266204026,1.0588447954508262,5.719768798225394e-12,19.1437052394719,-17.312546776800946,8.113695554797056,-6.2825370921258115,1
-0.6805272203873035,-0.11956011691098925,-0.4297782947548758,-0.8722832721931401,-1.2890344002932614,-1.340701250705508,1.0589349109128536,5.719769271948645e-12,19.144141564867198,-17.31770407693607,8.112437150167864,-6.285999662236448,1
-0.6806307012631945,-0.11970407960335411,-0.4297796769537961,-0.8724698089019806,-1.2889947736530332,-1.3408300741741366,1.059024129807709,5.719769177096563e-12,19.14457255735942,-17.322809765746587,8.111190663198276,-6.289427871585154,1
-0.6807331220661829,-0.11984659970302242,-0.4297810040942924,-0.8726544829052925,-1.2889555496063334,-1.3409576017230396,1.059112455266035,5.719769116748574e-12,19.14499826052532,-17.327864018439524,8.109956071242046,-6.2928218291559626,1
-0.6808344869000975,-0.1199876819484421,-0.4297822774615928,-0.8728373001622866,-1.2889167265796475,-1.3410838380770111,1.059199890439663,5.719768841084512e-12,19.145418717640272,-17.332867011517916,8.10873335104933,-6.296181644926684,1
-0.6809347998874818,-0.12012733111840725,-0.4297834983232711,-0.8730182666861399,-1.2888783029925925,-1.3412087879889152,1.0592864385016225,5.719768855472442e-12,19.14583397168024,-17.337818922782635,8.107522478767489,-6.299507429869596,1
-0.6810340651696605,-0.12026555203207616,-0.4297846679293325,-0.8731973885440449,-1.2888402772578926,-1.3413324562397337,1.0593721026461662,5.719768622225291e-12,19.146244065323724,-17.34271993133402,8.106323429941973,-6.302799295951982,1
-0.6811322869068093,-0.1204023495489932,-0.4297857875123008,-0.873374671857261,-1.2888026477813546,-1.3414548476386197,1.0594568860887967,5.719768150054867e-12,19.146649040953758,-17.347570217573633,8.105136179517173,-6.306057356136762,1
-0.6812294692780242,-0.12053772856910823,-0.4297868582873067,-0.8735501228011637,-1.2887654129618467,-1.3415759670229312,1.0595407920662818,5.71976811902694e-12,19.147048940659918,-17.352369963205927,8.103960701837321,-6.309281724383046,1
-0.6813256164813932,-0.12067169403279973,-0.4297878814521773,-0.8737237476052963,-1.288728571191274,-1.3416958192582862,1.059623823836682,5.719768317433946e-12,19.14744380624039,-17.357119351240062,8.102796970647391,-6.31247251564678,1
-0.681420732734059,-0.12080425092088436,-0.42978885818752627,-0.8738955525534043,-1.2886921208545554,-1.3418144092386026,1.0597059846793697,5.719768352304861e-12,19.147833679204005,-17.361818565991225,8.10164495909411,-6.3156298458810465,1
-0.6815148222723032,-0.12093540425465611,-0.4297897896568457,-0.8740655439835063,-1.2886560603295965,-1.3419317418861592,1.0597872778950617,5.719768500378525e-12,19.148218600772395,-17.366467793083,8.10050463972675,-6.318753832037074,1
-0.681607889351605,-0.12106515909588836,-0.42979067700659845,-0.8742337282879168,-1.2886203879872689,-1.342047822151627,1.059867706805831,5.719768487671706e-12,19.14859861188207,-17.371067219448427,8.099375984498266,-6.3218445920643465,1
-0.681699938246721,-0.12119352054686566,-0.4297915213663118,-0.8744001119133056,-1.2885851021913837,-1.3421626550141295,1.059947274755139,5.7197684436243975e-12,19.148973753186592,-17.37561703333212,8.09825896476617,-6.324902244911419,1
-0.6817909732517587,-0.12132049375040506,-0.4297923238486722,-0.874564701360745,-1.288550201298664,-1.3422762454812944,1.060025985107862,5.7197681893659916e-12,19.14934406505878,-17.380117424291992,8.097153551293538,-6.327926910526472,1
-0.6818809986802454,-0.12144608388987169,-0.4297930855496209,-0.8747275031857467,-1.2885156836587235,-1.3423885985892974,1.0601038412503103,5.719768234965914e-12,19.149709587592884,-17.384568583200814,8.09605971425007,-6.330918709857721,1
-0.6819700188652036,-0.12157029618920161,-0.4297938075484507,-0.8748885239983087,-1.2884815476140379,-1.3424997194029162,1.0601808465902576,5.719768418493139e-12,19.15007036060683,-17.38897070224799,8.094977423213113,-6.3338777648539955,1
-0.6820580381592304,-0.1216931359129298,-0.4297944909079036,-0.8750477704629653,-1.28844779149992,-1.3426096130155833,1.060257004556966,5.719768438142788e-12,19.150426423644493,-17.393323974941538,8.093906647168659,-6.336804198465429,1
-0.6821450609345698,-0.12181460836620829,-0.42979513667426955,-0.875205249298829,-1.28841441364449,-1.3427182845494485,1.0603323186012192,5.719768482124346e-12,19.15077781597798,-17.39762859610973,8.09284735451243,-6.339698134643905,1
-0.68223109158318,-0.12193471889481512,-0.4297957458774861,-0.8753609672796137,-1.288381412368656,-1.3428257391554077,1.0604067921953337,5.719768644262262e-12,19.15112457660989,-17.40188476190237,8.091799513051086,-6.342559698343285,1
-0.6823161345168283,-0.12205347288520367,-0.42979631953123903,-0.8755149312337137,-1.288348785986081,-1.3429319820131809,1.060480428833201,5.719768690494093e-12,19.15146674427576,-17.40609266979354,8.090763090003074,-6.345389015520578,1
-0.682400194167149,-0.12217087576449744,-0.429796858633064,-0.8756671480442084,-1.2883165328031558,-1.3430370183313591,1.0605532320303102,5.719768563632725e-12,19.15180435744629,-17.4102525185824,8.089738051999985,-6.348186213135816,1
-0.682483274985735,-0.12228693300053174,-0.429797364164449,-0.8758176246489295,-1.2882846511189754,-1.3431408533474558,1.0606252053237728,5.71976850419181e-12,19.152137454329846,-17.41436450839564,8.088724365087513,-6.350951419153031,1
-0.6825653814442075,-0.12240165010186577,-0.429797837090938,-0.8759663680404883,-1.2882531392253067,-1.3432434923279706,1.0606963522723576,5.71976870647689e-12,19.152466072874784,-17.418428840688893,8.087721994726687,-6.353684762540521,1
-0.6826465180342997,-0.12251503261781162,-0.42979827836223505,-0.8761133852663214,-1.288221995406563,-1.3433449405684412,1.0607666764565147,5.719768895846685e-12,19.152790250771936,-17.42244571824875,8.086730905794978,-6.3563863732715165,1
-0.682726689267931,-0.12262708613845073,-0.42979868891230977,-0.876258683428725,-1.2881912179397754,-1.3434452033935023,1.060836181478406,5.7197685756164616e-12,19.153110025457032,-17.426415345194318,8.085751062587525,-6.3590563823245345,1
-0.6828058996772888,-0.12273781629465944,-0.42979906965950343,-0.876402269684895,-1.2881608050945643,-1.3435442861569402,1.0609048709619329,5.719768302150385e-12,19.153425434113185,-17.430337926979107,8.084782428818299,-6.361694921683945,1
-0.6828841538149121,-0.12284722875813758,-0.4297994215066361,-0.8765441512469723,-1.2881307551331094,-1.3436421942417587,1.0609727485527698,5.719768274604871e-12,19.15373651367341,-17.434213670393028,8.083824967621265,-6.364302124340604,1
-0.6829614562537669,-0.12295532924142408,-0.4297997453411144,-0.8766843353820727,-1.2881010663101216,-1.3437389330602325,1.0610398179183917,5.719768569707547e-12,19.154043300823133,-17.438042783563922,8.082878641551655,-6.3668781242921675,1
-0.6830378115873302,-0.12306212349792461,-0.4298000420350406,-0.876822829412327,-1.2880717368728116,-1.3438345080539742,1.0611060827481087,5.71976858306277e-12,19.15434583200273,-17.441825475959526,8.08194341258717,-6.369423056543691,1
-0.6831132244296705,-0.12316761732193361,-0.42980031244532163,-0.8769596407149184,-1.2880427650608641,-1.3439289246939832,1.0611715467530891,5.7197682769610435e-12,19.1546441434101,-17.44556195838922,8.081019242129235,-6.371937057108078,1
-0.683187699415532,-0.12327181654866105,-0.42980055741378015,-0.8770947767221198,-1.2880141491064052,-1.3440221884807146,1.061236213666396,5.719768230886803e-12,19.15493827100327,-17.449252443005967,8.080106091004229,-6.374420263006647,1
-0.6832612412004125,-0.12337472705424944,-0.42980077776726533,-0.8772282449213241,-1.2879858872339702,-1.3441143049441486,1.061300087243024,5.7197683241022475e-12,19.155228250502972,-17.452897143307887,8.079203919464815,-6.376872812269451,1
-0.6833338544606542,-0.12347635475580909,-0.42980097431776515,-0.8773600528550907,-1.2879579776604793,-1.3442052796438324,1.0613631712599176,5.719768313108937e-12,19.15551411739531,-17.456496274140484,8.078312687191131,-6.3792948439360275,1
-0.6834055438935192,-0.12357670561143133,-0.42980114786251894,-0.8774902081211688,-1.2879304185951996,-1.3442951181689653,1.0614254695160183,5.719768167158715e-12,19.15579590693438,-17.460050051698097,8.077432353292178,-6.381686498055617,1
-0.6834763142172787,-0.12367578562021966,-0.4298012991841312,-0.8776187183725395,-1.2879032082397202,-1.3443838261384478,1.0614869858322877,5.719768211540137e-12,19.156073654144954,-17.463558693525968,8.07656287630707,-6.384047915687807,1
-0.6835461701712952,-0.12377360082231101,-0.4298014290506858,-0.877745591317445,-1.287876344787918,-1.3444714092009493,1.0615477240517421,5.719768367190331e-12,19.156347393825172,-17.46702241852198,8.07570421420639,-6.386379238902923,1
-0.6836151165161083,-0.12387015729890259,-0.4298015382158611,-0.8778708347194265,-1.287849826425927,-1.344557873034977,1.06160768803949,5.719768285533059e-12,19.156617160549246,-17.470441446938587,8.074856324393494,-6.3886806107825596,1
-0.6836831580335203,-0.12396546117227625,-0.42980162741904554,-0.8779944563973546,-1.2878236513321066,-1.3446432233489356,1.061666881682761,5.719768565309837e-12,19.156882988670198,-17.473816000384634,8.07401916370587,-6.3909521754200345,1
-0.6837502995266819,-0.12405951860582357,-0.4298016973854545,-0.878116464225465,-1.28779781767701,-1.3447274658811965,1.0617253088909424,5.719768727536687e-12,19.157144912322597,-17.47714630182724,8.073192688416492,-6.393194077920863,1
-0.6838165458201755,-0.12415233580406757,-0.42980174882624705,-0.8782368661333828,-1.2877723236233534,-1.344810606400159,1.0617829735956101,5.7197685903111385e-12,19.157402965425323,-17.48043257559352,8.072376854235216,-6.395406464403142,1
-0.6838819017601085,-0.1242439190126965,-0.4298017824386442,-0.8783556701061684,-1.28774716732598,-1.344892650704328,1.0618398797505708,5.71976831522728e-12,19.15765718168437,-17.48367504737277,8.071571616310086,-6.397589481998215,1
-0.683946372214193,-0.12433427451857959,-0.4298017989060472,-0.8784728841843347,-1.2877223469318324,-1.3449736046223677,1.0618960313318873,5.719768547466703e-12,19.15790759459562,-17.486873944217983,8.07077692922881,-6.3997432788509006,1
-0.6840099620718416,-0.1244234086498046,-0.4298017988981567,-0.8785885164638946,-1.2876978605799152,-1.3450534740131836,1.061951432337923,5.71976889008517e-12,19.1581542374477,-17.490029494548157,8.069992747020057,-6.401868004120244,1
-0.6840726762442404,-0.12451132777568225,-0.4298017830710925,-0.8787025750963623,-1.287673706401267,-1.3451322647659754,1.0620060867893681,5.719768953623391e-12,19.15839714332474,-17.493141928149416,8.069219023155055,-6.4039638079794585,1
-0.6841345196644557,-0.12459803830679846,-0.42980175206751436,-0.8788150682888205,-1.2876498825189249,-1.3452099828003143,1.0620599987292798,5.719768909819675e-12,19.158636345109326,-17.496211476177834,8.06845571054878,-6.4060308416170155,1
-0.6841954972875132,-0.12468354669502708,-0.4298017065167425,-0.87892600430393,-1.287626387047889,-1.3452866340662182,1.062113172223123,5.719769081049035e-12,19.1588718754853,-17.499238371160843,8.067702761561508,-6.408069257236776,1
-0.6842556140904832,-0.12476785943355141,-0.4298016470348794,-0.8790353914599554,-1.287603218095093,-1.34536222454421,1.0621656113587992,5.7197693071640586e-12,19.15910376694065,-17.50222284699897,8.066960128000291,-6.4100792080583355,1
-0.6843148750725789,-0.1248509830569026,-0.4298015742249321,-0.8791432381308084,-1.2875803737593674,-1.3454367602453967,1.0622173202466882,5.7197694517346115e-12,19.15933205177043,-17.505165138968156,8.06622776112031,-6.4120608483177595,1
-0.6843732852552369,-0.12493292414097337,-0.4298014886769347,-0.8792495527460618,-1.287557852131409,-1.3455102472115315,1.0622683030196804,5.7197697553927445e-12,19.159556762079646,-17.50806548372121,8.065505611626437,-6.414014333267729,1
-0.6844308496822162,-0.12501368930305784,-0.4298013909680717,-0.8793543437909931,-1.287535651293743,-1.3455826915150955,1.0623185638332204,5.71977010038469e-12,19.15977792978621,-17.510924119290184,8.064793629674597,-6.415939819178301,1
-0.6844875734196835,-0.1250932852018704,-0.4298012816628018,-0.879457619806603,-1.2875137693206917,-1.3456540992593615,1.0623681068653388,5.719770023727924e-12,19.159995586623864,-17.513741285087992,8.064091764873309,-6.417837463337168,1
-0.6845434615563024,-0.12517171853757214,-0.4298011613129822,-0.8795593893896433,-1.2874922042783394,-1.3457244765784675,1.0624169363166915,5.71976969392306e-12,19.160209764145137,-17.516517221910313,8.063399966285179,-6.419707424050088,1
-0.6845985192033274,-0.12524899605180026,-0.4298010304579931,-0.8796596611926466,-1.2874709542244978,-1.3457938296374903,1.0624650564105989,5.7197698472871815e-12,19.160420493724306,-17.519252171937595,8.062718182428366,-6.421549860641387,1
-0.6846527514946956,-0.12532512452769784,-0.4298008896248633,-0.8797584439239574,-1.2874500172086707,-1.3458621646325206,1.0625124713930847,5.719769812587557e-12,19.160627806560402,-17.521946378737056,8.062046361278071,-6.423364933454459,1
-0.6847061635871173,-0.1254001107899385,-0.4298007393283955,-0.8798557463477544,-1.2874293912720207,-1.3459294877907308,1.0625591855329108,5.719769394258537e-12,19.16083173368018,-17.524600087264524,8.061384450268063,-6.425152803852143,1
-0.684758760660165,-0.12547396170475042,-0.42980058007129274,-0.8799515772840737,-1.2874090744473323,-1.3459958053704548,1.0626052031216213,5.719769279118373e-12,19.161032305941113,-17.52721354386623,8.060732396292224,-6.42691363421708,1
-0.68481054791637,-0.12554668417995093,-0.4298004123442847,-0.8800459456088433,-1.2873890647589794,-1.346061123661255,1.062650528473575,5.719769625063318e-12,19.16122955403444,-17.529786996281004,8.060090145706017,-6.428647587952318,1
-0.684861530581315,-0.12561828516497348,-0.4298002366262545,-0.8801388602539081,-1.2873693602228857,-1.346125448984009,1.0626951659259942,5.7197694059824085e-12,19.161423508488177,-17.53232069364216,8.059457644328015,-6.430354829481732,1
-0.6849117139037219,-0.1256887716508893,-0.42980005338436633,-0.8802303302070477,-1.2873499588464945,-1.3461887876909695,1.0627391198389935,5.7197697928678285e-12,19.16161419967015,-17.534814886479225,8.0588348374415,-6.432035524250307,1
-0.6849611031555486,-0.12575815067044158,-0.4297998630741929,-0.8803203645120101,-1.287330858628729,-1.3462511461658515,1.0627823945956278,5.7197698963227075e-12,19.16180165779105,-17.5372698267201,8.058221669795945,-6.433689838724728,1
-0.6850097036320841,-0.12582642929807542,-0.4297996661398434,-0.8804089722685385,-1.2873120575599595,-1.3463125308238995,1.0628249946019266,5.7197701087297415e-12,19.16198591290749,-17.539685767693058,8.057618085608548,-6.4353179403938485,1
-0.6850575206520326,-0.12589361464995388,-0.429799463014092,-0.8804961626323805,-1.2872935536219667,-1.3463729481119646,1.0628669242869342,5.719769905863233e-12,19.162166994925055,-17.542062964128267,8.057024028565895,-6.436919997768839,1
-0.6851045595576234,-0.12595971388400912,-0.4297992541185063,-0.8805819448153421,-1.2872753447879028,-1.3464324045085947,1.0629081881027609,5.719769823583575e-12,19.162344933601425,-17.544401672160532,8.056439441825319,-6.438496180384158,1
-0.6851508257146848,-0.1260247341999433,-0.42979903986357626,-0.8806663280852767,-1.2872574290222614,-1.346490906524086,1.0629487905246051,5.7197698289003814e-12,19.162519758549386,-17.54670214933028,8.055864268016704,-6.440046658797331,1
-0.6851963245127572,-0.12608868283928418,-0.42979882064884356,-0.8807493217661433,-1.2872398042808348,-1.346548460700586,1.0629887360508128,5.7197697025386175e-12,19.162691499239994,-17.548964654586456,8.055298449243821,-6.441571604590017,1
-0.685241061365172,-0.12615156708539188,-0.42979859686303096,-0.8808309352380027,-1.2872224685106848,-1.346605073612145,1.0630280292029006,5.719769868195402e-12,19.16286018500562,-17.551189448287715,8.054741927086093,-6.443071190367921,1
-0.6852850417091593,-0.12621339426350792,-0.4297983688841718,-0.880911177937067,-1.2872054196500982,-1.3466607518648224,1.0630666745256163,5.719769832411823e-12,19.1630258450431,-17.55337679220508,8.054194642599995,-6.444545589761703,1
-0.6853282710059324,-0.1262741717407698,-0.4297981370797401,-0.8809900593557041,-1.2871886556285566,-1.3467155020967407,1.0631046765869652,5.7197696873885946e-12,19.163188508416823,-17.55552694952339,8.05365653632076,-6.445994977427062,1
-0.6853707547407865,-0.12633390692624508,-0.4297979018067805,-0.8810675890424668,-1.2871721743666975,-1.3467693309781748,1.0631420399782572,5.719769636446673e-12,19.163348204061837,-17.557640184843457,8.053127548263928,-6.447419529045285,1
-0.6854124984231925,-0.12639260727096074,-0.4297976634120388,-0.8811437766021184,-1.2871559737762799,-1.346822245211621,1.0631787693141443,5.719769583592677e-12,19.163504960786995,-17.559716764184014,8.052607617926924,-6.448819421323681,1
-0.685453507586896,-0.12645028026793736,-0.42979742223209183,-0.8812186316956578,-1.2871400517601412,-1.346874251531896,1.0632148692326753,5.719769476719021e-12,19.163658807278086,-17.56175695498386,8.052096684290612,-6.4501948319961215,1
-0.6854937877900111,-0.12650693345221758,-0.42979717859347855,-0.881292164040345,-1.287124406212167,-1.3469253567061976,1.063250344395325,5.7197694293945756e-12,19.163809772100972,-17.56376102610379,8.051594685820897,-6.451545939823449,1
-0.685533344615107,-0.1265625744008836,-0.4297969328128304,-0.8813643834097049,-1.287109035017254,-1.3469755675341788,1.063285199487034,5.719769175277225e-12,19.163957883704686,-17.56572924782814,8.051101560470427,-6.452872924593613,1
-0.6855721836693189,-0.12661721073310955,-0.429796685197002,-0.8814352996335806,-1.2870939360512674,-1.347024890848051,1.0633194392162673,5.719769074080446e-12,19.164103170424635,-17.56766189186756,8.050617245679991,-6.454175967122647,1
-0.685610310584432,-0.1266708501101744,-0.4297964360432022,-0.8815049225981323,-1.2870791071810084,-1.347073333512646,1.0633530683150436,5.71976909661549e-12,19.16424566048569,-17.569559231360376,8.050141678380268,-6.455455249254685,1
-0.6856477310169837,-0.12672350023550286,-0.42979618563912486,-0.881573262245875,-1.287064546264175,-1.3471209024255013,1.0633860915389841,5.71976903283001e-12,19.164385382005378,-17.57142154087498,8.04967479499333,-6.45671095386266,1
-0.6856844506483525,-0.1267751688546854,-0.4297959342630797,-0.8816403285756871,-1.2870502511493278,-1.3471676045169347,1.063418513667349,5.719769016784768e-12,19.16452236299699,-17.57324909641142,8.049216531434332,-6.457943264848493,1
-0.6857204751848596,-0.1268258637555179,-0.42979568218412334,-0.881706131642843,-1.2870362196758496,-1.3472134467501313,1.0634503395030874,5.7197689778111626e-12,19.16465663137276,-17.575042175403734,8.04876682311304,-6.459152367143746,1
-0.6857558103578675,-0.12687559276803576,-0.42979542966219003,-0.881770681559041,-1.2870224496739078,-1.3472584361212259,1.0634815738728802,5.719769073322667e-12,19.164788214947023,-17.576801056722054,8.048325604935386,-6.460338446710148,1
-0.6857904619238674,-0.12692436376453303,-0.4297951769482229,-0.8818339884924109,-1.2870089389644206,-1.3473025796593732,1.063512221627177,5.719768989482287e-12,19.164917141439343,-17.57852602067419,8.047892811305179,-6.461501690539759,1
-0.6858244356645804,-0.12697218465960133,-0.42979492428430427,-0.8818960626675444,-1.2869956853590152,-1.347345884426842,1.063542287640249,5.719769015204607e-12,19.16504343847767,-17.580217349007903,8.04746837612563,-6.462642286655598,1
-0.6858577373870549,-0.12701906341016242,-0.429794671903787,-0.8819569143655203,-1.2869826866599952,-1.3473883575190806,1.063571776810221,5.719768828608678e-12,19.165167133601518,-17.581875324912968,8.047052232800944,-6.463760424112127,1
-0.6858903729237602,-0.12706500801549703,-0.4297944200314247,-0.8820165539239229,-1.2869699406602964,-1.3474300060648208,1.063600694059132,5.719768790413428e-12,19.16528825426509,-17.583500233023074,8.046644314237923,-6.464856292995641,1
-0.685922348132681,-0.12711002651727377,-0.42979416888350264,-0.8820749917368607,-1.2869574451434596,-1.347470837226124,1.063629044332954,5.719768627932837e-12,19.16540682784043,-17.585092359417747,8.046244552847602,-6.4659300844246514,1
-0.6859536688974214,-0.12715412699959233,-0.4297939186679678,-0.8821322382550036,-1.28694519788358,-1.347510858198507,1.063656832601666,5.719768646156658e-12,19.165522881620603,-17.586651991624766,8.04585288054672,-6.466981990550617,1
-0.6859843411272877,-0.1271973175889968,-0.42979366958455956,-0.8821883039855805,-1.2869331966452817,-1.347550076210984,1.0636840638592724,5.719768335679684e-12,19.16563644282278,-17.588179418621525,8.045469228759485,-6.468012204557962,1
-0.6860143707574001,-0.1272396064545295,-0.42979342182493946,-0.8822431994924297,-1.2869214391836723,-1.3475884985261737,1.0637107431238633,5.719768346475518e-12,19.16574753859145,-17.589674930837806,8.045093528418963,-6.46902092066505,1
-0.6860437637487782,-0.12728100180774873,-0.4297931755728212,-0.8822969353960036,-1.2869099232443084,-1.3476261324403713,1.0637368754376526,5.71976822223633e-12,19.16585619600151,-17.591138820157294,8.04472570996879,-6.470008334124305,1
-0.6860725260884369,-0.12732151190276145,-0.4297929310041004,-0.8823495223733894,-1.286898646563159,-1.3476629852836277,1.0637624658670204,5.719768153549288e-12,19.165962442061407,-17.59257137991961,8.044365703364743,-6.470974641222679,1
-0.6861006637894931,-0.12736114503627008,-0.42979268828698375,-0.8824009711583511,-1.2868876068665653,-1.3476990644198408,1.063787519502564,5.719768364916737e-12,19.166066303716303,-17.593972904922836,8.0440134380762,-6.471920039282468,1
-0.6861281828912462,-0.1273999095475848,-0.42979244758211854,-0.8824512925413248,-1.2868768018712047,-1.347734377246829,1.0638120414591363,5.719768250721096e-12,19.166167807851142,-17.595343691424812,8.043668843087882,-6.472844726661287,1
-0.6861550894592849,-0.12743781381867073,-0.4297922090427211,-0.8825004973694602,-1.286866229284054,-1.3477689311964163,1.0638360368758928,5.719768311234849e-12,19.166266981293813,-17.596684037145675,8.043331846901292,-6.4737489027528925,1
-0.6861813895855798,-0.12747486627417773,-0.4297919728147056,-0.8825485965466386,-1.2868558868023503,-1.347802733734516,1.063859510916337,5.719768287233211e-12,19.166363850818243,-17.597994241269774,8.043002377536313,-6.474632767987579,1
-0.6862070893885847,-0.12751107538148104,-0.42979173903681217,-0.882595601033505,-1.2868457721135527,-1.3478357923612163,1.0638824687683677,5.719768449271436e-12,19.16645844314754,-17.599274604447952,8.042680362532689,-6.475496523832839,1
-0.6862321950133168,-0.12754644965069356,-0.4297915078407347,-0.8826415218474641,-1.2868358828953097,-1.3478681146108484,1.0639049156443143,5.719768336474228e-12,19.166550784957014,-17.600525428798854,8.042365728951768,-6.476340372793344,1
-0.6862567126314697,-0.12758099763472375,-0.42979127935124833,-0.8826863700627335,-1.2868262168154152,-1.3478997080520887,1.0639268567809947,5.719768366826276e-12,19.16664090287734,-17.60174701791179,8.042058403377826,-6.477164518412012,1
-0.686280648441499,-0.12761472792929598,-0.42979105368633647,-0.8827301568103504,-1.286816771531776,-1.347930580288026,1.0639482974397507,5.71976837808211e-12,19.16672882349761,-17.602939676848333,8.041758311919727,-6.477969165270182,1
-0.6863040086687201,-0.12764764917298818,-0.42979083095731735,-0.8827728932781997,-1.2868075446923724,-1.3479607389562493,1.0639692429064962,5.719768293558493e-12,19.166814573368406,-17.604103712144457,8.041465380212415,-6.4787545189881985,1
-0.6863267995654025,-0.12767977004726558,-0.4297906112689702,-0.8828145907110354,-1.2867985339352204,-1.3479901917289336,1.0639896984917647,5.719768350185007e-12,19.16689817900486,-17.605239431812596,8.041179533418441,-6.479520786225905,1
-0.6863490274108661,-0.12771109927651614,-0.4297903947196611,-0.882855260410507,-1.286789736888336,-1.3480189463129162,1.0640096695307504,5.719768247628889e-12,19.16697966688972,-17.606347145343694,8.040900696229471,-6.480268174683175,1
-0.6863706985115731,-0.12774164562808185,-0.4297901814014677,-0.882894913735179,-1.286781151169698,-1.3480470104497804,1.0640291613833546,5.719768297057541e-12,19.16705906347637,-17.60742716370917,8.040628792867818,-6.4809968931003485,1
-0.686391819201227,-0.12777141791229985,-0.4297899714003043,-0.8829335621005615,-1.2867727743872088,-1.3480743919159417,1.0640481794342327,5.719768438800051e-12,19.16713639519188,-17.60847979936316,8.040363747087882,-6.481707151258894,1
-0.6864123958408651,-0.1278004249825337,-0.4297897647960455,-0.8829712169791323,-1.286764604138659,-1.3481010985227282,1.0640667290928394,5.719768406635261e-12,19.167211688440016,-17.609505366244463,8.040105482177676,-6.482399159981854,1
-0.6864324348189488,-0.12782867573520476,-0.42978956166265014,-0.8830078899003534,-1.2867566380116897,-1.348127138116462,1.0640848157934721,5.719768349225216e-12,19.167284969604236,-17.610504179778445,8.039853920960327,-6.483073131134268,1
-0.6864519425514618,-0.12785617910983232,-0.42978936206828383,-0.8830435924507044,-1.2867488735837582,-1.3481525185785361,1.0641024449953138,5.719768106561101e-12,19.167356265050685,-17.61147655687927,8.039608985795516,-6.483729277623831,1
-0.6864709254820038,-0.12788294408906972,-0.4297891660754412,-0.8830783362737066,-1.2867413084220962,-1.348177247825511,1.064119622182487,5.719768049781264e-12,19.167425601131193,-17.612422815951977,8.03937059858092,-6.484367813401436,1
-0.6864893900818841,-0.12790897969874002,-0.4297889737410678,-0.8831121330699495,-1.2867339400836757,-1.348201333809187,1.0641363528640932,5.719768178773119e-12,19.16749300418621,-17.613343276894533,8.039138680753666,-6.4849889534617216,1
-0.6865073428502075,-0.1279342950078617,-0.42978878511668067,-0.8831449945971007,-1.286726766115176,-1.3482247845166764,1.0641526425742522,5.719768089968077e-12,19.167558500547752,-17.61423826109953,8.038913153291862,-6.485592913843373,1
-0.6865247903139804,-0.12795889912870353,-0.42978860024848875,-0.8831769326699588,-1.2867197840529399,-1.3482476079705084,1.0641684968721616,5.7197679620625745e-12,19.167622116542372,-17.615108091456914,8.038693936715848,-6.486179911630122,1
-0.6865417390281937,-0.12798280121680713,-0.4297884191775122,-0.883207959160459,-1.2867129914229416,-1.3482698122286962,1.0641839213421331,5.719767879064844e-12,19.167683878494035,-17.615953092355547,8.03848095108974,-6.486750164950982,1
-0.6865581955759148,-0.12800601047102275,-0.4297882419397014,-0.8832380859976993,-1.2867063857407517,-1.3482914053848158,1.0641989215936358,5.719767821376673e-12,19.167743812727025,-17.616773589685256,8.03827411602283,-6.4873038929807905,1
-0.6865741665683872,-0.12802853613355675,-0.4297880685660544,-0.8832673251679822,-1.2866999645114965,-1.3483123955681002,1.0642135032613502,5.7197678073085195e-12,19.167801945568844,-17.617569910839272,8.038073350670887,-6.487841315941044,1
-0.6865896586451123,-0.12805038748999473,-0.4297878990827345,-0.8832956887148213,-1.2866937252298274,-1.3483327909435046,1.0642276720052022,5.719767983933971e-12,19.167858303353047,-17.61834238471581,8.03787857373765,-6.4883626551001425,1
-0.6866046784739532,-0.1280715738693557,-0.42978773351118627,-0.8833231887389935,-1.2866876653798787,-1.3483525997118062,1.0642414335104216,5.719767992007711e-12,19.167912912422125,-17.61909134172073,8.037689703476044,-6.48886813277438,1
-0.6866192327512113,-0.1280921046441097,-0.42978757186825095,-0.8833498373985379,-1.2866817824352366,-1.3483718301096725,1.0642547934875775,5.719767809728772e-12,19.167965799130275,-17.619817113768914,8.037506657689697,-6.489357972328068,1
-0.6866333282017266,-0.12811198923022876,-0.42978741416628113,-0.8833756469088041,-1.2866760738589023,-1.3483904904097421,1.064267757672625,5.719767797684269e-12,19.16801698984625,-17.620520034286805,8.03732935373416,-6.489832398174449,1
-0.6866469715789673,-0.12813123708722263,-0.4297872604132542,-0.8834006295424759,-1.2866705371032563,-1.3484085889207098,1.064280331826952,5.719767819431245e-12,19.168066510956127,-17.621200438214405,8.037157708518242,-6.490291635776253,1
-0.6866601696651178,-0.12814985771817577,-0.429787110612885,-0.8834247976295985,-1.2866651696100204,-1.3484261339874128,1.06429252173743,5.719767805661201e-12,19.16811438886607,-17.621858662007302,8.036991638505322,-6.49073591164629,1
-0.6866729292711655,-0.12816786066978023,-0.4297869647647376,-0.883448163557603,-1.2866599688102276,-1.3484431339908973,1.064304333216447,5.719767858409445e-12,19.16816065000505,-17.622495043638562,8.036831059714686,-6.491165453347935,1
-0.6866852572369943,-0.1281852555323808,-0.4297868228643359,-0.8834707397713417,-1.286654932124183,-1.3484595973485083,1.0643157721019623,5.719767984651463e-12,19.16820532082759,-17.62310992260103,8.036675887722739,-6.491580489495919,1
-0.6866971604314732,-0.12820205194001402,-0.4297866849032732,-0.8834925387731204,-1.28665005696143,-1.3484755325139677,1.064326844257548,5.719768141972193e-12,19.168248427816447,-17.623703639909426,8.036526037664254,-6.49198124975697,1
-0.6867086457525429,-0.1282182595704433,-0.429786550869321,-0.8835135731227232,-1.286645340720715,-1.3484909479774576,1.0643375555724377,5.719768023772106e-12,19.168289997485285,-17.62427653810226,8.03638142423365,-6.492367964850363,1
-0.6867197201273026,-0.12823388814519832,-0.4297864207465362,-0.8835338554374433,-1.286640780789955,-1.3485058522656896,1.0643479119615638,5.71976795937778e-12,19.16833005638131,-17.624828961243953,8.036241961686201,-6.492740866548578,1
-0.6867303905120993,-0.1282489474296154,-0.4297862945153679,-0.8835533983921172,-1.2866363745461993,-1.3485202539419965,1.064357919365611,5.719768000208295e-12,19.168368631087894,-17.625361254926904,8.03610756383924,-6.493100187677984,1
-0.6867406638926127,-0.1282634472328758,-0.4297861721527621,-0.8835722147191518,-1.2866321193556012,-1.3485341616063964,1.0643675837510513,5.7197678755909494e-12,19.168405748227165,-17.625873766273553,8.035978144073347,-6.493446162119468,1
-0.686750547283946,-0.1282773974080507,-0.42978605363226624,-0.8835903172085661,-1.2866280125733762,-1.3485475838956926,1.064376911110203,5.7197677923197935e-12,19.168441434462586,-17.62636684393862,8.03585361533347,-6.4937790248092355,1
-0.6867600477307054,-0.12829080785213245,-0.42978593892413186,-0.8836077187080107,-1.2866240515437752,-1.3485605294835314,1.0643859074612607,5.719767750063857e-12,19.168475716501472,-17.626840838110876,8.035733890130153,-6.494099011739285,1
-0.6867691723070912,-0.12830368850608323,-0.42978582799541626,-0.8836244321228134,-1.2866202336000467,-1.3485730070804922,1.0643945788483486,5.7197677378344195e-12,19.168508621097523,-17.62729610051551,8.03561888054058,-6.494406359958297,1
-0.6867779281169814,-0.12831604935487348,-0.42978572081008287,-0.8836404704160076,-1.2866165560644036,-1.3485850254341667,1.0644029313415664,5.71976780998732e-12,19.168540175053295,-17.627732984416134,8.035508498209712,-6.494701307572279,1
-0.6867863222940098,-0.12832790042751457,-0.4297856173291004,-0.8836558466083593,-1.2866130162479938,-1.3485965933292225,1.0644109710370229,5.7197677453406676e-12,19.16857040522263,-17.628151844616564,8.035402654351431,-6.494984093745088,1
-0.6867943620016588,-0.1283392517971116,-0.42978551751054067,-0.8836705737784136,-1.2866096114508627,-1.3486077195874964,1.064418704056892,5.719767891453564e-12,19.168599338513125,-17.628553037463313,8.035301259749511,-6.495254958699424,1
-0.6868020544333379,-0.128350113580899,-0.42978542130967473,-0.8836846650625253,-1.2866063389619222,-1.3486184130680647,1.0644261365494527,5.71976780244592e-12,19.16862700188848,-17.62893692084748,8.035204224758703,-6.4955141437174255,1
-0.6868094068124686,-0.12836049594028515,-0.4297853286790683,-0.8836981336548977,-1.2866031960589184,-1.3486286826673204,1.0644332746891327,5.719767660925618e-12,19.168653422370895,-17.62930385420691,8.035111459305732,-6.4957618911414725,1
-0.6868164263925631,-0.12837040908088898,-0.4297852395686753,-0.8837109928076122,-1.2866001800083988,-1.3486385373190493,1.0644401246765531,5.719767687385482e-12,19.168678627043352,-17.629654198528105,8.035022872890341,-6.495998444374819,1
-0.6868231204573072,-0.128379863252585,-0.42978515392592986,-0.8837232558306687,-1.28659728806568,-1.3486479859945095,1.0644466927385745,5.719767740637164e-12,19.16870264305194,-17.62998831634839,8.034938374586236,-6.496224047882412,1
-0.6868294963206415,-0.12838886874954597,-0.42978507169583735,-0.8837349360920244,-1.2865945174748201,-1.348657037702491,1.0644529851283295,5.719767568964111e-12,19.16872549760811,-17.630306571758013,8.034857873042041,-6.496438947191669,1
-0.6868355613268434,-0.12839743591028827,-0.4297849928210633,-0.8837460470176361,-1.2865918654685775,-1.3486657014894234,1.0644590081252898,5.719767555543369e-12,19.1687472179909,-17.630609330402308,8.034781276482189,-6.49664338889332,1
-0.6868413228506051,-0.12840557511771236,-0.42978491724202145,-0.883756602091494,-1.2865893292683894,-1.3486739864394186,1.064464768035286,5.719767557715515e-12,19.168767831549125,-17.630896959483685,8.034708492707857,-6.496837620642138,1
-0.6868467882971088,-0.12841329679914185,-0.4297848448969597,-0.8837666148556574,-1.2865869060843365,-1.3486819016743603,1.064470271190563,5.7197675248969415e-12,19.168787365703515,-17.63116982776356,8.034639429097872,-6.497021891157638,1
-0.6868519651021127,-0.12842061142637717,-0.42978477572204454,-0.8837760989103078,-1.286584593115111,-1.3486894563539813,1.0644755239498245,5.719767587266279e-12,19.168805847948867,-17.6314283055648,8.034573992609477,-6.497196450225129,1
-0.6868568607320207,-0.12842752951572933,-0.4297847096514444,-0.8837850679137769,-1.2865823875479891,-1.3486966596759273,1.0644805326982705,5.719767646893888e-12,19.168823305856087,-17.631672764773427,8.034512089779241,-6.4973615486963,1
-0.6868614826839614,-0.12843406162806636,-0.42978464661741045,-0.8837935355825903,-1.2865802865588007,-1.3487035208758318,1.06448530384764,5.719767482556579e-12,19.16883976707425,-17.631903578840795,8.034453626723838,-6.497517438490101,1
-0.6868658384858706,-0.12844021836886751,-0.4297845865503565,-0.8838015156915232,-1.2865782873118958,-1.3487100492273993,1.064489843836263,5.719767474073608e-12,19.168855259332616,-17.632121122786,8.03439850914073,-6.497664372593831,1
-0.6868699356965584,-0.12844601038825684,-0.4297845293789368,-0.8838090220736289,-1.2865763869601181,-1.3487162540424686,1.0644941591290955,5.719767429154583e-12,19.168869810442576,-17.632325773197564,8.034346642309014,-6.497802605063718,1
-0.6868737819057856,-0.12845144838104997,-0.42978447503012207,-0.8838160686202853,-1.286574582644776,-1.3487221446710844,1.0644982562177623,5.719767304554108e-12,19.168883448299567,-17.632517908235577,8.03429793109011,-6.497932391025839,1
-0.6868773847343421,-0.1284565430868066,-0.4297844234292739,-0.8838226692812468,-1.2865728714956115,-1.3487277305015746,1.064502141620604,5.719767182485516e-12,19.16889620088498,-17.63269790763403,8.034252279928397,-6.498053986677164,1
-0.6868807518341146,-0.12846130528986868,-0.42978437450021734,-0.8838288380646823,-1.2865712506307734,-1.3487330209606152,1.0645058218827148,5.719767253854285e-12,19.16890809626798,-17.632866152702608,8.034209592851928,-6.498167649286275,1
-0.6868838908881575,-0.12846574581940526,-0.4297843281653114,-0.883834589037218,-1.2865697171567874,-1.3487380255133057,1.0645093035759883,5.719767074977267e-12,19.16891916260729,-17.633023026328743,8.034169773473069,-6.4982736371942424,1
-0.6868868096107773,-0.12846987554947603,-0.429784284345518,-0.8838399363240066,-1.2865682681685275,-1.3487427536632428,1.0645125932991615,5.719767000511691e-12,19.168929428153,-17.63316891298029,8.034132724988943,-6.4983722098159555,1
-0.6868895157475853,-0.1284737053990539,-0.4297842429604688,-0.8838448941087443,-1.2865669007491922,-1.3487472149525765,1.0645156976778483,5.719767003574503e-12,19.16893892124821,-17.633304198706753,8.034098350182212,-6.4984636276404775,1
-0.6868920170755785,-0.12847724633208737,-0.42978420392853,-0.8838494766337387,-1.286565611970273,-1.348751418962091,1.0645186233645887,5.719766995405769e-12,19.16894767033073,-17.633429271141896,8.034066551421473,-6.498548152232361,1
-0.6868943214032082,-0.12848050935754768,-0.42978416716686546,-0.8838536981999583,-1.286564398891528,-1.3487553753112738,1.0645213770388908,5.719766946106457e-12,19.1689557039347,-17.633544519505815,8.034037230661761,-6.498626046232601,1
-0.6868964365704421,-0.12848350552946858,-0.4297841325914975,-0.8838575731670707,-1.286563258560959,-1.3487590936583704,1.0645239654072636,5.719766924103083e-12,19.16896305069214,-17.633650334606735,8.034010289445092,-6.498697573359413,1
-0.6868983704488417,-0.12848624594700855,-0.42978410011736573,-0.8838611159535144,-1.2865621880147768,-1.3487625837004784,1.064526395203275,5.719766954752914e-12,19.168969739334507,-17.633747108843576,8.033985628900773,-6.498762998409567,1
-0.6869001309416148,-0.1284887417544802,-0.42978406965838406,-0.8838643410365233,-1.286561184277386,-1.3487658551735817,1.064528673187573,5.719766948519266e-12,19.168975798694134,-17.63383523620736,8.033963149745972,-6.498822587258924,1
-0.6869017259836958,-0.1284910041414202,-0.42978404112749513,-0.8838672629522087,-1.2865602443613506,-1.3487689178526432,1.0645308061479415,5.719766850030827e-12,19.168981257705695,-17.63391511228403,8.033942752285904,-6.498876606863965,1
-0.6869031635417956,-0.12849304434261857,-0.429784014436723,-0.8838698962955861,-1.2865593652673737,-1.3487717815516571,1.064532800899334,5.7197668622815845e-12,19.168986145407537,-17.63398713425581,8.03392433641434,-6.498925325262341,1
-0.6869044516144805,-0.1284948736381897,-0.42978398949722324,-0.8838722557206576,-1.2865585439842702,-1.3487744561237194,1.0645346642839169,5.719766894054976e-12,19.168990490943067,-17.634051700904056,8.033907801613715,-6.498969011574432,1
-0.6869055982322214,-0.12849650335360369,-0.4297839662193314,-0.8838743559404436,-1.286557777488944,-1.3487769514610894,1.0645364031711069,5.719766898981613e-12,19.168994323561968,-17.63410921261065,8.033893046955553,-6.499007936003961,1
-0.6869066114574649,-0.12849794485975072,-0.4297839445126085,-0.883876211727057,-1.286557062746362,-1.3487792774952623,1.0645380244576177,5.719766820940378e-12,19.168997672621465,-17.634160071360572,8.033879971100578,-6.499042369839411,1
-0.6869074993846875,-0.1284992095729826,-0.42978392428588474,-0.8838778379117491,-1.2865563967095324,-1.3487814441970205,1.0645395350674918,5.719766841002789e-12,19.169000567587474,-17.63420468074366,8.033868472298977,-6.49907258545489,1
-0.6869082701404573,-0.12850030895516723,-0.4297839054473008,-0.8838792493849712,-1.2865557763194808,-1.3487834615765038,1.0645409419521443,5.719766897187072e-12,19.16900303803571,-17.63424344595678,8.033858448390525,-6.4990988563113214,1
-0.6869089318834993,-0.1285012545137503,-0.4297838879043464,-0.8838804610964481,-1.2865551985052255,-1.3487853396832759,1.064542252090406,5.719766874993322e-12,19.169005113652798,-17.634276773806267,8.033849796804613,-6.499121456957812,1
-0.6869094928047398,-0.12850205780178817,-0.4297838715638972,-0.8838814880552139,-1.2865546601837585,-1.3487870886063758,1.0645434724885547,5.719766720178125e-12,19.1690068242372,-17.634305072709317,8.033842414560487,-6.499140663032331,1
-0.6869099611273749,-0.12850273041801846,-0.42978385633224836,-0.8838823453296956,-1.2865541582600202,-1.3487887184743879,1.064544610180362,5.719766638146176e-12,19.16900819970024,-17.634328752696696,8.033836198267126,-6.499156751263308,1
-0.6869103451069203,-0.12850328400690414,-0.4297838421151464,-0.8838830480477649,-1.2865536896268805,-1.3487902394554956,1.0645456722271258,5.719766634399682e-12,19.16900927006695,-17.634348225414502,8.033831044123314,-6.499169999470589,1
-0.6869106530312704,-0.12850373025869485,-0.4297838288178181,-0.8838836113968123,-1.286553251165114,-1.3487916617575537,1.0645466657177192,5.719766620774499e-12,19.16901006547694,-17.634363904126523,8.033826847917522,-6.499180686566831,1
-0.6869108932207403,-0.12850408090946416,-0.42978381634499707,-0.8838840506237899,-1.2865528397433852,-1.3487929956281253,1.064547597768612,5.71976655939129e-12,19.169010616185115,-17.63437620371572,8.033823505027977,-6.499189092558307,1
-0.6869110740281336,-0.1285043477411865,-0.4297838046009474,-0.883884381035307,-1.2865524522182217,-1.3487942513545639,1.0645484755239272,5.7197664378367e-12,19.169010952562466,-17.634385540687106,8.033820910422321,-6.499195498546685,1
-0.6869112038387876,-0.12850454258178387,-0.42978379348948514,-0.8838846179976858,-1.286552085433997,-1.3487954392640629,1.0645493061554712,5.719766506500278e-12,19.169011105096686,-17.63439233316952,8.033818958657518,-6.499200186730077,1
-0.6869112910706123,-0.12850467730516607,-0.42978378291399705,-0.8838847769370106,-1.2865517362229144,-1.3487965697237003,1.0645500968627646,5.71976643476764e-12,19.169011104392734,-17.634397000917183,8.033817543879774,-6.49920344040395,1
-0.68691134417416,-0.12850476383131515,-0.42978377277745616,-0.8838848733392342,-1.2865514014049828,-1.3487976531405155,1.064550854873093,5.719766427894238e-12,19.169010981173436,-17.634399965312785,8.033816559824022,-6.499205543963097,1
-0.6869113716326553,-0.12850481412631845,-0.42978376298243526,-0.883884922750217,-1.2865510777880007,-1.3487986999615544,1.0645515874415377,5.719766455408507e-12,19.169010766279897,-17.634401649368733,8.033815899813822,-6.499206782902386,1
-0.6869113819620501,-0.12850484020243652,-0.42978375343111713,-0.8838849407758158,-1.2865507621675398,-1.3487997206739208,1.064552301851009,5.719766468798433e-12,19.169010490671926,-17.634402477729626,8.033815456760925,-6.499207443818353,1
-0.6869113849279864,-0.12850485587480778,-0.42978374401135505,-0.883884937809889,-1.286550450870095,-1.3488007272999623,1.0645530064505833,5.719766492117101e-12,19.169010189735996,-17.63440293854401,8.033815107745609,-6.49920785655335,1
-0.6869115176163636,-0.1285048537507299,-0.42978389938345035,-0.8838848051417969,-1.2865947779926323,-1.3487750619143295,1.0645716774121108,5.719747691108429e-12,19.16901587489239,-17.634404405936603,8.033818641953573,-6.499207172997514,1
-0.6869123989350766,-0.12850477266463126,-0.42978498630088563,-0.8838839238432675,-1.2868914934121112,-1.348598609046384,1.0646919491421438,5.7197293059683306e-12,19.169055459478045,-17.6344123287331,8.033843939899036,-6.49920080915382,1
-0.6869146574847101,-0.1285045463645067,-0.4297877869133507,-0.8838816653137167,-1.287651848428165,-1.3481448845928279,1.0649985888372488,5.7197108762976745e-12,19.16915740645212,-17.634432128617387,8.033909274594837,-6.499183996759838,1
-0.6869188038284334,-0.12850412103812367,-0.4297929365090592,-0.8838775189899758,-1.2890448916160842,-1.3473116220602084,1.0655583785794926,5.7196922574374635e-12,19.169344834330012,-17.634468208923657,8.03402948805869,-6.499152862652066,1
-0.6869252460057576,-0.12850345367705873,-0.42980094282638215,-0.8838710768325341,-1.2912004507521246,-1.346018065879862,1.066420390576696,5.719674884224316e-12,19.169636219896663,-17.634524088190435,8.034216442540297,-6.499104310833799,1
-0.6869343044347784,-0.1285025105051901,-0.42981220460454883,-0.8838620184232963,-1.2942120915877935,-1.3442023631846938,1.0676163377134986,5.719657188238331e-12,19.170046073229244,-17.634602528441576,8.034479453970855,-6.499035909182916,1
-0.6869462247177911,-0.12850126562829664,-0.4298270275243392,-0.8838500981599677,-1.2981400023810314,-1.3418192766334753,1.0691611709068385,5.7196392557909315e-12,19.170585517747316,-17.63470564542131,8.034825664427458,-6.498945792101181,1
-0.6869611875216215,-0.12849969999216582,-0.4298456365070687,-0.883835135375723,-1.3030137757590392,-1.338838342909429,1.071054019467364,5.719621289212864e-12,19.171262737749984,-17.634834993655247,8.035260329504878,-6.4988325854098665,1
-0.6869793152122244,-0.1284978006830242,-0.4298681839727664,-0.8838170077046079,-1.3088350782134013,-1.335242522592761,1.0732795104670891,5.7196050827447415e-12,19.172083278918812,-17.634991623584703,8.035787011268143,-6.498695355933762,1
-0.687000675305463,-0.12849556056379882,-0.42989475413425976,-0.8837956476307596,-1.315580212403396,-1.3310273253703933,1.0758094562524367,5.719588485121268e-12,19.173050204580086,-17.63517611131833,8.036407678575864,-6.498533585313835,1
-0.6870252810756826,-0.12849297821024502,-0.4299253637518383,-0.8837710418798334,-1.3232025885076588,-1.3262003481596412,1.0786048639195795,5.719573005170284e-12,19.17416412318291,-17.63538856395909,8.037122724693022,-6.498347165468928,1
-0.6870530898617221,-0.12849005809011138,-0.4299599600195046,-0.8837432331129907,-1.3316351282318801,-1.3207811309153372,1.0816181951292612,5.719556841695483e-12,19.17542311141431,-17.635628605174915,8.03793091786652,-6.498136411626849,1
-0.6870839997440141,-0.12848681091439015,-0.4299984164205519,-0.8837123232497995,-1.3407926290348442,-1.3148012139712424,1.0847957876742458,5.71954266940355e-12,19.176822563440112,-17.635895346837295,8.038829304432006,-6.4979020878289155,1
-0.6871178453504015,-0.1284832540808388,-0.4300405274948059,-0.8836784776624176,-1.3505741171672405,-1.3083042701182297,1.088080340596314,5.71952538395592e-12,19.17835500056599,-17.636187353273215,8.039813086464868,-6.49764543917182,1
-0.6871543935927467,-0.12847941212524722,-0.43008600351542475,-0.8836419294389828,-1.3605741171672405,-1.3013461826977835,1.0914133615031019,5.7195096599991195e-12,19.18000987763351,-17.636502605051557,8.040875497288054,-6.4973682247058315,1
-0.6871933149130971,-0.1284753197551096,-0.43013443468144935,-0.8836030081374482,-1.3705741171672405,-1.2940002806512607,1.0947411855865499,5.722232144571886e-12,19.181772280143004,-17.636838251888026,8.042006964709763,-6.497072936454514,1
-0.6872341965977973,-0.12847102044912714,-0.43018530765771107,-0.8835621264714698,-1.3805741171672405,-1.286353669443422,1.0980148106786622,5.731247412037181e-12,19.183623526311912,-17.6371907282825,8.043195497253006,-6.496762699223322,1
-0.6872765652003675,-0.12846656409617802,-0.4302380334533062,-0.8835197578875278,-1.3905741171672406,-1.2785017972524455,1.1011884330768948,5.74878908875475e-12,19.18554218172248,-17.63755594757407,8.044427335316643,-6.4964411011679655,1
-0.6873198929627938,-0.12846200632089796,-0.4302919553887758,-0.8834764301436365,-1.4005741171672406,-1.2705466087433226,1.1042204082459144,5.7757469784958226e-12,19.187504349389926,-17.637929358011775,8.045687137151074,-6.496112145772653,1
-0.6873636058878624,-0.12845740763482874,-0.4303463591216228,-0.8834327172370104,-1.4105741171672406,-1.2625945784798265,1.1070740759819948,5.811673632155713e-12,19.18948403471093,-17.638306012944376,8.046958212949912,-6.495780191183091,1
-0.6874070937454664,-0.12845283238308924,-0.4304004850843719,-0.8833892293977567,-1.4205741171672406,-1.2547546204904139,1.1097184514231664,5.854812375294148e-12,19.191453598169083,-17.638680657503752,8.04822281534796,-6.4954498746823575,1
-0.6874497222824716,-0.1284483474579341,-0.430453543672738,-0.8833466008790101,-1.4305741171672406,-1.2471358629193476,1.112128781115422,5.9021570930699486e-12,19.193384308068673,-17.63904783404252,8.049462494226622,-6.495126020200199,1
-0.6874908478705631,-0.1284440207542953,-0.43050473347748763,-0.8833054753090858,-1.4400489658603997,-1.239845269591903,1.1142869608420178,5.949529578230232e-12,19.19524700396895,-17.639402008290286,8.05065852269889,-6.494813527019955,1
-0.6875297985922042,-0.12843992316409528,-0.4305532177421251,-0.8832665246055211,-1.4488275975284512,-1.232992969119793,1.1161873467770362,5.996428983508875e-12,19.197011240012788,-17.639737406465745,8.051791347044546,-6.494517513497233,1
-0.687565930970989,-0.12843612259192938,-0.43059819500009433,-0.8832303922447224,-1.4568087587021759,-1.2266817324981865,1.117831455794536,6.042861997561504e-12,19.198647855165166,-17.640048503081417,8.052842237319782,-6.494242885235763,1
-0.6875986639100674,-0.12843268037259106,-0.43063894135596653,-0.8831976593235401,-1.4639093555881422,-1.2210016594793247,1.1192262932046952,6.088830863502234e-12,19.200130511536653,-17.640330312067096,8.053794275520943,-6.493994076051117,1
-0.6876275096738558,-0.12842964799926654,-0.43067484909687637,-0.8831688135775584,-1.470067845395216,-1.21602572893509,1.1203832944428738,6.134341327064056e-12,19.201437099106176,-17.64057865211266,8.054633258077477,-6.493774811083688,1
-0.687652104913158,-0.12842706384645133,-0.43070546536473775,-0.8831442183559738,-1.4752476263707548,-1.2118054194917782,1.1213173357405635,6.17939747916857e-12,19.202551142614496,-17.640790412180237,8.055348599811847,-6.493587869377317,1
-0.6876722401818534,-0.128424950051812,-0.4307305289519457,-0.8831240831049074,-1.479440384021723,-1.208366565539058,1.122045936355447,6.22400470234892e-12,19.203463140167514,-17.640963803994612,8.055934194061802,-6.49343485788863,1
-0.6876878864210283,-0.12842330971836355,-0.4307500033171024,-0.8831084368832733,-1.4826693513397549,-1.2057056027612003,1.1225887643276733,6.268166514265264e-12,19.204171764323853,-17.64109858857972,8.056389184446253,-6.493316008701851,1
-0.6876992171167369,-0.1284221245740089,-0.43076410420434896,-0.8830971062050179,-1.484992446980433,-1.203786327968316,1.122967534490359,6.311887884104865e-12,19.204684866883944,-17.641196265881156,8.056718610465383,-6.493230009462327,1
-0.6877066252923877,-0.12842135317736936,-0.43077332081754327,-0.883089698046733,-1.4865052679542958,-1.2025372482203438,1.123206350284567,6.3551729762694395e-12,19.205020249244747,-17.641260220384122,8.056933902399845,-6.493173873538953,1
-0.687710735173606,-0.1284209296871906,-0.4307784303456511,-0.8830855881827936,-1.487343932395804,-1.2018495233998268,1.1233324891010341,6.398026518941429e-12,19.205206190921157,-17.641295821385082,8.05705322073861,-6.493142851202266,1
-0.6877124092367927,-0.12842076312016112,-0.43078050672624757,-0.8830839141367995,-1.48768779261449,-1.2015754151187112,1.1233775642381032,6.4404526288371434e-12,19.205281768497173,-17.641310483992367,8.057101660869286,-6.493130376364208,1
-0.6877127523834736,-0.12842073691288453,-0.4307809258209887,-0.8830835710072252,-1.487762067745658,-1.2015270444579667,1.1233789152920275,6.482455430844823e-12,19.205297044077312,-17.64131370569261,8.057111373861122,-6.4931280354761505,1
-0.6877128594598678,-0.12842073556080638,-0.43078105098909686,-0.8830834639478522,-1.4877885479270685,-1.2015186608477875,1.1233725812138422,6.524039373775956e-12,19.205301624739093,-17.641314896969256,8.057114218758196,-6.49312749098809,1
-0.6877129659994706,-0.12842073421563588,-0.43078117552962164,-0.8830833574251854,-1.4878148956486255,-1.2015103191792011,1.1233662787706433,6.565208464208884e-12,19.205306182434104,-17.641316082277,8.057117049390174,-6.4931269492328,0
-0.68771307200498,-0.12842073287733705,-0.4307812994457183,-0.8830832514365274,-1.4878411115732155,-1.2015020192422672,1.1233600078046106,6.605966923503678e-12,19.20531071727781,-17.641317261645813,8.057119865828783,-6.493126410196515,0
-0.6877131774790802,-0.12842073154587405,-0.43078142274052605,-0.8830831459791944,-1.4878671963604047,-1.2014937608280973,1.1233537681587098,6.646318784315844e-12,19.205315229385096,-17.641318435105514,8.057122668145391,-6.493125873865538,0
-0.6877132824244421,-0.12842073022121128,-0.43078154541716834,-0.8830830410505157,-1.4878931506664554,-1.2014855437288499,1.1233475596766875,6.6862682267417945e-12,19.205319718870257,-17.64131960268577,8.057125456411002,-6.493125340226243,0
-0.6877133868437229,-0.12842072890331332,-0.4307816674787528,-0.8830829366478348,-1.4879189751443433,-1.2014773677377246,1.123341382203069,6.725819101257583e-12,19.205324185847015,-17.641320764416097,8.057128230696264,-6.493124809265071,0
-0.6877134907395663,-0.12842072759214496,-0.4307817889283713,-0.8830828327685081,-1.4879446704437733,-1.2014692326489576,1.1233352355831523,6.764975370452563e-12,19.20532863042852,-17.641321920325865,8.057130991071464,-6.493124280968533,0
-0.6877135941146031,-0.12842072628767112,-0.43078190976910025,-0.8830827294099055,-1.4879702372111963,-1.2014611382578155,1.1233291196630066,6.803740982021295e-12,19.20533305272735,-17.641323070444294,8.057133737606538,-6.493123755323208,0
-0.6877136969714504,-0.128420724989857,-0.4307820300040003,-0.8830826265694103,-1.4879956760898252,-1.2014530843605917,1.1233230342894671,6.842119956216305e-12,19.20533745285551,-17.64132421480046,8.057136470371065,-6.493123232315744,0
-0.6877137993127121,-0.1284207236986679,-0.4307821496361167,-0.8830825242444188,-1.4880209877196513,-1.2014450707545994,1.1233169793101312,6.880116103343217e-12,19.205341830924436,-17.641325353423287,8.057139189434276,-6.493122711932856,0
-0.6877139011409793,-0.12842072241406932,-0.43078226866847946,-0.8830824224323406,-1.4880461727374608,-1.2014370972381678,1.123310954573355,6.917733249308449e-12,19.205346187045013,-17.641326486341562,8.057141894865048,-6.493122194161327,0
-0.6877140024588295,-0.12842072113602704,-0.4307823871041031,-0.8830823211305984,-1.48807123177685,-1.2014291636106365,1.1233049599282499,6.954975135280906e-12,19.205350521327556,-17.64132761358392,8.057144586731912,-6.493121678988004,0
-0.6877141032688276,-0.1284207198645069,-0.430782504945987,-0.8830822203366278,-1.4880961654682427,-1.2014212696723503,1.1232989952246781,6.991845693100011e-12,19.205354833881824,-17.641328735178845,8.057147265103053,-6.493121166399805,0
-0.6877142035735254,-0.12842071859947501,-0.43078262219711544,-0.8830821200478773,-1.4881209744389048,-1.2014134152246545,1.1232930603132496,7.02834829592048e-12,19.205359124817026,-17.641329851154698,8.057149930046311,-6.493120656383713,0
-0.6877143033754618,-0.12842071734089763,-0.4307827388604575,-0.8830820202618086,-1.4881456593129605,-1.2014056000698898,1.1232871550453178,7.064486820414682e-12,19.205363394241814,-17.641330961539676,8.057152581629184,-6.493120148926775,0
-0.6877144026771629,-0.12842071608874117,-0.43078285493896723,-0.8830819209758958,-1.4881702207114085,-1.2013978240113872,1.1232812792729765,7.1002648383676776e-12,19.2053676422643,-17.641332066361844,8.057155219918828,-6.493119644016105,0
-0.687714501481142,-0.1284207148429723,-0.43078297043558395,-0.883081822187626,-1.4881946592521371,-1.2013900868534628,1.1232754328490555,7.135685948647658e-12,19.205371868992035,-17.641333165649126,8.05715784498206,-6.493119141638884,0
-0.6877145997898999,-0.12842071360355778,-0.430783085353232,-0.8830817238944989,-1.4882189755499404,-1.2013823884014136,1.123269615627118,7.170753694765379e-12,19.20537607453204,-17.641334259429303,8.057160456885358,-6.493118641782355,0
-0.6877146976059245,-0.12842071237046462,-0.43078319969482104,-0.8830816260940269,-1.4882431702165333,-1.2013747284615117,1.1232638274614557,7.205471671219104e-12,19.205380258990793,-17.641335347730017,8.057163055694867,-6.493118144433828,0
-0.6877147949316914,-0.12842071114365997,-0.4307833134632459,-0.8830815287837348,-1.488267243860567,-1.201367106841,1.123258068207086,7.239843257763153e-12,19.20538442247423,-17.64133643057877,8.057165641476397,-6.493117649580676,0
-0.6877148917696635,-0.12842070992311116,-0.43078342666138686,-0.8830814319611602,-1.4882911970876451,-1.2013595233480865,1.1232523377197488,7.2738720850691e-12,19.205388565087752,-17.641337508002927,8.057168214295423,-6.493117157210336,0
-0.6877149881222914,-0.1284207087087857,-0.4307835392921097,-0.8830813356238527,-1.4883150305003376,-1.201351977791941,1.1232466358559012,7.307561399269829e-12,19.205392686936232,-17.64133858002971,8.057170774217093,-6.49311666731031,0
-0.6877150839920133,-0.12842070750065127,-0.43078365135826574,-0.8830812397693747,-1.488338744698197,-1.201344469982689,1.123240962472716,7.340914762779513e-12,19.205396788124013,-17.641339646686212,8.057173321306223,-6.493116179868162,0
-0.687715179381255,-0.12842070629867575,-0.43078376286269177,-0.8830811443953006,-1.4883623402777737,-1.201336999731407,1.1232353174280767,7.37393538331664e-12,19.205400868754907,-17.641340707999383,8.057175855627303,-6.493115694871519,0
-0.6877152742924303,-0.12842070510282716,-0.43078387380821037,-0.8830810494992172,-1.48838581783263,-1.201329566850118,1.123229700580575,7.406626564371524e-12,19.205404928932207,-17.64134176399604,8.0571783772445,-6.493115212308071,0
-0.6877153687279406,-0.1284207039130737,-0.43078398419762987,-0.8830809550787233,-1.488409177953356,-1.201322171151787,1.1232241117895063,7.438991773289369e-12,19.205408968758682,-17.641342814702863,8.05718088622165,-6.493114732165571,0
-0.6877154626901751,-0.12842070272938375,-0.43078409403374435,-0.88308086113143,-1.4884324212275841,-1.201314812450316,1.123218550914867,7.47103415710291e-12,19.205412988336583,-17.641343860146403,8.057183382622272,-6.493114254431833,0
-0.6877155561815114,-0.12842070155172583,-0.43078420331933387,-0.8830807676549605,-1.4884555482400041,-1.2013074905605388,1.1232130178173507,7.502756773202508e-12,19.20541698776764,-17.64134490035307,8.057185866509563,-6.493113779094734,0
-0.6877156492043145,-0.12842070038006867,-0.4307843120571644,-0.8830806746469496,-1.4884785595723777,-1.2013002052982176,1.1232075123583445,7.534162957507211e-12,19.205420967153078,-17.641345935349143,8.057188337946403,-6.49311330614221,0
-0.6877157417609379,-0.12842069921438115,-0.4307844202499879,-0.8830805821050445,-1.4885014558035534,-1.2012929564800368,1.123202034399926,7.565255913327769e-12,19.205424926593604,-17.641346965160775,8.05719079699535,-6.493112835562262,0
-0.6877158338537229,-0.1284206980546323,-0.4307845279005426,-0.883080490026904,-1.4885242375094807,-1.2012857439235995,1.12319658380486,7.596038687044125e-12,19.205428866189422,-17.641347989813976,8.05719324371865,-6.493112367342948,0
-0.6877159254849995,-0.12842069690079136,-0.43078463501155273,-0.8830803984101989,-1.4885469052632252,-1.2012785674474227,1.1231911604365945,7.626514382835319e-12,19.205432786040223,-17.641349009334636,8.057195678178234,-6.493111901472388,0
-0.6877160166570854,-0.1284206957528277,-0.4307847415857289,-0.8830803072526116,-1.4885694596349828,-1.2012714268709321,1.1231857641592573,7.65668618790488e-12,19.205436686245204,-17.641350023748508,8.057198100435716,-6.493111437938763,0
-0.6877161073722868,-0.12842069461071082,-0.4307848476257679,-0.8830802165518361,-1.4885919011920938,-1.2012643220144583,1.1231803948376535,7.686556943810614e-12,19.205440566903054,-17.641351033081218,8.057200510552407,-6.493110976730313,0
-0.6877161976328985,-0.12842069347441046,-0.4307849531343531,-0.8830801263055784,-1.488614230499058,-1.2012572526992318,1.1231750523372612,7.716129670158245e-12,19.20544442811197,-17.641352037358264,8.057202908589302,-6.493110517835337,0
-0.6877162874412034,-0.12842069234389647,-0.43078505811415424,-0.8830800365115558,-1.4886364481175478,-1.2012502187473786,1.1231697365242288,7.745407467559056e-12,19.205448269969647,-17.64135303660501,8.05720529460709,-6.493110061242193,0
-0.687716376799473,-0.12842069121913888,-0.4307851625678275,-0.8830799471674969,-1.488658554606424,-1.2012432199819159,1.123164447265371,7.774393228643608e-12,19.205452092573292,-17.6413540308467,8.057207668666155,-6.4931096069393,0
-0.6877164657099674,-0.12842069010010787,-0.43078526649801574,-0.8830798582711423,-1.4886805505217477,-1.2012362562267471,1.1231591844281663,7.803089797771356e-12,19.20545589601962,-17.641355020108442,8.057210030826575,-6.4931091549151345,0
-0.6877165541749352,-0.1284206889867738,-0.4307853699073485,-0.8830797698202435,-1.4887024364167967,-1.2012293273066579,1.1231539478807533,7.831500242965965e-12,19.20545968040486,-17.641356004415226,8.057212381148124,-6.49310870515823,0
-0.6877166421966137,-0.12842068787910718,-0.43078547279844204,-0.8830796818125636,-1.4887242128420777,-1.2012224330473118,1.1231487374919271,7.859627248873471e-12,19.205463445824748,-17.641356983791912,8.057214719690277,-6.49310825765718,0
-0.687716729777229,-0.12842068677707866,-0.43078557517389937,-0.8830795942458769,-1.4887458803453408,-1.2012155732752452,1.1231435531311367,7.88747366939099e-12,19.205467192374545,-17.641357958263235,8.057217046512205,-6.493107812400635,0
-0.6877168169189959,-0.12842068568065904,-0.43078567703631043,-0.883079507117969,-1.488767439471594,-1.201208747817864,1.1231383946684812,7.915042255092238e-12,19.20547092014903,-17.64135892785381,8.057219361672784,-6.493107369377303,0
-0.687716903624118,-0.1284206845898193,-0.43078577838825205,-0.8830794204266367,-1.4887888907631153,-1.201201956503438,1.123133261974707,7.942335934715922e-12,19.2054746292425,-17.641359892588117,8.05722166523059,-6.493106928575949,0
-0.6877169898947878,-0.12842068350453062,-0.4307858792322881,-0.8830793341696876,-1.4888102347594683,-1.2011951991610974,1.1231281549212042,7.969357250145479e-12,19.205478319748778,-17.641360852490525,8.057223957243908,-6.4931064899853945,0
-0.6877170757331869,-0.1284206824247642,-0.43078597957096953,-0.8830792483449408,-1.4888314719975144,-1.2011884756208284,1.1231230733800037,7.99610904466288e-12,19.20548199176122,-17.641361807585277,8.057226237770722,-6.493106053594518,0
-0.6877171611414856,-0.12842068135049153,-0.43078607940683433,-0.8830791629502259,-1.488852603011427,-1.2011817857134688,1.123118017223774,8.022593981840818e-12,19.205485645372704,-17.641362757896488,8.05722850686873,-6.493105619392255,0
-0.6877172461218436,-0.12842068028168419,-0.43078617874240777,-0.8830790779833839,-1.4888736283327049,-1.2011751292707036,1.1231129863258178,8.048814789540849e-12,19.20548928067564,-17.641363703448157,8.057230764595335,-6.493105187367595,0
-0.6877173306764095,-0.1284206792183139,-0.4307862775802024,-0.8830789934422665,-1.4888945484901854,-1.2011685061250608,1.123107980560069,8.074774101235456e-12,19.20549289776197,-17.64136464426416,8.057233011007652,-6.493104757509586,0
-0.6877174148073211,-0.12842067816035257,-0.43078637592271796,-0.8830789093247361,-1.4889153640100583,-1.2011619161099074,1.1231029998010897,8.100474496999338e-12,19.205496496723182,-17.64136558036826,8.057235246162508,-6.49310432980733,0
-0.6877174985167053,-0.12842067710777225,-0.4307864737724418,-0.8830788256286661,-1.4889360754158782,-1.2011553590594448,1.123098043924067,8.125918414982877e-12,19.205500077650292,-17.64136651178409,8.05723747011644,-6.493103904249982,0
-0.6877175818066785,-0.1284206760605451,-0.4307865711318485,-0.8830787423519406,-1.4889566832285788,-1.2011488348087052,1.1230931128048096,8.151108619807243e-12,19.20550364063386,-17.641367438535166,8.057239682925706,-6.493103480826756,0
-0.6877176646793465,-0.1284206750186435,-0.4307866680034003,-0.8830786594924541,-1.488977187966485,-1.2011423431935464,1.1230882063197452,8.176047443149758e-12,19.205507185763995,-17.64136836064489,8.057241884646276,-6.493103059526917,0
-0.6877177471368041,-0.12842067398203988,-0.43078676438954705,-0.8830785770481121,-1.4889975901453272,-1.201135884050649,1.123083324345917,8.20073744999171e-12,19.205510713130344,-17.641369278136548,8.057244075333838,-6.493102640339787,0
-0.6877178291811359,-0.1284206729507069,-0.4307868602927261,-0.8830784950168303,-1.489017890278253,-1.2011294572175113,1.123078466760981,8.225181385122568e-12,19.205514222822107,-17.6413701910333,8.057246255043799,-6.4931022232547395,0
-0.6877179108144158,-0.1284206719246173,-0.43078695571536263,-0.8830784133965351,-1.4890380888758408,-1.2011230625324456,1.1230736334432025,8.249381292200127e-12,19.20551771492803,-17.641371099358196,8.057248423831288,-6.493101808261203,0
-0.6877179920387073,-0.12842067090374407,-0.43078705065986955,-0.8830783321851634,-1.489058186446113,-1.201116699834574,1.123068824271454,8.273339927908822e-12,19.205521189536412,-17.64137200313417,8.057250581751155,-6.493101395348661,0
-0.6877180728560637,-0.12842066988806022,-0.43078714512864763,-0.8830782513806623,-1.4890781834945481,-1.2011103689638238,1.1230640391252107,8.297059558108598e-12,19.205524646735114,-17.641372902384035,8.057252728857973,-6.493100984506647,0
-0.6877181532685275,-0.12842066887753897,-0.4307872391240855,-0.8830781709809894,-1.489098080524094,-1.201104069760925,1.1230592778845492,8.320542466131303e-12,19.205528086611544,-17.6413737971305,8.057254865206042,-6.49310057572475,0
-0.6877182332781313,-0.12842066787215367,-0.43078733264855984,-0.8830780909841125,-1.4891178780351806,-1.2010978020674044,1.123054540430143,8.343791309495235e-12,19.205531509252676,-17.641374687396148,8.057256990849385,-6.49310016899261,0
-0.6877183128868973,-0.1284206668718778,-0.4307874257044352,-0.8830780113880098,-1.4891375765257318,-1.201091565725583,1.1230498266432607,8.366808157731455e-12,19.205534914745044,-17.641375573203455,8.057259105841755,-6.493099764299921,0
-0.6877183920968377,-0.12842066587668505,-0.43078751829406425,-0.8830779321906694,-1.489157176491179,-1.2010853605785714,1.123045136405762,8.389595552713083e-12,19.205538303174745,-17.641376454574782,8.057261210236632,-6.493099361636427,0
-0.6877184709099542,-0.12842066488654913,-0.4307876104197879,-0.8830778533900899,-1.489176678424473,-1.201079186470266,1.1230404696000962,8.412155451297523e-12,19.20554167462744,-17.64137733153238,8.057263304087229,-6.493098960991927,0
-0.6877185493282387,-0.12842066390144397,-0.4307877020839352,-0.8830777749842798,-1.489196082816097,-1.2010730432453445,1.1230358261092972,8.434490322607484e-12,19.205545029188364,-17.641378204098384,8.057265387446488,-6.493098562356267,0
-0.687718627353673,-0.1284206629213436,-0.4307877932888234,-0.8830776969712575,-1.489215390154078,-1.201066930749263,1.123031205816983,8.45660233619831e-12,19.205548366942317,-17.64137907229482,8.057267460367086,-6.493098165719348,0
-0.6877187049882287,-0.12842066194622226,-0.43078788403675816,-0.8830776193490516,-1.4892346009239998,-1.2010608488282515,1.1230266086073506,8.478493736120973e-12,19.205551687973674,-17.641379936143604,8.057269522901432,-6.493097771071122,0
-0.687718782233868,-0.12842066097605423,-0.4307879743300335,-0.8830775421157004,-1.4892537156090155,-1.20105479732931,1.123022034365175,8.500166869382353e-12,19.205554992366384,-17.64138079566654,8.057271575101675,-6.49309737840159,0
-0.6877188590925426,-0.12842066001081398,-0.43078806417093185,-0.8830774652692525,-1.489272734689859,-1.2010487761002047,1.1230174829758044,8.521623817266777e-12,19.205558280203974,-17.64138165088532,8.057273617019696,-6.493096987700804,0
-0.6877189355661948,-0.12842065905047612,-0.4307881535617241,-0.8830773888077659,-1.4892916586448577,-1.2010427849894643,1.1230129543251595,8.542866785971249e-12,19.20556155156955,-17.641382501821536,8.057275648707119,-6.493096598958867,0
-0.6877190116567569,-0.12842065809501535,-0.43078824250466985,-0.8830773127293085,-1.489310487949944,-1.201036823846376,1.1230084482997287,8.563897810215216e-12,19.205564806545794,-17.64138334849666,8.057277670215306,-6.4930962121659315,0
-0.6877190873661515,-0.12842065714440656,-0.43078833100201713,-0.883077237031958,-1.4893292230786677,-1.2010308925209818,1.1230039647865666,8.584719075367385e-12,19.20556804521498,-17.64138419093206,8.05727968159536,-6.4930958273122,0
-0.6877191626962916,-0.12842065619862475,-0.43078841905600274,-0.8830771617138018,-1.489347864502208,-1.2010249908640744,1.1229995036732907,8.605332671675882e-12,19.205571267658964,-17.641385029149006,8.057281682898124,-6.493095444387925,0
-0.6877192376490806,-0.12842065525764504,-0.43078850666885216,-0.883077086772937,-1.4893664126893853,-1.2010191187271941,1.1229950648480782,8.625740703982064e-12,19.20557447395919,-17.641385863168644,8.05728367417419,-6.493095063383406,0
-0.687719312226412,-0.1284206543214427,-0.4307885938427797,-0.8830770122074699,-1.4893848681066728,-1.2010132759626246,1.1229906481996643,8.64594498565858e-12,19.205577664196685,-17.641386693012027,8.057285655473892,-6.493094684288995,0
-0.6877193864301702,-0.12842065338999312,-0.4307886805799885,-0.8830769380155169,-1.4894032312182084,-1.201007462423389,1.122986253617338,8.665947869802711e-12,19.205580838452075,-17.641387518700096,8.057287626847309,-6.49309430709509,0
-0.6877194602622297,-0.1284206524632718,-0.4307887668826706,-0.8830768641952035,-1.4894215024858066,-1.2010016779632469,1.1229818809909409,8.685751248389676e-12,19.20558399680558,-17.641388340253688,8.05728958834427,-6.493093931792139,0
-0.6877195337244559,-0.12842065154125443,-0.430788852753007,-0.8830767907446646,-1.48943968236897,-1.2009959224366895,1.1229775302108629,8.70535699513576e-12,19.205587139337013,-17.641389157693535,8.057291540014353,-6.493093558370636,0
-0.6877196068187046,-0.12842065062391675,-0.4307889381931677,-0.8830767176620449,-1.4894577713249004,-1.2009901956989375,1.122973201168041,8.724767137573903e-12,19.205590266125785,-17.64138997104027,8.057293481906882,-6.493093186821127,0
-0.6877196795468223,-0.1284206497112347,-0.4307890232053118,-0.883076644945498,-1.4894757698085115,-1.200984497605936,1.1229688937539553,8.743983684656476e-12,19.20559337725091,-17.64139078031441,8.05729541407094,-6.493092817134201,0
-0.6877197519106463,-0.12842064880318432,-0.43078910779158747,-0.883076572593187,-1.4894936782724393,-1.200978828014352,1.122964607860627,8.763008523658536e-12,19.205596472790997,-17.64139158553638,8.057297336555354,-6.493092449300499,0
-0.6877198239120045,-0.12842064789974175,-0.43078919195413207,-0.8830765006032841,-1.4895114971670538,-1.2009731867815698,1.1229603433806157,8.781843731298297e-12,19.205599552824268,-17.641392386726498,8.057299249408715,-6.493092083310707,0
-0.6877198955527156,-0.1284206470008833,-0.43078927569507225,-0.8830764289739711,-1.4895292269404705,-1.200967573765688,1.122956100207016,8.80049095801865e-12,19.205602617428543,-17.64139318390498,8.057301152679358,-6.493091719155557,0
-0.6877199668345894,-0.12842064610658535,-0.4307893590165239,-0.8830763577034385,-1.489546868038562,-1.2009619888255154,1.1229518782334562,8.818952255073652e-12,19.205605666681258,-17.641393977091944,8.057303046415383,-6.493091356825831,0
-0.6877200377594261,-0.12842064521682447,-0.43078944192059215,-0.8830762867898861,-1.4895644209049683,-1.2009564318205685,1.1229476773540943,8.837229251141054e-12,19.20560870065945,-17.6413947663074,8.057304930664644,-6.493090996312354,0
-0.6877201083290174,-0.12842064433157732,-0.4307895244093718,-0.8830762162315229,-1.4895818859811092,-1.200950902611067,1.122943497463616,8.855323950573836e-12,19.205611719439776,-17.64139555157126,8.057306805474756,-6.493090637606,0
-0.6877201785451456,-0.1284206434508207,-0.4307896064849468,-0.8830761460265666,-1.489599263706194,-1.2009454010579301,1.1229393384572326,8.873238241058813e-12,19.205614723098503,-17.64139633290334,8.057308670893091,-6.493090280697687,0
-0.687720248409584,-0.12842064257453148,-0.43078968814939084,-0.8830760761732441,-1.4896165545172344,-1.200939927022774,1.1229352002306767,8.890973751024828e-12,19.205617711711515,-17.641397110323354,8.057310526966784,-6.493089925578381,0
-0.6877203179240973,-0.12842064170268672,-0.430789769404767,-0.8830760066697912,-1.4896337588490536,-1.2009344803679076,1.1229310826802015,8.908532310579759e-12,19.20562068535431,-17.641397883850914,8.057312373742734,-6.493089572239093,0
-0.687720387090441,-0.12842064083526356,-0.43078985025312805,-0.8830759375144526,-1.4896508771342984,-1.2009290609563292,1.1229269857025772,8.925915786455235e-12,19.205623644102015,-17.641398653505533,8.057314211267602,-6.4930892206708775,0
-0.687720455910362,-0.12842063997223926,-0.43078993069651644,-0.8830758687054816,-1.4896679098034502,-1.200923668651723,1.1229229091950887,8.943125801170231e-12,19.205626588029368,-17.641399419306634,8.057316039587816,-6.493088870864836,0
-0.6877205243855983,-0.12842063911359125,-0.43079001073696427,-0.8830758002411406,-1.4896848572848351,-1.2009183033184563,1.122918853055533,8.960164163882143e-12,19.20562951721074,-17.641400181273532,8.057317858749565,-6.493088522812116,0
-0.687720592517879,-0.128420638259297,-0.43079009037649346,-0.8830757321197008,-1.4897017200046356,-1.2009129648215746,1.122914817182216,8.977032633077569e-12,19.205632431720115,-17.641400939425452,8.057319668798812,-6.493088176503906,0
-0.6877206603089248,-0.12842063740933415,-0.4307901696171157,-0.8830756643394417,-1.4897184983869003,-1.2009076530268001,1.1229108014739517,8.993732897465306e-12,19.205635331631118,-17.64140169378152,8.057321469781284,-6.493087831931443,0
-0.6877207277604473,-0.12842063656368047,-0.4307902484608326,-0.8830755968986518,-1.4897351928535556,-1.2009023678005268,1.122906805830058,9.010266528089206e-12,19.205638217016997,-17.641402444360768,8.057323261742482,-6.4930874890860055,0
-0.6877207948741502,-0.1284206357223138,-0.43079032690963565,-0.883075529795628,-1.4897518038244155,-1.2008971090098177,1.1229028301503545,9.026635187721282e-12,19.20564108795063,-17.641403191182125,8.057325044727673,-6.493087147958917,0
-0.6877208616517279,-0.1284206348852121,-0.43079040496550636,-0.883075463028676,-1.489768331717193,-1.2008918765224015,1.122898874335161,9.042840665184513e-12,19.205643944504537,-17.64140393426443,8.057326818781897,-6.493086808541546,0
-0.6877209280948665,-0.12842063405235352,-0.43079048263041625,-0.8830753965961099,-1.48978477694751,-1.2008866702066692,1.1228949382852933,9.058884468612287e-12,19.205646786750858,-17.641404673626436,8.057328583949971,-6.493086470825301,0
-0.6877209942052439,-0.12842063322371622,-0.43079055990632686,-0.8830753304962522,-1.4898011399289082,-1.2008814899316709,1.122891021902063,9.07476817582146e-12,19.20564961476138,-17.641405409286786,8.057330340276483,-6.493086134801638,0
-0.6877210599845291,-0.12842063239927856,-0.43079063679519,-0.8830752647274339,-1.4898174210728585,-1.200876335567112,1.1228871250872725,9.09049345583458e-12,19.20565242860753,-17.64140614126404,8.057332087805795,-6.493085800462054,0
-0.6877211254343832,-0.12842063157901895,-0.4307907132989474,-0.8830751992879946,-1.4898336207887732,-1.2008712069833505,1.122883247743215,9.106061905090508e-12,19.205655228360367,-17.641406869576656,8.05733382658205,-6.493085467798089,0
-0.6877211905564585,-0.128420630762916,-0.4307907894195313,-0.8830751341762819,-1.489849739484015,-1.2008661040513935,1.1228793897726697,9.121474924783021e-12,19.2056580140906,-17.64140759424301,8.057335556649168,-6.493085136801326,0
-0.6877212553523993,-0.1284206299509483,-0.430790865158864,-0.8830750693906521,-1.489865777563907,-1.2008610266428938,1.1228755510789015,9.136734445605217e-12,19.205660785868577,-17.641408315281375,8.057337278050843,-6.49308480746339,0
-0.6877213198238412,-0.12842062914309468,-0.43079094051885825,-0.8830750049294693,-1.4898817354317444,-1.2008559746301473,1.1228717315656571,9.15184167623081e-12,19.205663543764295,-17.64140903270994,8.057338990830555,-6.493084479775949,0
-0.6877213839724121,-0.12842062833933401,-0.4307910155014171,-0.8830749407911064,-1.4898976134888031,-1.2008509478860883,1.1228679311371637,9.166798198132209e-12,19.2056662878474,-17.641409746546802,8.057340695031561,-6.493084153730713,0
-0.6877214477997314,-0.1284206275396453,-0.430791090108434,-0.8830748769739439,-1.4899134121343507,-1.2008459462842882,1.1228641496981253,9.181605350508925e-12,19.205669018187184,-17.64141045680996,8.057342390696903,-6.493083829319433,0
-0.6877215113074105,-0.12842062674400767,-0.43079116434179304,-0.883074813476371,-1.4899291317656562,-1.200840969698951,1.122860387153722,9.196264936049527e-12,19.20567173485259,-17.641411163517333,8.057344077869404,-6.493083506533902,0
-0.6877215744970526,-0.12842062595240034,-0.4307912382033686,-0.8830747502967845,-1.4899447727780004,-1.2008360180049107,1.1228566434096057,9.21077832407913e-12,19.205674437912215,-17.64141186668674,8.057345756591674,-6.493083185365955,0
-0.6877216373702527,-0.12842062516480263,-0.4307913116950258,-0.8830746874335897,-1.4899603355646853,-1.2008310910776276,1.1228529183718998,9.225146946941294e-12,19.205677127434313,-17.64141256633592,8.057347426906107,-6.493082865807467,0
-0.687721699928598,-0.12842062438119398,-0.4307913848186203,-0.8830746248851997,-1.4899758205170446,-1.2008261887931861,1.1228492119471951,9.239372103936584e-12,19.20567980348679,-17.641413262482512,8.057349088854883,-6.4930825478503555,0
-0.6877217621736677,-0.12842062360155393,-0.43079145757599835,-0.8830745626500356,-1.4899912280244532,-1.2008213110282904,1.1228455240425488,9.253455445011692e-12,19.20568246613722,-17.641413955144074,8.05735074247997,-6.493082231486578,0
-0.6877218241070329,-0.12842062282586214,-0.43079152996899706,-0.8830745007265264,-1.490006558474337,-1.2008164576602622,1.122841854565481,9.2673982999495e-12,19.205685115452823,-17.641414644338074,8.057352387823126,-6.493081916708132,0
-0.6877218857302569,-0.12842062205409838,-0.4307916019994442,-0.883074439113109,-1.4900218122521827,-1.2008116285670376,1.1228382034239732,9.281202105309698e-12,19.20568775150049,-17.64141533008189,8.057354024925898,-6.493081603507055,0
-0.6877219470448953,-0.12842062128624251,-0.4307916736691584,-0.8830743778082284,-1.490036989741548,-1.2008068236271634,1.1228345705264662,9.294868123953075e-12,19.205690374346776,-17.64141601239282,8.057355653829623,-6.493081291875427,0
-0.6877220080524955,-0.12842062052227451,-0.43079174497994904,-0.8830743168103371,-1.4900520913240705,-1.200802042719795,1.1228309557818568,9.308397994234455e-12,19.205692984057894,-17.641416691288068,8.057357274575432,-6.493080981805367,0
-0.6877220687545974,-0.12842061976217445,-0.4307918159336165,-0.8830742561178956,-1.4900671173794775,-1.200797285724692,1.1228273590994966,9.321792795270743e-12,19.20569558069973,-17.641417366784754,8.057358887204247,-6.493080673289032,0
-0.687722129152733,-0.1284206190059225,-0.43079188653195205,-0.8830741957293721,-1.4900820682855962,-1.200792552522217,1.122823780389189,9.335054015810775e-12,19.205698164337836,-17.641418038899907,8.057360491756786,-6.49308036631862,0
-0.6877221892484268,-0.12842061825349896,-0.4307919567767379,-0.8830741356432423,-1.4900969444183625,-1.2007878429933305,1.1228202195611874,9.348182945312975e-12,19.205700735037436,-17.64141870765048,8.05736208827356,-6.493080060886368,0
-0.6877222490431953,-0.1284206175048842,-0.4307920266697475,-0.8830740758579899,-1.4901117461518307,-1.2007831570195895,1.1228166765261927,9.361180986037528e-12,19.205703292863422,-17.641419373053335,8.057363676794878,-6.493079756984553,0
-0.6877223085385478,-0.12842061676005875,-0.43079209621274506,-0.883074016372106,-1.490126473858183,-1.200778494483144,1.1228131511953512,9.37404926241151e-12,19.205705837880366,-17.641420035125247,8.057365257360845,-6.49307945460549,0
-0.6877223677359856,-0.12842061601900318,-0.43079216540748616,-0.8830739571840894,-1.4901411279077388,-1.200773855266734,1.1228096434802524,9.386789186199214e-12,19.205708370152507,-17.641420693882914,8.057366830011363,-6.493079153741532,0
-0.6877224266370027,-0.12842061528169815,-0.4307922342557175,-0.8830738982924465,-1.4901557086689643,-1.2007692392536862,1.1228061532929265,9.399402022298599e-12,19.20571088974377,-17.64142134934294,8.057368394786137,-6.493078854385073,0
-0.6877224852430854,-0.1284206145481245,-0.4307923027591769,-0.883073839695691,-1.4901702165084814,-1.2007646463279116,1.122802680545843,9.411889096220647e-12,19.20571339671775,-17.64142200152186,8.057369951724668,-6.493078556528543,0
-0.6877225435557129,-0.12842061381826314,-0.43079237091959355,-0.8830737813923442,-1.4901846517910768,-1.2007600763739024,1.1227992251519074,9.424251593055837e-12,19.20571589113773,-17.64142265043611,8.057371500866264,-6.4930782601644115,0
-0.6877226015763566,-0.12842061309209504,-0.4307924387386879,-0.8830737233809348,-1.4901990148797122,-1.200755529276729,1.12279578702446,9.436490764837092e-12,19.205718373066663,-17.64142329610205,8.057373042250028,-6.493077965285185,0
-0.6877226593064805,-0.1284206123696013,-0.43079250621817167,-0.883073665659999,-1.4902133061355318,-1.200751004922037,1.1227923660772732,9.44860799159017e-12,19.2057208425672,-17.64142393853597,8.05737457591487,-6.493077671883408,0
-0.6877227167475414,-0.12842061165076313,-0.4307925733597481,-0.8830736082280802,-1.4902275259178732,-1.2007465031960445,1.1227889622245493,9.460604215669126e-12,19.205723299701663,-17.641424577754055,8.057376101899507,-6.493077379951664,0
-0.6877227739009887,-0.12842061093556179,-0.43079264016511176,-0.8830735510837293,-1.490241674584275,-1.2007420239855395,1.1227855753809186,9.472480772864083e-12,19.205725744532074,-17.641425213772425,8.057377620242455,-6.493077089482573,0
-0.6877228307682646,-0.1284206102239787,-0.43079270663594876,-0.8830734942255043,-1.4902557524904867,-1.2007375671778768,1.1227822054614376,9.484238858353536e-12,19.205728177120132,-17.641425846607117,8.057379130982042,-6.49307680046879,0
-0.6877228873508039,-0.12842060951599532,-0.43079277277393674,-0.8830734376519707,-1.4902697599904773,-1.2007331326609745,1.122778852381586,9.495879545074328e-12,19.205730597527232,-17.64142647627408,8.057380634156399,-6.493076512903011,0
-0.6877229436500343,-0.12842060881159328,-0.4307928385807448,-0.8830733813617009,-1.4902836974364442,-1.2007287203233121,1.1227755160572654,9.507404253647282e-12,19.205733005814455,-17.64142710278919,8.057382129803466,-6.493076226777966,0
-0.6877229996673763,-0.12842060811075423,-0.4307929040580338,-0.8830733253532747,-1.4902975651788224,-1.2007243300539274,1.122772196404797,9.518813958008344e-12,19.20573540204258,-17.641427726168242,8.057383617960996,-6.4930759420864215,0
-0.6877230554042433,-0.12842060741345995,-0.430792969207456,-0.883073269625279,-1.4903113635662928,-1.2007199617424138,1.122768893340919,9.530109886863405e-12,19.20573778627208,-17.641428346426952,8.057385098666547,-6.493075658821183,0
-0.6877231108620414,-0.12842060671969233,-0.4307930340306557,-0.8830732141763078,-1.4903250929457912,-1.2007156152789171,1.1227656067827854,9.54129303352812e-12,19.20574015856312,-17.641428963580953,8.05738657195749,-6.493075376975089,0
-0.6877231660421699,-0.1284206060294333,-0.43079309852926867,-0.8830731590049621,-1.4903387536625174,-1.2007112905541333,1.1227623366479629,9.552364622034686e-12,19.205742518975566,-17.641429577645805,8.05738803787101,-6.493075096541016,0
-0.6877232209460209,-0.12842060534266497,-0.4307931627049225,-0.88307310410985,-1.4903523460599437,-1.200706987459305,1.12275908285443,9.563325891032814e-12,19.205744867568978,-17.64143018863699,8.057389496444104,-6.493074817511878,0
-0.6877232755749795,-0.12842060465936947,-0.4307932265592367,-0.8830730494895865,-1.490365870479823,-1.20070270588622,1.122755845320574,9.574177789147189e-12,19.205747204402623,-17.641430796569903,8.05739094771358,-6.49307453988062,0
-0.6877233299304238,-0.12842060397952904,-0.4307932900938225,-0.8830729951427938,-1.4903793272621984,-1.2006984457272072,1.1227526239651893,9.584921369801384e-12,19.205749529535467,-17.641431401459872,8.057392391716064,-6.493074263640228,0
-0.6877233840137253,-0.12842060330312602,-0.4307933533102831,-0.8830729410681007,-1.4903927167454105,-1.2006942068751347,1.1227494187074756,9.59555782304938e-12,19.20575184302618,-17.641432003322144,8.057393828487996,-6.493073988783719,0
-0.6877234378262482,-0.12842060263014285,-0.43079341621021366,-0.8830728872641432,-1.4904060392661076,-1.2006899892234069,1.1227462294670356,9.606088246082463e-12,19.205754144933138,-17.64143260217189,8.057395258065634,-6.493073715304147,0
-0.68772349136935,-0.12842060196056204,-0.43079347879520125,-0.883072833729564,-1.4904192951592525,-1.2006857926659615,1.1227430561638732,9.61651365020838e-12,19.205756435314417,-17.641433198024206,8.057396680485054,-6.493073443194603,0
-0.6877235446443812,-0.12842060129436625,-0.430793541066825,-0.8830727804630126,-1.490432484758132,-1.2006816170972674,1.122739898718391,9.626834929765338e-12,19.20575871422781,-17.64143379089411,8.05739809578215,-6.493073172448208,0
-0.687723597652686,-0.12842060063153815,-0.4307936030266561,-0.8830727274631454,-1.4904456083943651,-1.2006774624123215,1.1227367570513889,9.637053319169717e-12,19.205760981730812,-17.641434380796543,8.057399503992634,-6.493072903058121,0
-0.6877236503956013,-0.12842059997206054,-0.4307936646762578,-0.8830726747286254,-1.4904586663979111,-1.2006733285066469,1.122733631084062,9.647169804111983e-12,19.205763237880635,-17.641434967746374,8.057400905152042,-6.493072635017536,0
-0.6877237028744577,-0.1284205993159163,-0.4307937260171856,-0.8830726222581223,-1.490471659097078,-1.2006692152762888,1.1227305207379987,9.657185279523833e-12,19.205765482734204,-17.6414355517584,8.057402299295727,-6.493072368319679,0
-0.6877237550905788,-0.1284205986630884,-0.43079378705098703,-0.8830725700503128,-1.4904845868185306,-1.2006651226178133,1.1227274259351783,9.667100861084838e-12,19.20576771634815,-17.641436132847335,8.057403686458867,-6.493072102957813,0
-0.6877238070452817,-0.1284205980135599,-0.430793847779202,-0.88307251810388,-1.4904974498872994,-1.2006610504283042,1.1227243465979693,9.67691752570928e-12,19.205769938778822,-17.641436711027833,8.057405066676465,-6.49307183892523,0
-0.6877238587398768,-0.12842059736731398,-0.43079390820336255,-0.8830724664175136,-1.490510248626788,-1.2006569986053603,1.1227212826491277,9.686636310968261e-12,19.205772150082293,-17.64143728631446,8.05740643998334,-6.493071576215262,0
-0.687723910175668,-0.12842059672433387,-0.4307939683249931,-0.8830724149899098,-1.490522983358782,-1.2006529670470931,1.122718234011795,9.696258124185155e-12,19.205774350314346,-17.641437858721716,8.057407806414147,-6.493071314821269,0
-0.6877239613539526,-0.1284205960846029,-0.43079402814561035,-0.8830723638197718,-1.4905356544034563,-1.2006489556521238,1.1227152006094958,9.705784161201535e-12,19.20577653953049,-17.641438428264024,8.057409166003358,-6.493071054736649,0
-0.6877240122760215,-0.1284205954481045,-0.4307940876667234,-0.8830723129058088,-1.4905482620793835,-1.2006449643195816,1.1227121823661366,9.715215033584271e-12,19.205778717785947,-17.64143899495574,8.057410518785277,-6.4930707959548295,0
-0.6877240629431589,-0.12842059481482213,-0.43079414688983375,-0.8830722622467367,-1.4905608067035423,-1.2006409929490998,1.122709179206003,9.72455167112875e-12,19.205780885135667,-17.64143955881115,8.057411864794032,-6.493070538469275,0
-0.6877241133566426,-0.1284205941847394,-0.4307942058164354,-0.883072211841278,-1.4905732885913248,-1.2006370414408147,1.1227061910537595,9.73379543928274e-12,19.205783041634323,-17.64144011984446,8.057413204063582,-6.493070282273479,0
-0.6877241635177442,-0.12842059355783997,-0.4307942644480148,-0.8830721616881614,-1.4905857080565452,-1.2006331096953624,1.122703217834445,9.742946916517949e-12,19.20578518733631,-17.64144067806981,8.057414536627714,-6.49307002736097,0
-0.6877242134277287,-0.1284205929341076,-0.4307943227860509,-0.8830721117861219,-1.490598065411447,-1.2006291976138763,1.1227002594734734,9.752007010267322e-12,19.20578732229576,-17.641441233501265,8.057415862520045,-6.493069773725309,0
-0.6877242630878547,-0.12842059231352612,-0.43079438083201527,-0.8830720621339011,-1.4906103609667114,-1.2006253050979843,1.1226973158966307,9.76097684122437e-12,19.205789446566516,-17.641441786152825,8.057417181774024,-6.493069521360089,0
-0.6877243124993746,-0.12842059169607947,-0.4307944385873721,-0.8830720127302469,-1.4906225950314649,-1.200621432049807,1.1226943870300727,9.769857187854963e-12,19.205791560202165,-17.641442336038413,8.057418494422931,-6.493069270258934,0
-0.6877243616635345,-0.12842059108175166,-0.43079449605357817,-0.8830719635739135,-1.4906347679132868,-1.2006175783719548,1.122691472800324,9.77864889682364e-12,19.20579366325602,-17.641442883171887,8.057419800499877,-6.493069020415502,0
-0.6877244105815741,-0.12842059047052676,-0.43079455323208293,-0.8830719146636611,-1.4906468799182175,-1.2006137439675257,1.122688573134276,9.787352923884858e-12,19.205795755781125,-17.641443427567037,8.05742110003781,-6.493068771823483,0
-0.6877244592547271,-0.12842058986238897,-0.43079461012432857,-0.8830718659982564,-1.490658931350766,-1.2006099287401029,1.1226856879591842,9.795969981937773e-12,19.205797837830254,-17.641443969237578,8.057422393069514,-6.493068524476598,0
-0.6877245076842209,-0.12842058925732253,-0.4307946667317501,-0.8830718175764721,-1.4906709225139174,-1.2006061325937514,1.122682817202668,9.804501268365697e-12,19.205799909455923,-17.641444508197164,8.0574236796276,-6.493068278368599,0
-0.6877245558712767,-0.12842058865531178,-0.43079472305577515,-0.8830717693970874,-1.4906828537091406,-1.200602355433017,1.1226799607927072,9.812947336483242e-12,19.205801970710382,-17.64144504445937,8.057424959744523,-6.493068033493271,0
-0.6877246038171095,-0.12842058805634116,-0.4307947790978244,-0.8830717214588873,-1.4906947252363958,-1.2005985971629232,1.1226771186576414,9.821309193545184e-12,19.205804021645616,-17.64144557803771,8.057426233452572,-6.493067789844429,0
-0.6877246515229284,-0.12842058746039514,-0.43079483485931114,-0.883071673760663,-1.4907065373941426,-1.2005948576889687,1.1226742907261675,9.829587734053104e-12,19.20580606231335,-17.641446108945633,8.057427500783875,-6.493067547415919,0
-0.6877246989899362,-0.1284205868674583,-0.4307948903416418,-0.8830716263012117,-1.4907182904793468,-1.2005911369171254,1.1226714769273385,9.837783655194216e-12,19.20580809276505,-17.641446637196513,8.057428761770396,-6.493067306201619,0
-0.6877247462193298,-0.12842058627751532,-0.4307949455462156,-0.8830715790793369,-1.4907299847874882,-1.2005874347538354,1.1226686771905612,9.84589771918626e-12,19.20581011305192,-17.641447162803658,8.05743001644394,-6.4930670661954375,0
-0.6877247932123,-0.12842058569055095,-0.43079500047442476,-0.8830715320938478,-1.4907416206125683,-1.2005837511060096,1.1226658914455947,9.853931010445829e-12,19.205812123224913,-17.641447685780314,8.05743126483615,-6.4930668273913135,0
-0.6877248399700318,-0.12842058510655,-0.4307950551276545,-0.8830714853435598,-1.4907531982471172,-1.2005800858810243,1.1226631196225487,9.861884065736401e-12,19.20581412333472,-17.641448206139657,8.057432506978516,-6.493066589783217,0
-0.6877248864937039,-0.12842058452549734,-0.43079510950728306,-0.8830714388272942,-1.490764717982201,-1.2005764389867197,1.1226603616518815,9.869757730619492e-12,19.205816113431776,-17.6414487238948,8.057433742902363,-6.493066353365147,0
-0.6877249327844895,-0.128420583947378,-0.4307951636146818,-0.8830713925438781,-1.49077618010743,-1.2005728103313973,1.1226576174643987,9.877552993176032e-12,19.205818093566275,-17.641449239058787,8.057434972638863,-6.493066118131134,0
-0.6877249788435557,-0.12842058337217696,-0.4307952174512152,-0.8830713464921446,-1.4907875849109646,-1.2005691998238173,1.122654886991251,9.885270437410752e-12,19.205820063788146,-17.641449751644593,8.057436196219028,-6.493065884075238,0
-0.6877250246720635,-0.12842058279987942,-0.4307952710182408,-0.8830713006709326,-1.490798932679524,-1.2005656073731965,1.1226521701639325,9.892910934867094e-12,19.205822024147068,-17.64145026166514,8.057437413673716,-6.49306565119155,0
-0.6877250702711687,-0.12842058223047056,-0.4307953243171094,-0.883071255079087,-1.4908102236983918,-1.2005620328892064,1.1226494669142797,9.900475293731439e-12,19.205823974692475,-17.64145076913327,8.05743862503363,-6.493065419474188,0
-0.6877251156420205,-0.12842058166393566,-0.43079537734916495,-0.8830712097154583,-1.490821458251425,-1.2005584762819703,1.1226467771744688,9.907964105371577e-12,19.205825915473554,-17.641451274061776,8.057439830329319,-6.493065188917303,0
-0.6877251607857631,-0.1284205811002601,-0.4307954301157448,-0.8830711645789029,-1.4908326366210596,-1.2005549374620614,1.1226441008770145,9.915378204316026e-12,19.20582784653924,-17.641451776463374,8.057441029591178,-6.493064959515073,0
-0.6877252057035343,-0.1284205805394293,-0.43079548261817935,-0.8830711196682828,-1.4908437590883188,-1.2005514163405004,1.1226414379547687,9.922718393902493e-12,19.205829767938223,-17.64145227635072,8.057442222849449,-6.493064731261707,0
-0.6877252503964667,-0.1284205799814288,-0.43079553485779254,-0.8830710749824658,-1.4908548259328191,-1.2005479128287533,1.122638788340918,9.92998533699998e-12,19.20583167971895,-17.641452773736408,8.057443410134223,-6.49306450415144,0
-0.6877252948656868,-0.12842057942624419,-0.4307955868359015,-0.8830710305203257,-1.4908658374327786,-1.2005444268387293,1.1226361519689823,9.937179790271924e-12,19.205833581929628,-17.64145326863297,8.05744459147544,-6.49306427817854,0
-0.6877253391123157,-0.12842057887386107,-0.4307956385538168,-0.8830709862807412,-1.4908767938650227,-1.2005409582827786,1.1226335287728137,9.944302506950696e-12,19.205835474618215,-17.641453761052873,8.057445766902886,-6.493064053337302,0
-0.6877253831374688,-0.12842057832426526,-0.43079569001284246,-0.8830709422625974,-1.4908876955049917,-1.2005375070736897,1.1226309186865944,9.951354148867656e-12,19.205837357832433,-17.641454251008522,8.057446936446203,-6.4930638296220495,0
-0.6877254269422558,-0.1284205777774425,-0.4307957412142759,-0.8830708984647846,-1.490898542626748,-1.2005340731246879,1.1226283216448347,9.958335446548922e-12,19.205839231619763,-17.641454738512262,8.057448100134879,-6.4930636070271355,0
-0.687725470527781,-0.12842057723337874,-0.430795792159408,-0.8830708548861986,-1.4909093355029823,-1.2005306563494325,1.122625737582372,9.965247088890278e-12,19.205841096027445,-17.641455223576372,8.057449257998258,-6.4930633855469395,0
-0.6877255138951431,-0.1284205766920599,-0.4307958428495232,-0.8830708115257411,-1.4909200744050213,-1.2005272566620149,1.122623166434369,9.972089765099187e-12,19.205842951102486,-17.64145570621307,8.057450410065533,-6.4930631651758715,0
-0.6877255570454353,-0.128420576153472,-0.4307958932858995,-0.883070768382319,-1.4909307596028336,-1.2005238739769568,1.1226206081363121,9.978864166624562e-12,19.205844796891654,-17.641456186434514,8.057451556365754,-6.493062945908369,0
-0.6877255999797451,-0.12842057561760115,-0.4307959434698085,-0.8830707254548449,-1.4909413913650371,-1.2005205082092074,1.1226180626240092,9.985571033369291e-12,19.20584663344148,-17.6414566642528,8.057452696927822,-6.493062727738896,0
-0.6877256426991549,-0.12842057508443355,-0.43079599340251534,-0.8830706827422367,-1.490951969958906,-1.2005171592741415,1.1226155298335887,9.992211010135608e-12,19.205848460798272,-17.641457139679968,8.057453831780494,-6.493062510661947,0
-0.6877256852047414,-0.12842057455395542,-0.43079604308527886,-0.8830706402434176,-1.4909624956503766,-1.2005138270875575,1.1226130097014981,9.998784705652756e-12,19.20585027900809,-17.64145761272799,8.057454960952384,-6.493062294672041,0
-0.687725727497576,-0.1284205740261531,-0.4307960925193515,-0.8830705979573168,-1.4909729687040554,-1.2005105115656751,1.122610502164502,1.000529277338683e-11,19.20585208811677,-17.641458083408786,8.05745608447196,-6.493062079763727,0
-0.6877257695787247,-0.12842057350101294,-0.43079614170597963,-0.8830705558828682,-1.4909833893832238,-1.2005072126251335,1.1226080071596807,1.0011735931436343e-11,19.205853888169926,-17.641458551734207,8.057457202367548,-6.4930618659315815,0
-0.687725811449248,-0.12842057297852144,-0.43079619064640307,-0.8830705140190114,-1.490993757949847,-1.200503930182989,1.1226055246244282,1.0018114957811093e-11,19.205855679212927,-17.641459017716052,8.057458314667329,-6.493061653170206,0
-0.6877258531102014,-0.12842057245866512,-0.43079623934185557,-0.8830704723646913,-1.4910040746645785,-1.2005006641567126,1.1226030544964511,1.0024430249495161e-11,19.205857461290925,-17.64145948136606,8.057459421399349,-6.493061441474231,0
-0.6877258945626348,-0.12842057194143056,-0.43079628779356466,-0.883070430918858,-1.4910143397867686,-1.200497414464189,1.122600596713767,1.003068259093854e-11,19.205859234448845,-17.641459942695903,8.057460522591507,-6.493061230838315,0
-0.6877259358075929,-0.12842057142680444,-0.43079633600275175,-0.8830703896804668,-1.491024553574469,-1.200494181023713,1.1225981512147032,1.0036872535155603e-11,19.20586099873138,-17.641460401717207,8.057461618271564,-6.49306102125714,0
-0.6877259768461153,-0.1284205709147735,-0.430796383970632,-0.8830703486484786,-1.4910347162844408,-1.2004909637539891,1.122595717937894,1.0043000720289555e-11,19.205862754183006,-17.641460858441533,8.057462708467142,-6.493060812725418,0
-0.6877260176792361,-0.1284205704053245,-0.43079643169841464,-0.8830703078218591,-1.4910448281721602,-1.2004877625741281,1.1225932968222807,1.0049067830988997e-11,19.20586450084797,-17.641461312880384,8.057463793205724,-6.493060605237886,0
-0.6877260583079847,-0.1284205698984444,-0.43079647918730263,-0.8830702671995796,-1.4910548894918254,-1.2004845774036461,1.1225908878071094,1.0055074431197284e-11,19.205866238770298,-17.641461765045204,8.057464872514654,-6.493060398789308,0
-0.6877260987333849,-0.12842056939412005,-0.43079652643849303,-0.8830702267806162,-1.4910649004963623,-1.2004814081624613,1.1225884908319288,1.0061021085703035e-11,19.205867967993797,-17.64146221494738,8.057465946421141,-6.4930601933744745,0
-0.6877261389564553,-0.12842056889233852,-0.43079657345317685,-0.8830701865639502,-1.4910748614374318,-1.200478254770893,1.12258610583659,1.0066908359227038e-11,19.205869688562053,-17.64146266259825,8.057467014952255,-6.493059988988201,0
-0.6877261789782098,-0.12842056839308685,-0.4307966202325391,-0.8830701465485682,-1.4910847725654355,-1.2004751171496593,1.122583732761244,1.0072737087514247e-11,19.205871400518433,-17.641463108009084,8.057468078134931,-6.493059785625331,0
-0.6877262187996568,-0.1284205678963522,-0.43079666677775896,-0.8830701067334618,-1.4910946341295217,-1.200471995219875,1.1225813715463409,1.0078507563793644e-11,19.205873103906086,-17.641463551191098,8.057469135995971,-6.493059583280731,0
-0.6877262584217999,-0.1284205674021218,-0.4307967130900095,-0.8830700671176275,-1.4911044463775929,-1.2004688889030497,1.1225790221326275,1.0084220365121681e-11,19.205874798767947,-17.641463992155458,8.057470188562037,-6.493059381949296,0
-0.6877260606596021,-0.1284205919336893,-0.4307964638092886,-0.8830702648861026,-1.4910664743640742,-1.2005060074869465,1.1225691586347712,1.0089876313891303e-11,19.205865738188358,-17.64146239238536,8.05746433381176,-6.49306098800851,0
-0.6877245217460222,-0.12842075793936691,-0.43079454444551635,-0.8830718038059285,-1.4907585506985488,-1.2007704788597153,1.1225167413241213,1.0095475850516024e-11,19.205795910216477,-17.641449265394776,8.057419452438964,-6.493072807617012,0
-0.6877205227927959,-0.12842118346199133,-0.4307895616860274,-0.8830758027653696,-1.4899549282321598,-1.2014521647533944,1.1223858845586077,1.010101947797238e-11,19.205614617981016,-17.641414994510313,8.057302985340014,-6.49310336186906,0
-0.6877131819877631,-0.12842196152983776,-0.4307804174698145,-0.883083143576586,-1.4884755945720443,-1.202701355689674,1.122146866242932,1.0106507852807747e-11,19.20528190741847,-17.641351999811235,8.057089273090632,-6.493159365483144,0
-0.6877018506793402,-0.12842316056711178,-0.4307663041365689,-0.8830944748911617,-1.4861836439058482,-1.2046300028371022,1.1217747315102835,1.0111941449352662e-11,19.204768390616,-17.64125470372051,8.056759442761544,-6.493245755865798,0
-0.6876861081917068,-0.12842482493880286,-0.430746697990776,-0.883110217384917,-1.482982612572072,-1.2073130827569276,1.1212479930385215,1.0117320982435218e-11,19.204055011511123,-17.641119485818347,8.056301257666725,-6.493365731973691,0
-0.6876657529651865,-0.12842697588436605,-0.4307213482787921,-0.8831305726175287,-1.4788137104921748,-1.210790364074886,1.1205476291540606,1.0122646746472463e-11,19.203132644754938,-17.640944606402204,8.055708859845712,-6.493520821492719,0
-0.6876407886957264,-0.12842961298049801,-0.4306902599240808,-0.8831555368930497,-1.473652911447304,-1.2150687253759689,1.1196564920033631,1.012791996593986e-11,19.20200146754785,-17.640730087501282,8.054982366585662,-6.493710986538837,0
-0.6876114051057395,-0.12843271617184102,-0.4306536695623208,-0.8831849204890673,-1.4675078924968084,-1.220125071655761,1.1185591634227847,1.0133139921286784e-11,19.20067008777479,-17.640477548195758,8.054127310271339,-6.493934770692049,0
-0.6875779537800873,-0.1284362483235979,-0.4306120154189979,-0.8832183718207198,-1.4604148355107927,-1.225909813642011,1.1172422357926934,1.0138307769008183e-11,19.199154448168425,-17.64018999789496,8.053153934259756,-6.494189483986033,0
-0.6875409201072648,-0.12844015818586044,-0.43056590232915937,-0.8832554054995129,-1.4524351206869537,-1.2323508115088484,1.115694949268518,1.014342436871286e-11,19.197476553762854,-17.639871596376413,8.052076375182047,-6.494471417795347,0
-0.6875008927526102,-0.12844438361853505,-0.43051606368173895,-0.883295432860108,-1.443651952346894,-1.239357642441151,1.113910085141423,1.0148489851536592e-11,19.195663087458012,-17.639527392678332,8.050911773363183,-6.4947760785832465,0
-0.6874585322567367,-0.12844885490819288,-0.4304633222780746,-0.8833377933618924,-1.4341669612920276,-1.2468260293624631,1.1118849969221274,1.0153504599754719e-11,19.193743986054514,-17.63916305636675,8.049679357892792,-6.4950984282047735,0
-0.6874145403221076,-0.12845349801145622,-0.43040855205566675,-0.883381785302403,-1.4241669612920276,-1.254642263729158,1.109622654681741,1.0158468561058602e-11,19.191751047720498,-17.638784614465045,8.048399551972762,-6.495433118717055,0
-0.6873696243978937,-0.12845823829294598,-0.43035263397118073,-0.8834267012324688,-1.4141669612920276,-1.2626887168704095,1.1071334604260485,1.0163178756154545e-11,19.18971632685187,-17.638398147544436,8.0470929418756,-6.495774762567911,0
-0.6873244399693513,-0.1284630066126661,-0.4302963841459425,-0.8834718856668339,-1.4041669612920276,-1.2708537749391076,1.1044401512418236,1.0166306253266615e-11,19.18766951952061,-17.638009293391157,8.045778597912294,-6.496118371782581,0
-0.6872796203278814,-0.12846773618598373,-0.43024059093066935,-0.8835167053140974,-1.3941669612920276,-1.2790259720720285,1.1015715871851863,1.01669303054998e-11,19.185639312147842,-17.637623503085056,8.044474940517038,-6.496459131453995,0
-0.6872357633604443,-0.12847236397607878,-0.43018599846700817,-0.8835605622872991,-1.3841669612920275,-1.287096254572738,1.0985622417261045,1.016455273905857e-11,19.183652783301937,-17.6372459270864,8.0431993561959,-6.496792499980109,0
-0.687193420651633,-0.12847683184160721,-0.4301332931366167,-0.8836029050018461,-1.3741669612920275,-1.2949601080149946,1.0954515609255897,1.0159090355577718e-11,19.181734910516056,-17.63688132096679,8.041967881005489,-6.497114291455967,0
-0.6871530886724597,-0.1284810874636086,-0.43008309261456323,-0.8836432369867265,-1.3641669612920275,-1.3025195589928134,1.0922831908273558,1.0150874576732441e-11,19.179908171831066,-17.63653396889884,8.040794944930255,-6.497420741997773,0
-0.6871152018026268,-0.1284850850785857,-0.4300359372096726,-0.8836811238622381,-1.3541669612920275,-1.3096850556425053,1.089104069968335,1.0140633603101652e-11,19.178192230528282,-17.6362076227897,8.03969316972792,-6.497708561989086,0
-0.6870801269238094,-0.1284887860456572,-0.42999228316295274,-0.8837161987467056,-1.3443143473623842,-1.3163772234843585,1.0859633819814014,1.0129470419502818e-11,19.176603691098233,-17.635905454863842,8.038673212543962,-6.497974976309319,0
-0.687048146642995,-0.12849216061220772,-0.4299524817973159,-0.883748179033142,-1.3350907023224885,-1.3225307856619972,1.0829129584294965,1.0118418139120233e-11,19.17515534033705,-17.635629912222655,8.037743278966506,-6.498217850851861,0
-0.6870194332473348,-0.128495190656346,-0.42991674713532324,-0.8837768924343959,-1.3265975998158774,-1.328100106831366,1.0800087381060548,1.0107475806844481e-11,19.17385496878327,-17.635382491446904,8.036908366668692,-6.498435889332076,0
-0.686994088491174,-0.12849786548982559,-0.42988520544015907,-0.8838022371961226,-1.3189206200946266,-1.3330527498687357,1.0773038646309052,1.009664299097214e-11,19.172707173335652,-17.63516408069424,8.036171423057787,-6.498628330416124,0
-0.6869721482904206,-0.12850018136137853,-0.42985790107484584,-0.883824177402414,-1.3121269815983105,-1.3373693384536611,1.0748461806122023,1.0085918248480338e-11,19.171713570364574,-17.634974999637222,8.035533482288397,-6.498794911560795,0
-0.6869535868833166,-0.12850214101681137,-0.4298348016925044,-0.8838427388150284,-1.3062631751012794,-1.3410434285256148,1.072675733250349,1.0075300264787571e-11,19.170872984509998,-17.634815034951252,8.03499378661214,-6.498935837053143,0
-0.686938319670583,-0.1285037533987834,-0.42981580177868,-0.8838580060332447,-1.3013525740116008,-1.3440815171781608,1.0708223935311245,1.0064788591879357e-11,19.170181577538504,-17.63468346455524,8.03454986919443,-6.499051756210918,0
-0.6869262040163271,-0.1285050335619507,-0.42980072365211575,-0.883870121692956,-1.2973929937465458,-1.3465033119811083,1.0693036849233357,1.005438150253291e-11,19.16963288473671,-17.63457906439098,8.034197577524786,-6.499143757178804,0
-0.6869170374014439,-0.12850600286752203,-0.42978931516773383,-0.8838792883132672,-1.2943541747708838,-1.3483423688726996,1.0681229043093123,1.0044078096150924e-11,19.169217731317417,-17.63450009247634,8.033931019757285,-6.499213380915956,0
-0.6869105524852097,-0.12850668950399355,-0.42978124356957226,-0.8838857732349025,-1.2921751686020926,-1.3496471809936372,1.0672675968241556,1.0033877590255067e-11,19.168924008738013,-17.634444246382614,8.033742421083153,-6.4992626587275,0
-0.6869064088635819,-0.12850712935630018,-0.4297760852310331,-0.8838899168619043,-1.290761614417386,-1.3504827624319953,1.0667084162076903,1.002377881338973e-11,19.1687363013704,-17.634408592296683,8.03362188400298,-6.499294174929012,0
-0.6869041816331721,-0.12850736721185096,-0.4297733114184823,-0.8838921440976611,-1.2899829061788683,-1.350932718045955,1.0663983617523665,1.0013780776405345e-11,19.168635368470238,-17.63438946659405,8.033557055679985,-6.499311153803548,0
-0.6869033472997932,-0.12850745824659376,-0.42977227074928076,-0.8838929784363604,-1.2896692665700333,-1.3511017215093988,1.066272330285363,1.0003882438373178e-11,19.168597505863328,-17.634382354554262,8.03353271805627,-6.499317566746955,0
-0.6869032681333995,-0.1285074696748903,-0.4297721697160792,-0.8838930576080478,-1.2896087645436396,-1.3511182366368808,1.0662468550414472,9.9940828334998e-12,19.168593837265785,-17.634381755695596,8.033530332787635,-6.499318251217198,0
